Ablation study: 7 configs, epochs=5, N=2048
  Ablation B: epochs=5, overrides=['path_kl_weight', 'quality_weight', 'freeze_score_model', 'ema_decay', 'use_conv_control']
[04/21/26 06:48:11] INFO     Loaded pretrained score backbone from             
                             checkpoints/score_fmnist_v2/score_epoch_0050.pt   
                    INFO     Score model frozen — only control policy will be  
                             trained.                                          
[04/21/26 06:48:27] INFO     epoch=1 step=100 loss=695.2382 dsm=695.2380       
                             control=0.0154 path_kl=5.6737 jar=-13.7102        
                             quality=0.0000                                    
[04/21/26 06:48:35] INFO     epoch=1 done                                      
                    INFO     epoch=1 diag: cos_sim=0.0017 ctrl_mag=1.4864      
                             score_mag=20.0032 ratio=0.0743                    
[04/21/26 06:48:42] INFO     epoch=2 step=200 loss=493.0763 dsm=493.0762       
                             control=0.0064 path_kl=2.6907 jar=-6.7124         
                             quality=0.0000                                    
[04/21/26 06:48:56] INFO     epoch=2 step=300 loss=342.8765 dsm=342.8765       
                             control=0.0033 path_kl=0.0830 jar=-2.8247         
                             quality=0.0000                                    
[04/21/26 06:48:58] INFO     epoch=2 done                                      
                    INFO     epoch=2 diag: cos_sim=-0.0025 ctrl_mag=0.8502     
                             score_mag=20.0032 ratio=0.0425                    
[04/21/26 06:49:11] INFO     epoch=3 step=400 loss=548.9665 dsm=548.9665       
                             control=0.0021 path_kl=1.0280 jar=-2.6852         
                             quality=0.0000                                    
[04/21/26 06:49:22] INFO     epoch=3 done                                      
                    INFO     epoch=3 diag: cos_sim=-0.0028 ctrl_mag=0.6223     
                             score_mag=20.0032 ratio=0.0311                    
[04/21/26 06:49:26] INFO     epoch=4 step=500 loss=661.2142 dsm=661.2142       
                             control=0.0016 path_kl=0.3852 jar=-1.3049         
                             quality=0.0000                                    
[04/21/26 06:49:41] INFO     epoch=4 step=600 loss=673.7967 dsm=673.7967       
                             control=0.0013 path_kl=0.9290 jar=-1.7496         
                             quality=0.0000                                    
[04/21/26 06:49:45] INFO     epoch=4 done                                      
                    INFO     epoch=4 diag: cos_sim=-0.0042 ctrl_mag=0.5449     
                             score_mag=20.0032 ratio=0.0272                    
[04/21/26 06:49:56] INFO     epoch=5 step=700 loss=682.7856 dsm=682.7856       
                             control=0.0013 path_kl=0.4574 jar=-1.0852         
                             quality=0.0000                                    
[04/21/26 06:50:08] INFO     epoch=5 done                                      
                    INFO     epoch=5 diag: cos_sim=-0.0048 ctrl_mag=0.5318     
                             score_mag=20.0032 ratio=0.0266                    
  Evaluating FID for ablation B (N=2048)... C:\Users\artun\Desktop\ITS-project\.venv\Lib\site-packages\torchmetrics\utilities\prints.py:43: UserWarning: Metric `InceptionScore` will save all extracted features in buffer. For large datasets this may lead to large memory footprint.
  warnings.warn(*args, **kwargs)  # noqa: B028
FID=326.00
  Ablation C: epochs=5, overrides=['path_kl_weight', 'quality_weight', 'freeze_score_model', 'ema_decay', 'use_conv_control']
[04/21/26 06:51:50] INFO     Loaded pretrained score backbone from             
                             checkpoints/score_fmnist_v2/score_epoch_0050.pt   
                    INFO     Score model frozen — only control policy will be  
                             trained.                                          
[04/21/26 06:52:05] INFO     epoch=1 step=100 loss=696.8179 dsm=695.2380       
                             control=0.0402 path_kl=15.7942 jar=-29.0912       
                             quality=0.0000                                    
[04/21/26 06:52:14] WARNING  High control grad norm: 24.96 at step=156         
                    INFO     epoch=1 done                                      
                    INFO     epoch=1 diag: cos_sim=0.0059 ctrl_mag=3.1898      
                             score_mag=20.0032 ratio=0.1595                    
[04/21/26 06:52:20] INFO     epoch=2 step=200 loss=494.3061 dsm=493.0762       
                             control=0.0331 path_kl=12.2953 jar=-24.3118       
                             quality=0.0000                                    
[04/21/26 06:52:35] INFO     epoch=2 step=300 loss=343.5362 dsm=342.8765       
                             control=0.0280 path_kl=6.5944 jar=-19.4359        
                             quality=0.0000                                    
[04/21/26 06:52:37] WARNING  High control grad norm: 22.99 at step=313         
                    INFO     epoch=2 done                                      
                    INFO     epoch=2 diag: cos_sim=0.0037 ctrl_mag=2.7232      
                             score_mag=20.0032 ratio=0.1361                    
[04/21/26 06:52:49] INFO     epoch=3 step=400 loss=549.9622 dsm=548.9665       
                             control=0.0253 path_kl=9.9544 jar=-21.4405        
                             quality=0.0000                                    
[04/21/26 06:53:00] WARNING  High control grad norm: 22.38 at step=470         
                    INFO     epoch=3 done                                      
                    INFO     epoch=3 diag: cos_sim=0.0030 ctrl_mag=2.4928      
                             score_mag=20.0032 ratio=0.1246                    
[04/21/26 06:53:04] INFO     epoch=4 step=500 loss=662.0468 dsm=661.2142       
                             control=0.0235 path_kl=8.3234 jar=-16.1312        
                             quality=0.0000                                    
[04/21/26 06:53:19] INFO     epoch=4 step=600 loss=674.7543 dsm=673.7967       
                             control=0.0223 path_kl=9.5742 jar=-20.5025        
                             quality=0.0000                                    
[04/21/26 06:53:23] INFO     epoch=4 done                                      
                    INFO     epoch=4 diag: cos_sim=0.0040 ctrl_mag=2.4066      
                             score_mag=20.0032 ratio=0.1203                    
[04/21/26 06:53:34] INFO     epoch=5 step=700 loss=683.6548 dsm=682.7856       
                             control=0.0224 path_kl=8.6899 jar=-16.3315        
                             quality=0.0000                                    
[04/21/26 06:53:47] WARNING  High control grad norm: 21.32 at step=784         
                    INFO     epoch=5 done                                      
                    INFO     epoch=5 diag: cos_sim=0.0041 ctrl_mag=2.3908      
                             score_mag=20.0032 ratio=0.1195                    
  Evaluating FID for ablation C (N=2048)... FID=326.00
  Ablation D: epochs=5, overrides=['path_kl_weight', 'quality_weight', 'freeze_score_model', 'ema_decay', 'use_conv_control']
[04/21/26 06:55:28] INFO     Loaded pretrained score backbone from             
                             checkpoints/score_fmnist_v2/score_epoch_0050.pt   
                    INFO     Score model frozen — only control policy will be  
                             trained.                                          
[04/21/26 06:57:14] INFO     epoch=1 step=100 loss=591.3196 dsm=589.7297       
                             control=0.0402 path_kl=15.7942 jar=-29.0912       
                             quality=1.0068                                    
[04/21/26 06:58:13] WARNING  High control grad norm: 24.96 at step=156         
                    INFO     epoch=1 done                                      
                    INFO     epoch=1 diag: cos_sim=0.0024 ctrl_mag=3.3566      
                             score_mag=17.0576 ratio=0.1968                    
[04/21/26 06:58:58] INFO     epoch=2 step=200 loss=458.2779 dsm=457.0407       
                             control=0.0331 path_kl=12.2955 jar=-24.3122       
                             quality=0.7238                                    
[04/21/26 07:00:43] INFO     epoch=2 step=300 loss=271.1027 dsm=270.4343       
                             control=0.0280 path_kl=6.5944 jar=-19.4358        
                             quality=0.8654                                    
[04/21/26 07:00:57] WARNING  High control grad norm: 22.99 at step=313         
                    INFO     epoch=2 done                                      
                    INFO     epoch=2 diag: cos_sim=0.0002 ctrl_mag=2.8609      
                             score_mag=17.0576 ratio=0.1677                    
[04/21/26 07:02:28] INFO     epoch=3 step=400 loss=636.0184 dsm=635.0138       
                             control=0.0253 path_kl=9.9544 jar=-21.4405        
                             quality=0.8943                                    
[04/21/26 07:03:41] WARNING  High control grad norm: 22.38 at step=470         
                    INFO     epoch=3 done                                      
                    INFO     epoch=3 diag: cos_sim=0.0007 ctrl_mag=2.6222      
                             score_mag=17.0576 ratio=0.1537                    
[04/21/26 07:04:12] INFO     epoch=4 step=500 loss=691.3387 dsm=690.4979       
                             control=0.0235 path_kl=8.3235 jar=-16.1308        
                             quality=0.8328                                    
[04/21/26 07:05:57] INFO     epoch=4 step=600 loss=732.2021 dsm=731.2380       
                             control=0.0223 path_kl=9.5739 jar=-20.5026        
                             quality=0.6477                                    
[04/21/26 07:06:26] INFO     epoch=4 done                                      
                    INFO     epoch=4 diag: cos_sim=0.0007 ctrl_mag=2.5262      
                             score_mag=17.0576 ratio=0.1481                    
[04/21/26 07:07:42] INFO     epoch=5 step=700 loss=777.6766 dsm=776.7979       
                             control=0.0224 path_kl=8.6897 jar=-16.3318        
                             quality=0.9479                                    
[04/21/26 07:09:10] WARNING  High control grad norm: 21.32 at step=784         
                    INFO     epoch=5 done                                      
                    INFO     epoch=5 diag: cos_sim=0.0008 ctrl_mag=2.5093      
                             score_mag=17.0576 ratio=0.1471                    
  Evaluating FID for ablation D (N=2048)... FID=326.00
  Ablation F: epochs=5, overrides=['path_kl_weight', 'quality_weight', 'freeze_score_model', 'ema_decay', 'use_conv_control']
[04/21/26 07:10:55] INFO     Loaded pretrained score backbone from             
                             checkpoints/score_fmnist_v2/score_epoch_0050.pt   
                    INFO     Score model frozen — only control policy will be  
                             trained.                                          
[04/21/26 07:20:36] INFO     epoch=1 step=100 loss=591.4102 dsm=589.7297       
                             control=0.0402 path_kl=15.7942 jar=-29.0912       
                             quality=1.0068                                    
[04/21/26 07:26:05] WARNING  High control grad norm: 24.96 at step=156         
                    INFO     epoch=1 done                                      
                    INFO     epoch=1 diag: cos_sim=0.0024 ctrl_mag=3.3566      
                             score_mag=17.0576 ratio=0.1968                    
[04/21/26 07:30:17] INFO     epoch=2 step=200 loss=458.3430 dsm=457.0407       
                             control=0.0331 path_kl=12.2959 jar=-24.3132       
                             quality=0.7238                                    
[04/21/26 07:40:02] INFO     epoch=2 step=300 loss=271.1806 dsm=270.4343       
                             control=0.0280 path_kl=6.5945 jar=-19.4349        
                             quality=0.8654                                    
[04/21/26 07:41:20] WARNING  High control grad norm: 22.99 at step=313         
                    INFO     epoch=2 done                                      
                    INFO     epoch=2 diag: cos_sim=0.0002 ctrl_mag=2.8609      
                             score_mag=17.0576 ratio=0.1677                    
[04/21/26 07:49:44] INFO     epoch=3 step=400 loss=636.0989 dsm=635.0138       
                             control=0.0253 path_kl=9.9541 jar=-21.4381        
                             quality=0.8943                                    
[04/21/26 07:56:35] WARNING  High control grad norm: 22.39 at step=470         
                    INFO     epoch=3 done                                      
                    INFO     epoch=3 diag: cos_sim=0.0007 ctrl_mag=2.6222      
                             score_mag=17.0576 ratio=0.1537                    
[04/21/26 07:59:25] INFO     epoch=4 step=500 loss=691.4138 dsm=690.4979       
                             control=0.0235 path_kl=8.3240 jar=-16.1302        
                             quality=0.8328                                    
[04/21/26 08:09:10] INFO     epoch=4 step=600 loss=732.2604 dsm=731.2380       
                             control=0.0223 path_kl=9.5734 jar=-20.5023        
                             quality=0.6478                                    
[04/21/26 08:11:50] INFO     epoch=4 done                                      
                    INFO     epoch=4 diag: cos_sim=0.0007 ctrl_mag=2.5262      
                             score_mag=17.0576 ratio=0.1481                    
[04/21/26 08:18:51] INFO     epoch=5 step=700 loss=777.7619 dsm=776.7979       
                             control=0.0224 path_kl=8.6898 jar=-16.3333        
                             quality=0.9479                                    
[04/21/26 08:27:04] WARNING  High control grad norm: 21.32 at step=784         
                    INFO     epoch=5 done                                      
                    INFO     epoch=5 diag: cos_sim=0.0008 ctrl_mag=2.5093      
                             score_mag=17.0576 ratio=0.1471                    
  Evaluating FID for ablation F (N=2048)... FID=326.00
  Ablation conv: epochs=5, overrides=['path_kl_weight', 'quality_weight', 'freeze_score_model', 'ema_decay', 'use_conv_control']
[04/21/26 08:35:10] INFO     Loaded pretrained score backbone from             
                             checkpoints/score_fmnist_v2/score_epoch_0050.pt   
                    INFO     Score model frozen — only control policy will be  
                             trained.                                          
[04/21/26 08:35:28] WARNING  High control grad norm: 318.12 at step=1          
[04/21/26 08:35:38] WARNING  High control grad norm: 271.89 at step=2          
[04/21/26 08:35:47] WARNING  High control grad norm: 95.68 at step=3           
[04/21/26 08:35:57] WARNING  High control grad norm: 158.01 at step=4          
[04/21/26 08:36:07] WARNING  High control grad norm: 185.11 at step=5          
[04/21/26 08:36:16] WARNING  High control grad norm: 203.59 at step=6          
[04/21/26 08:36:26] WARNING  High control grad norm: 152.64 at step=7          
[04/21/26 08:36:36] WARNING  High control grad norm: 56.93 at step=8           
[04/21/26 08:36:45] WARNING  High control grad norm: 74.09 at step=9           
[04/21/26 08:36:55] WARNING  High control grad norm: 92.32 at step=10          
[04/21/26 08:37:05] WARNING  High control grad norm: 54.10 at step=11          
[04/21/26 08:37:14] WARNING  High control grad norm: 120.74 at step=12         
[04/21/26 08:37:24] WARNING  High control grad norm: 129.82 at step=13         
[04/21/26 08:37:34] WARNING  High control grad norm: 88.09 at step=14          
[04/21/26 08:38:02] WARNING  High control grad norm: 105.67 at step=17         
[04/21/26 08:38:12] WARNING  High control grad norm: 95.36 at step=18          
[04/21/26 08:38:22] WARNING  High control grad norm: 23.84 at step=19          
[04/21/26 08:38:41] WARNING  High control grad norm: 104.33 at step=21         
[04/21/26 08:38:51] WARNING  High control grad norm: 136.58 at step=22         
[04/21/26 08:39:00] WARNING  High control grad norm: 78.81 at step=23          
[04/21/26 08:39:10] WARNING  High control grad norm: 61.42 at step=24          
[04/21/26 08:39:19] WARNING  High control grad norm: 79.57 at step=25          
[04/21/26 08:39:29] WARNING  High control grad norm: 109.51 at step=26         
[04/21/26 08:39:39] WARNING  High control grad norm: 97.04 at step=27          
[04/21/26 08:39:48] WARNING  High control grad norm: 58.85 at step=28          
[04/21/26 08:40:08] WARNING  High control grad norm: 122.82 at step=30         
[04/21/26 08:40:17] WARNING  High control grad norm: 134.76 at step=31         
[04/21/26 08:40:27] WARNING  High control grad norm: 120.93 at step=32         
[04/21/26 08:40:36] WARNING  High control grad norm: 95.31 at step=33          
[04/21/26 08:40:46] WARNING  High control grad norm: 27.53 at step=34          
[04/21/26 08:40:56] WARNING  High control grad norm: 62.38 at step=35          
[04/21/26 08:41:05] WARNING  High control grad norm: 87.35 at step=36          
[04/21/26 08:41:15] WARNING  High control grad norm: 70.29 at step=37          
[04/21/26 08:41:34] WARNING  High control grad norm: 21.26 at step=39          
[04/21/26 08:41:44] WARNING  High control grad norm: 31.61 at step=40          
[04/21/26 08:41:53] WARNING  High control grad norm: 25.20 at step=41          
[04/21/26 08:42:12] WARNING  High control grad norm: 36.10 at step=43          
[04/21/26 08:42:22] WARNING  High control grad norm: 35.03 at step=44          
[04/21/26 08:42:32] WARNING  High control grad norm: 20.47 at step=45          
[04/21/26 08:42:41] WARNING  High control grad norm: 20.38 at step=46          
[04/21/26 08:42:51] WARNING  High control grad norm: 42.57 at step=47          
[04/21/26 08:43:01] WARNING  High control grad norm: 25.88 at step=48          
[04/21/26 08:43:10] WARNING  High control grad norm: 42.63 at step=49          
[04/21/26 08:43:20] WARNING  High control grad norm: 44.26 at step=50          
[04/21/26 08:43:29] WARNING  High control grad norm: 33.52 at step=51          
[04/21/26 08:43:39] WARNING  High control grad norm: 25.07 at step=52          
[04/21/26 08:43:49] WARNING  High control grad norm: 47.80 at step=53          
[04/21/26 08:43:58] WARNING  High control grad norm: 41.28 at step=54          
[04/21/26 08:44:08] WARNING  High control grad norm: 36.11 at step=55          
[04/21/26 08:44:18] WARNING  High control grad norm: 47.84 at step=56          
[04/21/26 08:44:37] WARNING  High control grad norm: 89.22 at step=58          
[04/21/26 08:44:46] WARNING  High control grad norm: 73.58 at step=59          
[04/21/26 08:45:15] WARNING  High control grad norm: 46.82 at step=62          
[04/21/26 08:45:34] WARNING  High control grad norm: 57.68 at step=64          
[04/21/26 08:45:44] WARNING  High control grad norm: 24.32 at step=65          
[04/21/26 08:46:03] WARNING  High control grad norm: 44.23 at step=67          
[04/21/26 08:46:13] WARNING  High control grad norm: 127.17 at step=68         
[04/21/26 08:46:23] WARNING  High control grad norm: 57.80 at step=69          
[04/21/26 08:46:42] WARNING  High control grad norm: 51.96 at step=71          
[04/21/26 08:46:51] WARNING  High control grad norm: 79.71 at step=72          
[04/21/26 08:47:01] WARNING  High control grad norm: 114.22 at step=73         
[04/21/26 08:47:11] WARNING  High control grad norm: 23.72 at step=74          
[04/21/26 08:47:20] WARNING  High control grad norm: 41.73 at step=75          
[04/21/26 08:47:30] WARNING  High control grad norm: 119.53 at step=76         
[04/21/26 08:47:40] WARNING  High control grad norm: 166.24 at step=77         
[04/21/26 08:47:49] WARNING  High control grad norm: 192.10 at step=78         
[04/21/26 08:47:59] WARNING  High control grad norm: 128.60 at step=79         
[04/21/26 08:48:08] WARNING  High control grad norm: 83.03 at step=80          
[04/21/26 08:48:18] WARNING  High control grad norm: 21.66 at step=81          
[04/21/26 08:48:28] WARNING  High control grad norm: 48.88 at step=82          
[04/21/26 08:48:37] WARNING  High control grad norm: 87.11 at step=83          
[04/21/26 08:48:56] WARNING  High control grad norm: 29.27 at step=85          
[04/21/26 08:49:16] WARNING  High control grad norm: 37.72 at step=87          
[04/21/26 08:49:35] WARNING  High control grad norm: 111.29 at step=89         
[04/21/26 08:49:45] WARNING  High control grad norm: 46.87 at step=90          
[04/21/26 08:49:54] WARNING  High control grad norm: 31.76 at step=91          
[04/21/26 08:50:04] WARNING  High control grad norm: 70.84 at step=92          
[04/21/26 08:50:13] WARNING  High control grad norm: 51.59 at step=93          
[04/21/26 08:50:23] WARNING  High control grad norm: 82.40 at step=94          
[04/21/26 08:50:33] WARNING  High control grad norm: 79.34 at step=95          
[04/21/26 08:50:52] WARNING  High control grad norm: 60.07 at step=97          
[04/21/26 08:51:02] WARNING  High control grad norm: 30.08 at step=98          
[04/21/26 08:51:11] INFO     epoch=1 step=100 loss=657.9365 dsm=657.9222       
                             control=0.0000 path_kl=0.0415 jar=-0.0506         
                             quality=1.0045                                    
[04/21/26 08:51:21] WARNING  High control grad norm: 45.23 at step=100         
[04/21/26 08:51:30] WARNING  High control grad norm: 58.02 at step=101         
[04/21/26 08:51:50] WARNING  High control grad norm: 49.31 at step=103         
[04/21/26 08:51:59] WARNING  High control grad norm: 20.16 at step=104         
[04/21/26 08:52:09] WARNING  High control grad norm: 47.81 at step=105         
[04/21/26 08:52:19] WARNING  High control grad norm: 27.32 at step=106         
[04/21/26 08:52:28] WARNING  High control grad norm: 29.93 at step=107         
[04/21/26 08:52:47] WARNING  High control grad norm: 28.47 at step=109         
[04/21/26 08:52:57] WARNING  High control grad norm: 27.81 at step=110         
[04/21/26 08:53:16] WARNING  High control grad norm: 22.95 at step=112         
[04/21/26 08:53:45] WARNING  High control grad norm: 57.65 at step=115         
[04/21/26 08:53:55] WARNING  High control grad norm: 38.33 at step=116         
[04/21/26 08:54:05] WARNING  High control grad norm: 45.29 at step=117         
[04/21/26 08:54:14] WARNING  High control grad norm: 31.19 at step=118         
[04/21/26 08:54:24] WARNING  High control grad norm: 115.44 at step=119        
[04/21/26 08:54:33] WARNING  High control grad norm: 121.35 at step=120        
[04/21/26 08:54:43] WARNING  High control grad norm: 105.91 at step=121        
[04/21/26 08:54:53] WARNING  High control grad norm: 84.14 at step=122         
[04/21/26 08:55:02] WARNING  High control grad norm: 42.82 at step=123         
[04/21/26 08:55:22] WARNING  High control grad norm: 103.03 at step=125        
[04/21/26 08:55:31] WARNING  High control grad norm: 143.92 at step=126        
[04/21/26 08:55:41] WARNING  High control grad norm: 142.49 at step=127        
[04/21/26 08:55:50] WARNING  High control grad norm: 139.73 at step=128        
[04/21/26 08:56:00] WARNING  High control grad norm: 37.61 at step=129         
[04/21/26 08:56:10] WARNING  High control grad norm: 38.85 at step=130         
[04/21/26 08:56:19] WARNING  High control grad norm: 32.03 at step=131         
[04/21/26 08:56:29] WARNING  High control grad norm: 98.87 at step=132         
[04/21/26 08:56:39] WARNING  High control grad norm: 59.04 at step=133         
[04/21/26 08:56:58] WARNING  High control grad norm: 44.24 at step=135         
[04/21/26 08:57:08] WARNING  High control grad norm: 62.22 at step=136         
[04/21/26 08:57:17] WARNING  High control grad norm: 74.38 at step=137         
[04/21/26 08:57:27] WARNING  High control grad norm: 21.70 at step=138         
[04/21/26 08:57:36] WARNING  High control grad norm: 49.07 at step=139         
[04/21/26 08:57:46] WARNING  High control grad norm: 90.86 at step=140         
[04/21/26 08:58:05] WARNING  High control grad norm: 26.45 at step=142         
[04/21/26 08:58:15] WARNING  High control grad norm: 65.09 at step=143         
[04/21/26 08:58:34] WARNING  High control grad norm: 162.64 at step=145        
[04/21/26 08:58:44] WARNING  High control grad norm: 106.08 at step=146        
[04/21/26 08:58:53] WARNING  High control grad norm: 35.58 at step=147         
[04/21/26 08:59:13] WARNING  High control grad norm: 82.78 at step=149         
[04/21/26 08:59:22] WARNING  High control grad norm: 74.97 at step=150         
[04/21/26 08:59:32] WARNING  High control grad norm: 117.18 at step=151        
[04/21/26 08:59:41] WARNING  High control grad norm: 87.87 at step=152         
[04/21/26 08:59:51] WARNING  High control grad norm: 43.65 at step=153         
[04/21/26 09:00:13] WARNING  High control grad norm: 105.19 at step=156        
                    INFO     epoch=1 done                                      
                    INFO     epoch=1 diag: cos_sim=0.1892 ctrl_mag=0.0877      
                             score_mag=17.6598 ratio=0.0050                    
[04/21/26 09:01:02] WARNING  High control grad norm: 34.49 at step=161         
[04/21/26 09:01:21] WARNING  High control grad norm: 39.34 at step=163         
[04/21/26 09:01:31] WARNING  High control grad norm: 84.52 at step=164         
[04/21/26 09:01:40] WARNING  High control grad norm: 22.11 at step=165         
[04/21/26 09:01:50] WARNING  High control grad norm: 52.86 at step=166         
[04/21/26 09:01:59] WARNING  High control grad norm: 22.57 at step=167         
[04/21/26 09:02:09] WARNING  High control grad norm: 54.35 at step=168         
[04/21/26 09:02:19] WARNING  High control grad norm: 55.15 at step=169         
[04/21/26 09:02:28] WARNING  High control grad norm: 77.50 at step=170         
[04/21/26 09:02:47] WARNING  High control grad norm: 22.64 at step=172         
[04/21/26 09:02:57] WARNING  High control grad norm: 45.19 at step=173         
[04/21/26 09:03:07] WARNING  High control grad norm: 25.73 at step=174         
[04/21/26 09:03:16] WARNING  High control grad norm: 32.64 at step=175         
[04/21/26 09:03:26] WARNING  High control grad norm: 100.19 at step=176        
[04/21/26 09:03:36] WARNING  High control grad norm: 95.76 at step=177         
[04/21/26 09:03:45] WARNING  High control grad norm: 29.21 at step=178         
[04/21/26 09:03:55] WARNING  High control grad norm: 26.35 at step=179         
[04/21/26 09:04:05] WARNING  High control grad norm: 86.60 at step=180         
[04/21/26 09:04:24] WARNING  High control grad norm: 33.68 at step=182         
[04/21/26 09:04:43] WARNING  High control grad norm: 28.76 at step=184         
[04/21/26 09:05:12] WARNING  High control grad norm: 37.58 at step=187         
[04/21/26 09:05:22] WARNING  High control grad norm: 49.41 at step=188         
[04/21/26 09:05:31] WARNING  High control grad norm: 57.16 at step=189         
[04/21/26 09:05:41] WARNING  High control grad norm: 34.11 at step=190         
[04/21/26 09:05:51] WARNING  High control grad norm: 27.13 at step=191         
[04/21/26 09:06:00] WARNING  High control grad norm: 79.35 at step=192         
[04/21/26 09:06:10] WARNING  High control grad norm: 83.94 at step=193         
[04/21/26 09:06:20] WARNING  High control grad norm: 44.42 at step=194         
[04/21/26 09:06:29] WARNING  High control grad norm: 37.44 at step=195         
[04/21/26 09:06:39] WARNING  High control grad norm: 59.77 at step=196         
[04/21/26 09:06:48] WARNING  High control grad norm: 66.24 at step=197         
[04/21/26 09:06:58] WARNING  High control grad norm: 59.60 at step=198         
[04/21/26 09:07:08] WARNING  High control grad norm: 64.58 at step=199         
                    INFO     epoch=2 step=200 loss=417.4044 dsm=417.3712       
                             control=0.0003 path_kl=0.2591 jar=-0.4105         
                             quality=0.7398                                    
[04/21/26 09:07:27] WARNING  High control grad norm: 32.12 at step=201         
[04/21/26 09:07:36] WARNING  High control grad norm: 50.91 at step=202         
[04/21/26 09:07:56] WARNING  High control grad norm: 41.83 at step=204         
[04/21/26 09:08:25] WARNING  High control grad norm: 28.51 at step=207         
[04/21/26 09:08:34] WARNING  High control grad norm: 53.86 at step=208         
[04/21/26 09:08:44] WARNING  High control grad norm: 66.79 at step=209         
[04/21/26 09:08:53] WARNING  High control grad norm: 63.90 at step=210         
[04/21/26 09:09:03] WARNING  High control grad norm: 24.59 at step=211         
[04/21/26 09:09:22] WARNING  High control grad norm: 43.03 at step=213         
[04/21/26 09:09:32] WARNING  High control grad norm: 27.69 at step=214         
[04/21/26 09:09:51] WARNING  High control grad norm: 37.96 at step=216         
[04/21/26 09:10:10] WARNING  High control grad norm: 20.70 at step=218         
[04/21/26 09:10:20] WARNING  High control grad norm: 76.31 at step=219         
[04/21/26 09:10:39] WARNING  High control grad norm: 69.21 at step=221         
[04/21/26 09:10:59] WARNING  High control grad norm: 65.63 at step=223         
[04/21/26 09:11:18] WARNING  High control grad norm: 45.68 at step=225         
[04/21/26 09:11:28] WARNING  High control grad norm: 26.62 at step=226         
[04/21/26 09:11:37] WARNING  High control grad norm: 82.41 at step=227         
[04/21/26 09:11:47] WARNING  High control grad norm: 106.63 at step=228        
[04/21/26 09:11:56] WARNING  High control grad norm: 105.26 at step=229        
[04/21/26 09:12:06] WARNING  High control grad norm: 89.48 at step=230         
[04/21/26 09:12:16] WARNING  High control grad norm: 24.42 at step=231         
[04/21/26 09:12:25] WARNING  High control grad norm: 33.66 at step=232         
[04/21/26 09:12:35] WARNING  High control grad norm: 26.95 at step=233         
[04/21/26 09:12:54] WARNING  High control grad norm: 47.77 at step=235         
[04/21/26 09:13:04] WARNING  High control grad norm: 46.78 at step=236         
[04/21/26 09:13:13] WARNING  High control grad norm: 111.20 at step=237        
[04/21/26 09:13:23] WARNING  High control grad norm: 54.15 at step=238         
[04/21/26 09:13:33] WARNING  High control grad norm: 53.67 at step=239         
[04/21/26 09:13:42] WARNING  High control grad norm: 96.54 at step=240         
[04/21/26 09:13:52] WARNING  High control grad norm: 87.57 at step=241         
[04/21/26 09:14:01] WARNING  High control grad norm: 75.21 at step=242         
[04/21/26 09:14:11] WARNING  High control grad norm: 29.22 at step=243         
[04/21/26 09:14:21] WARNING  High control grad norm: 82.41 at step=244         
[04/21/26 09:14:30] WARNING  High control grad norm: 77.97 at step=245         
[04/21/26 09:14:40] WARNING  High control grad norm: 85.26 at step=246         
[04/21/26 09:14:50] WARNING  High control grad norm: 61.77 at step=247         
[04/21/26 09:14:59] WARNING  High control grad norm: 22.43 at step=248         
[04/21/26 09:15:18] WARNING  High control grad norm: 111.45 at step=250        
[04/21/26 09:15:28] WARNING  High control grad norm: 44.59 at step=251         
[04/21/26 09:15:38] WARNING  High control grad norm: 61.78 at step=252         
[04/21/26 09:15:57] WARNING  High control grad norm: 63.82 at step=254         
[04/21/26 09:16:16] WARNING  High control grad norm: 41.88 at step=256         
[04/21/26 09:16:26] WARNING  High control grad norm: 41.98 at step=257         
[04/21/26 09:16:45] WARNING  High control grad norm: 46.59 at step=259         
[04/21/26 09:16:55] WARNING  High control grad norm: 59.95 at step=260         
[04/21/26 09:17:04] WARNING  High control grad norm: 78.10 at step=261         
[04/21/26 09:17:14] WARNING  High control grad norm: 33.76 at step=262         
[04/21/26 09:17:23] WARNING  High control grad norm: 24.97 at step=263         
[04/21/26 09:17:33] WARNING  High control grad norm: 72.95 at step=264         
[04/21/26 09:17:43] WARNING  High control grad norm: 130.24 at step=265        
[04/21/26 09:18:02] WARNING  High control grad norm: 21.86 at step=267         
[04/21/26 09:18:11] WARNING  High control grad norm: 45.62 at step=268         
[04/21/26 09:18:21] WARNING  High control grad norm: 91.19 at step=269         
[04/21/26 09:18:31] WARNING  High control grad norm: 39.14 at step=270         
[04/21/26 09:18:40] WARNING  High control grad norm: 23.34 at step=271         
[04/21/26 09:18:50] WARNING  High control grad norm: 32.87 at step=272         
[04/21/26 09:19:00] WARNING  High control grad norm: 38.40 at step=273         
[04/21/26 09:19:09] WARNING  High control grad norm: 129.42 at step=274        
[04/21/26 09:19:19] WARNING  High control grad norm: 104.18 at step=275        
[04/21/26 09:19:28] WARNING  High control grad norm: 79.71 at step=276         
[04/21/26 09:19:38] WARNING  High control grad norm: 46.43 at step=277         
[04/21/26 09:19:48] WARNING  High control grad norm: 39.63 at step=278         
[04/21/26 09:19:57] WARNING  High control grad norm: 56.68 at step=279         
[04/21/26 09:20:07] WARNING  High control grad norm: 57.31 at step=280         
[04/21/26 09:20:17] WARNING  High control grad norm: 28.41 at step=281         
[04/21/26 09:20:36] WARNING  High control grad norm: 41.55 at step=283         
[04/21/26 09:20:46] WARNING  High control grad norm: 41.60 at step=284         
[04/21/26 09:21:05] WARNING  High control grad norm: 40.61 at step=286         
[04/21/26 09:21:14] WARNING  High control grad norm: 42.72 at step=287         
[04/21/26 09:21:24] WARNING  High control grad norm: 49.50 at step=288         
[04/21/26 09:21:34] WARNING  High control grad norm: 58.99 at step=289         
[04/21/26 09:21:53] WARNING  High control grad norm: 32.97 at step=291         
[04/21/26 09:22:12] WARNING  High control grad norm: 74.93 at step=293         
[04/21/26 09:22:22] WARNING  High control grad norm: 58.69 at step=294         
[04/21/26 09:22:31] WARNING  High control grad norm: 31.98 at step=295         
[04/21/26 09:22:41] WARNING  High control grad norm: 68.23 at step=296         
[04/21/26 09:22:51] WARNING  High control grad norm: 42.27 at step=297         
[04/21/26 09:23:00] WARNING  High control grad norm: 117.35 at step=298        
[04/21/26 09:23:10] WARNING  High control grad norm: 80.30 at step=299         
                    INFO     epoch=2 step=300 loss=274.9883 dsm=274.9659       
                             control=0.0003 path_kl=0.1370 jar=-0.2368         
                             quality=0.8673                                    
[04/21/26 09:23:20] WARNING  High control grad norm: 43.44 at step=300         
[04/21/26 09:23:39] WARNING  High control grad norm: 47.54 at step=302         
[04/21/26 09:23:48] WARNING  High control grad norm: 74.37 at step=303         
[04/21/26 09:23:58] WARNING  High control grad norm: 38.56 at step=304         
[04/21/26 09:24:08] WARNING  High control grad norm: 31.49 at step=305         
[04/21/26 09:24:17] WARNING  High control grad norm: 30.51 at step=306         
[04/21/26 09:24:27] WARNING  High control grad norm: 79.03 at step=307         
[04/21/26 09:24:36] WARNING  High control grad norm: 64.34 at step=308         
[04/21/26 09:24:46] WARNING  High control grad norm: 49.13 at step=309         
[04/21/26 09:25:15] WARNING  High control grad norm: 73.97 at step=312         
[04/21/26 09:25:18] INFO     epoch=2 done                                      
                    INFO     epoch=2 diag: cos_sim=-0.0735 ctrl_mag=0.1471     
                             score_mag=17.6598 ratio=0.0083                    
[04/21/26 09:25:28] WARNING  High control grad norm: 67.84 at step=314         
[04/21/26 09:25:38] WARNING  High control grad norm: 111.16 at step=315        
[04/21/26 09:25:47] WARNING  High control grad norm: 63.03 at step=316         
[04/21/26 09:25:57] WARNING  High control grad norm: 29.04 at step=317         
[04/21/26 09:26:06] WARNING  High control grad norm: 61.55 at step=318         
[04/21/26 09:26:16] WARNING  High control grad norm: 64.25 at step=319         
[04/21/26 09:26:26] WARNING  High control grad norm: 66.34 at step=320         
[04/21/26 09:27:04] WARNING  High control grad norm: 39.45 at step=324         
[04/21/26 09:27:14] WARNING  High control grad norm: 23.39 at step=325         
[04/21/26 09:27:23] WARNING  High control grad norm: 58.01 at step=326         
[04/21/26 09:27:33] WARNING  High control grad norm: 46.03 at step=327         
[04/21/26 09:27:43] WARNING  High control grad norm: 23.80 at step=328         
[04/21/26 09:28:02] WARNING  High control grad norm: 45.12 at step=330         
[04/21/26 09:28:21] WARNING  High control grad norm: 58.80 at step=332         
[04/21/26 09:28:40] WARNING  High control grad norm: 20.47 at step=334         
[04/21/26 09:28:50] WARNING  High control grad norm: 60.83 at step=335         
[04/21/26 09:29:00] WARNING  High control grad norm: 50.90 at step=336         
[04/21/26 09:29:09] WARNING  High control grad norm: 90.53 at step=337         
[04/21/26 09:29:19] WARNING  High control grad norm: 36.60 at step=338         
[04/21/26 09:29:38] WARNING  High control grad norm: 60.33 at step=340         
[04/21/26 09:29:48] WARNING  High control grad norm: 57.12 at step=341         
[04/21/26 09:29:57] WARNING  High control grad norm: 44.30 at step=342         
[04/21/26 09:30:55] WARNING  High control grad norm: 21.75 at step=348         
[04/21/26 09:31:14] WARNING  High control grad norm: 47.30 at step=350         
[04/21/26 09:31:24] WARNING  High control grad norm: 62.25 at step=351         
[04/21/26 09:31:34] WARNING  High control grad norm: 51.72 at step=352         
[04/21/26 09:31:53] WARNING  High control grad norm: 54.05 at step=354         
[04/21/26 09:32:03] WARNING  High control grad norm: 112.51 at step=355        
[04/21/26 09:32:12] WARNING  High control grad norm: 76.31 at step=356         
[04/21/26 09:32:22] WARNING  High control grad norm: 126.63 at step=357        
[04/21/26 09:32:31] WARNING  High control grad norm: 90.26 at step=358         
[04/21/26 09:32:41] WARNING  High control grad norm: 52.28 at step=359         
[04/21/26 09:32:51] WARNING  High control grad norm: 55.27 at step=360         
[04/21/26 09:33:00] WARNING  High control grad norm: 25.76 at step=361         
[04/21/26 09:33:10] WARNING  High control grad norm: 57.53 at step=362         
[04/21/26 09:33:19] WARNING  High control grad norm: 30.95 at step=363         
[04/21/26 09:33:29] WARNING  High control grad norm: 49.40 at step=364         
[04/21/26 09:33:39] WARNING  High control grad norm: 70.63 at step=365         
[04/21/26 09:33:58] WARNING  High control grad norm: 64.94 at step=367         
[04/21/26 09:34:08] WARNING  High control grad norm: 125.03 at step=368        
[04/21/26 09:34:17] WARNING  High control grad norm: 91.77 at step=369         
[04/21/26 09:34:27] WARNING  High control grad norm: 49.28 at step=370         
[04/21/26 09:34:36] WARNING  High control grad norm: 44.45 at step=371         
[04/21/26 09:34:56] WARNING  High control grad norm: 76.05 at step=373         
[04/21/26 09:35:05] WARNING  High control grad norm: 145.97 at step=374        
[04/21/26 09:35:15] WARNING  High control grad norm: 144.61 at step=375        
[04/21/26 09:35:24] WARNING  High control grad norm: 109.18 at step=376        
[04/21/26 09:35:34] WARNING  High control grad norm: 91.84 at step=377         
[04/21/26 09:35:53] WARNING  High control grad norm: 42.13 at step=379         
[04/21/26 09:36:03] WARNING  High control grad norm: 36.41 at step=380         
[04/21/26 09:36:13] WARNING  High control grad norm: 29.57 at step=381         
[04/21/26 09:36:22] WARNING  High control grad norm: 104.83 at step=382        
[04/21/26 09:36:32] WARNING  High control grad norm: 125.08 at step=383        
[04/21/26 09:36:42] WARNING  High control grad norm: 91.94 at step=384         
[04/21/26 09:37:10] WARNING  High control grad norm: 77.01 at step=387         
[04/21/26 09:37:20] WARNING  High control grad norm: 90.53 at step=388         
[04/21/26 09:37:30] WARNING  High control grad norm: 129.65 at step=389        
[04/21/26 09:37:39] WARNING  High control grad norm: 73.60 at step=390         
[04/21/26 09:37:49] WARNING  High control grad norm: 75.33 at step=391         
[04/21/26 09:37:59] WARNING  High control grad norm: 56.43 at step=392         
[04/21/26 09:38:18] WARNING  High control grad norm: 68.37 at step=394         
[04/21/26 09:38:28] WARNING  High control grad norm: 28.19 at step=395         
[04/21/26 09:38:37] WARNING  High control grad norm: 63.95 at step=396         
[04/21/26 09:38:47] WARNING  High control grad norm: 48.65 at step=397         
[04/21/26 09:38:56] WARNING  High control grad norm: 48.06 at step=398         
[04/21/26 09:39:06] WARNING  High control grad norm: 62.81 at step=399         
                    INFO     epoch=3 step=400 loss=536.8831 dsm=536.8706       
                             control=0.0001 path_kl=0.0366 jar=-0.0730         
                             quality=0.8827                                    
[04/21/26 09:39:16] WARNING  High control grad norm: 58.93 at step=400         
[04/21/26 09:39:25] WARNING  High control grad norm: 66.14 at step=401         
[04/21/26 09:39:35] WARNING  High control grad norm: 71.50 at step=402         
[04/21/26 09:39:44] WARNING  High control grad norm: 55.98 at step=403         
[04/21/26 09:40:04] WARNING  High control grad norm: 38.97 at step=405         
[04/21/26 09:40:13] WARNING  High control grad norm: 37.82 at step=406         
[04/21/26 09:40:23] WARNING  High control grad norm: 30.99 at step=407         
[04/21/26 09:40:42] WARNING  High control grad norm: 56.39 at step=409         
[04/21/26 09:40:52] WARNING  High control grad norm: 27.60 at step=410         
[04/21/26 09:41:01] WARNING  High control grad norm: 40.74 at step=411         
[04/21/26 09:41:11] WARNING  High control grad norm: 30.03 at step=412         
[04/21/26 09:41:30] WARNING  High control grad norm: 26.85 at step=414         
[04/21/26 09:41:40] WARNING  High control grad norm: 55.42 at step=415         
[04/21/26 09:41:49] WARNING  High control grad norm: 36.04 at step=416         
[04/21/26 09:41:59] WARNING  High control grad norm: 75.58 at step=417         
[04/21/26 09:42:09] WARNING  High control grad norm: 25.53 at step=418         
[04/21/26 09:42:57] WARNING  High control grad norm: 37.00 at step=423         
[04/21/26 09:43:16] WARNING  High control grad norm: 30.04 at step=425         
[04/21/26 09:43:26] WARNING  High control grad norm: 41.13 at step=426         
[04/21/26 09:44:04] WARNING  High control grad norm: 38.15 at step=430         
[04/21/26 09:44:23] WARNING  High control grad norm: 48.06 at step=432         
[04/21/26 09:44:43] WARNING  High control grad norm: 52.57 at step=434         
[04/21/26 09:45:02] WARNING  High control grad norm: 33.34 at step=436         
[04/21/26 09:45:21] WARNING  High control grad norm: 80.93 at step=438         
[04/21/26 09:45:31] WARNING  High control grad norm: 106.58 at step=439        
[04/21/26 09:45:40] WARNING  High control grad norm: 116.15 at step=440        
[04/21/26 09:45:50] WARNING  High control grad norm: 168.92 at step=441        
[04/21/26 09:45:59] WARNING  High control grad norm: 125.05 at step=442        
[04/21/26 09:46:09] WARNING  High control grad norm: 104.21 at step=443        
[04/21/26 09:46:19] WARNING  High control grad norm: 82.45 at step=444         
[04/21/26 09:46:38] WARNING  High control grad norm: 46.09 at step=446         
[04/21/26 09:46:47] WARNING  High control grad norm: 65.02 at step=447         
[04/21/26 09:46:57] WARNING  High control grad norm: 120.61 at step=448        
[04/21/26 09:47:07] WARNING  High control grad norm: 87.88 at step=449         
[04/21/26 09:47:16] WARNING  High control grad norm: 82.38 at step=450         
[04/21/26 09:47:26] WARNING  High control grad norm: 25.73 at step=451         
[04/21/26 09:47:45] WARNING  High control grad norm: 49.66 at step=453         
[04/21/26 09:48:04] WARNING  High control grad norm: 56.96 at step=455         
[04/21/26 09:48:14] WARNING  High control grad norm: 54.78 at step=456         
[04/21/26 09:48:24] WARNING  High control grad norm: 113.84 at step=457        
[04/21/26 09:48:33] WARNING  High control grad norm: 43.35 at step=458         
[04/21/26 09:48:43] WARNING  High control grad norm: 56.79 at step=459         
[04/21/26 09:48:52] WARNING  High control grad norm: 48.62 at step=460         
[04/21/26 09:49:02] WARNING  High control grad norm: 21.06 at step=461         
[04/21/26 09:49:12] WARNING  High control grad norm: 86.54 at step=462         
[04/21/26 09:49:21] WARNING  High control grad norm: 86.97 at step=463         
[04/21/26 09:49:31] WARNING  High control grad norm: 107.37 at step=464        
[04/21/26 09:49:40] WARNING  High control grad norm: 131.71 at step=465        
[04/21/26 09:49:50] WARNING  High control grad norm: 104.06 at step=466        
[04/21/26 09:50:00] WARNING  High control grad norm: 79.52 at step=467         
[04/21/26 09:50:09] WARNING  High control grad norm: 88.47 at step=468         
[04/21/26 09:50:19] WARNING  High control grad norm: 28.68 at step=469         
[04/21/26 09:50:21] INFO     epoch=3 done                                      
[04/21/26 09:50:22] INFO     epoch=3 diag: cos_sim=0.0218 ctrl_mag=0.0809      
                             score_mag=17.6598 ratio=0.0046                    
[04/21/26 09:50:41] WARNING  High control grad norm: 27.18 at step=472         
[04/21/26 09:50:50] WARNING  High control grad norm: 43.13 at step=473         
[04/21/26 09:51:10] WARNING  High control grad norm: 33.99 at step=475         
[04/21/26 09:51:19] WARNING  High control grad norm: 23.37 at step=476         
[04/21/26 09:51:39] WARNING  High control grad norm: 68.17 at step=478         
[04/21/26 09:51:48] WARNING  High control grad norm: 34.12 at step=479         
[04/21/26 09:52:36] WARNING  High control grad norm: 27.14 at step=484         
[04/21/26 09:53:05] WARNING  High control grad norm: 29.12 at step=487         
[04/21/26 09:53:15] WARNING  High control grad norm: 42.63 at step=488         
[04/21/26 09:53:34] WARNING  High control grad norm: 60.78 at step=490         
[04/21/26 09:53:44] WARNING  High control grad norm: 69.53 at step=491         
[04/21/26 09:53:53] WARNING  High control grad norm: 79.43 at step=492         
[04/21/26 09:54:03] WARNING  High control grad norm: 50.13 at step=493         
[04/21/26 09:54:32] WARNING  High control grad norm: 22.05 at step=496         
[04/21/26 09:54:41] WARNING  High control grad norm: 67.44 at step=497         
[04/21/26 09:54:51] WARNING  High control grad norm: 41.26 at step=498         
[04/21/26 09:55:01] WARNING  High control grad norm: 86.68 at step=499         
                    INFO     epoch=4 step=500 loss=551.5529 dsm=551.5342       
                             control=0.0001 path_kl=0.1018 jar=-0.1650         
                             quality=0.8424                                    
[04/21/26 09:55:10] WARNING  High control grad norm: 24.46 at step=500         
[04/21/26 09:55:39] WARNING  High control grad norm: 38.15 at step=503         
[04/21/26 09:55:49] WARNING  High control grad norm: 34.12 at step=504         
[04/21/26 09:55:58] WARNING  High control grad norm: 29.99 at step=505         
[04/21/26 09:56:08] WARNING  High control grad norm: 20.57 at step=506         
[04/21/26 09:56:27] WARNING  High control grad norm: 21.47 at step=508         
[04/21/26 09:56:37] WARNING  High control grad norm: 40.45 at step=509         
[04/21/26 09:56:46] WARNING  High control grad norm: 42.81 at step=510         
[04/21/26 09:57:06] WARNING  High control grad norm: 29.18 at step=512         
[04/21/26 09:57:15] WARNING  High control grad norm: 37.74 at step=513         
[04/21/26 09:57:34] WARNING  High control grad norm: 58.24 at step=515         
[04/21/26 09:57:44] WARNING  High control grad norm: 70.29 at step=516         
[04/21/26 09:57:54] WARNING  High control grad norm: 24.57 at step=517         
[04/21/26 09:58:32] WARNING  High control grad norm: 33.41 at step=521         
[04/21/26 09:59:01] WARNING  High control grad norm: 27.06 at step=524         
[04/21/26 09:59:10] WARNING  High control grad norm: 22.09 at step=525         
[04/21/26 09:59:20] WARNING  High control grad norm: 39.51 at step=526         
[04/21/26 09:59:30] WARNING  High control grad norm: 96.01 at step=527         
[04/21/26 09:59:39] WARNING  High control grad norm: 39.58 at step=528         
[04/21/26 09:59:49] WARNING  High control grad norm: 66.29 at step=529         
[04/21/26 09:59:58] WARNING  High control grad norm: 51.45 at step=530         
[04/21/26 10:00:08] WARNING  High control grad norm: 28.67 at step=531         
[04/21/26 10:00:27] WARNING  High control grad norm: 25.68 at step=533         
[04/21/26 10:00:37] WARNING  High control grad norm: 66.67 at step=534         
[04/21/26 10:00:46] WARNING  High control grad norm: 30.16 at step=535         
[04/21/26 10:00:56] WARNING  High control grad norm: 45.33 at step=536         
[04/21/26 10:01:06] WARNING  High control grad norm: 62.44 at step=537         
[04/21/26 10:01:25] WARNING  High control grad norm: 32.17 at step=539         
[04/21/26 10:01:34] WARNING  High control grad norm: 37.59 at step=540         
[04/21/26 10:01:44] WARNING  High control grad norm: 51.17 at step=541         
[04/21/26 10:01:54] WARNING  High control grad norm: 36.60 at step=542         
[04/21/26 10:02:03] WARNING  High control grad norm: 67.17 at step=543         
[04/21/26 10:02:13] WARNING  High control grad norm: 74.60 at step=544         
[04/21/26 10:02:23] WARNING  High control grad norm: 38.98 at step=545         
[04/21/26 10:02:42] WARNING  High control grad norm: 49.40 at step=547         
[04/21/26 10:02:51] WARNING  High control grad norm: 60.84 at step=548         
[04/21/26 10:03:01] WARNING  High control grad norm: 75.39 at step=549         
[04/21/26 10:03:11] WARNING  High control grad norm: 88.34 at step=550         
[04/21/26 10:03:20] WARNING  High control grad norm: 77.35 at step=551         
[04/21/26 10:03:30] WARNING  High control grad norm: 61.43 at step=552         
[04/21/26 10:03:39] WARNING  High control grad norm: 98.42 at step=553         
[04/21/26 10:03:59] WARNING  High control grad norm: 45.17 at step=555         
[04/21/26 10:04:08] WARNING  High control grad norm: 20.23 at step=556         
[04/21/26 10:04:18] WARNING  High control grad norm: 58.12 at step=557         
[04/21/26 10:04:27] WARNING  High control grad norm: 78.08 at step=558         
[04/21/26 10:04:37] WARNING  High control grad norm: 55.37 at step=559         
[04/21/26 10:04:47] WARNING  High control grad norm: 50.33 at step=560         
[04/21/26 10:04:56] WARNING  High control grad norm: 27.60 at step=561         
[04/21/26 10:05:06] WARNING  High control grad norm: 41.42 at step=562         
[04/21/26 10:06:04] WARNING  High control grad norm: 44.71 at step=568         
[04/21/26 10:06:13] WARNING  High control grad norm: 36.94 at step=569         
[04/21/26 10:06:42] WARNING  High control grad norm: 36.19 at step=572         
[04/21/26 10:07:01] WARNING  High control grad norm: 23.87 at step=574         
[04/21/26 10:07:11] WARNING  High control grad norm: 25.39 at step=575         
[04/21/26 10:07:21] WARNING  High control grad norm: 54.54 at step=576         
[04/21/26 10:07:40] WARNING  High control grad norm: 65.09 at step=578         
[04/21/26 10:08:18] WARNING  High control grad norm: 27.42 at step=582         
[04/21/26 10:08:28] WARNING  High control grad norm: 73.88 at step=583         
[04/21/26 10:08:38] WARNING  High control grad norm: 52.34 at step=584         
[04/21/26 10:08:47] WARNING  High control grad norm: 42.93 at step=585         
[04/21/26 10:08:57] WARNING  High control grad norm: 30.57 at step=586         
[04/21/26 10:09:16] WARNING  High control grad norm: 29.45 at step=588         
[04/21/26 10:09:45] WARNING  High control grad norm: 31.97 at step=591         
[04/21/26 10:10:14] WARNING  High control grad norm: 45.49 at step=594         
[04/21/26 10:10:24] WARNING  High control grad norm: 62.85 at step=595         
[04/21/26 10:10:33] WARNING  High control grad norm: 22.79 at step=596         
[04/21/26 10:10:43] WARNING  High control grad norm: 20.24 at step=597         
[04/21/26 10:11:02] INFO     epoch=4 step=600 loss=657.5231 dsm=657.5181       
                             control=0.0000 path_kl=-0.0127 jar=0.0043         
                             quality=0.6299                                    
[04/21/26 10:11:21] WARNING  High control grad norm: 41.52 at step=601         
[04/21/26 10:11:40] WARNING  High control grad norm: 57.64 at step=603         
[04/21/26 10:11:50] WARNING  High control grad norm: 36.37 at step=604         
[04/21/26 10:12:00] WARNING  High control grad norm: 27.92 at step=605         
[04/21/26 10:12:09] WARNING  High control grad norm: 41.73 at step=606         
[04/21/26 10:12:19] WARNING  High control grad norm: 45.52 at step=607         
[04/21/26 10:12:28] WARNING  High control grad norm: 26.08 at step=608         
[04/21/26 10:12:57] WARNING  High control grad norm: 22.28 at step=611         
[04/21/26 10:13:17] WARNING  High control grad norm: 60.47 at step=613         
[04/21/26 10:13:26] WARNING  High control grad norm: 85.51 at step=614         
[04/21/26 10:13:36] WARNING  High control grad norm: 29.63 at step=615         
[04/21/26 10:13:45] WARNING  High control grad norm: 72.54 at step=616         
[04/21/26 10:13:55] WARNING  High control grad norm: 48.62 at step=617         
[04/21/26 10:14:05] WARNING  High control grad norm: 66.69 at step=618         
[04/21/26 10:14:14] WARNING  High control grad norm: 49.25 at step=619         
[04/21/26 10:14:34] WARNING  High control grad norm: 34.65 at step=621         
[04/21/26 10:14:53] WARNING  High control grad norm: 44.09 at step=623         
[04/21/26 10:15:22] WARNING  High control grad norm: 30.75 at step=626         
[04/21/26 10:15:25] WARNING  High control grad norm: 62.43 at step=627         
                    INFO     epoch=4 done                                      
                    INFO     epoch=4 diag: cos_sim=0.2579 ctrl_mag=0.0737      
                             score_mag=17.6598 ratio=0.0042                    
[04/21/26 10:15:34] WARNING  High control grad norm: 37.61 at step=628         
[04/21/26 10:15:44] WARNING  High control grad norm: 44.14 at step=629         
[04/21/26 10:16:13] WARNING  High control grad norm: 30.19 at step=632         
[04/21/26 10:16:32] WARNING  High control grad norm: 20.51 at step=634         
[04/21/26 10:16:42] WARNING  High control grad norm: 46.91 at step=635         
[04/21/26 10:16:51] WARNING  High control grad norm: 66.22 at step=636         
[04/21/26 10:17:01] WARNING  High control grad norm: 42.29 at step=637         
[04/21/26 10:17:11] WARNING  High control grad norm: 34.75 at step=638         
[04/21/26 10:17:20] WARNING  High control grad norm: 30.68 at step=639         
[04/21/26 10:17:30] WARNING  High control grad norm: 31.60 at step=640         
[04/21/26 10:17:49] WARNING  High control grad norm: 60.38 at step=642         
[04/21/26 10:18:18] WARNING  High control grad norm: 43.21 at step=645         
[04/21/26 10:18:47] WARNING  High control grad norm: 20.87 at step=648         
[04/21/26 10:19:25] WARNING  High control grad norm: 57.35 at step=652         
[04/21/26 10:19:44] WARNING  High control grad norm: 50.26 at step=654         
[04/21/26 10:20:03] WARNING  High control grad norm: 39.47 at step=656         
[04/21/26 10:20:13] WARNING  High control grad norm: 41.10 at step=657         
[04/21/26 10:20:23] WARNING  High control grad norm: 37.77 at step=658         
[04/21/26 10:20:32] WARNING  High control grad norm: 48.31 at step=659         
[04/21/26 10:20:42] WARNING  High control grad norm: 56.36 at step=660         
[04/21/26 10:20:52] WARNING  High control grad norm: 42.35 at step=661         
[04/21/26 10:21:01] WARNING  High control grad norm: 20.02 at step=662         
[04/21/26 10:21:20] WARNING  High control grad norm: 34.36 at step=664         
[04/21/26 10:21:30] WARNING  High control grad norm: 20.26 at step=665         
[04/21/26 10:21:40] WARNING  High control grad norm: 57.40 at step=666         
[04/21/26 10:22:08] WARNING  High control grad norm: 21.86 at step=669         
[04/21/26 10:22:18] WARNING  High control grad norm: 33.21 at step=670         
[04/21/26 10:22:47] WARNING  High control grad norm: 38.70 at step=673         
[04/21/26 10:22:57] WARNING  High control grad norm: 52.00 at step=674         
[04/21/26 10:23:16] WARNING  High control grad norm: 77.70 at step=676         
[04/21/26 10:23:45] WARNING  High control grad norm: 74.88 at step=679         
[04/21/26 10:24:04] WARNING  High control grad norm: 34.78 at step=681         
[04/21/26 10:24:23] WARNING  High control grad norm: 25.83 at step=683         
[04/21/26 10:25:02] WARNING  High control grad norm: 33.98 at step=687         
[04/21/26 10:25:21] WARNING  High control grad norm: 29.81 at step=689         
[04/21/26 10:25:30] WARNING  High control grad norm: 51.45 at step=690         
[04/21/26 10:25:40] WARNING  High control grad norm: 33.81 at step=691         
[04/21/26 10:25:49] WARNING  High control grad norm: 31.09 at step=692         
[04/21/26 10:25:59] WARNING  High control grad norm: 20.86 at step=693         
[04/21/26 10:26:09] WARNING  High control grad norm: 28.92 at step=694         
[04/21/26 10:26:18] WARNING  High control grad norm: 45.60 at step=695         
[04/21/26 10:26:28] WARNING  High control grad norm: 39.63 at step=696         
[04/21/26 10:26:38] WARNING  High control grad norm: 30.07 at step=697         
[04/21/26 10:26:47] WARNING  High control grad norm: 30.04 at step=698         
[04/21/26 10:26:57] WARNING  High control grad norm: 55.02 at step=699         
                    INFO     epoch=5 step=700 loss=651.4532 dsm=651.4410       
                             control=0.0000 path_kl=0.0287 jar=-0.0332         
                             quality=0.9384                                    
[04/21/26 10:27:35] WARNING  High control grad norm: 67.39 at step=703         
[04/21/26 10:27:45] WARNING  High control grad norm: 41.76 at step=704         
[04/21/26 10:28:04] WARNING  High control grad norm: 20.96 at step=706         
[04/21/26 10:28:14] WARNING  High control grad norm: 22.50 at step=707         
[04/21/26 10:28:33] WARNING  High control grad norm: 33.40 at step=709         
[04/21/26 10:28:43] WARNING  High control grad norm: 23.69 at step=710         
[04/21/26 10:29:02] WARNING  High control grad norm: 23.09 at step=712         
[04/21/26 10:29:11] WARNING  High control grad norm: 53.99 at step=713         
[04/21/26 10:30:09] WARNING  High control grad norm: 36.44 at step=719         
[04/21/26 10:30:19] WARNING  High control grad norm: 23.88 at step=720         
[04/21/26 10:30:28] WARNING  High control grad norm: 26.21 at step=721         
[04/21/26 10:30:38] WARNING  High control grad norm: 33.48 at step=722         
[04/21/26 10:30:47] WARNING  High control grad norm: 25.36 at step=723         
[04/21/26 10:30:57] WARNING  High control grad norm: 37.57 at step=724         
[04/21/26 10:31:07] WARNING  High control grad norm: 21.05 at step=725         
[04/21/26 10:31:16] WARNING  High control grad norm: 43.43 at step=726         
[04/21/26 10:31:26] WARNING  High control grad norm: 61.03 at step=727         
[04/21/26 10:31:45] WARNING  High control grad norm: 46.77 at step=729         
[04/21/26 10:31:55] WARNING  High control grad norm: 20.22 at step=730         
[04/21/26 10:32:14] WARNING  High control grad norm: 41.51 at step=732         
[04/21/26 10:32:23] WARNING  High control grad norm: 48.15 at step=733         
[04/21/26 10:32:33] WARNING  High control grad norm: 24.19 at step=734         
[04/21/26 10:32:52] WARNING  High control grad norm: 54.07 at step=736         
[04/21/26 10:33:12] WARNING  High control grad norm: 29.43 at step=738         
[04/21/26 10:33:31] WARNING  High control grad norm: 27.10 at step=740         
[04/21/26 10:34:09] WARNING  High control grad norm: 33.68 at step=744         
[04/21/26 10:34:19] WARNING  High control grad norm: 24.36 at step=745         
[04/21/26 10:34:38] WARNING  High control grad norm: 26.09 at step=747         
[04/21/26 10:34:57] WARNING  High control grad norm: 67.90 at step=749         
[04/21/26 10:35:17] WARNING  High control grad norm: 25.73 at step=751         
[04/21/26 10:35:26] WARNING  High control grad norm: 63.73 at step=752         
[04/21/26 10:35:36] WARNING  High control grad norm: 48.37 at step=753         
[04/21/26 10:35:55] WARNING  High control grad norm: 31.21 at step=755         
[04/21/26 10:36:05] WARNING  High control grad norm: 25.12 at step=756         
[04/21/26 10:36:53] WARNING  High control grad norm: 25.14 at step=761         
[04/21/26 10:37:02] WARNING  High control grad norm: 40.29 at step=762         
[04/21/26 10:37:31] WARNING  High control grad norm: 27.74 at step=765         
[04/21/26 10:37:41] WARNING  High control grad norm: 23.18 at step=766         
[04/21/26 10:37:50] WARNING  High control grad norm: 38.75 at step=767         
[04/21/26 10:38:10] WARNING  High control grad norm: 62.40 at step=769         
[04/21/26 10:38:29] WARNING  High control grad norm: 43.83 at step=771         
[04/21/26 10:38:48] WARNING  High control grad norm: 37.84 at step=773         
[04/21/26 10:39:07] WARNING  High control grad norm: 33.41 at step=775         
[04/21/26 10:39:46] WARNING  High control grad norm: 47.09 at step=779         
[04/21/26 10:39:55] WARNING  High control grad norm: 23.42 at step=780         
[04/21/26 10:40:05] WARNING  High control grad norm: 21.38 at step=781         
[04/21/26 10:40:27] WARNING  High control grad norm: 65.38 at step=784         
                    INFO     epoch=5 done                                      
                    INFO     epoch=5 diag: cos_sim=0.2445 ctrl_mag=0.0447      
                             score_mag=17.6598 ratio=0.0025                    
  Evaluating FID for ablation conv (N=2048)... FID=326.00
  Ablation no-EMA: epochs=5, overrides=['path_kl_weight', 'quality_weight', 'freeze_score_model', 'ema_decay', 'use_conv_control']
[04/21/26 10:46:09] INFO     Loaded pretrained score backbone from             
                             checkpoints/score_fmnist_v2/score_epoch_0050.pt   
                    INFO     Score model frozen — only control policy will be  
                             trained.                                          
[04/21/26 10:52:54] INFO     epoch=1 step=100 loss=591.3196 dsm=589.7297       
                             control=0.0402 path_kl=15.7942 jar=-29.0912       
                             quality=1.0068                                    
[04/21/26 10:56:42] WARNING  High control grad norm: 24.96 at step=156         
                    INFO     epoch=1 done                                      
                    INFO     epoch=1 diag: cos_sim=0.0024 ctrl_mag=3.3566      
                             score_mag=17.0576 ratio=0.1968                    
[04/21/26 10:59:36] INFO     epoch=2 step=200 loss=458.2779 dsm=457.0407       
                             control=0.0331 path_kl=12.2954 jar=-24.3122       
                             quality=0.7238                                    
[04/21/26 11:06:20] INFO     epoch=2 step=300 loss=271.1027 dsm=270.4343       
                             control=0.0280 path_kl=6.5944 jar=-19.4358        
                             quality=0.8654                                    
[04/21/26 11:07:13] WARNING  High control grad norm: 22.99 at step=313         
                    INFO     epoch=2 done                                      
                    INFO     epoch=2 diag: cos_sim=0.0002 ctrl_mag=2.8609      
                             score_mag=17.0576 ratio=0.1677                    
[04/21/26 11:13:01] INFO     epoch=3 step=400 loss=636.0184 dsm=635.0138       
                             control=0.0253 path_kl=9.9544 jar=-21.4406        
                             quality=0.8943                                    
[04/21/26 11:17:45] WARNING  High control grad norm: 22.38 at step=470         
                    INFO     epoch=3 done                                      
                    INFO     epoch=3 diag: cos_sim=0.0007 ctrl_mag=2.6222      
                             score_mag=17.0576 ratio=0.1537                    
[04/21/26 11:19:42] INFO     epoch=4 step=500 loss=691.3387 dsm=690.4979       
                             control=0.0235 path_kl=8.3235 jar=-16.1308        
                             quality=0.8327                                    
[04/21/26 11:26:25] INFO     epoch=4 step=600 loss=732.2021 dsm=731.2380       
                             control=0.0223 path_kl=9.5739 jar=-20.5026        
                             quality=0.6477                                    
[04/21/26 11:28:15] INFO     epoch=4 done                                      
                    INFO     epoch=4 diag: cos_sim=0.0007 ctrl_mag=2.5262      
                             score_mag=17.0576 ratio=0.1481                    
[04/21/26 11:33:06] INFO     epoch=5 step=700 loss=777.6766 dsm=776.7979       
                             control=0.0224 path_kl=8.6897 jar=-16.3318        
                             quality=0.9479                                    
[04/21/26 11:38:46] WARNING  High control grad norm: 21.32 at step=784         
                    INFO     epoch=5 done                                      
                    INFO     epoch=5 diag: cos_sim=0.0008 ctrl_mag=2.5093      
                             score_mag=17.0576 ratio=0.1471                    
  Evaluating FID for ablation no-EMA (N=2048)... FID=326.00
  Ablation no-freeze: epochs=5, overrides=['path_kl_weight', 'quality_weight', 'freeze_score_model', 'ema_decay', 'use_conv_control']
[04/21/26 11:51:46] INFO     Loaded pretrained score backbone from             
                             checkpoints/score_fmnist_v2/score_epoch_0050.pt   
[04/21/26 11:51:53] WARNING  High score grad norm: 1986.45 at step=0           
[04/21/26 11:52:00] WARNING  High score grad norm: 196282.20 at step=1         
[04/21/26 11:52:06] WARNING  High score grad norm: 163169.23 at step=2         
[04/21/26 11:52:13] WARNING  High score grad norm: 39135.45 at step=3          
[04/21/26 11:52:19] WARNING  High score grad norm: 66814.73 at step=4          
[04/21/26 11:52:26] WARNING  High score grad norm: 100995.11 at step=5         
[04/21/26 11:52:33] WARNING  High score grad norm: 106004.84 at step=6         
[04/21/26 11:52:39] WARNING  High score grad norm: 32892.23 at step=7          
[04/21/26 11:52:46] WARNING  High score grad norm: 17269.87 at step=8          
[04/21/26 11:52:52] WARNING  High score grad norm: 20229.49 at step=9          
[04/21/26 11:52:59] WARNING  High score grad norm: 4738.20 at step=10          
[04/21/26 11:53:05] WARNING  High score grad norm: 12121.92 at step=11         
[04/21/26 11:53:12] WARNING  High score grad norm: 47669.96 at step=12         
[04/21/26 11:53:18] WARNING  High score grad norm: 28645.01 at step=13         
[04/21/26 11:53:25] WARNING  High score grad norm: 47560.38 at step=14         
[04/21/26 11:53:31] WARNING  High score grad norm: 10169.32 at step=15         
[04/21/26 11:53:38] WARNING  High score grad norm: 10194.30 at step=16         
[04/21/26 11:53:44] WARNING  High score grad norm: 30944.03 at step=17         
[04/21/26 11:53:51] WARNING  High score grad norm: 4098.02 at step=18          
[04/21/26 11:53:57] WARNING  High score grad norm: 16089.57 at step=19         
[04/21/26 11:54:04] WARNING  High score grad norm: 13774.82 at step=20         
[04/21/26 11:54:10] WARNING  High score grad norm: 5157.11 at step=21          
[04/21/26 11:54:17] WARNING  High score grad norm: 7298.48 at step=22          
[04/21/26 11:54:24] WARNING  High score grad norm: 27136.39 at step=23         
[04/21/26 11:54:30] WARNING  High score grad norm: 8937.83 at step=24          
[04/21/26 11:54:37] WARNING  High score grad norm: 15874.85 at step=25         
[04/21/26 11:54:43] WARNING  High score grad norm: 18472.99 at step=26         
[04/21/26 11:54:50] WARNING  High score grad norm: 33933.11 at step=27         
[04/21/26 11:54:56] WARNING  High score grad norm: 9172.28 at step=28          
[04/21/26 11:55:03] WARNING  High score grad norm: 7720.35 at step=29          
[04/21/26 11:55:09] WARNING  High score grad norm: 55309.71 at step=30         
[04/21/26 11:55:16] WARNING  High score grad norm: 16068.15 at step=31         
[04/21/26 11:55:23] WARNING  High score grad norm: 10393.15 at step=32         
[04/21/26 11:55:29] WARNING  High score grad norm: 19105.42 at step=33         
[04/21/26 11:55:36] WARNING  High score grad norm: 13902.92 at step=34         
[04/21/26 11:55:42] WARNING  High score grad norm: 5657.34 at step=35          
[04/21/26 11:55:49] WARNING  High score grad norm: 9630.30 at step=36          
[04/21/26 11:55:55] WARNING  High score grad norm: 11422.62 at step=37         
[04/21/26 11:56:02] WARNING  High score grad norm: 2584.53 at step=38          
[04/21/26 11:56:08] WARNING  High score grad norm: 6294.14 at step=39          
[04/21/26 11:56:15] WARNING  High score grad norm: 34040.19 at step=40         
[04/21/26 11:56:21] WARNING  High score grad norm: 12597.31 at step=41         
[04/21/26 11:56:28] WARNING  High score grad norm: 20765.95 at step=42         
[04/21/26 11:56:34] WARNING  High score grad norm: 24447.42 at step=43         
[04/21/26 11:56:41] WARNING  High score grad norm: 17330.66 at step=44         
[04/21/26 11:56:47] WARNING  High score grad norm: 7323.21 at step=45          
[04/21/26 11:56:54] WARNING  High score grad norm: 34043.29 at step=46         
[04/21/26 11:57:00] WARNING  High score grad norm: 56916.21 at step=47         
[04/21/26 11:57:07] WARNING  High score grad norm: 9589.95 at step=48          
[04/21/26 11:57:13] WARNING  High score grad norm: 7681.54 at step=49          
[04/21/26 11:57:20] WARNING  High score grad norm: 5080.56 at step=50          
[04/21/26 11:57:26] WARNING  High score grad norm: 2878.92 at step=51          
[04/21/26 11:57:33] WARNING  High score grad norm: 8347.70 at step=52          
[04/21/26 11:57:39] WARNING  High score grad norm: 11974.33 at step=53         
[04/21/26 11:57:46] WARNING  High score grad norm: 12409.97 at step=54         
[04/21/26 11:57:52] WARNING  High score grad norm: 4792.45 at step=55          
[04/21/26 11:57:59] WARNING  High score grad norm: 3699.28 at step=56          
[04/21/26 11:58:05] WARNING  High score grad norm: 8029.97 at step=57          
[04/21/26 11:58:12] WARNING  High score grad norm: 8125.63 at step=58          
[04/21/26 11:58:18] WARNING  High score grad norm: 2747.25 at step=59          
[04/21/26 11:58:25] WARNING  High score grad norm: 26973.70 at step=60         
[04/21/26 11:58:31] WARNING  High score grad norm: 5610.98 at step=61          
[04/21/26 11:58:38] WARNING  High score grad norm: 5739.17 at step=62          
[04/21/26 11:58:44] WARNING  High score grad norm: 15440.74 at step=63         
[04/21/26 11:58:51] WARNING  High score grad norm: 4620.49 at step=64          
[04/21/26 11:58:57] WARNING  High score grad norm: 18372.93 at step=65         
[04/21/26 11:59:04] WARNING  High score grad norm: 3611.96 at step=66          
[04/21/26 11:59:10] WARNING  High score grad norm: 8911.09 at step=67          
[04/21/26 11:59:17] WARNING  High score grad norm: 1731.61 at step=68          
[04/21/26 11:59:24] WARNING  High score grad norm: 2578.07 at step=69          
[04/21/26 11:59:30] WARNING  High score grad norm: 5266.93 at step=70          
[04/21/26 11:59:37] WARNING  High score grad norm: 5042.30 at step=71          
[04/21/26 11:59:43] WARNING  High score grad norm: 4313.81 at step=72          
[04/21/26 11:59:50] WARNING  High score grad norm: 12369.58 at step=73         
[04/21/26 11:59:56] WARNING  High score grad norm: 4934.89 at step=74          
[04/21/26 12:00:03] WARNING  High score grad norm: 7663.80 at step=75          
[04/21/26 12:00:09] WARNING  High score grad norm: 3639.48 at step=76          
[04/21/26 12:00:16] WARNING  High score grad norm: 5516.24 at step=77          
[04/21/26 12:00:22] WARNING  High score grad norm: 3037.53 at step=78          
[04/21/26 12:00:29] WARNING  High score grad norm: 17827.21 at step=79         
[04/21/26 12:00:35] WARNING  High score grad norm: 5321.45 at step=80          
[04/21/26 12:00:42] WARNING  High score grad norm: 5824.94 at step=81          
[04/21/26 12:00:49] WARNING  High score grad norm: 2139.73 at step=82          
[04/21/26 12:00:55] WARNING  High score grad norm: 4105.43 at step=83          
[04/21/26 12:01:02] WARNING  High score grad norm: 8858.35 at step=84          
[04/21/26 12:01:08] WARNING  High score grad norm: 6172.03 at step=85          
[04/21/26 12:01:15] WARNING  High score grad norm: 8293.07 at step=86          
[04/21/26 12:01:21] WARNING  High score grad norm: 19127.52 at step=87         
[04/21/26 12:01:28] WARNING  High score grad norm: 8681.38 at step=88          
[04/21/26 12:01:34] WARNING  High score grad norm: 3671.55 at step=89          
[04/21/26 12:01:41] WARNING  High score grad norm: 12560.65 at step=90         
[04/21/26 12:01:47] WARNING  High score grad norm: 5377.01 at step=91          
[04/21/26 12:01:54] WARNING  High score grad norm: 10271.67 at step=92         
[04/21/26 12:02:00] WARNING  High score grad norm: 19067.92 at step=93         
[04/21/26 12:02:07] WARNING  High score grad norm: 8466.17 at step=94          
[04/21/26 12:02:13] WARNING  High score grad norm: 3693.45 at step=95          
[04/21/26 12:02:20] WARNING  High score grad norm: 5380.10 at step=96          
[04/21/26 12:02:26] WARNING  High score grad norm: 6711.94 at step=97          
[04/21/26 12:02:33] WARNING  High score grad norm: 18451.78 at step=98         
[04/21/26 12:02:39] WARNING  High score grad norm: 6391.79 at step=99          
                    INFO     epoch=1 step=100 loss=674.4304 dsm=672.8480       
                             control=0.0402 path_kl=15.6155 jar=-30.9746       
                             quality=2.0418                                    
[04/21/26 12:02:46] WARNING  High score grad norm: 14460.91 at step=100        
[04/21/26 12:02:52] WARNING  High score grad norm: 12511.80 at step=101        
[04/21/26 12:02:59] WARNING  High score grad norm: 9787.62 at step=102         
[04/21/26 12:03:05] WARNING  High score grad norm: 10197.73 at step=103        
[04/21/26 12:03:12] WARNING  High score grad norm: 559.68 at step=104          
[04/21/26 12:03:18] WARNING  High score grad norm: 9094.12 at step=105         
[04/21/26 12:03:25] WARNING  High score grad norm: 2384.66 at step=106         
[04/21/26 12:03:32] WARNING  High score grad norm: 14422.78 at step=107        
[04/21/26 12:03:38] WARNING  High score grad norm: 21367.24 at step=108        
[04/21/26 12:03:45] WARNING  High score grad norm: 6228.60 at step=109         
[04/21/26 12:03:51] WARNING  High score grad norm: 28542.81 at step=110        
[04/21/26 12:03:58] WARNING  High score grad norm: 47121.80 at step=111        
[04/21/26 12:04:04] WARNING  High score grad norm: 3226.43 at step=112         
[04/21/26 12:04:11] WARNING  High score grad norm: 6871.68 at step=113         
[04/21/26 12:04:17] WARNING  High score grad norm: 20696.93 at step=114        
[04/21/26 12:04:24] WARNING  High score grad norm: 21497.57 at step=115        
[04/21/26 12:04:30] WARNING  High score grad norm: 4115.90 at step=116         
[04/21/26 12:04:37] WARNING  High score grad norm: 3136.13 at step=117         
[04/21/26 12:04:44] WARNING  High score grad norm: 12913.29 at step=118        
[04/21/26 12:04:50] WARNING  High score grad norm: 5082.06 at step=119         
[04/21/26 12:04:57] WARNING  High score grad norm: 27335.62 at step=120        
[04/21/26 12:05:03] WARNING  High score grad norm: 15672.57 at step=121        
[04/21/26 12:05:10] WARNING  High score grad norm: 8406.14 at step=122         
[04/21/26 12:05:16] WARNING  High score grad norm: 12863.98 at step=123        
[04/21/26 12:05:23] WARNING  High score grad norm: 15256.00 at step=124        
[04/21/26 12:05:29] WARNING  High score grad norm: 9766.95 at step=125         
[04/21/26 12:05:36] WARNING  High score grad norm: 5703.90 at step=126         
[04/21/26 12:05:42] WARNING  High score grad norm: 13403.36 at step=127        
[04/21/26 12:05:49] WARNING  High score grad norm: 35969.59 at step=128        
[04/21/26 12:05:55] WARNING  High score grad norm: 13367.94 at step=129        
[04/21/26 12:06:02] WARNING  High score grad norm: 19290.84 at step=130        
[04/21/26 12:06:08] WARNING  High score grad norm: 14689.52 at step=131        
[04/21/26 12:06:15] WARNING  High score grad norm: 22223.52 at step=132        
[04/21/26 12:06:22] WARNING  High score grad norm: 29171.60 at step=133        
[04/21/26 12:06:28] WARNING  High score grad norm: 6915.74 at step=134         
[04/21/26 12:06:35] WARNING  High score grad norm: 5257.46 at step=135         
[04/21/26 12:06:41] WARNING  High score grad norm: 16934.14 at step=136        
[04/21/26 12:06:48] WARNING  High score grad norm: 8891.02 at step=137         
[04/21/26 12:06:54] WARNING  High score grad norm: 8802.74 at step=138         
[04/21/26 12:07:01] WARNING  High score grad norm: 7134.38 at step=139         
[04/21/26 12:07:07] WARNING  High score grad norm: 20083.28 at step=140        
[04/21/26 12:07:14] WARNING  High score grad norm: 9702.52 at step=141         
[04/21/26 12:07:20] WARNING  High score grad norm: 3442.94 at step=142         
[04/21/26 12:07:27] WARNING  High score grad norm: 1740.55 at step=143         
[04/21/26 12:07:33] WARNING  High score grad norm: 2774.85 at step=144         
[04/21/26 12:07:40] WARNING  High score grad norm: 2442.29 at step=145         
[04/21/26 12:07:46] WARNING  High score grad norm: 4357.87 at step=146         
[04/21/26 12:07:53] WARNING  High score grad norm: 7307.64 at step=147         
[04/21/26 12:07:59] WARNING  High score grad norm: 7285.77 at step=148         
[04/21/26 12:08:06] WARNING  High score grad norm: 2089.82 at step=149         
[04/21/26 12:08:12] WARNING  High score grad norm: 13637.31 at step=150        
[04/21/26 12:08:19] WARNING  High score grad norm: 14415.55 at step=151        
[04/21/26 12:08:25] WARNING  High score grad norm: 3908.47 at step=152         
[04/21/26 12:08:32] WARNING  High score grad norm: 4148.96 at step=153         
[04/21/26 12:08:38] WARNING  High score grad norm: 8971.68 at step=154         
[04/21/26 12:08:45] WARNING  High score grad norm: 2536.98 at step=155         
[04/21/26 12:08:47] WARNING  High score grad norm: 2212.55 at step=156         
                    WARNING  High control grad norm: 24.63 at step=156         
                    INFO     epoch=1 done                                      
                    INFO     epoch=1 diag: cos_sim=0.0034 ctrl_mag=3.3550      
                             score_mag=17.8937 ratio=0.1875                    
[04/21/26 12:08:54] WARNING  High score grad norm: 6110.13 at step=157         
[04/21/26 12:09:00] WARNING  High score grad norm: 13723.42 at step=158        
[04/21/26 12:09:07] WARNING  High score grad norm: 1642.69 at step=159         
[04/21/26 12:09:13] WARNING  High score grad norm: 36133.88 at step=160        
[04/21/26 12:09:20] WARNING  High score grad norm: 31763.88 at step=161        
[04/21/26 12:09:26] WARNING  High score grad norm: 2533.27 at step=162         
[04/21/26 12:09:33] WARNING  High score grad norm: 4063.68 at step=163         
[04/21/26 12:09:39] WARNING  High score grad norm: 6276.90 at step=164         
[04/21/26 12:09:46] WARNING  High score grad norm: 17872.33 at step=165        
[04/21/26 12:09:53] WARNING  High score grad norm: 15501.58 at step=166        
[04/21/26 12:09:59] WARNING  High score grad norm: 9665.02 at step=167         
[04/21/26 12:10:06] WARNING  High score grad norm: 13837.20 at step=168        
[04/21/26 12:10:12] WARNING  High score grad norm: 33289.83 at step=169        
[04/21/26 12:10:19] WARNING  High score grad norm: 45383.45 at step=170        
[04/21/26 12:10:25] WARNING  High score grad norm: 1713.99 at step=171         
[04/21/26 12:10:32] WARNING  High score grad norm: 11992.29 at step=172        
[04/21/26 12:10:38] WARNING  High score grad norm: 11139.97 at step=173        
[04/21/26 12:10:45] WARNING  High score grad norm: 3238.66 at step=174         
[04/21/26 12:10:52] WARNING  High score grad norm: 20069.45 at step=175        
[04/21/26 12:10:58] WARNING  High score grad norm: 8092.68 at step=176         
[04/21/26 12:11:05] WARNING  High score grad norm: 27721.69 at step=177        
[04/21/26 12:11:11] WARNING  High score grad norm: 27276.84 at step=178        
[04/21/26 12:11:18] WARNING  High score grad norm: 10657.49 at step=179        
[04/21/26 12:11:24] WARNING  High score grad norm: 14879.91 at step=180        
[04/21/26 12:11:31] WARNING  High score grad norm: 15348.41 at step=181        
[04/21/26 12:11:38] WARNING  High score grad norm: 5732.33 at step=182         
[04/21/26 12:11:44] WARNING  High score grad norm: 1314.72 at step=183         
[04/21/26 12:11:51] WARNING  High score grad norm: 3254.73 at step=184         
[04/21/26 12:11:57] WARNING  High score grad norm: 9132.43 at step=185         
[04/21/26 12:12:04] WARNING  High score grad norm: 3132.92 at step=186         
[04/21/26 12:12:10] WARNING  High score grad norm: 2040.04 at step=187         
[04/21/26 12:12:17] WARNING  High score grad norm: 1311.64 at step=188         
[04/21/26 12:12:23] WARNING  High score grad norm: 9902.74 at step=189         
[04/21/26 12:12:30] WARNING  High score grad norm: 6503.35 at step=190         
[04/21/26 12:12:36] WARNING  High score grad norm: 10030.23 at step=191        
[04/21/26 12:12:43] WARNING  High score grad norm: 20116.14 at step=192        
[04/21/26 12:12:49] WARNING  High score grad norm: 4435.20 at step=193         
[04/21/26 12:12:56] WARNING  High score grad norm: 5100.51 at step=194         
[04/21/26 12:13:02] WARNING  High score grad norm: 21890.97 at step=195        
[04/21/26 12:13:09] WARNING  High score grad norm: 10577.68 at step=196        
[04/21/26 12:13:15] WARNING  High score grad norm: 2982.19 at step=197         
[04/21/26 12:13:22] WARNING  High score grad norm: 7113.76 at step=198         
[04/21/26 12:13:28] WARNING  High score grad norm: 6062.54 at step=199         
                    INFO     epoch=2 step=200 loss=506.3381 dsm=505.1451       
                             control=0.0326 path_kl=11.8293 jar=-22.7760       
                             quality=0.9730                                    
[04/21/26 12:13:35] WARNING  High score grad norm: 7449.58 at step=200         
[04/21/26 12:13:41] WARNING  High score grad norm: 7944.01 at step=201         
[04/21/26 12:13:48] WARNING  High score grad norm: 3227.55 at step=202         
[04/21/26 12:13:55] WARNING  High score grad norm: 10505.66 at step=203        
[04/21/26 12:14:01] WARNING  High score grad norm: 17305.50 at step=204        
[04/21/26 12:14:08] WARNING  High score grad norm: 6171.74 at step=205         
[04/21/26 12:14:14] WARNING  High score grad norm: 14944.24 at step=206        
[04/21/26 12:14:21] WARNING  High score grad norm: 13772.98 at step=207        
[04/21/26 12:14:27] WARNING  High score grad norm: 8426.96 at step=208         
[04/21/26 12:14:34] WARNING  High score grad norm: 2436.71 at step=209         
[04/21/26 12:14:40] WARNING  High score grad norm: 13975.03 at step=210        
[04/21/26 12:14:47] WARNING  High score grad norm: 7752.90 at step=211         
[04/21/26 12:14:53] WARNING  High score grad norm: 17794.62 at step=212        
[04/21/26 12:15:00] WARNING  High score grad norm: 4599.35 at step=213         
[04/21/26 12:15:06] WARNING  High score grad norm: 16527.73 at step=214        
[04/21/26 12:15:13] WARNING  High score grad norm: 17068.86 at step=215        
[04/21/26 12:15:19] WARNING  High score grad norm: 15342.59 at step=216        
[04/21/26 12:15:26] WARNING  High score grad norm: 1506.47 at step=217         
[04/21/26 12:15:32] WARNING  High score grad norm: 4979.92 at step=218         
[04/21/26 12:15:39] WARNING  High score grad norm: 22207.79 at step=219        
[04/21/26 12:15:45] WARNING  High score grad norm: 9553.22 at step=220         
[04/21/26 12:15:52] WARNING  High score grad norm: 3019.22 at step=221         
[04/21/26 12:15:58] WARNING  High score grad norm: 8405.21 at step=222         
[04/21/26 12:16:05] WARNING  High score grad norm: 14928.82 at step=223        
[04/21/26 12:16:11] WARNING  High score grad norm: 5208.38 at step=224         
[04/21/26 12:16:18] WARNING  High score grad norm: 1972.05 at step=225         
[04/21/26 12:16:24] WARNING  High score grad norm: 1999.49 at step=226         
[04/21/26 12:16:31] WARNING  High score grad norm: 9740.74 at step=227         
[04/21/26 12:16:37] WARNING  High score grad norm: 5965.48 at step=228         
[04/21/26 12:16:44] WARNING  High score grad norm: 2577.47 at step=229         
[04/21/26 12:16:50] WARNING  High score grad norm: 14571.45 at step=230        
[04/21/26 12:16:57] WARNING  High score grad norm: 6079.77 at step=231         
[04/21/26 12:17:03] WARNING  High score grad norm: 4616.84 at step=232         
[04/21/26 12:17:10] WARNING  High score grad norm: 5732.76 at step=233         
[04/21/26 12:17:16] WARNING  High score grad norm: 6428.95 at step=234         
[04/21/26 12:17:23] WARNING  High score grad norm: 5157.48 at step=235         
[04/21/26 12:17:29] WARNING  High score grad norm: 3913.86 at step=236         
[04/21/26 12:17:36] WARNING  High score grad norm: 2196.49 at step=237         
[04/21/26 12:17:43] WARNING  High score grad norm: 3118.97 at step=238         
[04/21/26 12:17:49] WARNING  High score grad norm: 16071.93 at step=239        
[04/21/26 12:17:56] WARNING  High score grad norm: 4360.37 at step=240         
[04/21/26 12:18:02] WARNING  High score grad norm: 5147.56 at step=241         
[04/21/26 12:18:09] WARNING  High score grad norm: 3885.81 at step=242         
[04/21/26 12:18:15] WARNING  High score grad norm: 1663.87 at step=243         
[04/21/26 12:18:22] WARNING  High score grad norm: 6661.99 at step=244         
[04/21/26 12:18:28] WARNING  High score grad norm: 12725.48 at step=245        
[04/21/26 12:18:35] WARNING  High score grad norm: 18465.06 at step=246        
[04/21/26 12:18:41] WARNING  High score grad norm: 2681.78 at step=247         
[04/21/26 12:18:48] WARNING  High score grad norm: 5509.77 at step=248         
[04/21/26 12:18:54] WARNING  High score grad norm: 3511.25 at step=249         
[04/21/26 12:19:01] WARNING  High score grad norm: 4121.29 at step=250         
[04/21/26 12:19:07] WARNING  High score grad norm: 6846.79 at step=251         
[04/21/26 12:19:14] WARNING  High score grad norm: 16622.79 at step=252        
[04/21/26 12:19:20] WARNING  High score grad norm: 9527.92 at step=253         
[04/21/26 12:19:27] WARNING  High score grad norm: 7274.24 at step=254         
[04/21/26 12:19:33] WARNING  High score grad norm: 14210.31 at step=255        
[04/21/26 12:19:40] WARNING  High score grad norm: 4259.20 at step=256         
[04/21/26 12:19:46] WARNING  High score grad norm: 2595.47 at step=257         
[04/21/26 12:19:53] WARNING  High score grad norm: 4115.91 at step=258         
[04/21/26 12:19:59] WARNING  High score grad norm: 7886.53 at step=259         
[04/21/26 12:20:06] WARNING  High score grad norm: 4221.23 at step=260         
[04/21/26 12:20:12] WARNING  High score grad norm: 13859.92 at step=261        
[04/21/26 12:20:19] WARNING  High score grad norm: 1605.02 at step=262         
[04/21/26 12:20:25] WARNING  High score grad norm: 18472.34 at step=263        
[04/21/26 12:20:32] WARNING  High score grad norm: 6836.71 at step=264         
[04/21/26 12:20:38] WARNING  High score grad norm: 6519.59 at step=265         
[04/21/26 12:20:45] WARNING  High score grad norm: 4009.48 at step=266         
[04/21/26 12:20:51] WARNING  High score grad norm: 16010.86 at step=267        
[04/21/26 12:20:58] WARNING  High score grad norm: 5916.13 at step=268         
[04/21/26 12:21:04] WARNING  High score grad norm: 4016.74 at step=269         
[04/21/26 12:21:11] WARNING  High score grad norm: 7197.60 at step=270         
[04/21/26 12:21:17] WARNING  High score grad norm: 4141.73 at step=271         
[04/21/26 12:21:24] WARNING  High score grad norm: 5756.24 at step=272         
[04/21/26 12:21:31] WARNING  High score grad norm: 4702.32 at step=273         
[04/21/26 12:21:37] WARNING  High score grad norm: 2464.44 at step=274         
[04/21/26 12:21:43] WARNING  High score grad norm: 1667.14 at step=275         
[04/21/26 12:21:50] WARNING  High score grad norm: 2777.40 at step=276         
[04/21/26 12:21:57] WARNING  High score grad norm: 8783.51 at step=277         
[04/21/26 12:22:03] WARNING  High score grad norm: 7371.64 at step=278         
[04/21/26 12:22:10] WARNING  High score grad norm: 3946.09 at step=279         
[04/21/26 12:22:16] WARNING  High score grad norm: 5700.31 at step=280         
[04/21/26 12:22:23] WARNING  High score grad norm: 1981.00 at step=281         
[04/21/26 12:22:29] WARNING  High score grad norm: 1464.87 at step=282         
[04/21/26 12:22:36] WARNING  High score grad norm: 6243.57 at step=283         
[04/21/26 12:22:42] WARNING  High score grad norm: 2581.30 at step=284         
[04/21/26 12:22:49] WARNING  High score grad norm: 1029.83 at step=285         
[04/21/26 12:22:55] WARNING  High score grad norm: 993.19 at step=286          
[04/21/26 12:23:02] WARNING  High score grad norm: 3074.19 at step=287         
[04/21/26 12:23:08] WARNING  High score grad norm: 4554.70 at step=288         
[04/21/26 12:23:15] WARNING  High score grad norm: 4483.48 at step=289         
[04/21/26 12:23:21] WARNING  High score grad norm: 2803.53 at step=290         
[04/21/26 12:23:28] WARNING  High score grad norm: 1703.66 at step=291         
[04/21/26 12:23:34] WARNING  High score grad norm: 4176.33 at step=292         
[04/21/26 12:23:41] WARNING  High score grad norm: 2521.24 at step=293         
[04/21/26 12:23:47] WARNING  High score grad norm: 1106.76 at step=294         
[04/21/26 12:23:54] WARNING  High score grad norm: 1340.15 at step=295         
[04/21/26 12:24:00] WARNING  High score grad norm: 2828.60 at step=296         
[04/21/26 12:24:07] WARNING  High score grad norm: 4416.13 at step=297         
[04/21/26 12:24:13] WARNING  High score grad norm: 4966.01 at step=298         
[04/21/26 12:24:20] WARNING  High score grad norm: 3154.87 at step=299         
                    INFO     epoch=2 step=300 loss=294.6338 dsm=293.9251       
                             control=0.0279 path_kl=7.0029 jar=-18.2055        
                             quality=0.8124                                    
[04/21/26 12:24:26] WARNING  High score grad norm: 1923.65 at step=300         
[04/21/26 12:24:33] WARNING  High score grad norm: 2746.76 at step=301         
[04/21/26 12:24:39] WARNING  High score grad norm: 5306.56 at step=302         
[04/21/26 12:24:46] WARNING  High score grad norm: 4829.00 at step=303         
[04/21/26 12:24:53] WARNING  High score grad norm: 2023.86 at step=304         
[04/21/26 12:24:59] WARNING  High score grad norm: 1775.20 at step=305         
[04/21/26 12:25:06] WARNING  High score grad norm: 11592.41 at step=306        
[04/21/26 12:25:12] WARNING  High score grad norm: 5817.75 at step=307         
[04/21/26 12:25:19] WARNING  High score grad norm: 2300.47 at step=308         
[04/21/26 12:25:25] WARNING  High score grad norm: 2872.21 at step=309         
[04/21/26 12:25:32] WARNING  High score grad norm: 5406.20 at step=310         
[04/21/26 12:25:38] WARNING  High score grad norm: 2660.75 at step=311         
[04/21/26 12:25:45] WARNING  High score grad norm: 9167.36 at step=312         
[04/21/26 12:25:47] WARNING  High score grad norm: 2178.61 at step=313         
                    WARNING  High control grad norm: 22.49 at step=313         
                    INFO     epoch=2 done                                      
                    INFO     epoch=2 diag: cos_sim=0.0054 ctrl_mag=2.8642      
                             score_mag=18.9444 ratio=0.1512                    
[04/21/26 12:25:54] WARNING  High score grad norm: 19776.45 at step=314        
[04/21/26 12:26:00] WARNING  High score grad norm: 19769.98 at step=315        
[04/21/26 12:26:07] WARNING  High score grad norm: 6656.24 at step=316         
[04/21/26 12:26:14] WARNING  High score grad norm: 6307.47 at step=317         
[04/21/26 12:26:20] WARNING  High score grad norm: 21656.17 at step=318        
[04/21/26 12:26:27] WARNING  High score grad norm: 5362.90 at step=319         
[04/21/26 12:26:33] WARNING  High score grad norm: 3465.80 at step=320         
[04/21/26 12:26:40] WARNING  High score grad norm: 9797.68 at step=321         
[04/21/26 12:26:46] WARNING  High score grad norm: 8572.22 at step=322         
[04/21/26 12:26:53] WARNING  High score grad norm: 7518.05 at step=323         
[04/21/26 12:26:59] WARNING  High score grad norm: 2367.31 at step=324         
[04/21/26 12:27:06] WARNING  High score grad norm: 7569.74 at step=325         
[04/21/26 12:27:12] WARNING  High score grad norm: 1622.77 at step=326         
[04/21/26 12:27:18] WARNING  High score grad norm: 3281.01 at step=327         
[04/21/26 12:27:25] WARNING  High score grad norm: 21694.22 at step=328        
[04/21/26 12:27:32] WARNING  High score grad norm: 13691.22 at step=329        
[04/21/26 12:27:38] WARNING  High score grad norm: 6784.34 at step=330         
[04/21/26 12:27:45] WARNING  High score grad norm: 25284.42 at step=331        
[04/21/26 12:27:51] WARNING  High score grad norm: 18518.35 at step=332        
[04/21/26 12:27:58] WARNING  High score grad norm: 4130.76 at step=333         
[04/21/26 12:28:04] WARNING  High score grad norm: 3365.61 at step=334         
[04/21/26 12:28:11] WARNING  High score grad norm: 6478.01 at step=335         
[04/21/26 12:28:17] WARNING  High score grad norm: 3996.05 at step=336         
[04/21/26 12:28:24] WARNING  High score grad norm: 3056.69 at step=337         
[04/21/26 12:28:30] WARNING  High score grad norm: 5730.71 at step=338         
[04/21/26 12:28:37] WARNING  High score grad norm: 4420.14 at step=339         
[04/21/26 12:28:43] WARNING  High score grad norm: 3167.13 at step=340         
[04/21/26 12:28:50] WARNING  High score grad norm: 4311.14 at step=341         
[04/21/26 12:28:56] WARNING  High score grad norm: 2719.23 at step=342         
[04/21/26 12:29:03] WARNING  High score grad norm: 7211.20 at step=343         
[04/21/26 12:29:09] WARNING  High score grad norm: 4356.78 at step=344         
[04/21/26 12:29:16] WARNING  High score grad norm: 3659.16 at step=345         
[04/21/26 12:29:23] WARNING  High score grad norm: 11383.78 at step=346        
[04/21/26 12:29:29] WARNING  High score grad norm: 3706.62 at step=347         
[04/21/26 12:29:36] WARNING  High score grad norm: 7144.52 at step=348         
[04/21/26 12:29:42] WARNING  High score grad norm: 15242.08 at step=349        
[04/21/26 12:29:49] WARNING  High score grad norm: 9525.61 at step=350         
[04/21/26 12:29:55] WARNING  High score grad norm: 9469.81 at step=351         
[04/21/26 12:30:02] WARNING  High score grad norm: 12080.42 at step=352        
[04/21/26 12:30:08] WARNING  High score grad norm: 8664.87 at step=353         
[04/21/26 12:30:15] WARNING  High score grad norm: 2543.05 at step=354         
[04/21/26 12:30:21] WARNING  High score grad norm: 4374.60 at step=355         
[04/21/26 12:30:28] WARNING  High score grad norm: 3931.04 at step=356         
[04/21/26 12:30:34] WARNING  High score grad norm: 1813.63 at step=357         
[04/21/26 12:30:41] WARNING  High score grad norm: 1792.72 at step=358         
[04/21/26 12:30:47] WARNING  High score grad norm: 5870.04 at step=359         
[04/21/26 12:30:54] WARNING  High score grad norm: 1576.85 at step=360         
[04/21/26 12:31:00] WARNING  High score grad norm: 5481.85 at step=361         
[04/21/26 12:31:07] WARNING  High score grad norm: 17608.26 at step=362        
[04/21/26 12:31:14] WARNING  High score grad norm: 2095.32 at step=363         
[04/21/26 12:31:20] WARNING  High score grad norm: 2298.41 at step=364         
[04/21/26 12:31:27] WARNING  High score grad norm: 19158.39 at step=365        
[04/21/26 12:31:33] WARNING  High score grad norm: 12725.04 at step=366        
[04/21/26 12:31:40] WARNING  High score grad norm: 1804.20 at step=367         
[04/21/26 12:31:46] WARNING  High score grad norm: 6188.81 at step=368         
[04/21/26 12:31:53] WARNING  High score grad norm: 6404.60 at step=369         
[04/21/26 12:31:59] WARNING  High score grad norm: 3865.78 at step=370         
[04/21/26 12:32:06] WARNING  High score grad norm: 7953.24 at step=371         
[04/21/26 12:32:12] WARNING  High score grad norm: 1802.72 at step=372         
[04/21/26 12:32:19] WARNING  High score grad norm: 14972.37 at step=373        
[04/21/26 12:32:25] WARNING  High score grad norm: 9845.06 at step=374         
[04/21/26 12:32:32] WARNING  High score grad norm: 1219.96 at step=375         
[04/21/26 12:32:38] WARNING  High score grad norm: 3345.28 at step=376         
[04/21/26 12:32:45] WARNING  High score grad norm: 3297.61 at step=377         
[04/21/26 12:32:52] WARNING  High score grad norm: 3897.98 at step=378         
[04/21/26 12:32:58] WARNING  High score grad norm: 5013.26 at step=379         
[04/21/26 12:33:05] WARNING  High score grad norm: 5459.34 at step=380         
[04/21/26 12:33:11] WARNING  High score grad norm: 13711.33 at step=381        
[04/21/26 12:33:18] WARNING  High score grad norm: 11500.24 at step=382        
[04/21/26 12:33:24] WARNING  High score grad norm: 3183.47 at step=383         
[04/21/26 12:33:31] WARNING  High score grad norm: 4004.25 at step=384         
[04/21/26 12:33:37] WARNING  High score grad norm: 7720.59 at step=385         
[04/21/26 12:33:44] WARNING  High score grad norm: 2790.65 at step=386         
[04/21/26 12:33:50] WARNING  High score grad norm: 2098.29 at step=387         
[04/21/26 12:33:57] WARNING  High score grad norm: 4204.91 at step=388         
[04/21/26 12:34:03] WARNING  High score grad norm: 4429.57 at step=389         
[04/21/26 12:34:10] WARNING  High score grad norm: 4956.69 at step=390         
[04/21/26 12:34:16] WARNING  High score grad norm: 2796.57 at step=391         
[04/21/26 12:34:23] WARNING  High score grad norm: 5205.10 at step=392         
[04/21/26 12:34:29] WARNING  High score grad norm: 7652.27 at step=393         
[04/21/26 12:34:36] WARNING  High score grad norm: 6288.33 at step=394         
[04/21/26 12:34:43] WARNING  High score grad norm: 3116.68 at step=395         
[04/21/26 12:34:49] WARNING  High score grad norm: 5738.55 at step=396         
[04/21/26 12:34:56] WARNING  High score grad norm: 1765.41 at step=397         
[04/21/26 12:35:02] WARNING  High score grad norm: 2791.01 at step=398         
[04/21/26 12:35:09] WARNING  High score grad norm: 10482.03 at step=399        
                    INFO     epoch=3 step=400 loss=688.5975 dsm=687.6086       
                             control=0.0251 path_kl=9.8092 jar=-21.5892        
                             quality=0.7748                                    
[04/21/26 12:35:15] WARNING  High score grad norm: 2257.95 at step=400         
[04/21/26 12:35:22] WARNING  High score grad norm: 13225.21 at step=401        
[04/21/26 12:35:28] WARNING  High score grad norm: 9709.14 at step=402         
[04/21/26 12:35:35] WARNING  High score grad norm: 6619.14 at step=403         
[04/21/26 12:35:41] WARNING  High score grad norm: 15397.79 at step=404        
[04/21/26 12:35:48] WARNING  High score grad norm: 7658.12 at step=405         
[04/21/26 12:35:54] WARNING  High score grad norm: 3525.95 at step=406         
[04/21/26 12:36:01] WARNING  High score grad norm: 2243.69 at step=407         
[04/21/26 12:36:07] WARNING  High score grad norm: 1340.90 at step=408         
[04/21/26 12:36:14] WARNING  High score grad norm: 2852.19 at step=409         
[04/21/26 12:36:20] WARNING  High score grad norm: 3825.72 at step=410         
[04/21/26 12:36:27] WARNING  High score grad norm: 6870.95 at step=411         
[04/21/26 12:36:33] WARNING  High score grad norm: 1727.26 at step=412         
[04/21/26 12:36:40] WARNING  High score grad norm: 8921.75 at step=413         
[04/21/26 12:36:46] WARNING  High score grad norm: 2964.38 at step=414         
[04/21/26 12:36:53] WARNING  High score grad norm: 5331.85 at step=415         
[04/21/26 12:36:59] WARNING  High score grad norm: 10074.94 at step=416        
[04/21/26 12:37:06] WARNING  High score grad norm: 2862.99 at step=417         
[04/21/26 12:37:12] WARNING  High score grad norm: 1382.89 at step=418         
[04/21/26 12:37:19] WARNING  High score grad norm: 7453.36 at step=419         
[04/21/26 12:37:25] WARNING  High score grad norm: 3944.06 at step=420         
[04/21/26 12:37:32] WARNING  High score grad norm: 2348.58 at step=421         
[04/21/26 12:37:38] WARNING  High score grad norm: 4739.58 at step=422         
[04/21/26 12:37:45] WARNING  High score grad norm: 3163.39 at step=423         
[04/21/26 12:37:51] WARNING  High score grad norm: 4964.98 at step=424         
[04/21/26 12:37:58] WARNING  High score grad norm: 6601.66 at step=425         
[04/21/26 12:38:04] WARNING  High score grad norm: 1731.11 at step=426         
[04/21/26 12:38:11] WARNING  High score grad norm: 4645.25 at step=427         
[04/21/26 12:38:17] WARNING  High score grad norm: 2271.86 at step=428         
[04/21/26 12:38:24] WARNING  High score grad norm: 1513.60 at step=429         
[04/21/26 12:38:30] WARNING  High score grad norm: 1095.90 at step=430         
[04/21/26 12:38:37] WARNING  High score grad norm: 3886.48 at step=431         
[04/21/26 12:38:43] WARNING  High score grad norm: 1682.03 at step=432         
[04/21/26 12:38:50] WARNING  High score grad norm: 5425.31 at step=433         
[04/21/26 12:38:56] WARNING  High score grad norm: 5785.60 at step=434         
[04/21/26 12:39:03] WARNING  High score grad norm: 2960.29 at step=435         
[04/21/26 12:39:09] WARNING  High score grad norm: 8085.87 at step=436         
[04/21/26 12:39:16] WARNING  High score grad norm: 4872.89 at step=437         
[04/21/26 12:39:23] WARNING  High score grad norm: 6026.82 at step=438         
[04/21/26 12:39:29] WARNING  High score grad norm: 3608.33 at step=439         
[04/21/26 12:39:36] WARNING  High score grad norm: 975.28 at step=440          
[04/21/26 12:39:42] WARNING  High score grad norm: 5185.39 at step=441         
[04/21/26 12:39:49] WARNING  High score grad norm: 7140.89 at step=442         
[04/21/26 12:39:55] WARNING  High score grad norm: 3188.64 at step=443         
[04/21/26 12:40:02] WARNING  High score grad norm: 1861.79 at step=444         
[04/21/26 12:40:08] WARNING  High score grad norm: 2059.78 at step=445         
[04/21/26 12:40:15] WARNING  High score grad norm: 1984.97 at step=446         
[04/21/26 12:40:21] WARNING  High score grad norm: 3122.03 at step=447         
[04/21/26 12:40:28] WARNING  High score grad norm: 8343.73 at step=448         
[04/21/26 12:40:34] WARNING  High score grad norm: 6491.50 at step=449         
[04/21/26 12:40:41] WARNING  High score grad norm: 3411.94 at step=450         
[04/21/26 12:40:47] WARNING  High score grad norm: 4158.62 at step=451         
[04/21/26 12:40:54] WARNING  High score grad norm: 6094.65 at step=452         
[04/21/26 12:41:00] WARNING  High score grad norm: 5536.37 at step=453         
[04/21/26 12:41:07] WARNING  High score grad norm: 1799.65 at step=454         
[04/21/26 12:41:13] WARNING  High score grad norm: 2389.96 at step=455         
[04/21/26 12:41:20] WARNING  High score grad norm: 3622.82 at step=456         
[04/21/26 12:41:26] WARNING  High score grad norm: 8685.23 at step=457         
[04/21/26 12:41:33] WARNING  High score grad norm: 3412.75 at step=458         
[04/21/26 12:41:39] WARNING  High score grad norm: 2624.73 at step=459         
[04/21/26 12:41:46] WARNING  High score grad norm: 1540.42 at step=460         
[04/21/26 12:41:52] WARNING  High score grad norm: 8280.19 at step=461         
[04/21/26 12:41:59] WARNING  High score grad norm: 3772.63 at step=462         
[04/21/26 12:42:05] WARNING  High score grad norm: 2510.36 at step=463         
[04/21/26 12:42:12] WARNING  High score grad norm: 4238.18 at step=464         
[04/21/26 12:42:18] WARNING  High score grad norm: 5832.52 at step=465         
[04/21/26 12:42:25] WARNING  High score grad norm: 7075.93 at step=466         
[04/21/26 12:42:31] WARNING  High score grad norm: 2566.05 at step=467         
[04/21/26 12:42:38] WARNING  High score grad norm: 4285.31 at step=468         
[04/21/26 12:42:44] WARNING  High score grad norm: 4662.59 at step=469         
[04/21/26 12:42:46] WARNING  High score grad norm: 12313.78 at step=470        
                    WARNING  High control grad norm: 21.59 at step=470         
                    INFO     epoch=3 done                                      
                    INFO     epoch=3 diag: cos_sim=0.0021 ctrl_mag=2.6283      
                             score_mag=18.4058 ratio=0.1428                    
[04/21/26 12:42:53] WARNING  High score grad norm: 4186.10 at step=471         
[04/21/26 12:43:00] WARNING  High score grad norm: 3903.59 at step=472         
[04/21/26 12:43:06] WARNING  High score grad norm: 3137.45 at step=473         
[04/21/26 12:43:13] WARNING  High score grad norm: 2408.45 at step=474         
[04/21/26 12:43:19] WARNING  High score grad norm: 6462.73 at step=475         
[04/21/26 12:43:26] WARNING  High score grad norm: 2603.01 at step=476         
[04/21/26 12:43:32] WARNING  High score grad norm: 9993.66 at step=477         
[04/21/26 12:43:39] WARNING  High score grad norm: 5296.90 at step=478         
[04/21/26 12:43:45] WARNING  High score grad norm: 2922.25 at step=479         
[04/21/26 12:43:52] WARNING  High score grad norm: 16858.54 at step=480        
[04/21/26 12:43:58] WARNING  High score grad norm: 2320.37 at step=481         
[04/21/26 12:44:05] WARNING  High score grad norm: 3525.14 at step=482         
[04/21/26 12:44:11] WARNING  High score grad norm: 6160.36 at step=483         
[04/21/26 12:44:18] WARNING  High score grad norm: 3788.29 at step=484         
[04/21/26 12:44:24] WARNING  High score grad norm: 1948.23 at step=485         
[04/21/26 12:44:31] WARNING  High score grad norm: 3824.77 at step=486         
[04/21/26 12:44:38] WARNING  High score grad norm: 3006.77 at step=487         
[04/21/26 12:44:44] WARNING  High score grad norm: 1173.19 at step=488         
[04/21/26 12:44:51] WARNING  High score grad norm: 9372.94 at step=489         
[04/21/26 12:44:57] WARNING  High score grad norm: 7632.79 at step=490         
[04/21/26 12:45:04] WARNING  High score grad norm: 4641.99 at step=491         
[04/21/26 12:45:10] WARNING  High score grad norm: 4067.81 at step=492         
[04/21/26 12:45:17] WARNING  High score grad norm: 1716.09 at step=493         
[04/21/26 12:45:23] WARNING  High score grad norm: 9173.65 at step=494         
[04/21/26 12:45:30] WARNING  High score grad norm: 7864.26 at step=495         
[04/21/26 12:45:36] WARNING  High score grad norm: 7332.37 at step=496         
[04/21/26 12:45:43] WARNING  High score grad norm: 8718.96 at step=497         
[04/21/26 12:45:50] WARNING  High score grad norm: 15632.35 at step=498        
[04/21/26 12:45:56] WARNING  High score grad norm: 9189.60 at step=499         
                    INFO     epoch=4 step=500 loss=735.4836 dsm=734.6639       
                             control=0.0233 path_kl=8.0941 jar=-16.1992        
                             quality=1.0075                                    
[04/21/26 12:46:03] WARNING  High score grad norm: 1646.74 at step=500         
[04/21/26 12:46:09] WARNING  High score grad norm: 1200.88 at step=501         
[04/21/26 12:46:16] WARNING  High score grad norm: 1438.46 at step=502         
[04/21/26 12:46:22] WARNING  High score grad norm: 9798.99 at step=503         
[04/21/26 12:46:29] WARNING  High score grad norm: 2203.57 at step=504         
[04/21/26 12:46:35] WARNING  High score grad norm: 2472.27 at step=505         
[04/21/26 12:46:42] WARNING  High score grad norm: 15830.71 at step=506        
[04/21/26 12:46:48] WARNING  High score grad norm: 16387.52 at step=507        
[04/21/26 12:46:55] WARNING  High score grad norm: 29356.03 at step=508        
[04/21/26 12:47:01] WARNING  High score grad norm: 6525.46 at step=509         
[04/21/26 12:47:08] WARNING  High score grad norm: 1318.50 at step=510         
[04/21/26 12:47:15] WARNING  High score grad norm: 3657.79 at step=511         
[04/21/26 12:47:21] WARNING  High score grad norm: 2534.33 at step=512         
[04/21/26 12:47:28] WARNING  High score grad norm: 11488.43 at step=513        
[04/21/26 12:47:34] WARNING  High score grad norm: 3912.20 at step=514         
[04/21/26 12:47:41] WARNING  High score grad norm: 3529.93 at step=515         
[04/21/26 12:47:47] WARNING  High score grad norm: 2315.56 at step=516         
[04/21/26 12:47:54] WARNING  High score grad norm: 3140.53 at step=517         
[04/21/26 12:48:00] WARNING  High score grad norm: 1361.52 at step=518         
[04/21/26 12:48:07] WARNING  High score grad norm: 5149.00 at step=519         
[04/21/26 12:48:13] WARNING  High score grad norm: 1572.10 at step=520         
[04/21/26 12:48:20] WARNING  High score grad norm: 8259.33 at step=521         
[04/21/26 12:48:26] WARNING  High score grad norm: 5629.88 at step=522         
[04/21/26 12:48:33] WARNING  High score grad norm: 9755.52 at step=523         
[04/21/26 12:48:39] WARNING  High score grad norm: 2701.91 at step=524         
[04/21/26 12:48:46] WARNING  High score grad norm: 4092.43 at step=525         
[04/21/26 12:48:52] WARNING  High score grad norm: 4457.92 at step=526         
[04/21/26 12:48:59] WARNING  High score grad norm: 2576.88 at step=527         
[04/21/26 12:49:05] WARNING  High score grad norm: 1871.70 at step=528         
[04/21/26 12:49:12] WARNING  High score grad norm: 6816.24 at step=529         
[04/21/26 12:49:18] WARNING  High score grad norm: 8631.14 at step=530         
[04/21/26 12:49:25] WARNING  High score grad norm: 1347.17 at step=531         
[04/21/26 12:49:31] WARNING  High score grad norm: 3773.01 at step=532         
[04/21/26 12:49:38] WARNING  High score grad norm: 1766.99 at step=533         
[04/21/26 12:49:44] WARNING  High score grad norm: 7306.28 at step=534         
[04/21/26 12:49:51] WARNING  High score grad norm: 15869.51 at step=535        
[04/21/26 12:49:57] WARNING  High score grad norm: 6358.25 at step=536         
[04/21/26 12:50:04] WARNING  High score grad norm: 6193.09 at step=537         
[04/21/26 12:50:10] WARNING  High score grad norm: 2231.27 at step=538         
[04/21/26 12:50:17] WARNING  High score grad norm: 3990.43 at step=539         
[04/21/26 12:50:23] WARNING  High score grad norm: 6026.57 at step=540         
[04/21/26 12:50:30] WARNING  High score grad norm: 2503.31 at step=541         
[04/21/26 12:50:36] WARNING  High score grad norm: 2012.98 at step=542         
[04/21/26 12:50:43] WARNING  High score grad norm: 2536.00 at step=543         
[04/21/26 12:50:49] WARNING  High score grad norm: 4408.76 at step=544         
[04/21/26 12:50:56] WARNING  High score grad norm: 2204.22 at step=545         
[04/21/26 12:51:02] WARNING  High score grad norm: 1336.59 at step=546         
[04/21/26 12:51:09] WARNING  High score grad norm: 5235.48 at step=547         
[04/21/26 12:51:15] WARNING  High score grad norm: 2941.90 at step=548         
[04/21/26 12:51:22] WARNING  High score grad norm: 7141.42 at step=549         
[04/21/26 12:51:28] WARNING  High score grad norm: 7279.68 at step=550         
[04/21/26 12:51:35] WARNING  High score grad norm: 6267.15 at step=551         
[04/21/26 12:51:41] WARNING  High score grad norm: 3419.45 at step=552         
[04/21/26 12:51:48] WARNING  High score grad norm: 1431.55 at step=553         
[04/21/26 12:51:54] WARNING  High score grad norm: 4680.99 at step=554         
[04/21/26 12:52:01] WARNING  High score grad norm: 15223.01 at step=555        
[04/21/26 12:52:07] WARNING  High score grad norm: 13749.68 at step=556        
[04/21/26 12:52:14] WARNING  High score grad norm: 2336.38 at step=557         
[04/21/26 12:52:20] WARNING  High score grad norm: 2042.09 at step=558         
[04/21/26 12:52:27] WARNING  High score grad norm: 3188.17 at step=559         
[04/21/26 12:52:33] WARNING  High score grad norm: 2963.16 at step=560         
[04/21/26 12:52:40] WARNING  High score grad norm: 2401.28 at step=561         
[04/21/26 12:52:46] WARNING  High score grad norm: 1635.79 at step=562         
[04/21/26 12:52:53] WARNING  High score grad norm: 1095.60 at step=563         
[04/21/26 12:53:00] WARNING  High score grad norm: 4179.63 at step=564         
[04/21/26 12:53:06] WARNING  High score grad norm: 1247.45 at step=565         
[04/21/26 12:53:13] WARNING  High score grad norm: 1680.11 at step=566         
[04/21/26 12:53:19] WARNING  High score grad norm: 1086.61 at step=567         
[04/21/26 12:53:26] WARNING  High score grad norm: 2154.35 at step=568         
[04/21/26 12:53:32] WARNING  High score grad norm: 4966.95 at step=569         
[04/21/26 12:53:39] WARNING  High score grad norm: 2750.58 at step=570         
[04/21/26 12:53:45] WARNING  High score grad norm: 4965.73 at step=571         
[04/21/26 12:53:52] WARNING  High score grad norm: 2125.05 at step=572         
[04/21/26 12:53:58] WARNING  High score grad norm: 3885.43 at step=573         
[04/21/26 12:54:05] WARNING  High score grad norm: 4360.17 at step=574         
[04/21/26 12:54:11] WARNING  High score grad norm: 11431.14 at step=575        
[04/21/26 12:54:18] WARNING  High score grad norm: 3789.98 at step=576         
[04/21/26 12:54:25] WARNING  High score grad norm: 2864.70 at step=577         
[04/21/26 12:54:31] WARNING  High score grad norm: 3185.01 at step=578         
[04/21/26 12:54:38] WARNING  High score grad norm: 3956.62 at step=579         
[04/21/26 12:54:44] WARNING  High score grad norm: 1802.50 at step=580         
[04/21/26 12:54:51] WARNING  High score grad norm: 2185.64 at step=581         
[04/21/26 12:54:57] WARNING  High score grad norm: 1840.47 at step=582         
[04/21/26 12:55:04] WARNING  High score grad norm: 2533.88 at step=583         
[04/21/26 12:55:10] WARNING  High score grad norm: 3236.63 at step=584         
[04/21/26 12:55:17] WARNING  High score grad norm: 3693.60 at step=585         
[04/21/26 12:55:23] WARNING  High score grad norm: 1844.42 at step=586         
[04/21/26 12:55:30] WARNING  High score grad norm: 3049.77 at step=587         
[04/21/26 12:55:36] WARNING  High score grad norm: 9032.97 at step=588         
[04/21/26 12:55:43] WARNING  High score grad norm: 5238.02 at step=589         
[04/21/26 12:55:49] WARNING  High score grad norm: 4866.36 at step=590         
[04/21/26 12:55:56] WARNING  High score grad norm: 2286.45 at step=591         
[04/21/26 12:56:02] WARNING  High score grad norm: 2976.34 at step=592         
[04/21/26 12:56:09] WARNING  High score grad norm: 520.02 at step=593          
[04/21/26 12:56:15] WARNING  High score grad norm: 4467.23 at step=594         
[04/21/26 12:56:22] WARNING  High score grad norm: 1099.73 at step=595         
[04/21/26 12:56:28] WARNING  High score grad norm: 2545.37 at step=596         
[04/21/26 12:56:35] WARNING  High score grad norm: 2692.77 at step=597         
[04/21/26 12:56:42] WARNING  High score grad norm: 3572.88 at step=598         
[04/21/26 12:56:48] WARNING  High score grad norm: 3786.20 at step=599         
                    INFO     epoch=4 step=600 loss=740.2050 dsm=739.2409       
                             control=0.0221 path_kl=9.5585 jar=-18.6252        
                             quality=0.8010                                    
[04/21/26 12:56:55] WARNING  High score grad norm: 3654.59 at step=600         
[04/21/26 12:57:01] WARNING  High score grad norm: 10754.80 at step=601        
[04/21/26 12:57:08] WARNING  High score grad norm: 6854.47 at step=602         
[04/21/26 12:57:14] WARNING  High score grad norm: 1124.72 at step=603         
[04/21/26 12:57:21] WARNING  High score grad norm: 1898.37 at step=604         
[04/21/26 12:57:27] WARNING  High score grad norm: 3092.08 at step=605         
[04/21/26 12:57:34] WARNING  High score grad norm: 4378.90 at step=606         
[04/21/26 12:57:40] WARNING  High score grad norm: 2035.48 at step=607         
[04/21/26 12:57:47] WARNING  High score grad norm: 2866.19 at step=608         
[04/21/26 12:57:53] WARNING  High score grad norm: 2471.94 at step=609         
[04/21/26 12:58:00] WARNING  High score grad norm: 1203.63 at step=610         
[04/21/26 12:58:07] WARNING  High score grad norm: 2102.47 at step=611         
[04/21/26 12:58:13] WARNING  High score grad norm: 2009.42 at step=612         
[04/21/26 12:58:20] WARNING  High score grad norm: 4372.38 at step=613         
[04/21/26 12:58:26] WARNING  High score grad norm: 3687.84 at step=614         
[04/21/26 12:58:33] WARNING  High score grad norm: 3264.28 at step=615         
[04/21/26 12:58:39] WARNING  High score grad norm: 1418.19 at step=616         
[04/21/26 12:58:46] WARNING  High score grad norm: 4960.20 at step=617         
[04/21/26 12:58:52] WARNING  High score grad norm: 2566.45 at step=618         
[04/21/26 12:58:59] WARNING  High score grad norm: 1755.90 at step=619         
[04/21/26 12:59:05] WARNING  High score grad norm: 3461.21 at step=620         
[04/21/26 12:59:12] WARNING  High score grad norm: 8040.78 at step=621         
[04/21/26 12:59:18] WARNING  High score grad norm: 3903.48 at step=622         
[04/21/26 12:59:25] WARNING  High score grad norm: 2696.10 at step=623         
[04/21/26 12:59:31] WARNING  High score grad norm: 1818.74 at step=624         
[04/21/26 12:59:38] WARNING  High score grad norm: 3547.53 at step=625         
[04/21/26 12:59:44] WARNING  High score grad norm: 1920.02 at step=626         
[04/21/26 12:59:46] WARNING  High score grad norm: 2278.70 at step=627         
                    WARNING  High control grad norm: 20.59 at step=627         
                    INFO     epoch=4 done                                      
                    INFO     epoch=4 diag: cos_sim=-0.0009 ctrl_mag=2.5381     
                             score_mag=18.5179 ratio=0.1371                    
[04/21/26 12:59:53] WARNING  High score grad norm: 914.61 at step=628          
[04/21/26 12:59:59] WARNING  High score grad norm: 3612.23 at step=629         
[04/21/26 13:00:06] WARNING  High score grad norm: 5514.04 at step=630         
[04/21/26 13:00:12] WARNING  High score grad norm: 3256.05 at step=631         
[04/21/26 13:00:19] WARNING  High score grad norm: 3780.66 at step=632         
[04/21/26 13:00:25] WARNING  High score grad norm: 3241.56 at step=633         
[04/21/26 13:00:32] WARNING  High score grad norm: 2115.96 at step=634         
[04/21/26 13:00:39] WARNING  High score grad norm: 3099.82 at step=635         
[04/21/26 13:00:45] WARNING  High score grad norm: 1657.56 at step=636         
[04/21/26 13:00:52] WARNING  High score grad norm: 3937.69 at step=637         
[04/21/26 13:00:58] WARNING  High score grad norm: 990.89 at step=638          
[04/21/26 13:01:05] WARNING  High score grad norm: 3511.48 at step=639         
[04/21/26 13:01:11] WARNING  High score grad norm: 672.61 at step=640          
[04/21/26 13:01:18] WARNING  High score grad norm: 2490.45 at step=641         
[04/21/26 13:01:24] WARNING  High score grad norm: 3686.22 at step=642         
[04/21/26 13:01:31] WARNING  High score grad norm: 3665.85 at step=643         
[04/21/26 13:01:37] WARNING  High score grad norm: 4582.24 at step=644         
[04/21/26 13:01:44] WARNING  High score grad norm: 4335.13 at step=645         
[04/21/26 13:01:50] WARNING  High score grad norm: 2287.07 at step=646         
[04/21/26 13:01:57] WARNING  High score grad norm: 3054.70 at step=647         
[04/21/26 13:02:03] WARNING  High score grad norm: 2590.55 at step=648         
[04/21/26 13:02:10] WARNING  High score grad norm: 1066.52 at step=649         
[04/21/26 13:02:16] WARNING  High score grad norm: 5906.04 at step=650         
[04/21/26 13:02:23] WARNING  High score grad norm: 2904.71 at step=651         
[04/21/26 13:02:29] WARNING  High score grad norm: 4543.45 at step=652         
[04/21/26 13:02:36] WARNING  High score grad norm: 4755.48 at step=653         
[04/21/26 13:02:43] WARNING  High score grad norm: 3590.71 at step=654         
[04/21/26 13:02:49] WARNING  High score grad norm: 1185.87 at step=655         
[04/21/26 13:02:56] WARNING  High score grad norm: 6685.28 at step=656         
[04/21/26 13:03:02] WARNING  High score grad norm: 5258.93 at step=657         
[04/21/26 13:03:09] WARNING  High score grad norm: 4822.71 at step=658         
[04/21/26 13:03:15] WARNING  High score grad norm: 4039.25 at step=659         
[04/21/26 13:03:22] WARNING  High score grad norm: 4149.37 at step=660         
[04/21/26 13:03:28] WARNING  High score grad norm: 3360.67 at step=661         
[04/21/26 13:03:35] WARNING  High score grad norm: 1430.02 at step=662         
[04/21/26 13:03:41] WARNING  High score grad norm: 6625.60 at step=663         
[04/21/26 13:03:48] WARNING  High score grad norm: 1726.45 at step=664         
[04/21/26 13:03:54] WARNING  High score grad norm: 2510.10 at step=665         
[04/21/26 13:04:01] WARNING  High score grad norm: 3775.11 at step=666         
[04/21/26 13:04:07] WARNING  High score grad norm: 4669.26 at step=667         
[04/21/26 13:04:14] WARNING  High score grad norm: 2832.76 at step=668         
[04/21/26 13:04:20] WARNING  High score grad norm: 2175.73 at step=669         
[04/21/26 13:04:27] WARNING  High score grad norm: 2550.52 at step=670         
[04/21/26 13:04:34] WARNING  High score grad norm: 6258.37 at step=671         
[04/21/26 13:04:40] WARNING  High score grad norm: 4665.88 at step=672         
[04/21/26 13:04:47] WARNING  High score grad norm: 5927.70 at step=673         
[04/21/26 13:04:53] WARNING  High score grad norm: 1081.36 at step=674         
[04/21/26 13:05:00] WARNING  High score grad norm: 4890.34 at step=675         
[04/21/26 13:05:06] WARNING  High score grad norm: 1904.04 at step=676         
[04/21/26 13:05:13] WARNING  High score grad norm: 874.89 at step=677          
[04/21/26 13:05:19] WARNING  High score grad norm: 1057.72 at step=678         
[04/21/26 13:05:26] WARNING  High score grad norm: 5316.91 at step=679         
[04/21/26 13:05:32] WARNING  High score grad norm: 2741.97 at step=680         
[04/21/26 13:05:39] WARNING  High score grad norm: 3497.99 at step=681         
[04/21/26 13:05:45] WARNING  High score grad norm: 2168.09 at step=682         
[04/21/26 13:05:52] WARNING  High score grad norm: 6527.59 at step=683         
[04/21/26 13:05:59] WARNING  High score grad norm: 3055.51 at step=684         
[04/21/26 13:06:05] WARNING  High score grad norm: 2246.64 at step=685         
[04/21/26 13:06:12] WARNING  High score grad norm: 4026.37 at step=686         
[04/21/26 13:06:18] WARNING  High score grad norm: 2670.03 at step=687         
[04/21/26 13:06:25] WARNING  High score grad norm: 2037.85 at step=688         
[04/21/26 13:06:31] WARNING  High score grad norm: 4189.57 at step=689         
[04/21/26 13:06:38] WARNING  High score grad norm: 4100.05 at step=690         
[04/21/26 13:06:44] WARNING  High score grad norm: 2782.31 at step=691         
[04/21/26 13:06:51] WARNING  High score grad norm: 2688.54 at step=692         
[04/21/26 13:06:57] WARNING  High score grad norm: 6243.69 at step=693         
[04/21/26 13:07:04] WARNING  High score grad norm: 3223.18 at step=694         
[04/21/26 13:07:10] WARNING  High score grad norm: 1768.92 at step=695         
[04/21/26 13:07:17] WARNING  High score grad norm: 525.17 at step=696          
[04/21/26 13:07:24] WARNING  High score grad norm: 3195.20 at step=697         
[04/21/26 13:07:30] WARNING  High score grad norm: 1429.24 at step=698         
[04/21/26 13:07:37] WARNING  High score grad norm: 2970.68 at step=699         
                    INFO     epoch=5 step=700 loss=791.2814 dsm=790.3652       
                             control=0.0222 path_kl=9.0609 jar=-18.7853        
                             quality=0.9821                                    
[04/21/26 13:07:43] WARNING  High score grad norm: 4453.32 at step=700         
[04/21/26 13:07:50] WARNING  High score grad norm: 1583.65 at step=701         
[04/21/26 13:07:56] WARNING  High score grad norm: 1334.59 at step=702         
[04/21/26 13:08:03] WARNING  High score grad norm: 4191.76 at step=703         
[04/21/26 13:08:09] WARNING  High score grad norm: 3124.80 at step=704         
[04/21/26 13:08:15] WARNING  High score grad norm: 747.78 at step=705          
[04/21/26 13:08:22] WARNING  High score grad norm: 2598.73 at step=706         
[04/21/26 13:08:28] WARNING  High score grad norm: 4233.05 at step=707         
[04/21/26 13:08:35] WARNING  High score grad norm: 2035.84 at step=708         
[04/21/26 13:08:42] WARNING  High score grad norm: 3778.21 at step=709         
[04/21/26 13:08:48] WARNING  High score grad norm: 2384.60 at step=710         
[04/21/26 13:08:55] WARNING  High score grad norm: 2557.47 at step=711         
[04/21/26 13:09:01] WARNING  High score grad norm: 1049.90 at step=712         
[04/21/26 13:09:08] WARNING  High score grad norm: 1948.46 at step=713         
[04/21/26 13:09:14] WARNING  High score grad norm: 705.37 at step=714          
[04/21/26 13:09:21] WARNING  High score grad norm: 1509.75 at step=715         
[04/21/26 13:09:27] WARNING  High score grad norm: 2152.74 at step=716         
[04/21/26 13:09:34] WARNING  High score grad norm: 3294.01 at step=717         
[04/21/26 13:09:40] WARNING  High score grad norm: 2447.67 at step=718         
[04/21/26 13:09:47] WARNING  High score grad norm: 1510.20 at step=719         
[04/21/26 13:09:53] WARNING  High score grad norm: 1890.83 at step=720         
[04/21/26 13:10:00] WARNING  High score grad norm: 3453.50 at step=721         
[04/21/26 13:10:06] WARNING  High score grad norm: 5035.37 at step=722         
[04/21/26 13:10:13] WARNING  High score grad norm: 4274.34 at step=723         
[04/21/26 13:10:19] WARNING  High score grad norm: 1250.06 at step=724         
[04/21/26 13:10:26] WARNING  High score grad norm: 2498.94 at step=725         
[04/21/26 13:10:32] WARNING  High score grad norm: 1883.15 at step=726         
[04/21/26 13:10:39] WARNING  High score grad norm: 2528.58 at step=727         
[04/21/26 13:10:45] WARNING  High score grad norm: 2311.68 at step=728         
[04/21/26 13:10:52] WARNING  High score grad norm: 377.54 at step=729          
[04/21/26 13:10:58] WARNING  High score grad norm: 3307.96 at step=730         
[04/21/26 13:11:05] WARNING  High score grad norm: 5695.46 at step=731         
[04/21/26 13:11:11] WARNING  High score grad norm: 3085.15 at step=732         
[04/21/26 13:11:18] WARNING  High score grad norm: 3932.21 at step=733         
[04/21/26 13:11:24] WARNING  High score grad norm: 10349.66 at step=734        
[04/21/26 13:11:31] WARNING  High score grad norm: 2668.66 at step=735         
[04/21/26 13:11:37] WARNING  High score grad norm: 1279.92 at step=736         
[04/21/26 13:11:44] WARNING  High score grad norm: 3052.16 at step=737         
[04/21/26 13:11:51] WARNING  High score grad norm: 6827.31 at step=738         
[04/21/26 13:11:57] WARNING  High score grad norm: 4355.72 at step=739         
[04/21/26 13:12:04] WARNING  High score grad norm: 1676.84 at step=740         
[04/21/26 13:12:10] WARNING  High score grad norm: 5969.51 at step=741         
[04/21/26 13:12:17] WARNING  High score grad norm: 1725.43 at step=742         
[04/21/26 13:12:23] WARNING  High score grad norm: 1363.62 at step=743         
[04/21/26 13:12:30] WARNING  High score grad norm: 3107.77 at step=744         
[04/21/26 13:12:36] WARNING  High score grad norm: 1533.11 at step=745         
[04/21/26 13:12:43] WARNING  High score grad norm: 3955.08 at step=746         
[04/21/26 13:12:49] WARNING  High score grad norm: 2539.99 at step=747         
[04/21/26 13:12:56] WARNING  High score grad norm: 1264.67 at step=748         
[04/21/26 13:13:02] WARNING  High score grad norm: 3531.45 at step=749         
[04/21/26 13:13:09] WARNING  High score grad norm: 4093.87 at step=750         
[04/21/26 13:13:15] WARNING  High score grad norm: 1641.17 at step=751         
[04/21/26 13:13:22] WARNING  High score grad norm: 1533.64 at step=752         
[04/21/26 13:13:28] WARNING  High score grad norm: 3302.74 at step=753         
[04/21/26 13:13:35] WARNING  High score grad norm: 2862.95 at step=754         
[04/21/26 13:13:41] WARNING  High score grad norm: 2504.53 at step=755         
[04/21/26 13:13:48] WARNING  High score grad norm: 1359.56 at step=756         
[04/21/26 13:13:54] WARNING  High score grad norm: 4289.20 at step=757         
[04/21/26 13:14:01] WARNING  High score grad norm: 2915.06 at step=758         
[04/21/26 13:14:07] WARNING  High score grad norm: 1314.52 at step=759         
[04/21/26 13:14:14] WARNING  High score grad norm: 1946.69 at step=760         
[04/21/26 13:14:21] WARNING  High score grad norm: 2086.24 at step=761         
[04/21/26 13:14:27] WARNING  High score grad norm: 2629.26 at step=762         
[04/21/26 13:14:34] WARNING  High score grad norm: 3521.29 at step=763         
[04/21/26 13:14:40] WARNING  High score grad norm: 1046.71 at step=764         
[04/21/26 13:14:47] WARNING  High score grad norm: 3395.85 at step=765         
[04/21/26 13:14:53] WARNING  High score grad norm: 2812.83 at step=766         
[04/21/26 13:15:00] WARNING  High score grad norm: 4323.09 at step=767         
[04/21/26 13:15:06] WARNING  High score grad norm: 2874.52 at step=768         
[04/21/26 13:15:13] WARNING  High score grad norm: 1333.29 at step=769         
[04/21/26 13:15:19] WARNING  High score grad norm: 2325.27 at step=770         
[04/21/26 13:15:26] WARNING  High score grad norm: 2845.38 at step=771         
[04/21/26 13:15:32] WARNING  High score grad norm: 4234.05 at step=772         
[04/21/26 13:15:39] WARNING  High score grad norm: 1701.74 at step=773         
[04/21/26 13:15:46] WARNING  High score grad norm: 680.26 at step=774          
[04/21/26 13:15:52] WARNING  High score grad norm: 1290.80 at step=775         
[04/21/26 13:15:59] WARNING  High score grad norm: 937.36 at step=776          
[04/21/26 13:16:05] WARNING  High score grad norm: 2148.07 at step=777         
[04/21/26 13:16:12] WARNING  High score grad norm: 1326.37 at step=778         
[04/21/26 13:16:18] WARNING  High score grad norm: 1899.37 at step=779         
[04/21/26 13:16:25] WARNING  High score grad norm: 1104.52 at step=780         
[04/21/26 13:16:31] WARNING  High score grad norm: 1805.82 at step=781         
[04/21/26 13:16:37] WARNING  High score grad norm: 458.55 at step=782          
[04/21/26 13:16:44] WARNING  High score grad norm: 378.30 at step=783          
[04/21/26 13:16:46] WARNING  High score grad norm: 6949.96 at step=784         
                    WARNING  High control grad norm: 20.99 at step=784         
                    INFO     epoch=5 done                                      
                    INFO     epoch=5 diag: cos_sim=-0.0016 ctrl_mag=2.5217     
                             score_mag=18.2893 ratio=0.1379                    
  Evaluating FID for ablation no-freeze (N=2048)... FID=329.62

Ablation study complete: 7 configs
Results -> C:\Users\artun\Desktop\ITS-project\data\results\ablation_study.json

Config       Status     DSM Loss  Ctrl Energy
--------------------------------------------
B            ok         511.2651     0.001260
C            ok         511.2651     0.022596
D            ok         380.8548     0.022596
F            ok         380.8548     0.022596
conv         ok         339.0614     0.000008
no-EMA       ok         380.8548     0.022596
no-freeze    ok         385.0000     0.022422
