Training FashionMNIST score v2: 100 epochs, batch=256, device=auto
Checkpoints -> C:\Users\artun\Desktop\ITS-project\checkpoints\score_fmnist_v2
JSONL log    -> C:\Users\artun\Desktop\ITS-project\logs\fmnist_score_v2.jsonl
[04/21/26 23:07:34] INFO     Resumed from                                      
                             checkpoints\score_fmnist_v2\score_epoch_0050.pt   
                             (epoch=50, step=11150)                            
[04/21/26 23:07:49] WARNING  High grad norm: 842.80 at epoch=51 step=11150     
                    WARNING  High grad norm: 1044.59 at epoch=51 step=11151    
                    WARNING  High grad norm: 834.29 at epoch=51 step=11152     
                    WARNING  High grad norm: 1051.58 at epoch=51 step=11153    
                    WARNING  High grad norm: 1098.10 at epoch=51 step=11154    
[04/21/26 23:07:50] WARNING  High grad norm: 807.50 at epoch=51 step=11155     
                    WARNING  High grad norm: 1326.37 at epoch=51 step=11156    
                    WARNING  High grad norm: 1106.66 at epoch=51 step=11157    
                    WARNING  High grad norm: 827.61 at epoch=51 step=11158     
[04/21/26 23:07:51] WARNING  High grad norm: 935.06 at epoch=51 step=11159     
                    WARNING  High grad norm: 1149.65 at epoch=51 step=11160    
                    WARNING  High grad norm: 1295.25 at epoch=51 step=11161    
                    WARNING  High grad norm: 568.18 at epoch=51 step=11162     
                    WARNING  High grad norm: 739.26 at epoch=51 step=11163     
[04/21/26 23:07:52] WARNING  High grad norm: 614.28 at epoch=51 step=11164     
                    WARNING  High grad norm: 1641.32 at epoch=51 step=11165    
                    WARNING  High grad norm: 1228.48 at epoch=51 step=11166    
                    WARNING  High grad norm: 848.45 at epoch=51 step=11167     
                    WARNING  High grad norm: 822.96 at epoch=51 step=11168     
[04/21/26 23:07:53] WARNING  High grad norm: 764.33 at epoch=51 step=11169     
                    WARNING  High grad norm: 1902.44 at epoch=51 step=11170    
                    WARNING  High grad norm: 1265.04 at epoch=51 step=11171    
                    WARNING  High grad norm: 1764.22 at epoch=51 step=11172    
[04/21/26 23:07:54] WARNING  High grad norm: 965.77 at epoch=51 step=11173     
                    WARNING  High grad norm: 1605.08 at epoch=51 step=11174    
                    WARNING  High grad norm: 664.93 at epoch=51 step=11175     
                    WARNING  High grad norm: 1878.96 at epoch=51 step=11176    
                    WARNING  High grad norm: 1894.73 at epoch=51 step=11177    
[04/21/26 23:07:55] WARNING  High grad norm: 617.33 at epoch=51 step=11178     
                    WARNING  High grad norm: 1790.38 at epoch=51 step=11179    
                    WARNING  High grad norm: 739.76 at epoch=51 step=11180     
                    WARNING  High grad norm: 713.21 at epoch=51 step=11181     
                    WARNING  High grad norm: 660.39 at epoch=51 step=11182     
[04/21/26 23:07:56] WARNING  High grad norm: 968.29 at epoch=51 step=11183     
                    WARNING  High grad norm: 838.24 at epoch=51 step=11184     
                    WARNING  High grad norm: 1911.32 at epoch=51 step=11185    
                    WARNING  High grad norm: 918.42 at epoch=51 step=11186     
[04/21/26 23:07:57] WARNING  High grad norm: 770.81 at epoch=51 step=11187     
                    WARNING  High grad norm: 644.83 at epoch=51 step=11188     
                    WARNING  High grad norm: 710.42 at epoch=51 step=11189     
                    WARNING  High grad norm: 798.79 at epoch=51 step=11190     
                    WARNING  High grad norm: 946.86 at epoch=51 step=11191     
[04/21/26 23:07:58] WARNING  High grad norm: 912.24 at epoch=51 step=11192     
                    WARNING  High grad norm: 854.91 at epoch=51 step=11193     
                    WARNING  High grad norm: 640.80 at epoch=51 step=11194     
                    WARNING  High grad norm: 938.90 at epoch=51 step=11195     
[04/21/26 23:07:59] WARNING  High grad norm: 735.70 at epoch=51 step=11196     
                    WARNING  High grad norm: 809.92 at epoch=51 step=11197     
                    WARNING  High grad norm: 894.37 at epoch=51 step=11198     
                    WARNING  High grad norm: 654.02 at epoch=51 step=11199     
                    INFO     epoch=51 step=11200 loss=498.8428                 
                             grad_norm=654.0156 lr=1.00e-06                    
                    WARNING  High grad norm: 655.18 at epoch=51 step=11200     
[04/21/26 23:08:00] WARNING  High grad norm: 1671.36 at epoch=51 step=11201    
                    WARNING  High grad norm: 720.35 at epoch=51 step=11202     
                    WARNING  High grad norm: 713.29 at epoch=51 step=11203     
                    WARNING  High grad norm: 774.09 at epoch=51 step=11204     
                    WARNING  High grad norm: 1047.99 at epoch=51 step=11205    
[04/21/26 23:08:01] WARNING  High grad norm: 910.05 at epoch=51 step=11206     
                    WARNING  High grad norm: 909.02 at epoch=51 step=11207     
                    WARNING  High grad norm: 880.95 at epoch=51 step=11208     
                    WARNING  High grad norm: 1088.46 at epoch=51 step=11209    
[04/21/26 23:08:02] WARNING  High grad norm: 1587.97 at epoch=51 step=11210    
                    WARNING  High grad norm: 1721.77 at epoch=51 step=11211    
                    WARNING  High grad norm: 1173.61 at epoch=51 step=11212    
                    WARNING  High grad norm: 2335.76 at epoch=51 step=11213    
                    WARNING  High grad norm: 645.69 at epoch=51 step=11214     
[04/21/26 23:08:03] WARNING  High grad norm: 1059.20 at epoch=51 step=11215    
                    WARNING  High grad norm: 1738.34 at epoch=51 step=11216    
                    WARNING  High grad norm: 681.73 at epoch=51 step=11217     
                    WARNING  High grad norm: 1408.30 at epoch=51 step=11218    
[04/21/26 23:08:04] WARNING  High grad norm: 897.83 at epoch=51 step=11219     
                    WARNING  High grad norm: 931.84 at epoch=51 step=11220     
                    WARNING  High grad norm: 941.19 at epoch=51 step=11221     
                    WARNING  High grad norm: 924.66 at epoch=51 step=11222     
                    WARNING  High grad norm: 1074.75 at epoch=51 step=11223    
[04/21/26 23:08:05] WARNING  High grad norm: 1540.86 at epoch=51 step=11224    
                    WARNING  High grad norm: 944.44 at epoch=51 step=11225     
                    WARNING  High grad norm: 2841.73 at epoch=51 step=11226    
                    WARNING  High grad norm: 1999.74 at epoch=51 step=11227    
[04/21/26 23:08:06] WARNING  High grad norm: 2622.13 at epoch=51 step=11228    
                    WARNING  High grad norm: 1333.91 at epoch=51 step=11229    
                    WARNING  High grad norm: 1867.50 at epoch=51 step=11230    
                    WARNING  High grad norm: 1827.86 at epoch=51 step=11231    
                    WARNING  High grad norm: 861.74 at epoch=51 step=11232     
[04/21/26 23:08:07] WARNING  High grad norm: 825.65 at epoch=51 step=11233     
                    WARNING  High grad norm: 1623.04 at epoch=51 step=11234    
                    WARNING  High grad norm: 928.96 at epoch=51 step=11235     
                    WARNING  High grad norm: 641.09 at epoch=51 step=11236     
                    WARNING  High grad norm: 713.05 at epoch=51 step=11237     
[04/21/26 23:08:08] WARNING  High grad norm: 1406.47 at epoch=51 step=11238    
                    WARNING  High grad norm: 1230.70 at epoch=51 step=11239    
                    WARNING  High grad norm: 740.87 at epoch=51 step=11240     
                    WARNING  High grad norm: 1161.39 at epoch=51 step=11241    
[04/21/26 23:08:09] WARNING  High grad norm: 680.03 at epoch=51 step=11242     
                    WARNING  High grad norm: 833.17 at epoch=51 step=11243     
                    WARNING  High grad norm: 1087.65 at epoch=51 step=11244    
                    WARNING  High grad norm: 913.20 at epoch=51 step=11245     
                    WARNING  High grad norm: 1504.83 at epoch=51 step=11246    
[04/21/26 23:08:10] WARNING  High grad norm: 1081.21 at epoch=51 step=11247    
                    WARNING  High grad norm: 1054.23 at epoch=51 step=11248    
                    WARNING  High grad norm: 663.43 at epoch=51 step=11249     
                    WARNING  High grad norm: 687.74 at epoch=51 step=11250     
[04/21/26 23:08:11] WARNING  High grad norm: 632.46 at epoch=51 step=11251     
                    WARNING  High grad norm: 2401.18 at epoch=51 step=11252    
                    WARNING  High grad norm: 622.69 at epoch=51 step=11253     
                    WARNING  High grad norm: 1575.10 at epoch=51 step=11254    
                    WARNING  High grad norm: 1757.16 at epoch=51 step=11255    
[04/21/26 23:08:12] WARNING  High grad norm: 769.69 at epoch=51 step=11256     
                    WARNING  High grad norm: 605.64 at epoch=51 step=11257     
                    WARNING  High grad norm: 594.32 at epoch=51 step=11258     
                    WARNING  High grad norm: 697.71 at epoch=51 step=11259     
                    WARNING  High grad norm: 1043.75 at epoch=51 step=11260    
[04/21/26 23:08:13] WARNING  High grad norm: 992.07 at epoch=51 step=11261     
                    WARNING  High grad norm: 949.93 at epoch=51 step=11262     
                    WARNING  High grad norm: 910.54 at epoch=51 step=11263     
                    WARNING  High grad norm: 1455.60 at epoch=51 step=11264    
[04/21/26 23:08:14] WARNING  High grad norm: 1737.86 at epoch=51 step=11265    
                    WARNING  High grad norm: 1771.00 at epoch=51 step=11266    
                    WARNING  High grad norm: 601.44 at epoch=51 step=11267     
                    WARNING  High grad norm: 1085.60 at epoch=51 step=11268    
                    WARNING  High grad norm: 2212.45 at epoch=51 step=11269    
[04/21/26 23:08:15] WARNING  High grad norm: 881.59 at epoch=51 step=11270     
                    WARNING  High grad norm: 529.75 at epoch=51 step=11271     
                    WARNING  High grad norm: 1094.87 at epoch=51 step=11272    
                    WARNING  High grad norm: 1003.33 at epoch=51 step=11273    
[04/21/26 23:08:16] WARNING  High grad norm: 1444.84 at epoch=51 step=11274    
                    WARNING  High grad norm: 1875.10 at epoch=51 step=11275    
                    WARNING  High grad norm: 2707.59 at epoch=51 step=11276    
                    WARNING  High grad norm: 1251.47 at epoch=51 step=11277    
                    WARNING  High grad norm: 1924.14 at epoch=51 step=11278    
[04/21/26 23:08:17] WARNING  High grad norm: 821.76 at epoch=51 step=11279     
                    WARNING  High grad norm: 929.52 at epoch=51 step=11280     
                    WARNING  High grad norm: 1470.01 at epoch=51 step=11281    
                    WARNING  High grad norm: 1072.57 at epoch=51 step=11282    
                    WARNING  High grad norm: 1158.29 at epoch=51 step=11283    
[04/21/26 23:08:18] WARNING  High grad norm: 2068.63 at epoch=51 step=11284    
                    WARNING  High grad norm: 747.28 at epoch=51 step=11285     
                    WARNING  High grad norm: 2841.21 at epoch=51 step=11286    
                    WARNING  High grad norm: 1516.39 at epoch=51 step=11287    
[04/21/26 23:08:19] WARNING  High grad norm: 762.23 at epoch=51 step=11288     
                    WARNING  High grad norm: 627.24 at epoch=51 step=11289     
                    WARNING  High grad norm: 1483.07 at epoch=51 step=11290    
                    WARNING  High grad norm: 1340.85 at epoch=51 step=11291    
                    WARNING  High grad norm: 927.53 at epoch=51 step=11292     
[04/21/26 23:08:20] WARNING  High grad norm: 874.22 at epoch=51 step=11293     
                    WARNING  High grad norm: 1357.94 at epoch=51 step=11294    
                    WARNING  High grad norm: 1495.79 at epoch=51 step=11295    
                    WARNING  High grad norm: 478.30 at epoch=51 step=11296     
[04/21/26 23:08:21] WARNING  High grad norm: 700.23 at epoch=51 step=11297     
                    WARNING  High grad norm: 889.77 at epoch=51 step=11298     
                    WARNING  High grad norm: 1285.77 at epoch=51 step=11299    
                    INFO     epoch=51 step=11300 loss=487.3133                 
                             grad_norm=1285.7731 lr=1.00e-06                   
                    WARNING  High grad norm: 715.65 at epoch=51 step=11300     
                    WARNING  High grad norm: 1008.03 at epoch=51 step=11301    
[04/21/26 23:08:22] WARNING  High grad norm: 518.45 at epoch=51 step=11302     
                    WARNING  High grad norm: 957.37 at epoch=51 step=11303     
                    WARNING  High grad norm: 860.31 at epoch=51 step=11304     
                    WARNING  High grad norm: 609.46 at epoch=51 step=11305     
                    WARNING  High grad norm: 616.58 at epoch=51 step=11306     
[04/21/26 23:08:23] WARNING  High grad norm: 2511.68 at epoch=51 step=11307    
                    WARNING  High grad norm: 664.84 at epoch=51 step=11308     
                    WARNING  High grad norm: 1234.94 at epoch=51 step=11309    
                    WARNING  High grad norm: 963.01 at epoch=51 step=11310     
[04/21/26 23:08:24] WARNING  High grad norm: 726.76 at epoch=51 step=11311     
                    WARNING  High grad norm: 1657.75 at epoch=51 step=11312    
                    WARNING  High grad norm: 995.15 at epoch=51 step=11313     
                    WARNING  High grad norm: 976.69 at epoch=51 step=11314     
                    WARNING  High grad norm: 2409.56 at epoch=51 step=11315    
[04/21/26 23:08:25] WARNING  High grad norm: 1117.26 at epoch=51 step=11316    
                    WARNING  High grad norm: 608.87 at epoch=51 step=11317     
                    WARNING  High grad norm: 840.66 at epoch=51 step=11318     
                    WARNING  High grad norm: 724.37 at epoch=51 step=11319     
[04/21/26 23:08:26] WARNING  High grad norm: 1329.21 at epoch=51 step=11320    
                    WARNING  High grad norm: 1204.85 at epoch=51 step=11321    
                    WARNING  High grad norm: 1600.26 at epoch=51 step=11322    
                    WARNING  High grad norm: 925.98 at epoch=51 step=11323     
                    WARNING  High grad norm: 2651.18 at epoch=51 step=11324    
[04/21/26 23:08:27] WARNING  High grad norm: 985.42 at epoch=51 step=11325     
                    WARNING  High grad norm: 1507.57 at epoch=51 step=11326    
                    WARNING  High grad norm: 2909.66 at epoch=51 step=11327    
                    WARNING  High grad norm: 1069.64 at epoch=51 step=11328    
                    WARNING  High grad norm: 1043.14 at epoch=51 step=11329    
[04/21/26 23:08:28] WARNING  High grad norm: 1079.50 at epoch=51 step=11330    
                    WARNING  High grad norm: 2256.68 at epoch=51 step=11331    
                    WARNING  High grad norm: 1963.75 at epoch=51 step=11332    
                    WARNING  High grad norm: 1118.75 at epoch=51 step=11333    
[04/21/26 23:08:29] WARNING  High grad norm: 445.92 at epoch=51 step=11334     
                    WARNING  High grad norm: 637.97 at epoch=51 step=11335     
                    WARNING  High grad norm: 1582.78 at epoch=51 step=11336    
                    WARNING  High grad norm: 1052.69 at epoch=51 step=11337    
                    WARNING  High grad norm: 1256.91 at epoch=51 step=11338    
[04/21/26 23:08:30] WARNING  High grad norm: 1042.69 at epoch=51 step=11339    
                    WARNING  High grad norm: 714.00 at epoch=51 step=11340     
                    WARNING  High grad norm: 599.93 at epoch=51 step=11341     
                    WARNING  High grad norm: 586.38 at epoch=51 step=11342     
[04/21/26 23:08:31] WARNING  High grad norm: 1209.96 at epoch=51 step=11343    
                    WARNING  High grad norm: 734.93 at epoch=51 step=11344     
                    WARNING  High grad norm: 2131.99 at epoch=51 step=11345    
                    WARNING  High grad norm: 875.99 at epoch=51 step=11346     
                    WARNING  High grad norm: 861.71 at epoch=51 step=11347     
[04/21/26 23:08:32] WARNING  High grad norm: 1105.58 at epoch=51 step=11348    
                    WARNING  High grad norm: 565.97 at epoch=51 step=11349     
                    WARNING  High grad norm: 914.18 at epoch=51 step=11350     
                    WARNING  High grad norm: 1417.20 at epoch=51 step=11351    
[04/21/26 23:08:33] WARNING  High grad norm: 788.38 at epoch=51 step=11352     
                    WARNING  High grad norm: 877.53 at epoch=51 step=11353     
                    WARNING  High grad norm: 817.28 at epoch=51 step=11354     
                    WARNING  High grad norm: 803.86 at epoch=51 step=11355     
                    WARNING  High grad norm: 499.76 at epoch=51 step=11356     
[04/21/26 23:08:34] WARNING  High grad norm: 734.75 at epoch=51 step=11357     
                    WARNING  High grad norm: 1040.91 at epoch=51 step=11358    
                    WARNING  High grad norm: 1150.03 at epoch=51 step=11359    
                    WARNING  High grad norm: 668.33 at epoch=51 step=11360     
                    WARNING  High grad norm: 701.22 at epoch=51 step=11361     
[04/21/26 23:08:35] WARNING  High grad norm: 1164.12 at epoch=51 step=11362    
                    WARNING  High grad norm: 1505.84 at epoch=51 step=11363    
                    WARNING  High grad norm: 1595.41 at epoch=51 step=11364    
                    WARNING  High grad norm: 576.35 at epoch=51 step=11365     
[04/21/26 23:08:36] WARNING  High grad norm: 974.65 at epoch=51 step=11366     
                    WARNING  High grad norm: 1184.96 at epoch=51 step=11367    
                    WARNING  High grad norm: 980.57 at epoch=51 step=11368     
                    WARNING  High grad norm: 632.87 at epoch=51 step=11369     
                    WARNING  High grad norm: 1400.60 at epoch=51 step=11370    
[04/21/26 23:08:37] WARNING  High grad norm: 648.99 at epoch=51 step=11371     
                    WARNING  High grad norm: 944.16 at epoch=51 step=11372     
[04/21/26 23:08:38] INFO     epoch=51 avg_loss=483.5213 lr=1.00e-06            
[04/21/26 23:08:51] WARNING  High grad norm: 1120.73 at epoch=52 step=11373    
[04/21/26 23:08:52] WARNING  High grad norm: 2119.73 at epoch=52 step=11374    
                    WARNING  High grad norm: 854.84 at epoch=52 step=11375     
                    WARNING  High grad norm: 895.17 at epoch=52 step=11376     
                    WARNING  High grad norm: 1591.63 at epoch=52 step=11377    
                    WARNING  High grad norm: 882.25 at epoch=52 step=11378     
[04/21/26 23:08:53] WARNING  High grad norm: 1035.67 at epoch=52 step=11379    
                    WARNING  High grad norm: 691.17 at epoch=52 step=11380     
                    WARNING  High grad norm: 685.47 at epoch=52 step=11381     
                    WARNING  High grad norm: 529.61 at epoch=52 step=11382     
                    WARNING  High grad norm: 853.89 at epoch=52 step=11383     
[04/21/26 23:08:54] WARNING  High grad norm: 620.49 at epoch=52 step=11384     
                    WARNING  High grad norm: 733.36 at epoch=52 step=11385     
                    WARNING  High grad norm: 1388.72 at epoch=52 step=11386    
                    WARNING  High grad norm: 1673.43 at epoch=52 step=11387    
[04/21/26 23:08:55] WARNING  High grad norm: 586.68 at epoch=52 step=11388     
                    WARNING  High grad norm: 974.94 at epoch=52 step=11389     
                    WARNING  High grad norm: 1049.84 at epoch=52 step=11390    
                    WARNING  High grad norm: 613.09 at epoch=52 step=11391     
                    WARNING  High grad norm: 459.81 at epoch=52 step=11392     
[04/21/26 23:08:56] WARNING  High grad norm: 704.40 at epoch=52 step=11393     
                    WARNING  High grad norm: 1220.61 at epoch=52 step=11394    
                    WARNING  High grad norm: 1530.57 at epoch=52 step=11395    
                    WARNING  High grad norm: 1642.92 at epoch=52 step=11396    
[04/21/26 23:08:57] WARNING  High grad norm: 1057.97 at epoch=52 step=11397    
                    WARNING  High grad norm: 552.78 at epoch=52 step=11398     
                    WARNING  High grad norm: 1032.02 at epoch=52 step=11399    
                    INFO     epoch=52 step=11400 loss=464.8947                 
                             grad_norm=1032.0242 lr=1.00e-06                   
                    WARNING  High grad norm: 1255.03 at epoch=52 step=11400    
                    WARNING  High grad norm: 917.83 at epoch=52 step=11401     
[04/21/26 23:08:58] WARNING  High grad norm: 1094.45 at epoch=52 step=11402    
                    WARNING  High grad norm: 549.35 at epoch=52 step=11403     
                    WARNING  High grad norm: 510.99 at epoch=52 step=11404     
                    WARNING  High grad norm: 1631.76 at epoch=52 step=11405    
[04/21/26 23:08:59] WARNING  High grad norm: 895.16 at epoch=52 step=11406     
                    WARNING  High grad norm: 646.50 at epoch=52 step=11407     
                    WARNING  High grad norm: 917.77 at epoch=52 step=11408     
                    WARNING  High grad norm: 964.68 at epoch=52 step=11409     
                    WARNING  High grad norm: 1737.54 at epoch=52 step=11410    
[04/21/26 23:09:00] WARNING  High grad norm: 589.40 at epoch=52 step=11411     
                    WARNING  High grad norm: 1579.12 at epoch=52 step=11412    
                    WARNING  High grad norm: 796.86 at epoch=52 step=11413     
                    WARNING  High grad norm: 949.65 at epoch=52 step=11414     
[04/21/26 23:09:01] WARNING  High grad norm: 655.91 at epoch=52 step=11415     
                    WARNING  High grad norm: 639.30 at epoch=52 step=11416     
                    WARNING  High grad norm: 1966.15 at epoch=52 step=11417    
                    WARNING  High grad norm: 974.52 at epoch=52 step=11418     
                    WARNING  High grad norm: 1461.58 at epoch=52 step=11419    
[04/21/26 23:09:02] WARNING  High grad norm: 985.74 at epoch=52 step=11420     
                    WARNING  High grad norm: 863.26 at epoch=52 step=11421     
                    WARNING  High grad norm: 1124.14 at epoch=52 step=11422    
                    WARNING  High grad norm: 880.21 at epoch=52 step=11423     
                    WARNING  High grad norm: 709.67 at epoch=52 step=11424     
[04/21/26 23:09:03] WARNING  High grad norm: 1220.17 at epoch=52 step=11425    
                    WARNING  High grad norm: 867.80 at epoch=52 step=11426     
                    WARNING  High grad norm: 1108.39 at epoch=52 step=11427    
                    WARNING  High grad norm: 920.87 at epoch=52 step=11428     
[04/21/26 23:09:04] WARNING  High grad norm: 1185.45 at epoch=52 step=11429    
                    WARNING  High grad norm: 1694.88 at epoch=52 step=11430    
                    WARNING  High grad norm: 1937.18 at epoch=52 step=11431    
                    WARNING  High grad norm: 1379.91 at epoch=52 step=11432    
                    WARNING  High grad norm: 554.71 at epoch=52 step=11433     
[04/21/26 23:09:05] WARNING  High grad norm: 1871.03 at epoch=52 step=11434    
                    WARNING  High grad norm: 870.93 at epoch=52 step=11435     
                    WARNING  High grad norm: 985.99 at epoch=52 step=11436     
                    WARNING  High grad norm: 1093.31 at epoch=52 step=11437    
[04/21/26 23:09:06] WARNING  High grad norm: 562.32 at epoch=52 step=11438     
                    WARNING  High grad norm: 929.20 at epoch=52 step=11439     
                    WARNING  High grad norm: 1385.19 at epoch=52 step=11440    
                    WARNING  High grad norm: 1435.15 at epoch=52 step=11441    
                    WARNING  High grad norm: 2409.48 at epoch=52 step=11442    
[04/21/26 23:09:07] WARNING  High grad norm: 1513.26 at epoch=52 step=11443    
                    WARNING  High grad norm: 2435.22 at epoch=52 step=11444    
                    WARNING  High grad norm: 1159.36 at epoch=52 step=11445    
                    WARNING  High grad norm: 1268.16 at epoch=52 step=11446    
[04/21/26 23:09:08] WARNING  High grad norm: 1778.01 at epoch=52 step=11447    
                    WARNING  High grad norm: 735.03 at epoch=52 step=11448     
                    WARNING  High grad norm: 599.86 at epoch=52 step=11449     
                    WARNING  High grad norm: 1389.50 at epoch=52 step=11450    
                    WARNING  High grad norm: 719.77 at epoch=52 step=11451     
[04/21/26 23:09:09] WARNING  High grad norm: 652.63 at epoch=52 step=11452     
                    WARNING  High grad norm: 929.95 at epoch=52 step=11453     
                    WARNING  High grad norm: 916.23 at epoch=52 step=11454     
                    WARNING  High grad norm: 1163.02 at epoch=52 step=11455    
[04/21/26 23:09:10] WARNING  High grad norm: 660.25 at epoch=52 step=11456     
                    WARNING  High grad norm: 1999.67 at epoch=52 step=11457    
                    WARNING  High grad norm: 1431.96 at epoch=52 step=11458    
                    WARNING  High grad norm: 916.63 at epoch=52 step=11459     
                    WARNING  High grad norm: 812.62 at epoch=52 step=11460     
[04/21/26 23:09:11] WARNING  High grad norm: 757.31 at epoch=52 step=11461     
                    WARNING  High grad norm: 1882.06 at epoch=52 step=11462    
                    WARNING  High grad norm: 1833.61 at epoch=52 step=11463    
                    WARNING  High grad norm: 930.16 at epoch=52 step=11464     
[04/21/26 23:09:12] WARNING  High grad norm: 789.68 at epoch=52 step=11465     
                    WARNING  High grad norm: 1064.70 at epoch=52 step=11466    
                    WARNING  High grad norm: 546.14 at epoch=52 step=11467     
                    WARNING  High grad norm: 1159.01 at epoch=52 step=11468    
                    WARNING  High grad norm: 957.40 at epoch=52 step=11469     
[04/21/26 23:09:13] WARNING  High grad norm: 1053.98 at epoch=52 step=11470    
                    WARNING  High grad norm: 964.81 at epoch=52 step=11471     
                    WARNING  High grad norm: 802.10 at epoch=52 step=11472     
                    WARNING  High grad norm: 1070.07 at epoch=52 step=11473    
                    WARNING  High grad norm: 592.79 at epoch=52 step=11474     
[04/21/26 23:09:14] WARNING  High grad norm: 746.12 at epoch=52 step=11475     
                    WARNING  High grad norm: 919.76 at epoch=52 step=11476     
                    WARNING  High grad norm: 710.42 at epoch=52 step=11477     
                    WARNING  High grad norm: 994.45 at epoch=52 step=11478     
[04/21/26 23:09:15] WARNING  High grad norm: 1473.76 at epoch=52 step=11479    
                    WARNING  High grad norm: 1175.38 at epoch=52 step=11480    
                    WARNING  High grad norm: 1008.09 at epoch=52 step=11481    
                    WARNING  High grad norm: 696.78 at epoch=52 step=11482     
                    WARNING  High grad norm: 759.91 at epoch=52 step=11483     
[04/21/26 23:09:16] WARNING  High grad norm: 1746.55 at epoch=52 step=11484    
                    WARNING  High grad norm: 1249.52 at epoch=52 step=11485    
                    WARNING  High grad norm: 2253.66 at epoch=52 step=11486    
                    WARNING  High grad norm: 808.56 at epoch=52 step=11487     
[04/21/26 23:09:17] WARNING  High grad norm: 1831.95 at epoch=52 step=11488    
                    WARNING  High grad norm: 1102.07 at epoch=52 step=11489    
                    WARNING  High grad norm: 539.73 at epoch=52 step=11490     
                    WARNING  High grad norm: 791.26 at epoch=52 step=11491     
                    WARNING  High grad norm: 959.89 at epoch=52 step=11492     
[04/21/26 23:09:18] WARNING  High grad norm: 679.02 at epoch=52 step=11493     
                    WARNING  High grad norm: 2288.19 at epoch=52 step=11494    
                    WARNING  High grad norm: 685.25 at epoch=52 step=11495     
                    WARNING  High grad norm: 2555.36 at epoch=52 step=11496    
[04/21/26 23:09:19] WARNING  High grad norm: 1007.22 at epoch=52 step=11497    
                    WARNING  High grad norm: 827.12 at epoch=52 step=11498     
                    WARNING  High grad norm: 599.58 at epoch=52 step=11499     
                    INFO     epoch=52 step=11500 loss=484.8073                 
                             grad_norm=599.5791 lr=1.00e-06                    
                    WARNING  High grad norm: 1265.42 at epoch=52 step=11500    
                    WARNING  High grad norm: 1260.04 at epoch=52 step=11501    
[04/21/26 23:09:20] WARNING  High grad norm: 946.35 at epoch=52 step=11502     
                    WARNING  High grad norm: 825.43 at epoch=52 step=11503     
                    WARNING  High grad norm: 644.47 at epoch=52 step=11504     
                    WARNING  High grad norm: 792.55 at epoch=52 step=11505     
[04/21/26 23:09:21] WARNING  High grad norm: 1852.56 at epoch=52 step=11506    
                    WARNING  High grad norm: 1971.81 at epoch=52 step=11507    
                    WARNING  High grad norm: 1206.52 at epoch=52 step=11508    
                    WARNING  High grad norm: 1307.02 at epoch=52 step=11509    
                    WARNING  High grad norm: 1438.33 at epoch=52 step=11510    
[04/21/26 23:09:22] WARNING  High grad norm: 686.63 at epoch=52 step=11511     
                    WARNING  High grad norm: 1217.56 at epoch=52 step=11512    
                    WARNING  High grad norm: 667.52 at epoch=52 step=11513     
                    WARNING  High grad norm: 954.28 at epoch=52 step=11514     
[04/21/26 23:09:23] WARNING  High grad norm: 609.69 at epoch=52 step=11515     
                    WARNING  High grad norm: 727.62 at epoch=52 step=11516     
                    WARNING  High grad norm: 908.89 at epoch=52 step=11517     
                    WARNING  High grad norm: 1514.56 at epoch=52 step=11518    
                    WARNING  High grad norm: 1982.84 at epoch=52 step=11519    
[04/21/26 23:09:24] WARNING  High grad norm: 1112.78 at epoch=52 step=11520    
                    WARNING  High grad norm: 1476.57 at epoch=52 step=11521    
                    WARNING  High grad norm: 635.35 at epoch=52 step=11522     
                    WARNING  High grad norm: 1345.39 at epoch=52 step=11523    
                    WARNING  High grad norm: 707.90 at epoch=52 step=11524     
[04/21/26 23:09:25] WARNING  High grad norm: 2429.18 at epoch=52 step=11525    
                    WARNING  High grad norm: 1096.51 at epoch=52 step=11526    
                    WARNING  High grad norm: 673.20 at epoch=52 step=11527     
                    WARNING  High grad norm: 2064.82 at epoch=52 step=11528    
[04/21/26 23:09:26] WARNING  High grad norm: 922.67 at epoch=52 step=11529     
                    WARNING  High grad norm: 563.19 at epoch=52 step=11530     
                    WARNING  High grad norm: 574.13 at epoch=52 step=11531     
                    WARNING  High grad norm: 1241.93 at epoch=52 step=11532    
                    WARNING  High grad norm: 1003.67 at epoch=52 step=11533    
[04/21/26 23:09:27] WARNING  High grad norm: 2311.57 at epoch=52 step=11534    
                    WARNING  High grad norm: 947.70 at epoch=52 step=11535     
                    WARNING  High grad norm: 1283.01 at epoch=52 step=11536    
                    WARNING  High grad norm: 911.17 at epoch=52 step=11537     
[04/21/26 23:09:28] WARNING  High grad norm: 1187.32 at epoch=52 step=11538    
                    WARNING  High grad norm: 830.91 at epoch=52 step=11539     
                    WARNING  High grad norm: 821.09 at epoch=52 step=11540     
                    WARNING  High grad norm: 569.80 at epoch=52 step=11541     
                    WARNING  High grad norm: 1562.00 at epoch=52 step=11542    
[04/21/26 23:09:29] WARNING  High grad norm: 1339.35 at epoch=52 step=11543    
                    WARNING  High grad norm: 1778.63 at epoch=52 step=11544    
                    WARNING  High grad norm: 1601.70 at epoch=52 step=11545    
                    WARNING  High grad norm: 1155.80 at epoch=52 step=11546    
[04/21/26 23:09:30] WARNING  High grad norm: 531.19 at epoch=52 step=11547     
                    WARNING  High grad norm: 858.67 at epoch=52 step=11548     
                    WARNING  High grad norm: 1765.59 at epoch=52 step=11549    
                    WARNING  High grad norm: 2062.10 at epoch=52 step=11550    
                    WARNING  High grad norm: 981.79 at epoch=52 step=11551     
[04/21/26 23:09:31] WARNING  High grad norm: 1364.87 at epoch=52 step=11552    
                    WARNING  High grad norm: 872.21 at epoch=52 step=11553     
                    WARNING  High grad norm: 940.60 at epoch=52 step=11554     
                    WARNING  High grad norm: 554.38 at epoch=52 step=11555     
[04/21/26 23:09:32] WARNING  High grad norm: 745.10 at epoch=52 step=11556     
                    WARNING  High grad norm: 1089.78 at epoch=52 step=11557    
                    WARNING  High grad norm: 1072.21 at epoch=52 step=11558    
                    WARNING  High grad norm: 750.56 at epoch=52 step=11559     
                    WARNING  High grad norm: 1041.67 at epoch=52 step=11560    
[04/21/26 23:09:33] WARNING  High grad norm: 1135.99 at epoch=52 step=11561    
                    WARNING  High grad norm: 1846.84 at epoch=52 step=11562    
                    WARNING  High grad norm: 792.77 at epoch=52 step=11563     
                    WARNING  High grad norm: 858.93 at epoch=52 step=11564     
[04/21/26 23:09:34] WARNING  High grad norm: 1681.65 at epoch=52 step=11565    
                    WARNING  High grad norm: 1714.77 at epoch=52 step=11566    
                    WARNING  High grad norm: 1628.37 at epoch=52 step=11567    
                    WARNING  High grad norm: 1040.36 at epoch=52 step=11568    
                    WARNING  High grad norm: 698.02 at epoch=52 step=11569     
[04/21/26 23:09:35] WARNING  High grad norm: 657.05 at epoch=52 step=11570     
                    WARNING  High grad norm: 999.43 at epoch=52 step=11571     
                    WARNING  High grad norm: 1003.47 at epoch=52 step=11572    
                    WARNING  High grad norm: 1489.10 at epoch=52 step=11573    
[04/21/26 23:09:36] WARNING  High grad norm: 666.35 at epoch=52 step=11574     
                    WARNING  High grad norm: 2188.36 at epoch=52 step=11575    
                    WARNING  High grad norm: 871.12 at epoch=52 step=11576     
                    WARNING  High grad norm: 733.59 at epoch=52 step=11577     
[04/21/26 23:09:37] WARNING  High grad norm: 1455.73 at epoch=52 step=11578    
                    WARNING  High grad norm: 980.24 at epoch=52 step=11579     
                    WARNING  High grad norm: 1130.12 at epoch=52 step=11580    
                    WARNING  High grad norm: 1308.99 at epoch=52 step=11581    
                    WARNING  High grad norm: 835.18 at epoch=52 step=11582     
[04/21/26 23:09:38] WARNING  High grad norm: 575.65 at epoch=52 step=11583     
                    WARNING  High grad norm: 1619.82 at epoch=52 step=11584    
                    WARNING  High grad norm: 740.61 at epoch=52 step=11585     
                    WARNING  High grad norm: 1279.30 at epoch=52 step=11586    
[04/21/26 23:09:39] WARNING  High grad norm: 673.47 at epoch=52 step=11587     
                    WARNING  High grad norm: 1819.11 at epoch=52 step=11588    
                    WARNING  High grad norm: 973.70 at epoch=52 step=11589     
                    WARNING  High grad norm: 613.95 at epoch=52 step=11590     
                    WARNING  High grad norm: 958.55 at epoch=52 step=11591     
[04/21/26 23:09:40] WARNING  High grad norm: 894.36 at epoch=52 step=11592     
                    WARNING  High grad norm: 869.05 at epoch=52 step=11593     
                    WARNING  High grad norm: 667.62 at epoch=52 step=11594     
                    WARNING  High grad norm: 1052.67 at epoch=52 step=11595    
[04/21/26 23:09:41] INFO     epoch=52 avg_loss=482.0200 lr=1.00e-06            
[04/21/26 23:09:55] WARNING  High grad norm: 715.70 at epoch=53 step=11596     
                    WARNING  High grad norm: 1565.58 at epoch=53 step=11597    
[04/21/26 23:09:56] WARNING  High grad norm: 809.20 at epoch=53 step=11598     
                    WARNING  High grad norm: 1058.39 at epoch=53 step=11599    
                    INFO     epoch=53 step=11600 loss=483.9718                 
                             grad_norm=1058.3922 lr=1.00e-06                   
                    WARNING  High grad norm: 2087.88 at epoch=53 step=11600    
                    WARNING  High grad norm: 1606.27 at epoch=53 step=11601    
[04/21/26 23:09:57] WARNING  High grad norm: 803.85 at epoch=53 step=11602     
                    WARNING  High grad norm: 1370.94 at epoch=53 step=11603    
                    WARNING  High grad norm: 1261.07 at epoch=53 step=11604    
                    WARNING  High grad norm: 1866.63 at epoch=53 step=11605    
                    WARNING  High grad norm: 798.61 at epoch=53 step=11606     
[04/21/26 23:09:58] WARNING  High grad norm: 968.77 at epoch=53 step=11607     
                    WARNING  High grad norm: 2379.37 at epoch=53 step=11608    
                    WARNING  High grad norm: 869.29 at epoch=53 step=11609     
                    WARNING  High grad norm: 1878.72 at epoch=53 step=11610    
[04/21/26 23:09:59] WARNING  High grad norm: 2463.91 at epoch=53 step=11611    
                    WARNING  High grad norm: 734.60 at epoch=53 step=11612     
                    WARNING  High grad norm: 995.87 at epoch=53 step=11613     
                    WARNING  High grad norm: 666.67 at epoch=53 step=11614     
                    WARNING  High grad norm: 1623.09 at epoch=53 step=11615    
[04/21/26 23:10:00] WARNING  High grad norm: 868.44 at epoch=53 step=11616     
                    WARNING  High grad norm: 892.15 at epoch=53 step=11617     
                    WARNING  High grad norm: 1053.18 at epoch=53 step=11618    
                    WARNING  High grad norm: 1401.21 at epoch=53 step=11619    
[04/21/26 23:10:01] WARNING  High grad norm: 1690.45 at epoch=53 step=11620    
                    WARNING  High grad norm: 962.42 at epoch=53 step=11621     
                    WARNING  High grad norm: 514.65 at epoch=53 step=11622     
                    WARNING  High grad norm: 517.58 at epoch=53 step=11623     
                    WARNING  High grad norm: 1765.36 at epoch=53 step=11624    
[04/21/26 23:10:02] WARNING  High grad norm: 1847.59 at epoch=53 step=11625    
                    WARNING  High grad norm: 1800.77 at epoch=53 step=11626    
                    WARNING  High grad norm: 624.47 at epoch=53 step=11627     
                    WARNING  High grad norm: 569.76 at epoch=53 step=11628     
[04/21/26 23:10:03] WARNING  High grad norm: 743.41 at epoch=53 step=11629     
                    WARNING  High grad norm: 1127.21 at epoch=53 step=11630    
                    WARNING  High grad norm: 751.82 at epoch=53 step=11631     
                    WARNING  High grad norm: 985.26 at epoch=53 step=11632     
                    WARNING  High grad norm: 867.01 at epoch=53 step=11633     
[04/21/26 23:10:04] WARNING  High grad norm: 865.78 at epoch=53 step=11634     
                    WARNING  High grad norm: 850.35 at epoch=53 step=11635     
                    WARNING  High grad norm: 1735.33 at epoch=53 step=11636    
                    WARNING  High grad norm: 547.60 at epoch=53 step=11637     
                    WARNING  High grad norm: 725.68 at epoch=53 step=11638     
[04/21/26 23:10:05] WARNING  High grad norm: 985.15 at epoch=53 step=11639     
                    WARNING  High grad norm: 546.23 at epoch=53 step=11640     
                    WARNING  High grad norm: 2611.81 at epoch=53 step=11641    
                    WARNING  High grad norm: 940.24 at epoch=53 step=11642     
[04/21/26 23:10:06] WARNING  High grad norm: 508.31 at epoch=53 step=11643     
                    WARNING  High grad norm: 1046.97 at epoch=53 step=11644    
                    WARNING  High grad norm: 942.91 at epoch=53 step=11645     
                    WARNING  High grad norm: 1164.88 at epoch=53 step=11646    
                    WARNING  High grad norm: 742.49 at epoch=53 step=11647     
[04/21/26 23:10:07] WARNING  High grad norm: 637.61 at epoch=53 step=11648     
                    WARNING  High grad norm: 803.74 at epoch=53 step=11649     
                    WARNING  High grad norm: 929.09 at epoch=53 step=11650     
                    WARNING  High grad norm: 1265.52 at epoch=53 step=11651    
[04/21/26 23:10:08] WARNING  High grad norm: 1448.75 at epoch=53 step=11652    
                    WARNING  High grad norm: 1338.84 at epoch=53 step=11653    
                    WARNING  High grad norm: 2258.91 at epoch=53 step=11654    
                    WARNING  High grad norm: 1380.25 at epoch=53 step=11655    
                    WARNING  High grad norm: 778.60 at epoch=53 step=11656     
[04/21/26 23:10:09] WARNING  High grad norm: 647.15 at epoch=53 step=11657     
                    WARNING  High grad norm: 1177.81 at epoch=53 step=11658    
                    WARNING  High grad norm: 1662.52 at epoch=53 step=11659    
                    WARNING  High grad norm: 733.72 at epoch=53 step=11660     
[04/21/26 23:10:10] WARNING  High grad norm: 2099.26 at epoch=53 step=11661    
                    WARNING  High grad norm: 1217.89 at epoch=53 step=11662    
                    WARNING  High grad norm: 917.06 at epoch=53 step=11663     
                    WARNING  High grad norm: 2242.52 at epoch=53 step=11664    
                    WARNING  High grad norm: 1123.51 at epoch=53 step=11665    
[04/21/26 23:10:11] WARNING  High grad norm: 710.49 at epoch=53 step=11666     
                    WARNING  High grad norm: 862.19 at epoch=53 step=11667     
                    WARNING  High grad norm: 791.62 at epoch=53 step=11668     
                    WARNING  High grad norm: 1250.28 at epoch=53 step=11669    
[04/21/26 23:10:12] WARNING  High grad norm: 1463.30 at epoch=53 step=11670    
                    WARNING  High grad norm: 634.93 at epoch=53 step=11671     
                    WARNING  High grad norm: 588.26 at epoch=53 step=11672     
                    WARNING  High grad norm: 1121.48 at epoch=53 step=11673    
                    WARNING  High grad norm: 999.28 at epoch=53 step=11674     
[04/21/26 23:10:13] WARNING  High grad norm: 583.57 at epoch=53 step=11675     
                    WARNING  High grad norm: 2072.01 at epoch=53 step=11676    
                    WARNING  High grad norm: 1164.18 at epoch=53 step=11677    
                    WARNING  High grad norm: 921.78 at epoch=53 step=11678     
[04/21/26 23:10:14] WARNING  High grad norm: 1712.22 at epoch=53 step=11679    
                    WARNING  High grad norm: 1824.85 at epoch=53 step=11680    
                    WARNING  High grad norm: 549.17 at epoch=53 step=11681     
                    WARNING  High grad norm: 678.43 at epoch=53 step=11682     
                    WARNING  High grad norm: 981.32 at epoch=53 step=11683     
[04/21/26 23:10:15] WARNING  High grad norm: 692.45 at epoch=53 step=11684     
                    WARNING  High grad norm: 776.34 at epoch=53 step=11685     
                    WARNING  High grad norm: 936.32 at epoch=53 step=11686     
                    WARNING  High grad norm: 849.37 at epoch=53 step=11687     
[04/21/26 23:10:16] WARNING  High grad norm: 2210.15 at epoch=53 step=11688    
                    WARNING  High grad norm: 1016.54 at epoch=53 step=11689    
                    WARNING  High grad norm: 2321.06 at epoch=53 step=11690    
                    WARNING  High grad norm: 642.18 at epoch=53 step=11691     
                    WARNING  High grad norm: 993.33 at epoch=53 step=11692     
[04/21/26 23:10:17] WARNING  High grad norm: 1301.18 at epoch=53 step=11693    
                    WARNING  High grad norm: 1146.26 at epoch=53 step=11694    
                    WARNING  High grad norm: 508.22 at epoch=53 step=11695     
                    WARNING  High grad norm: 1132.50 at epoch=53 step=11696    
[04/21/26 23:10:18] WARNING  High grad norm: 669.95 at epoch=53 step=11697     
                    WARNING  High grad norm: 1482.58 at epoch=53 step=11698    
                    WARNING  High grad norm: 1616.04 at epoch=53 step=11699    
                    INFO     epoch=53 step=11700 loss=473.8368                 
                             grad_norm=1616.0408 lr=1.00e-06                   
                    WARNING  High grad norm: 3000.29 at epoch=53 step=11700    
                    WARNING  High grad norm: 948.19 at epoch=53 step=11701     
[04/21/26 23:10:19] WARNING  High grad norm: 2170.05 at epoch=53 step=11702    
                    WARNING  High grad norm: 876.84 at epoch=53 step=11703     
                    WARNING  High grad norm: 511.67 at epoch=53 step=11704     
                    WARNING  High grad norm: 609.52 at epoch=53 step=11705     
[04/21/26 23:10:20] WARNING  High grad norm: 894.16 at epoch=53 step=11706     
                    WARNING  High grad norm: 984.60 at epoch=53 step=11707     
                    WARNING  High grad norm: 972.34 at epoch=53 step=11708     
                    WARNING  High grad norm: 738.30 at epoch=53 step=11709     
                    WARNING  High grad norm: 901.81 at epoch=53 step=11710     
[04/21/26 23:10:21] WARNING  High grad norm: 1469.09 at epoch=53 step=11711    
                    WARNING  High grad norm: 2320.80 at epoch=53 step=11712    
                    WARNING  High grad norm: 964.34 at epoch=53 step=11713     
                    WARNING  High grad norm: 1310.60 at epoch=53 step=11714    
[04/21/26 23:10:22] WARNING  High grad norm: 551.92 at epoch=53 step=11715     
                    WARNING  High grad norm: 762.17 at epoch=53 step=11716     
                    WARNING  High grad norm: 1381.24 at epoch=53 step=11717    
                    WARNING  High grad norm: 829.75 at epoch=53 step=11718     
                    WARNING  High grad norm: 829.27 at epoch=53 step=11719     
[04/21/26 23:10:23] WARNING  High grad norm: 723.84 at epoch=53 step=11720     
                    WARNING  High grad norm: 579.37 at epoch=53 step=11721     
                    WARNING  High grad norm: 1679.68 at epoch=53 step=11722    
                    WARNING  High grad norm: 938.50 at epoch=53 step=11723     
[04/21/26 23:10:24] WARNING  High grad norm: 1079.41 at epoch=53 step=11724    
                    WARNING  High grad norm: 922.78 at epoch=53 step=11725     
                    WARNING  High grad norm: 783.34 at epoch=53 step=11726     
                    WARNING  High grad norm: 1096.40 at epoch=53 step=11727    
                    WARNING  High grad norm: 1710.04 at epoch=53 step=11728    
[04/21/26 23:10:25] WARNING  High grad norm: 771.69 at epoch=53 step=11729     
                    WARNING  High grad norm: 405.30 at epoch=53 step=11730     
                    WARNING  High grad norm: 953.46 at epoch=53 step=11731     
                    WARNING  High grad norm: 1661.22 at epoch=53 step=11732    
[04/21/26 23:10:26] WARNING  High grad norm: 2253.86 at epoch=53 step=11733    
                    WARNING  High grad norm: 953.70 at epoch=53 step=11734     
                    WARNING  High grad norm: 1905.15 at epoch=53 step=11735    
                    WARNING  High grad norm: 584.23 at epoch=53 step=11736     
                    WARNING  High grad norm: 1426.63 at epoch=53 step=11737    
[04/21/26 23:10:27] WARNING  High grad norm: 563.23 at epoch=53 step=11738     
                    WARNING  High grad norm: 1563.67 at epoch=53 step=11739    
                    WARNING  High grad norm: 752.32 at epoch=53 step=11740     
                    WARNING  High grad norm: 1044.75 at epoch=53 step=11741    
[04/21/26 23:10:28] WARNING  High grad norm: 876.17 at epoch=53 step=11742     
                    WARNING  High grad norm: 591.73 at epoch=53 step=11743     
                    WARNING  High grad norm: 1127.80 at epoch=53 step=11744    
                    WARNING  High grad norm: 736.96 at epoch=53 step=11745     
                    WARNING  High grad norm: 2106.31 at epoch=53 step=11746    
[04/21/26 23:10:29] WARNING  High grad norm: 818.06 at epoch=53 step=11747     
                    WARNING  High grad norm: 895.79 at epoch=53 step=11748     
                    WARNING  High grad norm: 1132.91 at epoch=53 step=11749    
                    WARNING  High grad norm: 1257.76 at epoch=53 step=11750    
[04/21/26 23:10:30] WARNING  High grad norm: 1885.24 at epoch=53 step=11751    
                    WARNING  High grad norm: 789.52 at epoch=53 step=11752     
                    WARNING  High grad norm: 908.74 at epoch=53 step=11753     
                    WARNING  High grad norm: 812.13 at epoch=53 step=11754     
                    WARNING  High grad norm: 1714.26 at epoch=53 step=11755    
[04/21/26 23:10:31] WARNING  High grad norm: 727.81 at epoch=53 step=11756     
                    WARNING  High grad norm: 1338.28 at epoch=53 step=11757    
                    WARNING  High grad norm: 2110.11 at epoch=53 step=11758    
                    WARNING  High grad norm: 1587.42 at epoch=53 step=11759    
[04/21/26 23:10:32] WARNING  High grad norm: 1399.94 at epoch=53 step=11760    
                    WARNING  High grad norm: 1097.86 at epoch=53 step=11761    
                    WARNING  High grad norm: 1328.61 at epoch=53 step=11762    
                    WARNING  High grad norm: 729.96 at epoch=53 step=11763     
                    WARNING  High grad norm: 743.52 at epoch=53 step=11764     
[04/21/26 23:10:33] WARNING  High grad norm: 1573.27 at epoch=53 step=11765    
                    WARNING  High grad norm: 960.79 at epoch=53 step=11766     
                    WARNING  High grad norm: 1522.51 at epoch=53 step=11767    
                    WARNING  High grad norm: 1361.18 at epoch=53 step=11768    
[04/21/26 23:10:34] WARNING  High grad norm: 649.09 at epoch=53 step=11769     
                    WARNING  High grad norm: 1259.13 at epoch=53 step=11770    
                    WARNING  High grad norm: 1527.08 at epoch=53 step=11771    
                    WARNING  High grad norm: 1466.80 at epoch=53 step=11772    
                    WARNING  High grad norm: 629.18 at epoch=53 step=11773     
[04/21/26 23:10:35] WARNING  High grad norm: 2061.87 at epoch=53 step=11774    
                    WARNING  High grad norm: 1117.74 at epoch=53 step=11775    
                    WARNING  High grad norm: 895.90 at epoch=53 step=11776     
                    WARNING  High grad norm: 2285.27 at epoch=53 step=11777    
[04/21/26 23:10:36] WARNING  High grad norm: 1088.28 at epoch=53 step=11778    
                    WARNING  High grad norm: 1362.97 at epoch=53 step=11779    
                    WARNING  High grad norm: 1230.54 at epoch=53 step=11780    
                    WARNING  High grad norm: 1015.14 at epoch=53 step=11781    
                    WARNING  High grad norm: 947.77 at epoch=53 step=11782     
[04/21/26 23:10:37] WARNING  High grad norm: 570.38 at epoch=53 step=11783     
                    WARNING  High grad norm: 531.69 at epoch=53 step=11784     
                    WARNING  High grad norm: 1213.84 at epoch=53 step=11785    
                    WARNING  High grad norm: 1188.72 at epoch=53 step=11786    
[04/21/26 23:10:38] WARNING  High grad norm: 931.29 at epoch=53 step=11787     
                    WARNING  High grad norm: 686.97 at epoch=53 step=11788     
                    WARNING  High grad norm: 1892.73 at epoch=53 step=11789    
                    WARNING  High grad norm: 531.36 at epoch=53 step=11790     
                    WARNING  High grad norm: 823.07 at epoch=53 step=11791     
[04/21/26 23:10:39] WARNING  High grad norm: 624.59 at epoch=53 step=11792     
                    WARNING  High grad norm: 1132.58 at epoch=53 step=11793    
                    WARNING  High grad norm: 829.75 at epoch=53 step=11794     
                    WARNING  High grad norm: 957.36 at epoch=53 step=11795     
[04/21/26 23:10:40] WARNING  High grad norm: 1016.22 at epoch=53 step=11796    
                    WARNING  High grad norm: 951.52 at epoch=53 step=11797     
                    WARNING  High grad norm: 813.02 at epoch=53 step=11798     
                    WARNING  High grad norm: 650.98 at epoch=53 step=11799     
                    INFO     epoch=53 step=11800 loss=474.9138                 
                             grad_norm=650.9763 lr=1.00e-06                    
                    WARNING  High grad norm: 534.59 at epoch=53 step=11800     
[04/21/26 23:10:41] WARNING  High grad norm: 830.00 at epoch=53 step=11801     
                    WARNING  High grad norm: 799.83 at epoch=53 step=11802     
                    WARNING  High grad norm: 1561.21 at epoch=53 step=11803    
                    WARNING  High grad norm: 3118.94 at epoch=53 step=11804    
[04/21/26 23:10:42] WARNING  High grad norm: 1304.37 at epoch=53 step=11805    
                    WARNING  High grad norm: 1044.57 at epoch=53 step=11806    
                    WARNING  High grad norm: 812.78 at epoch=53 step=11807     
                    WARNING  High grad norm: 786.52 at epoch=53 step=11808     
                    WARNING  High grad norm: 1037.69 at epoch=53 step=11809    
[04/21/26 23:10:43] WARNING  High grad norm: 913.99 at epoch=53 step=11810     
                    WARNING  High grad norm: 563.92 at epoch=53 step=11811     
                    WARNING  High grad norm: 623.34 at epoch=53 step=11812     
                    WARNING  High grad norm: 977.09 at epoch=53 step=11813     
[04/21/26 23:10:44] WARNING  High grad norm: 590.78 at epoch=53 step=11814     
                    WARNING  High grad norm: 548.30 at epoch=53 step=11815     
                    WARNING  High grad norm: 1420.35 at epoch=53 step=11816    
                    WARNING  High grad norm: 1370.33 at epoch=53 step=11817    
                    WARNING  High grad norm: 1556.60 at epoch=53 step=11818    
[04/21/26 23:10:45] INFO     epoch=53 avg_loss=475.2029 lr=1.00e-06            
[04/21/26 23:10:59] WARNING  High grad norm: 1105.03 at epoch=54 step=11819    
                    WARNING  High grad norm: 839.05 at epoch=54 step=11820     
                    WARNING  High grad norm: 2176.97 at epoch=54 step=11821    
                    WARNING  High grad norm: 1328.05 at epoch=54 step=11822    
[04/21/26 23:11:00] WARNING  High grad norm: 653.94 at epoch=54 step=11823     
                    WARNING  High grad norm: 834.56 at epoch=54 step=11824     
                    WARNING  High grad norm: 928.24 at epoch=54 step=11825     
                    WARNING  High grad norm: 940.48 at epoch=54 step=11826     
                    WARNING  High grad norm: 731.91 at epoch=54 step=11827     
[04/21/26 23:11:01] WARNING  High grad norm: 1242.63 at epoch=54 step=11828    
                    WARNING  High grad norm: 952.23 at epoch=54 step=11829     
                    WARNING  High grad norm: 982.60 at epoch=54 step=11830     
                    WARNING  High grad norm: 786.77 at epoch=54 step=11831     
[04/21/26 23:11:02] WARNING  High grad norm: 2375.37 at epoch=54 step=11832    
                    WARNING  High grad norm: 701.93 at epoch=54 step=11833     
                    WARNING  High grad norm: 1024.80 at epoch=54 step=11834    
                    WARNING  High grad norm: 1148.17 at epoch=54 step=11835    
[04/21/26 23:11:03] WARNING  High grad norm: 1443.96 at epoch=54 step=11836    
                    WARNING  High grad norm: 711.87 at epoch=54 step=11837     
                    WARNING  High grad norm: 707.74 at epoch=54 step=11838     
                    WARNING  High grad norm: 954.27 at epoch=54 step=11839     
                    WARNING  High grad norm: 657.48 at epoch=54 step=11840     
[04/21/26 23:11:04] WARNING  High grad norm: 842.83 at epoch=54 step=11841     
                    WARNING  High grad norm: 624.27 at epoch=54 step=11842     
                    WARNING  High grad norm: 506.23 at epoch=54 step=11843     
                    WARNING  High grad norm: 1427.53 at epoch=54 step=11844    
[04/21/26 23:11:05] WARNING  High grad norm: 547.40 at epoch=54 step=11845     
                    WARNING  High grad norm: 1600.30 at epoch=54 step=11846    
                    WARNING  High grad norm: 1212.60 at epoch=54 step=11847    
                    WARNING  High grad norm: 1226.60 at epoch=54 step=11848    
                    WARNING  High grad norm: 936.82 at epoch=54 step=11849     
[04/21/26 23:11:06] WARNING  High grad norm: 1501.20 at epoch=54 step=11850    
                    WARNING  High grad norm: 616.29 at epoch=54 step=11851     
                    WARNING  High grad norm: 904.93 at epoch=54 step=11852     
                    WARNING  High grad norm: 1501.02 at epoch=54 step=11853    
[04/21/26 23:11:07] WARNING  High grad norm: 596.84 at epoch=54 step=11854     
                    WARNING  High grad norm: 2021.84 at epoch=54 step=11855    
                    WARNING  High grad norm: 1099.13 at epoch=54 step=11856    
                    WARNING  High grad norm: 529.45 at epoch=54 step=11857     
                    WARNING  High grad norm: 760.08 at epoch=54 step=11858     
[04/21/26 23:11:08] WARNING  High grad norm: 500.14 at epoch=54 step=11859     
                    WARNING  High grad norm: 792.78 at epoch=54 step=11860     
                    WARNING  High grad norm: 1888.49 at epoch=54 step=11861    
                    WARNING  High grad norm: 1160.12 at epoch=54 step=11862    
                    WARNING  High grad norm: 2466.34 at epoch=54 step=11863    
[04/21/26 23:11:09] WARNING  High grad norm: 1177.52 at epoch=54 step=11864    
                    WARNING  High grad norm: 775.72 at epoch=54 step=11865     
                    WARNING  High grad norm: 524.97 at epoch=54 step=11866     
                    WARNING  High grad norm: 645.46 at epoch=54 step=11867     
[04/21/26 23:11:10] WARNING  High grad norm: 915.27 at epoch=54 step=11868     
                    WARNING  High grad norm: 2362.37 at epoch=54 step=11869    
                    WARNING  High grad norm: 819.84 at epoch=54 step=11870     
                    WARNING  High grad norm: 1905.42 at epoch=54 step=11871    
                    WARNING  High grad norm: 1105.00 at epoch=54 step=11872    
[04/21/26 23:11:11] WARNING  High grad norm: 862.10 at epoch=54 step=11873     
                    WARNING  High grad norm: 1048.59 at epoch=54 step=11874    
                    WARNING  High grad norm: 1043.32 at epoch=54 step=11875    
                    WARNING  High grad norm: 1188.43 at epoch=54 step=11876    
[04/21/26 23:11:12] WARNING  High grad norm: 1333.22 at epoch=54 step=11877    
                    WARNING  High grad norm: 1682.66 at epoch=54 step=11878    
                    WARNING  High grad norm: 1899.70 at epoch=54 step=11879    
                    WARNING  High grad norm: 1920.20 at epoch=54 step=11880    
                    WARNING  High grad norm: 1150.75 at epoch=54 step=11881    
[04/21/26 23:11:13] WARNING  High grad norm: 1623.03 at epoch=54 step=11882    
                    WARNING  High grad norm: 1496.26 at epoch=54 step=11883    
                    WARNING  High grad norm: 1025.83 at epoch=54 step=11884    
                    WARNING  High grad norm: 834.47 at epoch=54 step=11885     
[04/21/26 23:11:14] WARNING  High grad norm: 796.16 at epoch=54 step=11886     
                    WARNING  High grad norm: 504.15 at epoch=54 step=11887     
                    WARNING  High grad norm: 1283.13 at epoch=54 step=11888    
                    WARNING  High grad norm: 983.45 at epoch=54 step=11889     
                    WARNING  High grad norm: 735.31 at epoch=54 step=11890     
[04/21/26 23:11:15] WARNING  High grad norm: 633.01 at epoch=54 step=11891     
                    WARNING  High grad norm: 2290.84 at epoch=54 step=11892    
                    WARNING  High grad norm: 1662.72 at epoch=54 step=11893    
                    WARNING  High grad norm: 1218.24 at epoch=54 step=11894    
[04/21/26 23:11:16] WARNING  High grad norm: 1131.69 at epoch=54 step=11895    
                    WARNING  High grad norm: 1253.81 at epoch=54 step=11896    
                    WARNING  High grad norm: 853.24 at epoch=54 step=11897     
                    WARNING  High grad norm: 1976.89 at epoch=54 step=11898    
                    WARNING  High grad norm: 2076.38 at epoch=54 step=11899    
                    INFO     epoch=54 step=11900 loss=475.2605                 
                             grad_norm=2076.3801 lr=1.00e-06                   
[04/21/26 23:11:17] WARNING  High grad norm: 1190.10 at epoch=54 step=11900    
                    WARNING  High grad norm: 471.61 at epoch=54 step=11901     
                    WARNING  High grad norm: 1097.21 at epoch=54 step=11902    
                    WARNING  High grad norm: 1040.93 at epoch=54 step=11903    
[04/21/26 23:11:18] WARNING  High grad norm: 1476.59 at epoch=54 step=11904    
                    WARNING  High grad norm: 941.08 at epoch=54 step=11905     
                    WARNING  High grad norm: 1862.52 at epoch=54 step=11906    
                    WARNING  High grad norm: 1582.11 at epoch=54 step=11907    
                    WARNING  High grad norm: 987.04 at epoch=54 step=11908     
[04/21/26 23:11:19] WARNING  High grad norm: 1321.76 at epoch=54 step=11909    
                    WARNING  High grad norm: 848.42 at epoch=54 step=11910     
                    WARNING  High grad norm: 926.84 at epoch=54 step=11911     
                    WARNING  High grad norm: 667.13 at epoch=54 step=11912     
[04/21/26 23:11:20] WARNING  High grad norm: 714.30 at epoch=54 step=11913     
                    WARNING  High grad norm: 1624.32 at epoch=54 step=11914    
                    WARNING  High grad norm: 1058.63 at epoch=54 step=11915    
                    WARNING  High grad norm: 628.71 at epoch=54 step=11916     
                    WARNING  High grad norm: 1352.31 at epoch=54 step=11917    
[04/21/26 23:11:21] WARNING  High grad norm: 904.25 at epoch=54 step=11918     
                    WARNING  High grad norm: 966.57 at epoch=54 step=11919     
                    WARNING  High grad norm: 698.22 at epoch=54 step=11920     
                    WARNING  High grad norm: 820.89 at epoch=54 step=11921     
[04/21/26 23:11:22] WARNING  High grad norm: 937.69 at epoch=54 step=11922     
                    WARNING  High grad norm: 1490.23 at epoch=54 step=11923    
                    WARNING  High grad norm: 1240.29 at epoch=54 step=11924    
                    WARNING  High grad norm: 892.63 at epoch=54 step=11925     
[04/21/26 23:11:23] WARNING  High grad norm: 845.60 at epoch=54 step=11926     
                    WARNING  High grad norm: 1756.53 at epoch=54 step=11927    
                    WARNING  High grad norm: 1584.60 at epoch=54 step=11928    
                    WARNING  High grad norm: 918.17 at epoch=54 step=11929     
                    WARNING  High grad norm: 1291.78 at epoch=54 step=11930    
[04/21/26 23:11:24] WARNING  High grad norm: 713.93 at epoch=54 step=11931     
                    WARNING  High grad norm: 1019.30 at epoch=54 step=11932    
                    WARNING  High grad norm: 791.87 at epoch=54 step=11933     
                    WARNING  High grad norm: 1924.86 at epoch=54 step=11934    
[04/21/26 23:11:25] WARNING  High grad norm: 1279.36 at epoch=54 step=11935    
                    WARNING  High grad norm: 1085.03 at epoch=54 step=11936    
                    WARNING  High grad norm: 650.16 at epoch=54 step=11937     
                    WARNING  High grad norm: 808.86 at epoch=54 step=11938     
                    WARNING  High grad norm: 790.00 at epoch=54 step=11939     
[04/21/26 23:11:26] WARNING  High grad norm: 1360.29 at epoch=54 step=11940    
                    WARNING  High grad norm: 821.30 at epoch=54 step=11941     
                    WARNING  High grad norm: 746.49 at epoch=54 step=11942     
                    WARNING  High grad norm: 748.18 at epoch=54 step=11943     
[04/21/26 23:11:27] WARNING  High grad norm: 1285.70 at epoch=54 step=11944    
                    WARNING  High grad norm: 1422.42 at epoch=54 step=11945    
                    WARNING  High grad norm: 624.39 at epoch=54 step=11946     
                    WARNING  High grad norm: 2316.09 at epoch=54 step=11947    
                    WARNING  High grad norm: 2536.07 at epoch=54 step=11948    
[04/21/26 23:11:28] WARNING  High grad norm: 1300.65 at epoch=54 step=11949    
                    WARNING  High grad norm: 881.05 at epoch=54 step=11950     
                    WARNING  High grad norm: 864.50 at epoch=54 step=11951     
                    WARNING  High grad norm: 915.92 at epoch=54 step=11952     
[04/21/26 23:11:29] WARNING  High grad norm: 690.09 at epoch=54 step=11953     
                    WARNING  High grad norm: 1137.15 at epoch=54 step=11954    
                    WARNING  High grad norm: 897.39 at epoch=54 step=11955     
                    WARNING  High grad norm: 1131.34 at epoch=54 step=11956    
                    WARNING  High grad norm: 559.88 at epoch=54 step=11957     
[04/21/26 23:11:30] WARNING  High grad norm: 1527.96 at epoch=54 step=11958    
                    WARNING  High grad norm: 1431.08 at epoch=54 step=11959    
                    WARNING  High grad norm: 1423.95 at epoch=54 step=11960    
                    WARNING  High grad norm: 692.30 at epoch=54 step=11961     
[04/21/26 23:11:31] WARNING  High grad norm: 991.53 at epoch=54 step=11962     
                    WARNING  High grad norm: 675.92 at epoch=54 step=11963     
                    WARNING  High grad norm: 805.01 at epoch=54 step=11964     
                    WARNING  High grad norm: 1240.55 at epoch=54 step=11965    
                    WARNING  High grad norm: 1042.22 at epoch=54 step=11966    
[04/21/26 23:11:32] WARNING  High grad norm: 773.36 at epoch=54 step=11967     
                    WARNING  High grad norm: 1370.57 at epoch=54 step=11968    
                    WARNING  High grad norm: 976.87 at epoch=54 step=11969     
                    WARNING  High grad norm: 1696.49 at epoch=54 step=11970    
[04/21/26 23:11:33] WARNING  High grad norm: 1740.68 at epoch=54 step=11971    
                    WARNING  High grad norm: 895.41 at epoch=54 step=11972     
                    WARNING  High grad norm: 994.24 at epoch=54 step=11973     
                    WARNING  High grad norm: 2351.05 at epoch=54 step=11974    
                    WARNING  High grad norm: 1328.62 at epoch=54 step=11975    
[04/21/26 23:11:34] WARNING  High grad norm: 840.11 at epoch=54 step=11976     
                    WARNING  High grad norm: 1136.17 at epoch=54 step=11977    
                    WARNING  High grad norm: 1802.89 at epoch=54 step=11978    
                    WARNING  High grad norm: 893.60 at epoch=54 step=11979     
[04/21/26 23:11:35] WARNING  High grad norm: 1295.80 at epoch=54 step=11980    
                    WARNING  High grad norm: 736.94 at epoch=54 step=11981     
                    WARNING  High grad norm: 738.11 at epoch=54 step=11982     
                    WARNING  High grad norm: 1531.72 at epoch=54 step=11983    
                    WARNING  High grad norm: 1393.47 at epoch=54 step=11984    
[04/21/26 23:11:36] WARNING  High grad norm: 884.31 at epoch=54 step=11985     
                    WARNING  High grad norm: 954.64 at epoch=54 step=11986     
                    WARNING  High grad norm: 825.46 at epoch=54 step=11987     
                    WARNING  High grad norm: 830.18 at epoch=54 step=11988     
[04/21/26 23:11:37] WARNING  High grad norm: 800.34 at epoch=54 step=11989     
                    WARNING  High grad norm: 809.85 at epoch=54 step=11990     
                    WARNING  High grad norm: 913.82 at epoch=54 step=11991     
                    WARNING  High grad norm: 572.27 at epoch=54 step=11992     
                    WARNING  High grad norm: 1326.32 at epoch=54 step=11993    
[04/21/26 23:11:38] WARNING  High grad norm: 869.33 at epoch=54 step=11994     
                    WARNING  High grad norm: 605.44 at epoch=54 step=11995     
                    WARNING  High grad norm: 1502.39 at epoch=54 step=11996    
                    WARNING  High grad norm: 1517.29 at epoch=54 step=11997    
[04/21/26 23:11:39] WARNING  High grad norm: 881.33 at epoch=54 step=11998     
                    WARNING  High grad norm: 1391.05 at epoch=54 step=11999    
                    INFO     epoch=54 step=12000 loss=476.2000                 
                             grad_norm=1391.0475 lr=1.00e-06                   
                    WARNING  High grad norm: 1092.74 at epoch=54 step=12000    
                    WARNING  High grad norm: 1489.80 at epoch=54 step=12001    
                    WARNING  High grad norm: 1406.64 at epoch=54 step=12002    
[04/21/26 23:11:40] WARNING  High grad norm: 1404.29 at epoch=54 step=12003    
                    WARNING  High grad norm: 1496.55 at epoch=54 step=12004    
                    WARNING  High grad norm: 808.86 at epoch=54 step=12005     
                    WARNING  High grad norm: 984.61 at epoch=54 step=12006     
[04/21/26 23:11:41] WARNING  High grad norm: 1737.15 at epoch=54 step=12007    
                    WARNING  High grad norm: 1330.47 at epoch=54 step=12008    
                    WARNING  High grad norm: 1620.38 at epoch=54 step=12009    
                    WARNING  High grad norm: 1390.40 at epoch=54 step=12010    
                    WARNING  High grad norm: 669.80 at epoch=54 step=12011     
[04/21/26 23:11:42] WARNING  High grad norm: 2611.71 at epoch=54 step=12012    
                    WARNING  High grad norm: 1536.62 at epoch=54 step=12013    
                    WARNING  High grad norm: 1428.24 at epoch=54 step=12014    
                    WARNING  High grad norm: 1301.21 at epoch=54 step=12015    
[04/21/26 23:11:43] WARNING  High grad norm: 777.44 at epoch=54 step=12016     
                    WARNING  High grad norm: 635.26 at epoch=54 step=12017     
                    WARNING  High grad norm: 1289.01 at epoch=54 step=12018    
                    WARNING  High grad norm: 1112.53 at epoch=54 step=12019    
                    WARNING  High grad norm: 1415.24 at epoch=54 step=12020    
[04/21/26 23:11:44] WARNING  High grad norm: 1754.27 at epoch=54 step=12021    
                    WARNING  High grad norm: 1099.00 at epoch=54 step=12022    
                    WARNING  High grad norm: 1035.77 at epoch=54 step=12023    
                    WARNING  High grad norm: 1493.73 at epoch=54 step=12024    
[04/21/26 23:11:45] WARNING  High grad norm: 786.20 at epoch=54 step=12025     
                    WARNING  High grad norm: 2948.98 at epoch=54 step=12026    
                    WARNING  High grad norm: 1449.13 at epoch=54 step=12027    
                    WARNING  High grad norm: 757.75 at epoch=54 step=12028     
                    WARNING  High grad norm: 750.71 at epoch=54 step=12029     
[04/21/26 23:11:46] WARNING  High grad norm: 2540.44 at epoch=54 step=12030    
                    WARNING  High grad norm: 907.00 at epoch=54 step=12031     
                    WARNING  High grad norm: 864.41 at epoch=54 step=12032     
                    WARNING  High grad norm: 642.08 at epoch=54 step=12033     
[04/21/26 23:11:47] WARNING  High grad norm: 691.35 at epoch=54 step=12034     
                    WARNING  High grad norm: 907.01 at epoch=54 step=12035     
                    WARNING  High grad norm: 1129.14 at epoch=54 step=12036    
                    WARNING  High grad norm: 569.59 at epoch=54 step=12037     
                    WARNING  High grad norm: 1269.32 at epoch=54 step=12038    
[04/21/26 23:11:48] WARNING  High grad norm: 621.61 at epoch=54 step=12039     
                    WARNING  High grad norm: 946.92 at epoch=54 step=12040     
                    WARNING  High grad norm: 1045.26 at epoch=54 step=12041    
[04/21/26 23:11:49] INFO     epoch=54 avg_loss=478.0257 lr=1.00e-06            
[04/21/26 23:12:03] WARNING  High grad norm: 1132.76 at epoch=55 step=12042    
                    WARNING  High grad norm: 726.05 at epoch=55 step=12043     
                    WARNING  High grad norm: 762.23 at epoch=55 step=12044     
[04/21/26 23:12:04] WARNING  High grad norm: 801.99 at epoch=55 step=12045     
                    WARNING  High grad norm: 1375.84 at epoch=55 step=12046    
                    WARNING  High grad norm: 1016.40 at epoch=55 step=12047    
                    WARNING  High grad norm: 1968.05 at epoch=55 step=12048    
                    WARNING  High grad norm: 807.00 at epoch=55 step=12049     
[04/21/26 23:12:05] WARNING  High grad norm: 761.04 at epoch=55 step=12050     
                    WARNING  High grad norm: 1619.62 at epoch=55 step=12051    
                    WARNING  High grad norm: 941.23 at epoch=55 step=12052     
                    WARNING  High grad norm: 702.82 at epoch=55 step=12053     
                    WARNING  High grad norm: 1104.31 at epoch=55 step=12054    
[04/21/26 23:12:06] WARNING  High grad norm: 1228.97 at epoch=55 step=12055    
                    WARNING  High grad norm: 996.49 at epoch=55 step=12056     
                    WARNING  High grad norm: 2096.05 at epoch=55 step=12057    
                    WARNING  High grad norm: 1271.87 at epoch=55 step=12058    
[04/21/26 23:12:07] WARNING  High grad norm: 658.28 at epoch=55 step=12059     
                    WARNING  High grad norm: 953.26 at epoch=55 step=12060     
                    WARNING  High grad norm: 1152.16 at epoch=55 step=12061    
                    WARNING  High grad norm: 1498.06 at epoch=55 step=12062    
                    WARNING  High grad norm: 944.25 at epoch=55 step=12063     
[04/21/26 23:12:08] WARNING  High grad norm: 890.46 at epoch=55 step=12064     
                    WARNING  High grad norm: 915.26 at epoch=55 step=12065     
                    WARNING  High grad norm: 910.11 at epoch=55 step=12066     
                    WARNING  High grad norm: 1676.56 at epoch=55 step=12067    
[04/21/26 23:12:09] WARNING  High grad norm: 925.60 at epoch=55 step=12068     
                    WARNING  High grad norm: 1700.05 at epoch=55 step=12069    
                    WARNING  High grad norm: 1572.49 at epoch=55 step=12070    
                    WARNING  High grad norm: 775.87 at epoch=55 step=12071     
                    WARNING  High grad norm: 904.80 at epoch=55 step=12072     
[04/21/26 23:12:10] WARNING  High grad norm: 830.98 at epoch=55 step=12073     
                    WARNING  High grad norm: 540.94 at epoch=55 step=12074     
                    WARNING  High grad norm: 1297.82 at epoch=55 step=12075    
                    WARNING  High grad norm: 1076.00 at epoch=55 step=12076    
[04/21/26 23:12:11] WARNING  High grad norm: 1086.88 at epoch=55 step=12077    
                    WARNING  High grad norm: 907.47 at epoch=55 step=12078     
                    WARNING  High grad norm: 576.46 at epoch=55 step=12079     
                    WARNING  High grad norm: 2061.78 at epoch=55 step=12080    
                    WARNING  High grad norm: 1607.01 at epoch=55 step=12081    
[04/21/26 23:12:12] WARNING  High grad norm: 1292.58 at epoch=55 step=12082    
                    WARNING  High grad norm: 882.54 at epoch=55 step=12083     
                    WARNING  High grad norm: 1480.63 at epoch=55 step=12084    
                    WARNING  High grad norm: 623.38 at epoch=55 step=12085     
[04/21/26 23:12:13] WARNING  High grad norm: 604.56 at epoch=55 step=12086     
                    WARNING  High grad norm: 628.25 at epoch=55 step=12087     
                    WARNING  High grad norm: 434.40 at epoch=55 step=12088     
                    WARNING  High grad norm: 828.13 at epoch=55 step=12089     
                    WARNING  High grad norm: 814.60 at epoch=55 step=12090     
[04/21/26 23:12:14] WARNING  High grad norm: 535.28 at epoch=55 step=12091     
                    WARNING  High grad norm: 1500.32 at epoch=55 step=12092    
                    WARNING  High grad norm: 1299.85 at epoch=55 step=12093    
                    WARNING  High grad norm: 975.93 at epoch=55 step=12094     
[04/21/26 23:12:15] WARNING  High grad norm: 716.43 at epoch=55 step=12095     
                    WARNING  High grad norm: 2306.97 at epoch=55 step=12096    
                    WARNING  High grad norm: 1507.77 at epoch=55 step=12097    
                    WARNING  High grad norm: 754.14 at epoch=55 step=12098     
                    WARNING  High grad norm: 721.12 at epoch=55 step=12099     
[04/21/26 23:12:16] INFO     epoch=55 step=12100 loss=465.6927                 
                             grad_norm=721.1205 lr=1.00e-06                    
                    WARNING  High grad norm: 702.21 at epoch=55 step=12100     
                    WARNING  High grad norm: 940.25 at epoch=55 step=12101     
                    WARNING  High grad norm: 1480.29 at epoch=55 step=12102    
                    WARNING  High grad norm: 794.46 at epoch=55 step=12103     
[04/21/26 23:12:17] WARNING  High grad norm: 837.60 at epoch=55 step=12104     
                    WARNING  High grad norm: 389.86 at epoch=55 step=12105     
                    WARNING  High grad norm: 1196.12 at epoch=55 step=12106    
                    WARNING  High grad norm: 736.01 at epoch=55 step=12107     
                    WARNING  High grad norm: 657.66 at epoch=55 step=12108     
[04/21/26 23:12:18] WARNING  High grad norm: 1339.56 at epoch=55 step=12109    
                    WARNING  High grad norm: 1456.48 at epoch=55 step=12110    
                    WARNING  High grad norm: 965.92 at epoch=55 step=12111     
                    WARNING  High grad norm: 1032.22 at epoch=55 step=12112    
[04/21/26 23:12:19] WARNING  High grad norm: 1125.41 at epoch=55 step=12113    
                    WARNING  High grad norm: 1571.35 at epoch=55 step=12114    
                    WARNING  High grad norm: 1234.75 at epoch=55 step=12115    
                    WARNING  High grad norm: 748.01 at epoch=55 step=12116     
                    WARNING  High grad norm: 879.11 at epoch=55 step=12117     
[04/21/26 23:12:20] WARNING  High grad norm: 1015.10 at epoch=55 step=12118    
                    WARNING  High grad norm: 920.17 at epoch=55 step=12119     
                    WARNING  High grad norm: 994.47 at epoch=55 step=12120     
                    WARNING  High grad norm: 931.64 at epoch=55 step=12121     
[04/21/26 23:12:21] WARNING  High grad norm: 1172.17 at epoch=55 step=12122    
                    WARNING  High grad norm: 1420.50 at epoch=55 step=12123    
                    WARNING  High grad norm: 1750.12 at epoch=55 step=12124    
                    WARNING  High grad norm: 744.94 at epoch=55 step=12125     
                    WARNING  High grad norm: 998.94 at epoch=55 step=12126     
[04/21/26 23:12:22] WARNING  High grad norm: 912.93 at epoch=55 step=12127     
                    WARNING  High grad norm: 1191.04 at epoch=55 step=12128    
                    WARNING  High grad norm: 1103.47 at epoch=55 step=12129    
                    WARNING  High grad norm: 2136.43 at epoch=55 step=12130    
[04/21/26 23:12:23] WARNING  High grad norm: 904.69 at epoch=55 step=12131     
                    WARNING  High grad norm: 459.72 at epoch=55 step=12132     
                    WARNING  High grad norm: 867.57 at epoch=55 step=12133     
                    WARNING  High grad norm: 979.50 at epoch=55 step=12134     
[04/21/26 23:12:24] WARNING  High grad norm: 1483.45 at epoch=55 step=12135    
                    WARNING  High grad norm: 1036.58 at epoch=55 step=12136    
                    WARNING  High grad norm: 745.81 at epoch=55 step=12137     
                    WARNING  High grad norm: 724.83 at epoch=55 step=12138     
                    WARNING  High grad norm: 1380.45 at epoch=55 step=12139    
[04/21/26 23:12:25] WARNING  High grad norm: 855.44 at epoch=55 step=12140     
                    WARNING  High grad norm: 852.64 at epoch=55 step=12141     
                    WARNING  High grad norm: 717.80 at epoch=55 step=12142     
                    WARNING  High grad norm: 1016.20 at epoch=55 step=12143    
                    WARNING  High grad norm: 1067.38 at epoch=55 step=12144    
[04/21/26 23:12:26] WARNING  High grad norm: 809.40 at epoch=55 step=12145     
                    WARNING  High grad norm: 928.95 at epoch=55 step=12146     
                    WARNING  High grad norm: 923.46 at epoch=55 step=12147     
                    WARNING  High grad norm: 1077.22 at epoch=55 step=12148    
[04/21/26 23:12:27] WARNING  High grad norm: 1291.82 at epoch=55 step=12149    
                    WARNING  High grad norm: 1114.48 at epoch=55 step=12150    
                    WARNING  High grad norm: 1793.85 at epoch=55 step=12151    
                    WARNING  High grad norm: 841.32 at epoch=55 step=12152     
[04/21/26 23:12:28] WARNING  High grad norm: 1478.50 at epoch=55 step=12153    
                    WARNING  High grad norm: 1889.35 at epoch=55 step=12154    
                    WARNING  High grad norm: 879.68 at epoch=55 step=12155     
                    WARNING  High grad norm: 946.89 at epoch=55 step=12156     
                    WARNING  High grad norm: 877.96 at epoch=55 step=12157     
[04/21/26 23:12:29] WARNING  High grad norm: 666.95 at epoch=55 step=12158     
                    WARNING  High grad norm: 1346.22 at epoch=55 step=12159    
                    WARNING  High grad norm: 1175.00 at epoch=55 step=12160    
                    WARNING  High grad norm: 2474.78 at epoch=55 step=12161    
[04/21/26 23:12:30] WARNING  High grad norm: 638.56 at epoch=55 step=12162     
                    WARNING  High grad norm: 1403.08 at epoch=55 step=12163    
                    WARNING  High grad norm: 754.30 at epoch=55 step=12164     
                    WARNING  High grad norm: 1838.82 at epoch=55 step=12165    
                    WARNING  High grad norm: 742.03 at epoch=55 step=12166     
[04/21/26 23:12:31] WARNING  High grad norm: 918.37 at epoch=55 step=12167     
                    WARNING  High grad norm: 685.42 at epoch=55 step=12168     
                    WARNING  High grad norm: 648.97 at epoch=55 step=12169     
                    WARNING  High grad norm: 1249.61 at epoch=55 step=12170    
[04/21/26 23:12:32] WARNING  High grad norm: 932.88 at epoch=55 step=12171     
                    WARNING  High grad norm: 721.35 at epoch=55 step=12172     
                    WARNING  High grad norm: 638.24 at epoch=55 step=12173     
                    WARNING  High grad norm: 1349.76 at epoch=55 step=12174    
                    WARNING  High grad norm: 834.36 at epoch=55 step=12175     
[04/21/26 23:12:33] WARNING  High grad norm: 867.72 at epoch=55 step=12176     
                    WARNING  High grad norm: 1442.68 at epoch=55 step=12177    
                    WARNING  High grad norm: 759.91 at epoch=55 step=12178     
                    WARNING  High grad norm: 1012.17 at epoch=55 step=12179    
[04/21/26 23:12:34] WARNING  High grad norm: 906.28 at epoch=55 step=12180     
                    WARNING  High grad norm: 663.05 at epoch=55 step=12181     
                    WARNING  High grad norm: 1548.32 at epoch=55 step=12182    
                    WARNING  High grad norm: 1217.26 at epoch=55 step=12183    
                    WARNING  High grad norm: 987.66 at epoch=55 step=12184     
[04/21/26 23:12:35] WARNING  High grad norm: 652.08 at epoch=55 step=12185     
                    WARNING  High grad norm: 1196.27 at epoch=55 step=12186    
                    WARNING  High grad norm: 699.99 at epoch=55 step=12187     
                    WARNING  High grad norm: 859.54 at epoch=55 step=12188     
                    WARNING  High grad norm: 1187.76 at epoch=55 step=12189    
[04/21/26 23:12:36] WARNING  High grad norm: 2023.24 at epoch=55 step=12190    
                    WARNING  High grad norm: 1938.29 at epoch=55 step=12191    
                    WARNING  High grad norm: 973.95 at epoch=55 step=12192     
                    WARNING  High grad norm: 1005.16 at epoch=55 step=12193    
[04/21/26 23:12:37] WARNING  High grad norm: 783.16 at epoch=55 step=12194     
                    WARNING  High grad norm: 658.22 at epoch=55 step=12195     
                    WARNING  High grad norm: 930.85 at epoch=55 step=12196     
                    WARNING  High grad norm: 1074.36 at epoch=55 step=12197    
[04/21/26 23:12:38] WARNING  High grad norm: 1534.88 at epoch=55 step=12198    
                    WARNING  High grad norm: 852.46 at epoch=55 step=12199     
                    INFO     epoch=55 step=12200 loss=478.8649                 
                             grad_norm=852.4553 lr=1.00e-06                    
                    WARNING  High grad norm: 1041.47 at epoch=55 step=12200    
                    WARNING  High grad norm: 628.07 at epoch=55 step=12201     
                    WARNING  High grad norm: 544.45 at epoch=55 step=12202     
[04/21/26 23:12:39] WARNING  High grad norm: 1291.81 at epoch=55 step=12203    
                    WARNING  High grad norm: 623.43 at epoch=55 step=12204     
                    WARNING  High grad norm: 1120.04 at epoch=55 step=12205    
                    WARNING  High grad norm: 835.73 at epoch=55 step=12206     
[04/21/26 23:12:40] WARNING  High grad norm: 808.14 at epoch=55 step=12207     
                    WARNING  High grad norm: 1168.60 at epoch=55 step=12208    
                    WARNING  High grad norm: 856.85 at epoch=55 step=12209     
                    WARNING  High grad norm: 713.39 at epoch=55 step=12210     
                    WARNING  High grad norm: 802.47 at epoch=55 step=12211     
[04/21/26 23:12:41] WARNING  High grad norm: 772.63 at epoch=55 step=12212     
                    WARNING  High grad norm: 884.90 at epoch=55 step=12213     
                    WARNING  High grad norm: 768.01 at epoch=55 step=12214     
                    WARNING  High grad norm: 1327.19 at epoch=55 step=12215    
[04/21/26 23:12:42] WARNING  High grad norm: 1076.74 at epoch=55 step=12216    
                    WARNING  High grad norm: 1356.30 at epoch=55 step=12217    
                    WARNING  High grad norm: 730.72 at epoch=55 step=12218     
                    WARNING  High grad norm: 770.33 at epoch=55 step=12219     
                    WARNING  High grad norm: 1088.85 at epoch=55 step=12220    
[04/21/26 23:12:43] WARNING  High grad norm: 702.13 at epoch=55 step=12221     
                    WARNING  High grad norm: 1595.93 at epoch=55 step=12222    
                    WARNING  High grad norm: 1252.48 at epoch=55 step=12223    
                    WARNING  High grad norm: 1014.66 at epoch=55 step=12224    
                    WARNING  High grad norm: 883.50 at epoch=55 step=12225     
[04/21/26 23:12:44] WARNING  High grad norm: 970.61 at epoch=55 step=12226     
                    WARNING  High grad norm: 939.03 at epoch=55 step=12227     
                    WARNING  High grad norm: 1614.00 at epoch=55 step=12228    
                    WARNING  High grad norm: 762.64 at epoch=55 step=12229     
[04/21/26 23:12:45] WARNING  High grad norm: 670.52 at epoch=55 step=12230     
                    WARNING  High grad norm: 1678.07 at epoch=55 step=12231    
                    WARNING  High grad norm: 1776.84 at epoch=55 step=12232    
                    WARNING  High grad norm: 739.69 at epoch=55 step=12233     
                    WARNING  High grad norm: 784.10 at epoch=55 step=12234     
[04/21/26 23:12:46] WARNING  High grad norm: 1669.67 at epoch=55 step=12235    
                    WARNING  High grad norm: 616.86 at epoch=55 step=12236     
                    WARNING  High grad norm: 1553.09 at epoch=55 step=12237    
                    WARNING  High grad norm: 3034.26 at epoch=55 step=12238    
[04/21/26 23:12:47] WARNING  High grad norm: 889.86 at epoch=55 step=12239     
                    WARNING  High grad norm: 1039.47 at epoch=55 step=12240    
                    WARNING  High grad norm: 1520.64 at epoch=55 step=12241    
                    WARNING  High grad norm: 1197.47 at epoch=55 step=12242    
                    WARNING  High grad norm: 1237.50 at epoch=55 step=12243    
[04/21/26 23:12:48] WARNING  High grad norm: 711.74 at epoch=55 step=12244     
                    WARNING  High grad norm: 827.00 at epoch=55 step=12245     
                    WARNING  High grad norm: 584.86 at epoch=55 step=12246     
                    WARNING  High grad norm: 1673.98 at epoch=55 step=12247    
[04/21/26 23:12:49] WARNING  High grad norm: 1875.21 at epoch=55 step=12248    
                    WARNING  High grad norm: 1045.98 at epoch=55 step=12249    
                    WARNING  High grad norm: 1417.45 at epoch=55 step=12250    
                    WARNING  High grad norm: 920.31 at epoch=55 step=12251     
                    WARNING  High grad norm: 1200.50 at epoch=55 step=12252    
[04/21/26 23:12:50] WARNING  High grad norm: 1326.71 at epoch=55 step=12253    
                    WARNING  High grad norm: 1423.08 at epoch=55 step=12254    
                    WARNING  High grad norm: 657.41 at epoch=55 step=12255     
                    WARNING  High grad norm: 769.12 at epoch=55 step=12256     
[04/21/26 23:12:51] WARNING  High grad norm: 718.40 at epoch=55 step=12257     
                    WARNING  High grad norm: 2017.89 at epoch=55 step=12258    
                    WARNING  High grad norm: 932.85 at epoch=55 step=12259     
                    WARNING  High grad norm: 1060.09 at epoch=55 step=12260    
                    WARNING  High grad norm: 897.10 at epoch=55 step=12261     
[04/21/26 23:12:52] WARNING  High grad norm: 1117.48 at epoch=55 step=12262    
                    WARNING  High grad norm: 797.88 at epoch=55 step=12263     
                    WARNING  High grad norm: 1232.29 at epoch=55 step=12264    
[04/21/26 23:12:53] INFO     epoch=55 avg_loss=478.9280 lr=1.00e-06            
[04/21/26 23:12:59] INFO     Saved checkpoint to                               
                             C:\Users\artun\Desktop\ITS-project\checkpoints\sco
                             re_fmnist_v2\score_epoch_0055.pt                  
[04/21/26 23:13:13] WARNING  High grad norm: 703.45 at epoch=56 step=12265     
                    WARNING  High grad norm: 1820.65 at epoch=56 step=12266    
                    WARNING  High grad norm: 1100.38 at epoch=56 step=12267    
                    WARNING  High grad norm: 1138.08 at epoch=56 step=12268    
[04/21/26 23:13:14] WARNING  High grad norm: 2378.12 at epoch=56 step=12269    
                    WARNING  High grad norm: 1358.33 at epoch=56 step=12270    
                    WARNING  High grad norm: 979.93 at epoch=56 step=12271     
                    WARNING  High grad norm: 1259.90 at epoch=56 step=12272    
[04/21/26 23:13:15] WARNING  High grad norm: 732.38 at epoch=56 step=12273     
                    WARNING  High grad norm: 1064.65 at epoch=56 step=12274    
                    WARNING  High grad norm: 1771.69 at epoch=56 step=12275    
                    WARNING  High grad norm: 1788.94 at epoch=56 step=12276    
                    WARNING  High grad norm: 1465.08 at epoch=56 step=12277    
[04/21/26 23:13:16] WARNING  High grad norm: 1426.52 at epoch=56 step=12278    
                    WARNING  High grad norm: 799.96 at epoch=56 step=12279     
                    WARNING  High grad norm: 1262.49 at epoch=56 step=12280    
                    WARNING  High grad norm: 1108.98 at epoch=56 step=12281    
[04/21/26 23:13:17] WARNING  High grad norm: 1041.08 at epoch=56 step=12282    
                    WARNING  High grad norm: 1091.50 at epoch=56 step=12283    
                    WARNING  High grad norm: 2725.90 at epoch=56 step=12284    
                    WARNING  High grad norm: 1763.46 at epoch=56 step=12285    
                    WARNING  High grad norm: 2118.72 at epoch=56 step=12286    
[04/21/26 23:13:18] WARNING  High grad norm: 586.45 at epoch=56 step=12287     
                    WARNING  High grad norm: 507.20 at epoch=56 step=12288     
                    WARNING  High grad norm: 1353.28 at epoch=56 step=12289    
                    WARNING  High grad norm: 1361.08 at epoch=56 step=12290    
[04/21/26 23:13:19] WARNING  High grad norm: 597.37 at epoch=56 step=12291     
                    WARNING  High grad norm: 898.03 at epoch=56 step=12292     
                    WARNING  High grad norm: 1020.54 at epoch=56 step=12293    
                    WARNING  High grad norm: 1892.47 at epoch=56 step=12294    
                    WARNING  High grad norm: 1918.09 at epoch=56 step=12295    
[04/21/26 23:13:20] WARNING  High grad norm: 1207.20 at epoch=56 step=12296    
                    WARNING  High grad norm: 928.61 at epoch=56 step=12297     
                    WARNING  High grad norm: 671.84 at epoch=56 step=12298     
                    WARNING  High grad norm: 945.53 at epoch=56 step=12299     
                    INFO     epoch=56 step=12300 loss=501.5403                 
                             grad_norm=945.5324 lr=1.00e-06                    
                    WARNING  High grad norm: 827.60 at epoch=56 step=12300     
[04/21/26 23:13:21] WARNING  High grad norm: 1621.30 at epoch=56 step=12301    
                    WARNING  High grad norm: 1828.76 at epoch=56 step=12302    
                    WARNING  High grad norm: 811.54 at epoch=56 step=12303     
                    WARNING  High grad norm: 1810.77 at epoch=56 step=12304    
[04/21/26 23:13:22] WARNING  High grad norm: 1171.27 at epoch=56 step=12305    
                    WARNING  High grad norm: 776.29 at epoch=56 step=12306     
                    WARNING  High grad norm: 657.48 at epoch=56 step=12307     
                    WARNING  High grad norm: 1676.49 at epoch=56 step=12308    
[04/21/26 23:13:23] WARNING  High grad norm: 560.49 at epoch=56 step=12309     
                    WARNING  High grad norm: 822.83 at epoch=56 step=12310     
                    WARNING  High grad norm: 642.67 at epoch=56 step=12311     
                    WARNING  High grad norm: 942.14 at epoch=56 step=12312     
                    WARNING  High grad norm: 609.01 at epoch=56 step=12313     
[04/21/26 23:13:24] WARNING  High grad norm: 1983.06 at epoch=56 step=12314    
                    WARNING  High grad norm: 744.08 at epoch=56 step=12315     
                    WARNING  High grad norm: 723.83 at epoch=56 step=12316     
                    WARNING  High grad norm: 1773.40 at epoch=56 step=12317    
[04/21/26 23:13:25] WARNING  High grad norm: 1078.01 at epoch=56 step=12318    
                    WARNING  High grad norm: 1336.42 at epoch=56 step=12319    
                    WARNING  High grad norm: 1087.69 at epoch=56 step=12320    
                    WARNING  High grad norm: 842.91 at epoch=56 step=12321     
                    WARNING  High grad norm: 3130.52 at epoch=56 step=12322    
[04/21/26 23:13:26] WARNING  High grad norm: 2055.64 at epoch=56 step=12323    
                    WARNING  High grad norm: 692.56 at epoch=56 step=12324     
                    WARNING  High grad norm: 2571.95 at epoch=56 step=12325    
                    WARNING  High grad norm: 824.07 at epoch=56 step=12326     
[04/21/26 23:13:27] WARNING  High grad norm: 757.23 at epoch=56 step=12327     
                    WARNING  High grad norm: 2123.66 at epoch=56 step=12328    
                    WARNING  High grad norm: 925.16 at epoch=56 step=12329     
                    WARNING  High grad norm: 1975.81 at epoch=56 step=12330    
                    WARNING  High grad norm: 713.53 at epoch=56 step=12331     
[04/21/26 23:13:28] WARNING  High grad norm: 1137.73 at epoch=56 step=12332    
                    WARNING  High grad norm: 1380.45 at epoch=56 step=12333    
                    WARNING  High grad norm: 807.17 at epoch=56 step=12334     
                    WARNING  High grad norm: 474.68 at epoch=56 step=12335     
[04/21/26 23:13:29] WARNING  High grad norm: 769.24 at epoch=56 step=12336     
                    WARNING  High grad norm: 807.60 at epoch=56 step=12337     
                    WARNING  High grad norm: 929.19 at epoch=56 step=12338     
                    WARNING  High grad norm: 4238.24 at epoch=56 step=12339    
                    WARNING  High grad norm: 2394.94 at epoch=56 step=12340    
[04/21/26 23:13:30] WARNING  High grad norm: 492.61 at epoch=56 step=12341     
                    WARNING  High grad norm: 1240.89 at epoch=56 step=12342    
                    WARNING  High grad norm: 1737.33 at epoch=56 step=12343    
                    WARNING  High grad norm: 653.76 at epoch=56 step=12344     
                    WARNING  High grad norm: 1050.47 at epoch=56 step=12345    
[04/21/26 23:13:31] WARNING  High grad norm: 1338.01 at epoch=56 step=12346    
                    WARNING  High grad norm: 1743.66 at epoch=56 step=12347    
                    WARNING  High grad norm: 1817.58 at epoch=56 step=12348    
                    WARNING  High grad norm: 610.11 at epoch=56 step=12349     
[04/21/26 23:13:32] WARNING  High grad norm: 1186.13 at epoch=56 step=12350    
                    WARNING  High grad norm: 1074.27 at epoch=56 step=12351    
                    WARNING  High grad norm: 660.21 at epoch=56 step=12352     
                    WARNING  High grad norm: 1387.43 at epoch=56 step=12353    
                    WARNING  High grad norm: 960.10 at epoch=56 step=12354     
[04/21/26 23:13:33] WARNING  High grad norm: 1855.57 at epoch=56 step=12355    
                    WARNING  High grad norm: 1612.27 at epoch=56 step=12356    
                    WARNING  High grad norm: 1122.44 at epoch=56 step=12357    
                    WARNING  High grad norm: 805.14 at epoch=56 step=12358     
[04/21/26 23:13:34] WARNING  High grad norm: 1723.49 at epoch=56 step=12359    
                    WARNING  High grad norm: 897.64 at epoch=56 step=12360     
                    WARNING  High grad norm: 1617.21 at epoch=56 step=12361    
                    WARNING  High grad norm: 1872.61 at epoch=56 step=12362    
                    WARNING  High grad norm: 1471.36 at epoch=56 step=12363    
[04/21/26 23:13:35] WARNING  High grad norm: 1256.79 at epoch=56 step=12364    
                    WARNING  High grad norm: 1162.04 at epoch=56 step=12365    
                    WARNING  High grad norm: 973.82 at epoch=56 step=12366     
                    WARNING  High grad norm: 1351.79 at epoch=56 step=12367    
[04/21/26 23:13:36] WARNING  High grad norm: 860.46 at epoch=56 step=12368     
                    WARNING  High grad norm: 1007.59 at epoch=56 step=12369    
                    WARNING  High grad norm: 1017.02 at epoch=56 step=12370    
                    WARNING  High grad norm: 1910.12 at epoch=56 step=12371    
                    WARNING  High grad norm: 2225.89 at epoch=56 step=12372    
[04/21/26 23:13:37] WARNING  High grad norm: 1157.00 at epoch=56 step=12373    
                    WARNING  High grad norm: 841.74 at epoch=56 step=12374     
                    WARNING  High grad norm: 861.95 at epoch=56 step=12375     
                    WARNING  High grad norm: 635.76 at epoch=56 step=12376     
[04/21/26 23:13:38] WARNING  High grad norm: 603.62 at epoch=56 step=12377     
                    WARNING  High grad norm: 733.41 at epoch=56 step=12378     
                    WARNING  High grad norm: 677.51 at epoch=56 step=12379     
                    WARNING  High grad norm: 707.71 at epoch=56 step=12380     
[04/21/26 23:13:39] WARNING  High grad norm: 1237.68 at epoch=56 step=12381    
                    WARNING  High grad norm: 754.62 at epoch=56 step=12382     
                    WARNING  High grad norm: 1119.58 at epoch=56 step=12383    
                    WARNING  High grad norm: 944.06 at epoch=56 step=12384     
                    WARNING  High grad norm: 833.11 at epoch=56 step=12385     
[04/21/26 23:13:40] WARNING  High grad norm: 1227.25 at epoch=56 step=12386    
                    WARNING  High grad norm: 742.56 at epoch=56 step=12387     
                    WARNING  High grad norm: 918.56 at epoch=56 step=12388     
                    WARNING  High grad norm: 955.27 at epoch=56 step=12389     
[04/21/26 23:13:41] WARNING  High grad norm: 1023.25 at epoch=56 step=12390    
                    WARNING  High grad norm: 1229.27 at epoch=56 step=12391    
                    WARNING  High grad norm: 968.86 at epoch=56 step=12392     
                    WARNING  High grad norm: 815.99 at epoch=56 step=12393     
                    WARNING  High grad norm: 577.94 at epoch=56 step=12394     
[04/21/26 23:13:42] WARNING  High grad norm: 971.87 at epoch=56 step=12395     
                    WARNING  High grad norm: 1639.67 at epoch=56 step=12396    
                    WARNING  High grad norm: 724.00 at epoch=56 step=12397     
                    WARNING  High grad norm: 927.04 at epoch=56 step=12398     
[04/21/26 23:13:43] WARNING  High grad norm: 677.04 at epoch=56 step=12399     
                    INFO     epoch=56 step=12400 loss=484.2405                 
                             grad_norm=677.0421 lr=1.00e-06                    
                    WARNING  High grad norm: 1661.73 at epoch=56 step=12400    
                    WARNING  High grad norm: 657.20 at epoch=56 step=12401     
                    WARNING  High grad norm: 692.92 at epoch=56 step=12402     
                    WARNING  High grad norm: 1545.08 at epoch=56 step=12403    
[04/21/26 23:13:44] WARNING  High grad norm: 782.31 at epoch=56 step=12404     
                    WARNING  High grad norm: 734.95 at epoch=56 step=12405     
                    WARNING  High grad norm: 825.46 at epoch=56 step=12406     
                    WARNING  High grad norm: 1024.31 at epoch=56 step=12407    
[04/21/26 23:13:45] WARNING  High grad norm: 3150.51 at epoch=56 step=12408    
                    WARNING  High grad norm: 1477.89 at epoch=56 step=12409    
                    WARNING  High grad norm: 1032.11 at epoch=56 step=12410    
                    WARNING  High grad norm: 1274.96 at epoch=56 step=12411    
                    WARNING  High grad norm: 1975.68 at epoch=56 step=12412    
[04/21/26 23:13:46] WARNING  High grad norm: 875.49 at epoch=56 step=12413     
                    WARNING  High grad norm: 1455.69 at epoch=56 step=12414    
                    WARNING  High grad norm: 1065.51 at epoch=56 step=12415    
                    WARNING  High grad norm: 1321.01 at epoch=56 step=12416    
[04/21/26 23:13:47] WARNING  High grad norm: 1023.01 at epoch=56 step=12417    
                    WARNING  High grad norm: 1817.10 at epoch=56 step=12418    
                    WARNING  High grad norm: 1509.70 at epoch=56 step=12419    
                    WARNING  High grad norm: 543.38 at epoch=56 step=12420     
                    WARNING  High grad norm: 787.22 at epoch=56 step=12421     
[04/21/26 23:13:48] WARNING  High grad norm: 612.90 at epoch=56 step=12422     
                    WARNING  High grad norm: 852.19 at epoch=56 step=12423     
                    WARNING  High grad norm: 1507.99 at epoch=56 step=12424    
                    WARNING  High grad norm: 1032.30 at epoch=56 step=12425    
[04/21/26 23:13:49] WARNING  High grad norm: 1234.03 at epoch=56 step=12426    
                    WARNING  High grad norm: 2424.19 at epoch=56 step=12427    
                    WARNING  High grad norm: 854.98 at epoch=56 step=12428     
                    WARNING  High grad norm: 1853.56 at epoch=56 step=12429    
                    WARNING  High grad norm: 848.76 at epoch=56 step=12430     
[04/21/26 23:13:50] WARNING  High grad norm: 1324.08 at epoch=56 step=12431    
                    WARNING  High grad norm: 824.74 at epoch=56 step=12432     
                    WARNING  High grad norm: 579.00 at epoch=56 step=12433     
                    WARNING  High grad norm: 1954.84 at epoch=56 step=12434    
[04/21/26 23:13:51] WARNING  High grad norm: 1197.06 at epoch=56 step=12435    
                    WARNING  High grad norm: 2114.54 at epoch=56 step=12436    
                    WARNING  High grad norm: 1597.11 at epoch=56 step=12437    
                    WARNING  High grad norm: 1130.83 at epoch=56 step=12438    
                    WARNING  High grad norm: 1075.38 at epoch=56 step=12439    
[04/21/26 23:13:52] WARNING  High grad norm: 545.62 at epoch=56 step=12440     
                    WARNING  High grad norm: 841.12 at epoch=56 step=12441     
                    WARNING  High grad norm: 916.31 at epoch=56 step=12442     
                    WARNING  High grad norm: 1048.76 at epoch=56 step=12443    
[04/21/26 23:13:53] WARNING  High grad norm: 1976.94 at epoch=56 step=12444    
                    WARNING  High grad norm: 1235.33 at epoch=56 step=12445    
                    WARNING  High grad norm: 879.12 at epoch=56 step=12446     
                    WARNING  High grad norm: 736.65 at epoch=56 step=12447     
                    WARNING  High grad norm: 992.44 at epoch=56 step=12448     
[04/21/26 23:13:54] WARNING  High grad norm: 703.80 at epoch=56 step=12449     
                    WARNING  High grad norm: 1391.35 at epoch=56 step=12450    
                    WARNING  High grad norm: 815.82 at epoch=56 step=12451     
                    WARNING  High grad norm: 1513.39 at epoch=56 step=12452    
[04/21/26 23:13:55] WARNING  High grad norm: 1681.06 at epoch=56 step=12453    
                    WARNING  High grad norm: 943.65 at epoch=56 step=12454     
                    WARNING  High grad norm: 1691.06 at epoch=56 step=12455    
                    WARNING  High grad norm: 629.07 at epoch=56 step=12456     
                    WARNING  High grad norm: 601.80 at epoch=56 step=12457     
[04/21/26 23:13:56] WARNING  High grad norm: 792.85 at epoch=56 step=12458     
                    WARNING  High grad norm: 1150.17 at epoch=56 step=12459    
                    WARNING  High grad norm: 1422.62 at epoch=56 step=12460    
                    WARNING  High grad norm: 670.81 at epoch=56 step=12461     
[04/21/26 23:13:57] WARNING  High grad norm: 808.92 at epoch=56 step=12462     
                    WARNING  High grad norm: 1240.52 at epoch=56 step=12463    
                    WARNING  High grad norm: 959.06 at epoch=56 step=12464     
                    WARNING  High grad norm: 696.65 at epoch=56 step=12465     
                    WARNING  High grad norm: 1142.18 at epoch=56 step=12466    
[04/21/26 23:13:58] WARNING  High grad norm: 1797.34 at epoch=56 step=12467    
                    WARNING  High grad norm: 1227.64 at epoch=56 step=12468    
                    WARNING  High grad norm: 703.13 at epoch=56 step=12469     
                    WARNING  High grad norm: 2176.93 at epoch=56 step=12470    
[04/21/26 23:13:59] WARNING  High grad norm: 1585.06 at epoch=56 step=12471    
                    WARNING  High grad norm: 639.78 at epoch=56 step=12472     
                    WARNING  High grad norm: 675.78 at epoch=56 step=12473     
                    WARNING  High grad norm: 1945.37 at epoch=56 step=12474    
                    WARNING  High grad norm: 910.38 at epoch=56 step=12475     
[04/21/26 23:14:00] WARNING  High grad norm: 2064.90 at epoch=56 step=12476    
                    WARNING  High grad norm: 562.10 at epoch=56 step=12477     
                    WARNING  High grad norm: 557.82 at epoch=56 step=12478     
                    WARNING  High grad norm: 1473.75 at epoch=56 step=12479    
[04/21/26 23:14:01] WARNING  High grad norm: 800.67 at epoch=56 step=12480     
                    WARNING  High grad norm: 847.20 at epoch=56 step=12481     
                    WARNING  High grad norm: 788.45 at epoch=56 step=12482     
                    WARNING  High grad norm: 761.50 at epoch=56 step=12483     
                    WARNING  High grad norm: 558.60 at epoch=56 step=12484     
[04/21/26 23:14:02] WARNING  High grad norm: 860.35 at epoch=56 step=12485     
                    WARNING  High grad norm: 686.70 at epoch=56 step=12486     
                    WARNING  High grad norm: 1141.02 at epoch=56 step=12487    
[04/21/26 23:14:03] INFO     epoch=56 avg_loss=484.8596 lr=1.00e-06            
[04/21/26 23:14:17] WARNING  High grad norm: 807.26 at epoch=57 step=12488     
                    WARNING  High grad norm: 1941.99 at epoch=57 step=12489    
                    WARNING  High grad norm: 1028.03 at epoch=57 step=12490    
                    WARNING  High grad norm: 881.28 at epoch=57 step=12491     
[04/21/26 23:14:18] WARNING  High grad norm: 1132.21 at epoch=57 step=12492    
                    WARNING  High grad norm: 814.88 at epoch=57 step=12493     
                    WARNING  High grad norm: 1116.90 at epoch=57 step=12494    
                    WARNING  High grad norm: 686.92 at epoch=57 step=12495     
                    WARNING  High grad norm: 591.14 at epoch=57 step=12496     
[04/21/26 23:14:19] WARNING  High grad norm: 752.46 at epoch=57 step=12497     
                    WARNING  High grad norm: 2466.19 at epoch=57 step=12498    
                    WARNING  High grad norm: 784.14 at epoch=57 step=12499     
                    INFO     epoch=57 step=12500 loss=478.9686                 
                             grad_norm=784.1425 lr=1.00e-06                    
                    WARNING  High grad norm: 1072.66 at epoch=57 step=12500    
[04/21/26 23:14:20] WARNING  High grad norm: 544.73 at epoch=57 step=12501     
                    WARNING  High grad norm: 904.43 at epoch=57 step=12502     
                    WARNING  High grad norm: 2010.73 at epoch=57 step=12503    
                    WARNING  High grad norm: 702.36 at epoch=57 step=12504     
                    WARNING  High grad norm: 1288.63 at epoch=57 step=12505    
[04/21/26 23:14:21] WARNING  High grad norm: 773.79 at epoch=57 step=12506     
                    WARNING  High grad norm: 1663.87 at epoch=57 step=12507    
                    WARNING  High grad norm: 856.04 at epoch=57 step=12508     
                    WARNING  High grad norm: 1029.57 at epoch=57 step=12509    
[04/21/26 23:14:22] WARNING  High grad norm: 746.87 at epoch=57 step=12510     
                    WARNING  High grad norm: 862.33 at epoch=57 step=12511     
                    WARNING  High grad norm: 789.70 at epoch=57 step=12512     
                    WARNING  High grad norm: 460.89 at epoch=57 step=12513     
                    WARNING  High grad norm: 1933.72 at epoch=57 step=12514    
[04/21/26 23:14:23] WARNING  High grad norm: 983.76 at epoch=57 step=12515     
                    WARNING  High grad norm: 1238.84 at epoch=57 step=12516    
                    WARNING  High grad norm: 930.91 at epoch=57 step=12517     
                    WARNING  High grad norm: 869.16 at epoch=57 step=12518     
[04/21/26 23:14:24] WARNING  High grad norm: 1005.90 at epoch=57 step=12519    
                    WARNING  High grad norm: 1733.92 at epoch=57 step=12520    
                    WARNING  High grad norm: 2166.56 at epoch=57 step=12521    
                    WARNING  High grad norm: 1821.85 at epoch=57 step=12522    
                    WARNING  High grad norm: 636.66 at epoch=57 step=12523     
[04/21/26 23:14:25] WARNING  High grad norm: 708.11 at epoch=57 step=12524     
                    WARNING  High grad norm: 1053.85 at epoch=57 step=12525    
                    WARNING  High grad norm: 651.82 at epoch=57 step=12526     
                    WARNING  High grad norm: 673.01 at epoch=57 step=12527     
[04/21/26 23:14:26] WARNING  High grad norm: 606.89 at epoch=57 step=12528     
                    WARNING  High grad norm: 936.69 at epoch=57 step=12529     
                    WARNING  High grad norm: 1277.32 at epoch=57 step=12530    
                    WARNING  High grad norm: 1714.04 at epoch=57 step=12531    
                    WARNING  High grad norm: 700.75 at epoch=57 step=12532     
[04/21/26 23:14:27] WARNING  High grad norm: 1230.18 at epoch=57 step=12533    
                    WARNING  High grad norm: 637.83 at epoch=57 step=12534     
                    WARNING  High grad norm: 929.01 at epoch=57 step=12535     
                    WARNING  High grad norm: 742.19 at epoch=57 step=12536     
[04/21/26 23:14:28] WARNING  High grad norm: 850.90 at epoch=57 step=12537     
                    WARNING  High grad norm: 1495.65 at epoch=57 step=12538    
                    WARNING  High grad norm: 3352.45 at epoch=57 step=12539    
                    WARNING  High grad norm: 876.55 at epoch=57 step=12540     
                    WARNING  High grad norm: 1126.33 at epoch=57 step=12541    
[04/21/26 23:14:29] WARNING  High grad norm: 1094.68 at epoch=57 step=12542    
                    WARNING  High grad norm: 1321.24 at epoch=57 step=12543    
                    WARNING  High grad norm: 594.62 at epoch=57 step=12544     
                    WARNING  High grad norm: 787.10 at epoch=57 step=12545     
[04/21/26 23:14:30] WARNING  High grad norm: 684.42 at epoch=57 step=12546     
                    WARNING  High grad norm: 1158.78 at epoch=57 step=12547    
                    WARNING  High grad norm: 1696.98 at epoch=57 step=12548    
                    WARNING  High grad norm: 1057.09 at epoch=57 step=12549    
                    WARNING  High grad norm: 1373.55 at epoch=57 step=12550    
[04/21/26 23:14:31] WARNING  High grad norm: 878.22 at epoch=57 step=12551     
                    WARNING  High grad norm: 791.73 at epoch=57 step=12552     
                    WARNING  High grad norm: 782.39 at epoch=57 step=12553     
                    WARNING  High grad norm: 702.79 at epoch=57 step=12554     
[04/21/26 23:14:32] WARNING  High grad norm: 537.26 at epoch=57 step=12555     
                    WARNING  High grad norm: 1021.45 at epoch=57 step=12556    
                    WARNING  High grad norm: 1102.54 at epoch=57 step=12557    
                    WARNING  High grad norm: 1330.55 at epoch=57 step=12558    
                    WARNING  High grad norm: 803.34 at epoch=57 step=12559     
[04/21/26 23:14:33] WARNING  High grad norm: 516.93 at epoch=57 step=12560     
                    WARNING  High grad norm: 1447.72 at epoch=57 step=12561    
                    WARNING  High grad norm: 1422.76 at epoch=57 step=12562    
                    WARNING  High grad norm: 1216.45 at epoch=57 step=12563    
[04/21/26 23:14:34] WARNING  High grad norm: 847.29 at epoch=57 step=12564     
                    WARNING  High grad norm: 728.36 at epoch=57 step=12565     
                    WARNING  High grad norm: 1461.72 at epoch=57 step=12566    
                    WARNING  High grad norm: 782.68 at epoch=57 step=12567     
                    WARNING  High grad norm: 987.67 at epoch=57 step=12568     
[04/21/26 23:14:35] WARNING  High grad norm: 681.75 at epoch=57 step=12569     
                    WARNING  High grad norm: 659.92 at epoch=57 step=12570     
                    WARNING  High grad norm: 1287.44 at epoch=57 step=12571    
                    WARNING  High grad norm: 1922.60 at epoch=57 step=12572    
[04/21/26 23:14:36] WARNING  High grad norm: 786.53 at epoch=57 step=12573     
                    WARNING  High grad norm: 558.37 at epoch=57 step=12574     
                    WARNING  High grad norm: 2975.99 at epoch=57 step=12575    
                    WARNING  High grad norm: 1816.07 at epoch=57 step=12576    
                    WARNING  High grad norm: 1504.29 at epoch=57 step=12577    
[04/21/26 23:14:37] WARNING  High grad norm: 1437.96 at epoch=57 step=12578    
                    WARNING  High grad norm: 611.27 at epoch=57 step=12579     
                    WARNING  High grad norm: 744.04 at epoch=57 step=12580     
                    WARNING  High grad norm: 646.05 at epoch=57 step=12581     
[04/21/26 23:14:38] WARNING  High grad norm: 1349.85 at epoch=57 step=12582    
                    WARNING  High grad norm: 3077.55 at epoch=57 step=12583    
                    WARNING  High grad norm: 2759.96 at epoch=57 step=12584    
                    WARNING  High grad norm: 1320.41 at epoch=57 step=12585    
                    WARNING  High grad norm: 1139.27 at epoch=57 step=12586    
[04/21/26 23:14:39] WARNING  High grad norm: 717.91 at epoch=57 step=12587     
                    WARNING  High grad norm: 1779.65 at epoch=57 step=12588    
                    WARNING  High grad norm: 671.76 at epoch=57 step=12589     
                    WARNING  High grad norm: 629.74 at epoch=57 step=12590     
[04/21/26 23:14:40] WARNING  High grad norm: 855.04 at epoch=57 step=12591     
                    WARNING  High grad norm: 1217.77 at epoch=57 step=12592    
                    WARNING  High grad norm: 1037.88 at epoch=57 step=12593    
                    WARNING  High grad norm: 702.28 at epoch=57 step=12594     
                    WARNING  High grad norm: 1965.25 at epoch=57 step=12595    
[04/21/26 23:14:41] WARNING  High grad norm: 2516.34 at epoch=57 step=12596    
                    WARNING  High grad norm: 657.82 at epoch=57 step=12597     
                    WARNING  High grad norm: 1272.08 at epoch=57 step=12598    
                    WARNING  High grad norm: 1129.29 at epoch=57 step=12599    
                    INFO     epoch=57 step=12600 loss=466.7703                 
                             grad_norm=1129.2894 lr=1.00e-06                   
[04/21/26 23:14:42] WARNING  High grad norm: 2566.80 at epoch=57 step=12600    
                    WARNING  High grad norm: 2398.86 at epoch=57 step=12601    
                    WARNING  High grad norm: 1243.97 at epoch=57 step=12602    
                    WARNING  High grad norm: 726.68 at epoch=57 step=12603     
                    WARNING  High grad norm: 1580.11 at epoch=57 step=12604    
[04/21/26 23:14:43] WARNING  High grad norm: 539.11 at epoch=57 step=12605     
                    WARNING  High grad norm: 1367.79 at epoch=57 step=12606    
                    WARNING  High grad norm: 838.93 at epoch=57 step=12607     
                    WARNING  High grad norm: 767.34 at epoch=57 step=12608     
[04/21/26 23:14:44] WARNING  High grad norm: 3377.94 at epoch=57 step=12609    
                    WARNING  High grad norm: 1482.12 at epoch=57 step=12610    
                    WARNING  High grad norm: 889.61 at epoch=57 step=12611     
                    WARNING  High grad norm: 907.14 at epoch=57 step=12612     
                    WARNING  High grad norm: 985.55 at epoch=57 step=12613     
[04/21/26 23:14:45] WARNING  High grad norm: 988.14 at epoch=57 step=12614     
                    WARNING  High grad norm: 2042.08 at epoch=57 step=12615    
                    WARNING  High grad norm: 525.49 at epoch=57 step=12616     
                    WARNING  High grad norm: 574.45 at epoch=57 step=12617     
[04/21/26 23:14:46] WARNING  High grad norm: 1134.67 at epoch=57 step=12618    
                    WARNING  High grad norm: 888.97 at epoch=57 step=12619     
                    WARNING  High grad norm: 1231.04 at epoch=57 step=12620    
                    WARNING  High grad norm: 1392.45 at epoch=57 step=12621    
                    WARNING  High grad norm: 822.93 at epoch=57 step=12622     
[04/21/26 23:14:47] WARNING  High grad norm: 1621.06 at epoch=57 step=12623    
                    WARNING  High grad norm: 1017.16 at epoch=57 step=12624    
                    WARNING  High grad norm: 924.14 at epoch=57 step=12625     
                    WARNING  High grad norm: 1389.10 at epoch=57 step=12626    
[04/21/26 23:14:48] WARNING  High grad norm: 1110.47 at epoch=57 step=12627    
                    WARNING  High grad norm: 971.54 at epoch=57 step=12628     
                    WARNING  High grad norm: 2725.34 at epoch=57 step=12629    
                    WARNING  High grad norm: 1080.85 at epoch=57 step=12630    
                    WARNING  High grad norm: 967.66 at epoch=57 step=12631     
[04/21/26 23:14:49] WARNING  High grad norm: 838.82 at epoch=57 step=12632     
                    WARNING  High grad norm: 1549.45 at epoch=57 step=12633    
                    WARNING  High grad norm: 1080.19 at epoch=57 step=12634    
                    WARNING  High grad norm: 767.15 at epoch=57 step=12635     
[04/21/26 23:14:50] WARNING  High grad norm: 731.32 at epoch=57 step=12636     
                    WARNING  High grad norm: 583.26 at epoch=57 step=12637     
                    WARNING  High grad norm: 1337.85 at epoch=57 step=12638    
                    WARNING  High grad norm: 1262.19 at epoch=57 step=12639    
                    WARNING  High grad norm: 593.08 at epoch=57 step=12640     
[04/21/26 23:14:51] WARNING  High grad norm: 765.32 at epoch=57 step=12641     
                    WARNING  High grad norm: 1863.00 at epoch=57 step=12642    
                    WARNING  High grad norm: 1166.06 at epoch=57 step=12643    
                    WARNING  High grad norm: 779.92 at epoch=57 step=12644     
[04/21/26 23:14:52] WARNING  High grad norm: 809.86 at epoch=57 step=12645     
                    WARNING  High grad norm: 3011.09 at epoch=57 step=12646    
                    WARNING  High grad norm: 2517.74 at epoch=57 step=12647    
                    WARNING  High grad norm: 1980.13 at epoch=57 step=12648    
                    WARNING  High grad norm: 820.91 at epoch=57 step=12649     
[04/21/26 23:14:53] WARNING  High grad norm: 1155.47 at epoch=57 step=12650    
                    WARNING  High grad norm: 826.43 at epoch=57 step=12651     
                    WARNING  High grad norm: 1212.84 at epoch=57 step=12652    
                    WARNING  High grad norm: 1071.11 at epoch=57 step=12653    
[04/21/26 23:14:54] WARNING  High grad norm: 857.66 at epoch=57 step=12654     
                    WARNING  High grad norm: 1039.99 at epoch=57 step=12655    
                    WARNING  High grad norm: 637.37 at epoch=57 step=12656     
                    WARNING  High grad norm: 1294.81 at epoch=57 step=12657    
                    WARNING  High grad norm: 639.69 at epoch=57 step=12658     
[04/21/26 23:14:55] WARNING  High grad norm: 1190.14 at epoch=57 step=12659    
                    WARNING  High grad norm: 852.49 at epoch=57 step=12660     
                    WARNING  High grad norm: 829.69 at epoch=57 step=12661     
                    WARNING  High grad norm: 1068.31 at epoch=57 step=12662    
[04/21/26 23:14:56] WARNING  High grad norm: 1280.81 at epoch=57 step=12663    
                    WARNING  High grad norm: 641.48 at epoch=57 step=12664     
                    WARNING  High grad norm: 833.99 at epoch=57 step=12665     
                    WARNING  High grad norm: 740.40 at epoch=57 step=12666     
[04/21/26 23:14:57] WARNING  High grad norm: 751.84 at epoch=57 step=12667     
                    WARNING  High grad norm: 845.70 at epoch=57 step=12668     
                    WARNING  High grad norm: 910.49 at epoch=57 step=12669     
                    WARNING  High grad norm: 811.72 at epoch=57 step=12670     
                    WARNING  High grad norm: 781.56 at epoch=57 step=12671     
[04/21/26 23:14:58] WARNING  High grad norm: 771.64 at epoch=57 step=12672     
                    WARNING  High grad norm: 898.13 at epoch=57 step=12673     
                    WARNING  High grad norm: 870.92 at epoch=57 step=12674     
                    WARNING  High grad norm: 1120.64 at epoch=57 step=12675    
[04/21/26 23:14:59] WARNING  High grad norm: 768.45 at epoch=57 step=12676     
                    WARNING  High grad norm: 2741.40 at epoch=57 step=12677    
                    WARNING  High grad norm: 1068.79 at epoch=57 step=12678    
                    WARNING  High grad norm: 1185.02 at epoch=57 step=12679    
                    WARNING  High grad norm: 1663.50 at epoch=57 step=12680    
[04/21/26 23:15:00] WARNING  High grad norm: 1716.24 at epoch=57 step=12681    
                    WARNING  High grad norm: 1136.54 at epoch=57 step=12682    
                    WARNING  High grad norm: 810.23 at epoch=57 step=12683     
                    WARNING  High grad norm: 578.33 at epoch=57 step=12684     
[04/21/26 23:15:01] WARNING  High grad norm: 989.66 at epoch=57 step=12685     
                    WARNING  High grad norm: 808.83 at epoch=57 step=12686     
                    WARNING  High grad norm: 1101.99 at epoch=57 step=12687    
                    WARNING  High grad norm: 1234.76 at epoch=57 step=12688    
                    WARNING  High grad norm: 1060.80 at epoch=57 step=12689    
[04/21/26 23:15:02] WARNING  High grad norm: 1167.25 at epoch=57 step=12690    
                    WARNING  High grad norm: 849.55 at epoch=57 step=12691     
                    WARNING  High grad norm: 603.07 at epoch=57 step=12692     
                    WARNING  High grad norm: 986.95 at epoch=57 step=12693     
[04/21/26 23:15:03] WARNING  High grad norm: 3650.43 at epoch=57 step=12694    
                    WARNING  High grad norm: 1476.89 at epoch=57 step=12695    
                    WARNING  High grad norm: 536.77 at epoch=57 step=12696     
                    WARNING  High grad norm: 1076.26 at epoch=57 step=12697    
                    WARNING  High grad norm: 1053.30 at epoch=57 step=12698    
[04/21/26 23:15:04] WARNING  High grad norm: 841.15 at epoch=57 step=12699     
                    INFO     epoch=57 step=12700 loss=476.2762                 
                             grad_norm=841.1511 lr=1.00e-06                    
                    WARNING  High grad norm: 1105.98 at epoch=57 step=12700    
                    WARNING  High grad norm: 926.21 at epoch=57 step=12701     
                    WARNING  High grad norm: 1372.83 at epoch=57 step=12702    
[04/21/26 23:15:05] WARNING  High grad norm: 626.82 at epoch=57 step=12703     
                    WARNING  High grad norm: 608.74 at epoch=57 step=12704     
                    WARNING  High grad norm: 813.80 at epoch=57 step=12705     
                    WARNING  High grad norm: 1203.45 at epoch=57 step=12706    
[04/21/26 23:15:06] WARNING  High grad norm: 1079.55 at epoch=57 step=12707    
                    WARNING  High grad norm: 1476.51 at epoch=57 step=12708    
                    WARNING  High grad norm: 725.55 at epoch=57 step=12709     
                    WARNING  High grad norm: 805.55 at epoch=57 step=12710     
[04/21/26 23:15:07] INFO     epoch=57 avg_loss=477.4937 lr=1.00e-06            
[04/21/26 23:15:21] WARNING  High grad norm: 1253.29 at epoch=58 step=12711    
                    WARNING  High grad norm: 1430.96 at epoch=58 step=12712    
                    WARNING  High grad norm: 939.80 at epoch=58 step=12713     
                    WARNING  High grad norm: 903.15 at epoch=58 step=12714     
[04/21/26 23:15:22] WARNING  High grad norm: 639.70 at epoch=58 step=12715     
                    WARNING  High grad norm: 825.45 at epoch=58 step=12716     
                    WARNING  High grad norm: 875.55 at epoch=58 step=12717     
                    WARNING  High grad norm: 730.70 at epoch=58 step=12718     
[04/21/26 23:15:23] WARNING  High grad norm: 1172.55 at epoch=58 step=12719    
                    WARNING  High grad norm: 530.16 at epoch=58 step=12720     
                    WARNING  High grad norm: 1286.95 at epoch=58 step=12721    
                    WARNING  High grad norm: 702.76 at epoch=58 step=12722     
                    WARNING  High grad norm: 887.23 at epoch=58 step=12723     
[04/21/26 23:15:24] WARNING  High grad norm: 496.41 at epoch=58 step=12724     
                    WARNING  High grad norm: 878.69 at epoch=58 step=12725     
                    WARNING  High grad norm: 1336.18 at epoch=58 step=12726    
                    WARNING  High grad norm: 631.66 at epoch=58 step=12727     
[04/21/26 23:15:25] WARNING  High grad norm: 1736.54 at epoch=58 step=12728    
                    WARNING  High grad norm: 1665.80 at epoch=58 step=12729    
                    WARNING  High grad norm: 900.88 at epoch=58 step=12730     
                    WARNING  High grad norm: 974.66 at epoch=58 step=12731     
                    WARNING  High grad norm: 908.99 at epoch=58 step=12732     
[04/21/26 23:15:26] WARNING  High grad norm: 1250.50 at epoch=58 step=12733    
                    WARNING  High grad norm: 713.17 at epoch=58 step=12734     
                    WARNING  High grad norm: 1255.53 at epoch=58 step=12735    
                    WARNING  High grad norm: 1576.70 at epoch=58 step=12736    
[04/21/26 23:15:27] WARNING  High grad norm: 1071.55 at epoch=58 step=12737    
                    WARNING  High grad norm: 1326.15 at epoch=58 step=12738    
                    WARNING  High grad norm: 787.16 at epoch=58 step=12739     
                    WARNING  High grad norm: 855.62 at epoch=58 step=12740     
                    WARNING  High grad norm: 1028.60 at epoch=58 step=12741    
[04/21/26 23:15:28] WARNING  High grad norm: 1194.21 at epoch=58 step=12742    
                    WARNING  High grad norm: 1427.94 at epoch=58 step=12743    
                    WARNING  High grad norm: 744.57 at epoch=58 step=12744     
                    WARNING  High grad norm: 1115.04 at epoch=58 step=12745    
[04/21/26 23:15:29] WARNING  High grad norm: 1352.20 at epoch=58 step=12746    
                    WARNING  High grad norm: 1106.72 at epoch=58 step=12747    
                    WARNING  High grad norm: 547.74 at epoch=58 step=12748     
                    WARNING  High grad norm: 1474.18 at epoch=58 step=12749    
                    WARNING  High grad norm: 1141.71 at epoch=58 step=12750    
[04/21/26 23:15:30] WARNING  High grad norm: 1262.38 at epoch=58 step=12751    
                    WARNING  High grad norm: 1121.93 at epoch=58 step=12752    
                    WARNING  High grad norm: 757.20 at epoch=58 step=12753     
                    WARNING  High grad norm: 877.90 at epoch=58 step=12754     
[04/21/26 23:15:31] WARNING  High grad norm: 1021.50 at epoch=58 step=12755    
                    WARNING  High grad norm: 818.37 at epoch=58 step=12756     
                    WARNING  High grad norm: 992.93 at epoch=58 step=12757     
                    WARNING  High grad norm: 768.71 at epoch=58 step=12758     
                    WARNING  High grad norm: 832.86 at epoch=58 step=12759     
[04/21/26 23:15:32] WARNING  High grad norm: 1108.07 at epoch=58 step=12760    
                    WARNING  High grad norm: 687.64 at epoch=58 step=12761     
                    WARNING  High grad norm: 573.34 at epoch=58 step=12762     
                    WARNING  High grad norm: 648.86 at epoch=58 step=12763     
[04/21/26 23:15:33] WARNING  High grad norm: 795.79 at epoch=58 step=12764     
                    WARNING  High grad norm: 961.13 at epoch=58 step=12765     
                    WARNING  High grad norm: 458.58 at epoch=58 step=12766     
                    WARNING  High grad norm: 504.90 at epoch=58 step=12767     
                    WARNING  High grad norm: 834.42 at epoch=58 step=12768     
[04/21/26 23:15:34] WARNING  High grad norm: 1105.13 at epoch=58 step=12769    
                    WARNING  High grad norm: 2027.32 at epoch=58 step=12770    
                    WARNING  High grad norm: 746.41 at epoch=58 step=12771     
                    WARNING  High grad norm: 997.39 at epoch=58 step=12772     
[04/21/26 23:15:35] WARNING  High grad norm: 676.48 at epoch=58 step=12773     
                    WARNING  High grad norm: 465.59 at epoch=58 step=12774     
                    WARNING  High grad norm: 1252.27 at epoch=58 step=12775    
                    WARNING  High grad norm: 1260.72 at epoch=58 step=12776    
[04/21/26 23:15:36] WARNING  High grad norm: 1345.68 at epoch=58 step=12777    
                    WARNING  High grad norm: 696.96 at epoch=58 step=12778     
                    WARNING  High grad norm: 839.54 at epoch=58 step=12779     
                    WARNING  High grad norm: 1090.91 at epoch=58 step=12780    
                    WARNING  High grad norm: 1043.53 at epoch=58 step=12781    
[04/21/26 23:15:37] WARNING  High grad norm: 951.07 at epoch=58 step=12782     
                    WARNING  High grad norm: 1379.28 at epoch=58 step=12783    
                    WARNING  High grad norm: 1090.98 at epoch=58 step=12784    
                    WARNING  High grad norm: 606.52 at epoch=58 step=12785     
[04/21/26 23:15:38] WARNING  High grad norm: 2243.48 at epoch=58 step=12786    
                    WARNING  High grad norm: 1694.30 at epoch=58 step=12787    
                    WARNING  High grad norm: 1041.85 at epoch=58 step=12788    
                    WARNING  High grad norm: 1143.54 at epoch=58 step=12789    
                    WARNING  High grad norm: 3131.82 at epoch=58 step=12790    
[04/21/26 23:15:39] WARNING  High grad norm: 923.36 at epoch=58 step=12791     
                    WARNING  High grad norm: 720.34 at epoch=58 step=12792     
                    WARNING  High grad norm: 1781.51 at epoch=58 step=12793    
                    WARNING  High grad norm: 1409.62 at epoch=58 step=12794    
[04/21/26 23:15:40] WARNING  High grad norm: 2084.33 at epoch=58 step=12795    
                    WARNING  High grad norm: 989.07 at epoch=58 step=12796     
                    WARNING  High grad norm: 1056.70 at epoch=58 step=12797    
                    WARNING  High grad norm: 1778.27 at epoch=58 step=12798    
                    WARNING  High grad norm: 1236.27 at epoch=58 step=12799    
                    INFO     epoch=58 step=12800 loss=481.6180                 
                             grad_norm=1236.2708 lr=1.00e-06                   
[04/21/26 23:15:41] WARNING  High grad norm: 982.70 at epoch=58 step=12800     
                    WARNING  High grad norm: 785.82 at epoch=58 step=12801     
                    WARNING  High grad norm: 1256.51 at epoch=58 step=12802    
                    WARNING  High grad norm: 1086.46 at epoch=58 step=12803    
[04/21/26 23:15:42] WARNING  High grad norm: 702.49 at epoch=58 step=12804     
                    WARNING  High grad norm: 1795.44 at epoch=58 step=12805    
                    WARNING  High grad norm: 1014.62 at epoch=58 step=12806    
                    WARNING  High grad norm: 887.04 at epoch=58 step=12807     
                    WARNING  High grad norm: 608.11 at epoch=58 step=12808     
[04/21/26 23:15:43] WARNING  High grad norm: 572.87 at epoch=58 step=12809     
                    WARNING  High grad norm: 1304.17 at epoch=58 step=12810    
                    WARNING  High grad norm: 963.89 at epoch=58 step=12811     
                    WARNING  High grad norm: 957.63 at epoch=58 step=12812     
[04/21/26 23:15:44] WARNING  High grad norm: 1353.37 at epoch=58 step=12813    
                    WARNING  High grad norm: 1047.35 at epoch=58 step=12814    
                    WARNING  High grad norm: 1590.73 at epoch=58 step=12815    
                    WARNING  High grad norm: 1135.92 at epoch=58 step=12816    
[04/21/26 23:15:45] WARNING  High grad norm: 1042.57 at epoch=58 step=12817    
                    WARNING  High grad norm: 843.84 at epoch=58 step=12818     
                    WARNING  High grad norm: 972.20 at epoch=58 step=12819     
                    WARNING  High grad norm: 974.99 at epoch=58 step=12820     
                    WARNING  High grad norm: 1290.22 at epoch=58 step=12821    
[04/21/26 23:15:46] WARNING  High grad norm: 673.08 at epoch=58 step=12822     
                    WARNING  High grad norm: 2458.57 at epoch=58 step=12823    
                    WARNING  High grad norm: 547.48 at epoch=58 step=12824     
                    WARNING  High grad norm: 603.30 at epoch=58 step=12825     
[04/21/26 23:15:47] WARNING  High grad norm: 741.85 at epoch=58 step=12826     
                    WARNING  High grad norm: 2109.46 at epoch=58 step=12827    
                    WARNING  High grad norm: 1671.16 at epoch=58 step=12828    
                    WARNING  High grad norm: 1898.02 at epoch=58 step=12829    
                    WARNING  High grad norm: 2358.59 at epoch=58 step=12830    
[04/21/26 23:15:48] WARNING  High grad norm: 752.09 at epoch=58 step=12831     
                    WARNING  High grad norm: 1512.31 at epoch=58 step=12832    
                    WARNING  High grad norm: 1564.74 at epoch=58 step=12833    
                    WARNING  High grad norm: 1266.86 at epoch=58 step=12834    
[04/21/26 23:15:49] WARNING  High grad norm: 632.59 at epoch=58 step=12835     
                    WARNING  High grad norm: 508.90 at epoch=58 step=12836     
                    WARNING  High grad norm: 1801.34 at epoch=58 step=12837    
                    WARNING  High grad norm: 1147.99 at epoch=58 step=12838    
                    WARNING  High grad norm: 671.80 at epoch=58 step=12839     
[04/21/26 23:15:50] WARNING  High grad norm: 996.48 at epoch=58 step=12840     
                    WARNING  High grad norm: 591.03 at epoch=58 step=12841     
                    WARNING  High grad norm: 815.30 at epoch=58 step=12842     
                    WARNING  High grad norm: 861.51 at epoch=58 step=12843     
[04/21/26 23:15:51] WARNING  High grad norm: 1031.18 at epoch=58 step=12844    
                    WARNING  High grad norm: 781.85 at epoch=58 step=12845     
                    WARNING  High grad norm: 1305.61 at epoch=58 step=12846    
                    WARNING  High grad norm: 604.69 at epoch=58 step=12847     
                    WARNING  High grad norm: 777.21 at epoch=58 step=12848     
[04/21/26 23:15:52] WARNING  High grad norm: 740.83 at epoch=58 step=12849     
                    WARNING  High grad norm: 1042.27 at epoch=58 step=12850    
                    WARNING  High grad norm: 875.30 at epoch=58 step=12851     
                    WARNING  High grad norm: 1435.85 at epoch=58 step=12852    
[04/21/26 23:15:53] WARNING  High grad norm: 573.25 at epoch=58 step=12853     
                    WARNING  High grad norm: 1857.12 at epoch=58 step=12854    
                    WARNING  High grad norm: 898.50 at epoch=58 step=12855     
                    WARNING  High grad norm: 1344.04 at epoch=58 step=12856    
                    WARNING  High grad norm: 2359.04 at epoch=58 step=12857    
[04/21/26 23:15:54] WARNING  High grad norm: 945.32 at epoch=58 step=12858     
                    WARNING  High grad norm: 1402.20 at epoch=58 step=12859    
                    WARNING  High grad norm: 2586.94 at epoch=58 step=12860    
                    WARNING  High grad norm: 1794.98 at epoch=58 step=12861    
[04/21/26 23:15:55] WARNING  High grad norm: 626.93 at epoch=58 step=12862     
                    WARNING  High grad norm: 1997.03 at epoch=58 step=12863    
                    WARNING  High grad norm: 691.30 at epoch=58 step=12864     
                    WARNING  High grad norm: 1332.30 at epoch=58 step=12865    
                    WARNING  High grad norm: 617.26 at epoch=58 step=12866     
[04/21/26 23:15:56] WARNING  High grad norm: 1022.76 at epoch=58 step=12867    
                    WARNING  High grad norm: 1161.79 at epoch=58 step=12868    
                    WARNING  High grad norm: 1587.69 at epoch=58 step=12869    
                    WARNING  High grad norm: 697.97 at epoch=58 step=12870     
[04/21/26 23:15:57] WARNING  High grad norm: 1445.18 at epoch=58 step=12871    
                    WARNING  High grad norm: 2436.25 at epoch=58 step=12872    
                    WARNING  High grad norm: 646.97 at epoch=58 step=12873     
                    WARNING  High grad norm: 1703.79 at epoch=58 step=12874    
                    WARNING  High grad norm: 1509.12 at epoch=58 step=12875    
[04/21/26 23:15:58] WARNING  High grad norm: 1875.61 at epoch=58 step=12876    
                    WARNING  High grad norm: 525.49 at epoch=58 step=12877     
                    WARNING  High grad norm: 926.42 at epoch=58 step=12878     
                    WARNING  High grad norm: 1032.08 at epoch=58 step=12879    
[04/21/26 23:15:59] WARNING  High grad norm: 884.25 at epoch=58 step=12880     
                    WARNING  High grad norm: 605.36 at epoch=58 step=12881     
                    WARNING  High grad norm: 883.23 at epoch=58 step=12882     
                    WARNING  High grad norm: 658.13 at epoch=58 step=12883     
                    WARNING  High grad norm: 2821.31 at epoch=58 step=12884    
[04/21/26 23:16:00] WARNING  High grad norm: 946.18 at epoch=58 step=12885     
                    WARNING  High grad norm: 554.80 at epoch=58 step=12886     
                    WARNING  High grad norm: 826.81 at epoch=58 step=12887     
                    WARNING  High grad norm: 798.41 at epoch=58 step=12888     
[04/21/26 23:16:01] WARNING  High grad norm: 796.38 at epoch=58 step=12889     
                    WARNING  High grad norm: 1473.89 at epoch=58 step=12890    
                    WARNING  High grad norm: 789.94 at epoch=58 step=12891     
                    WARNING  High grad norm: 1197.20 at epoch=58 step=12892    
                    WARNING  High grad norm: 1201.21 at epoch=58 step=12893    
[04/21/26 23:16:02] WARNING  High grad norm: 887.62 at epoch=58 step=12894     
                    WARNING  High grad norm: 603.43 at epoch=58 step=12895     
                    WARNING  High grad norm: 3293.31 at epoch=58 step=12896    
                    WARNING  High grad norm: 780.81 at epoch=58 step=12897     
[04/21/26 23:16:03] WARNING  High grad norm: 656.72 at epoch=58 step=12898     
                    WARNING  High grad norm: 622.71 at epoch=58 step=12899     
                    INFO     epoch=58 step=12900 loss=481.3438                 
                             grad_norm=622.7077 lr=1.00e-06                    
                    WARNING  High grad norm: 1824.83 at epoch=58 step=12900    
                    WARNING  High grad norm: 869.71 at epoch=58 step=12901     
                    WARNING  High grad norm: 746.53 at epoch=58 step=12902     
[04/21/26 23:16:04] WARNING  High grad norm: 988.79 at epoch=58 step=12903     
                    WARNING  High grad norm: 1119.48 at epoch=58 step=12904    
                    WARNING  High grad norm: 902.80 at epoch=58 step=12905     
                    WARNING  High grad norm: 1691.84 at epoch=58 step=12906    
[04/21/26 23:16:05] WARNING  High grad norm: 728.32 at epoch=58 step=12907     
                    WARNING  High grad norm: 953.44 at epoch=58 step=12908     
                    WARNING  High grad norm: 1360.47 at epoch=58 step=12909    
                    WARNING  High grad norm: 1016.81 at epoch=58 step=12910    
                    WARNING  High grad norm: 1057.03 at epoch=58 step=12911    
[04/21/26 23:16:06] WARNING  High grad norm: 1518.48 at epoch=58 step=12912    
                    WARNING  High grad norm: 2308.84 at epoch=58 step=12913    
                    WARNING  High grad norm: 1160.31 at epoch=58 step=12914    
                    WARNING  High grad norm: 1150.81 at epoch=58 step=12915    
[04/21/26 23:16:07] WARNING  High grad norm: 1348.54 at epoch=58 step=12916    
                    WARNING  High grad norm: 879.71 at epoch=58 step=12917     
                    WARNING  High grad norm: 881.56 at epoch=58 step=12918     
                    WARNING  High grad norm: 773.75 at epoch=58 step=12919     
[04/21/26 23:16:08] WARNING  High grad norm: 1397.33 at epoch=58 step=12920    
                    WARNING  High grad norm: 1342.40 at epoch=58 step=12921    
                    WARNING  High grad norm: 908.50 at epoch=58 step=12922     
                    WARNING  High grad norm: 851.92 at epoch=58 step=12923     
                    WARNING  High grad norm: 1186.62 at epoch=58 step=12924    
[04/21/26 23:16:09] WARNING  High grad norm: 839.45 at epoch=58 step=12925     
                    WARNING  High grad norm: 1343.58 at epoch=58 step=12926    
                    WARNING  High grad norm: 732.63 at epoch=58 step=12927     
                    WARNING  High grad norm: 1532.44 at epoch=58 step=12928    
[04/21/26 23:16:10] WARNING  High grad norm: 1304.75 at epoch=58 step=12929    
                    WARNING  High grad norm: 1262.87 at epoch=58 step=12930    
                    WARNING  High grad norm: 789.60 at epoch=58 step=12931     
                    WARNING  High grad norm: 648.32 at epoch=58 step=12932     
                    WARNING  High grad norm: 879.88 at epoch=58 step=12933     
[04/21/26 23:16:11] INFO     epoch=58 avg_loss=483.6958 lr=1.00e-06            
[04/21/26 23:16:25] WARNING  High grad norm: 797.54 at epoch=59 step=12934     
                    WARNING  High grad norm: 2224.37 at epoch=59 step=12935    
                    WARNING  High grad norm: 1827.76 at epoch=59 step=12936    
[04/21/26 23:16:26] WARNING  High grad norm: 1441.14 at epoch=59 step=12937    
                    WARNING  High grad norm: 3535.87 at epoch=59 step=12938    
                    WARNING  High grad norm: 544.35 at epoch=59 step=12939     
                    WARNING  High grad norm: 992.77 at epoch=59 step=12940     
                    WARNING  High grad norm: 631.18 at epoch=59 step=12941     
[04/21/26 23:16:27] WARNING  High grad norm: 855.89 at epoch=59 step=12942     
                    WARNING  High grad norm: 1034.44 at epoch=59 step=12943    
                    WARNING  High grad norm: 1444.87 at epoch=59 step=12944    
                    WARNING  High grad norm: 1058.02 at epoch=59 step=12945    
[04/21/26 23:16:28] WARNING  High grad norm: 1582.95 at epoch=59 step=12946    
                    WARNING  High grad norm: 1201.98 at epoch=59 step=12947    
                    WARNING  High grad norm: 889.05 at epoch=59 step=12948     
                    WARNING  High grad norm: 783.60 at epoch=59 step=12949     
                    WARNING  High grad norm: 735.91 at epoch=59 step=12950     
[04/21/26 23:16:29] WARNING  High grad norm: 1342.74 at epoch=59 step=12951    
                    WARNING  High grad norm: 826.32 at epoch=59 step=12952     
                    WARNING  High grad norm: 1309.08 at epoch=59 step=12953    
                    WARNING  High grad norm: 1214.70 at epoch=59 step=12954    
[04/21/26 23:16:30] WARNING  High grad norm: 2019.40 at epoch=59 step=12955    
                    WARNING  High grad norm: 1909.49 at epoch=59 step=12956    
                    WARNING  High grad norm: 1700.89 at epoch=59 step=12957    
                    WARNING  High grad norm: 830.52 at epoch=59 step=12958     
                    WARNING  High grad norm: 830.83 at epoch=59 step=12959     
[04/21/26 23:16:31] WARNING  High grad norm: 571.06 at epoch=59 step=12960     
                    WARNING  High grad norm: 1356.90 at epoch=59 step=12961    
                    WARNING  High grad norm: 1332.59 at epoch=59 step=12962    
                    WARNING  High grad norm: 796.01 at epoch=59 step=12963     
[04/21/26 23:16:32] WARNING  High grad norm: 1699.74 at epoch=59 step=12964    
                    WARNING  High grad norm: 819.86 at epoch=59 step=12965     
                    WARNING  High grad norm: 985.49 at epoch=59 step=12966     
                    WARNING  High grad norm: 706.27 at epoch=59 step=12967     
                    WARNING  High grad norm: 1883.89 at epoch=59 step=12968    
[04/21/26 23:16:33] WARNING  High grad norm: 789.35 at epoch=59 step=12969     
                    WARNING  High grad norm: 1447.46 at epoch=59 step=12970    
                    WARNING  High grad norm: 1485.46 at epoch=59 step=12971    
                    WARNING  High grad norm: 1220.72 at epoch=59 step=12972    
[04/21/26 23:16:34] WARNING  High grad norm: 1783.13 at epoch=59 step=12973    
                    WARNING  High grad norm: 743.12 at epoch=59 step=12974     
                    WARNING  High grad norm: 937.07 at epoch=59 step=12975     
                    WARNING  High grad norm: 1562.82 at epoch=59 step=12976    
                    WARNING  High grad norm: 1205.13 at epoch=59 step=12977    
[04/21/26 23:16:35] WARNING  High grad norm: 980.39 at epoch=59 step=12978     
                    WARNING  High grad norm: 2314.90 at epoch=59 step=12979    
                    WARNING  High grad norm: 757.75 at epoch=59 step=12980     
                    WARNING  High grad norm: 745.85 at epoch=59 step=12981     
[04/21/26 23:16:36] WARNING  High grad norm: 828.65 at epoch=59 step=12982     
                    WARNING  High grad norm: 1263.04 at epoch=59 step=12983    
                    WARNING  High grad norm: 1847.31 at epoch=59 step=12984    
                    WARNING  High grad norm: 1075.73 at epoch=59 step=12985    
[04/21/26 23:16:37] WARNING  High grad norm: 1599.82 at epoch=59 step=12986    
                    WARNING  High grad norm: 546.57 at epoch=59 step=12987     
                    WARNING  High grad norm: 949.02 at epoch=59 step=12988     
                    WARNING  High grad norm: 1156.32 at epoch=59 step=12989    
                    WARNING  High grad norm: 855.72 at epoch=59 step=12990     
[04/21/26 23:16:38] WARNING  High grad norm: 817.92 at epoch=59 step=12991     
                    WARNING  High grad norm: 1180.13 at epoch=59 step=12992    
                    WARNING  High grad norm: 1417.93 at epoch=59 step=12993    
                    WARNING  High grad norm: 3184.53 at epoch=59 step=12994    
[04/21/26 23:16:39] WARNING  High grad norm: 2611.35 at epoch=59 step=12995    
                    WARNING  High grad norm: 3094.67 at epoch=59 step=12996    
                    WARNING  High grad norm: 726.56 at epoch=59 step=12997     
                    WARNING  High grad norm: 1195.22 at epoch=59 step=12998    
                    WARNING  High grad norm: 2385.34 at epoch=59 step=12999    
                    INFO     epoch=59 step=13000 loss=481.9389                 
                             grad_norm=2385.3440 lr=1.00e-06                   
[04/21/26 23:16:40] WARNING  High grad norm: 1469.56 at epoch=59 step=13000    
                    WARNING  High grad norm: 792.62 at epoch=59 step=13001     
                    WARNING  High grad norm: 948.93 at epoch=59 step=13002     
                    WARNING  High grad norm: 1095.22 at epoch=59 step=13003    
[04/21/26 23:16:41] WARNING  High grad norm: 929.58 at epoch=59 step=13004     
                    WARNING  High grad norm: 830.11 at epoch=59 step=13005     
                    WARNING  High grad norm: 851.20 at epoch=59 step=13006     
                    WARNING  High grad norm: 796.44 at epoch=59 step=13007     
                    WARNING  High grad norm: 1320.60 at epoch=59 step=13008    
[04/21/26 23:16:42] WARNING  High grad norm: 1505.58 at epoch=59 step=13009    
                    WARNING  High grad norm: 1432.32 at epoch=59 step=13010    
                    WARNING  High grad norm: 1811.72 at epoch=59 step=13011    
                    WARNING  High grad norm: 719.52 at epoch=59 step=13012     
[04/21/26 23:16:43] WARNING  High grad norm: 1024.63 at epoch=59 step=13013    
                    WARNING  High grad norm: 670.33 at epoch=59 step=13014     
                    WARNING  High grad norm: 693.67 at epoch=59 step=13015     
                    WARNING  High grad norm: 965.30 at epoch=59 step=13016     
                    WARNING  High grad norm: 872.17 at epoch=59 step=13017     
[04/21/26 23:16:44] WARNING  High grad norm: 1471.74 at epoch=59 step=13018    
                    WARNING  High grad norm: 672.08 at epoch=59 step=13019     
                    WARNING  High grad norm: 1526.30 at epoch=59 step=13020    
                    WARNING  High grad norm: 991.69 at epoch=59 step=13021     
[04/21/26 23:16:45] WARNING  High grad norm: 579.27 at epoch=59 step=13022     
                    WARNING  High grad norm: 1034.25 at epoch=59 step=13023    
                    WARNING  High grad norm: 771.37 at epoch=59 step=13024     
                    WARNING  High grad norm: 662.33 at epoch=59 step=13025     
                    WARNING  High grad norm: 677.56 at epoch=59 step=13026     
[04/21/26 23:16:46] WARNING  High grad norm: 2168.26 at epoch=59 step=13027    
                    WARNING  High grad norm: 1200.29 at epoch=59 step=13028    
                    WARNING  High grad norm: 1220.41 at epoch=59 step=13029    
                    WARNING  High grad norm: 701.27 at epoch=59 step=13030     
[04/21/26 23:16:47] WARNING  High grad norm: 783.09 at epoch=59 step=13031     
                    WARNING  High grad norm: 701.55 at epoch=59 step=13032     
                    WARNING  High grad norm: 875.82 at epoch=59 step=13033     
                    WARNING  High grad norm: 1042.12 at epoch=59 step=13034    
                    WARNING  High grad norm: 1024.15 at epoch=59 step=13035    
[04/21/26 23:16:48] WARNING  High grad norm: 2360.56 at epoch=59 step=13036    
                    WARNING  High grad norm: 899.44 at epoch=59 step=13037     
                    WARNING  High grad norm: 737.53 at epoch=59 step=13038     
                    WARNING  High grad norm: 947.61 at epoch=59 step=13039     
[04/21/26 23:16:49] WARNING  High grad norm: 623.48 at epoch=59 step=13040     
                    WARNING  High grad norm: 533.13 at epoch=59 step=13041     
                    WARNING  High grad norm: 878.85 at epoch=59 step=13042     
                    WARNING  High grad norm: 1878.62 at epoch=59 step=13043    
                    WARNING  High grad norm: 2784.26 at epoch=59 step=13044    
[04/21/26 23:16:50] WARNING  High grad norm: 598.87 at epoch=59 step=13045     
                    WARNING  High grad norm: 1034.83 at epoch=59 step=13046    
                    WARNING  High grad norm: 621.25 at epoch=59 step=13047     
                    WARNING  High grad norm: 1281.48 at epoch=59 step=13048    
[04/21/26 23:16:51] WARNING  High grad norm: 802.70 at epoch=59 step=13049     
                    WARNING  High grad norm: 1535.41 at epoch=59 step=13050    
                    WARNING  High grad norm: 1298.43 at epoch=59 step=13051    
                    WARNING  High grad norm: 957.73 at epoch=59 step=13052     
                    WARNING  High grad norm: 627.40 at epoch=59 step=13053     
[04/21/26 23:16:52] WARNING  High grad norm: 1447.24 at epoch=59 step=13054    
                    WARNING  High grad norm: 1070.29 at epoch=59 step=13055    
                    WARNING  High grad norm: 856.02 at epoch=59 step=13056     
                    WARNING  High grad norm: 1239.04 at epoch=59 step=13057    
[04/21/26 23:16:53] WARNING  High grad norm: 477.88 at epoch=59 step=13058     
                    WARNING  High grad norm: 1744.51 at epoch=59 step=13059    
                    WARNING  High grad norm: 1151.73 at epoch=59 step=13060    
                    WARNING  High grad norm: 532.85 at epoch=59 step=13061     
                    WARNING  High grad norm: 1544.68 at epoch=59 step=13062    
[04/21/26 23:16:54] WARNING  High grad norm: 1458.25 at epoch=59 step=13063    
                    WARNING  High grad norm: 1033.86 at epoch=59 step=13064    
                    WARNING  High grad norm: 547.89 at epoch=59 step=13065     
                    WARNING  High grad norm: 1310.99 at epoch=59 step=13066    
[04/21/26 23:16:55] WARNING  High grad norm: 1035.49 at epoch=59 step=13067    
                    WARNING  High grad norm: 996.13 at epoch=59 step=13068     
                    WARNING  High grad norm: 2368.83 at epoch=59 step=13069    
                    WARNING  High grad norm: 717.39 at epoch=59 step=13070     
                    WARNING  High grad norm: 823.56 at epoch=59 step=13071     
[04/21/26 23:16:56] WARNING  High grad norm: 639.12 at epoch=59 step=13072     
                    WARNING  High grad norm: 1695.40 at epoch=59 step=13073    
                    WARNING  High grad norm: 552.47 at epoch=59 step=13074     
                    WARNING  High grad norm: 1913.00 at epoch=59 step=13075    
[04/21/26 23:16:57] WARNING  High grad norm: 1395.54 at epoch=59 step=13076    
                    WARNING  High grad norm: 859.20 at epoch=59 step=13077     
                    WARNING  High grad norm: 970.53 at epoch=59 step=13078     
                    WARNING  High grad norm: 897.18 at epoch=59 step=13079     
                    WARNING  High grad norm: 1034.81 at epoch=59 step=13080    
[04/21/26 23:16:58] WARNING  High grad norm: 760.81 at epoch=59 step=13081     
                    WARNING  High grad norm: 978.80 at epoch=59 step=13082     
                    WARNING  High grad norm: 1270.19 at epoch=59 step=13083    
                    WARNING  High grad norm: 820.62 at epoch=59 step=13084     
[04/21/26 23:16:59] WARNING  High grad norm: 622.63 at epoch=59 step=13085     
                    WARNING  High grad norm: 1149.27 at epoch=59 step=13086    
                    WARNING  High grad norm: 774.79 at epoch=59 step=13087     
                    WARNING  High grad norm: 1380.39 at epoch=59 step=13088    
                    WARNING  High grad norm: 947.56 at epoch=59 step=13089     
[04/21/26 23:17:00] WARNING  High grad norm: 1205.12 at epoch=59 step=13090    
                    WARNING  High grad norm: 1461.17 at epoch=59 step=13091    
                    WARNING  High grad norm: 846.42 at epoch=59 step=13092     
                    WARNING  High grad norm: 1502.69 at epoch=59 step=13093    
[04/21/26 23:17:01] WARNING  High grad norm: 838.95 at epoch=59 step=13094     
                    WARNING  High grad norm: 801.57 at epoch=59 step=13095     
                    WARNING  High grad norm: 622.39 at epoch=59 step=13096     
                    WARNING  High grad norm: 1678.72 at epoch=59 step=13097    
[04/21/26 23:17:02] WARNING  High grad norm: 716.01 at epoch=59 step=13098     
                    WARNING  High grad norm: 1124.32 at epoch=59 step=13099    
                    INFO     epoch=59 step=13100 loss=482.2307                 
                             grad_norm=1124.3243 lr=1.00e-06                   
                    WARNING  High grad norm: 1495.95 at epoch=59 step=13100    
                    WARNING  High grad norm: 774.83 at epoch=59 step=13101     
                    WARNING  High grad norm: 946.40 at epoch=59 step=13102     
[04/21/26 23:17:03] WARNING  High grad norm: 950.12 at epoch=59 step=13103     
                    WARNING  High grad norm: 1046.32 at epoch=59 step=13104    
                    WARNING  High grad norm: 786.21 at epoch=59 step=13105     
                    WARNING  High grad norm: 1661.19 at epoch=59 step=13106    
[04/21/26 23:17:04] WARNING  High grad norm: 546.51 at epoch=59 step=13107     
                    WARNING  High grad norm: 738.79 at epoch=59 step=13108     
                    WARNING  High grad norm: 1894.07 at epoch=59 step=13109    
                    WARNING  High grad norm: 921.21 at epoch=59 step=13110     
                    WARNING  High grad norm: 948.31 at epoch=59 step=13111     
[04/21/26 23:17:05] WARNING  High grad norm: 610.58 at epoch=59 step=13112     
                    WARNING  High grad norm: 1551.47 at epoch=59 step=13113    
                    WARNING  High grad norm: 1908.78 at epoch=59 step=13114    
                    WARNING  High grad norm: 1254.40 at epoch=59 step=13115    
[04/21/26 23:17:06] WARNING  High grad norm: 732.52 at epoch=59 step=13116     
                    WARNING  High grad norm: 775.81 at epoch=59 step=13117     
                    WARNING  High grad norm: 819.45 at epoch=59 step=13118     
                    WARNING  High grad norm: 709.97 at epoch=59 step=13119     
                    WARNING  High grad norm: 843.59 at epoch=59 step=13120     
[04/21/26 23:17:07] WARNING  High grad norm: 761.92 at epoch=59 step=13121     
                    WARNING  High grad norm: 1249.53 at epoch=59 step=13122    
                    WARNING  High grad norm: 716.88 at epoch=59 step=13123     
                    WARNING  High grad norm: 1244.76 at epoch=59 step=13124    
[04/21/26 23:17:08] WARNING  High grad norm: 1578.60 at epoch=59 step=13125    
                    WARNING  High grad norm: 950.38 at epoch=59 step=13126     
                    WARNING  High grad norm: 1080.87 at epoch=59 step=13127    
                    WARNING  High grad norm: 970.50 at epoch=59 step=13128     
                    WARNING  High grad norm: 710.75 at epoch=59 step=13129     
[04/21/26 23:17:09] WARNING  High grad norm: 666.66 at epoch=59 step=13130     
                    WARNING  High grad norm: 645.11 at epoch=59 step=13131     
                    WARNING  High grad norm: 1452.04 at epoch=59 step=13132    
                    WARNING  High grad norm: 609.21 at epoch=59 step=13133     
[04/21/26 23:17:10] WARNING  High grad norm: 1299.16 at epoch=59 step=13134    
                    WARNING  High grad norm: 1169.24 at epoch=59 step=13135    
                    WARNING  High grad norm: 976.23 at epoch=59 step=13136     
                    WARNING  High grad norm: 954.31 at epoch=59 step=13137     
[04/21/26 23:17:11] WARNING  High grad norm: 712.85 at epoch=59 step=13138     
                    WARNING  High grad norm: 952.56 at epoch=59 step=13139     
                    WARNING  High grad norm: 707.11 at epoch=59 step=13140     
                    WARNING  High grad norm: 825.37 at epoch=59 step=13141     
                    WARNING  High grad norm: 654.78 at epoch=59 step=13142     
[04/21/26 23:17:12] WARNING  High grad norm: 842.65 at epoch=59 step=13143     
                    WARNING  High grad norm: 1217.24 at epoch=59 step=13144    
                    WARNING  High grad norm: 820.95 at epoch=59 step=13145     
                    WARNING  High grad norm: 2607.43 at epoch=59 step=13146    
[04/21/26 23:17:13] WARNING  High grad norm: 534.14 at epoch=59 step=13147     
                    WARNING  High grad norm: 1732.00 at epoch=59 step=13148    
                    WARNING  High grad norm: 769.26 at epoch=59 step=13149     
                    WARNING  High grad norm: 709.83 at epoch=59 step=13150     
                    WARNING  High grad norm: 2174.78 at epoch=59 step=13151    
[04/21/26 23:17:14] WARNING  High grad norm: 1077.40 at epoch=59 step=13152    
                    WARNING  High grad norm: 710.26 at epoch=59 step=13153     
                    WARNING  High grad norm: 1080.55 at epoch=59 step=13154    
                    WARNING  High grad norm: 559.12 at epoch=59 step=13155     
                    WARNING  High grad norm: 933.88 at epoch=59 step=13156     
[04/21/26 23:17:15] INFO     epoch=59 avg_loss=479.7665 lr=1.00e-06            
[04/21/26 23:17:29] WARNING  High grad norm: 1157.58 at epoch=60 step=13157    
                    WARNING  High grad norm: 1464.88 at epoch=60 step=13158    
[04/21/26 23:17:30] WARNING  High grad norm: 1032.17 at epoch=60 step=13159    
                    WARNING  High grad norm: 836.97 at epoch=60 step=13160     
                    WARNING  High grad norm: 1256.06 at epoch=60 step=13161    
                    WARNING  High grad norm: 1301.08 at epoch=60 step=13162    
[04/21/26 23:17:31] WARNING  High grad norm: 474.21 at epoch=60 step=13163     
                    WARNING  High grad norm: 524.13 at epoch=60 step=13164     
                    WARNING  High grad norm: 653.66 at epoch=60 step=13165     
                    WARNING  High grad norm: 1405.42 at epoch=60 step=13166    
                    WARNING  High grad norm: 1417.10 at epoch=60 step=13167    
[04/21/26 23:17:32] WARNING  High grad norm: 1859.49 at epoch=60 step=13168    
                    WARNING  High grad norm: 926.58 at epoch=60 step=13169     
                    WARNING  High grad norm: 1483.85 at epoch=60 step=13170    
                    WARNING  High grad norm: 1630.20 at epoch=60 step=13171    
[04/21/26 23:17:33] WARNING  High grad norm: 2325.89 at epoch=60 step=13172    
                    WARNING  High grad norm: 829.51 at epoch=60 step=13173     
                    WARNING  High grad norm: 1272.55 at epoch=60 step=13174    
                    WARNING  High grad norm: 1431.45 at epoch=60 step=13175    
                    WARNING  High grad norm: 1855.77 at epoch=60 step=13176    
[04/21/26 23:17:34] WARNING  High grad norm: 803.78 at epoch=60 step=13177     
                    WARNING  High grad norm: 667.86 at epoch=60 step=13178     
                    WARNING  High grad norm: 1474.76 at epoch=60 step=13179    
                    WARNING  High grad norm: 1824.77 at epoch=60 step=13180    
[04/21/26 23:17:35] WARNING  High grad norm: 929.44 at epoch=60 step=13181     
                    WARNING  High grad norm: 859.71 at epoch=60 step=13182     
                    WARNING  High grad norm: 872.91 at epoch=60 step=13183     
                    WARNING  High grad norm: 908.20 at epoch=60 step=13184     
                    WARNING  High grad norm: 711.48 at epoch=60 step=13185     
[04/21/26 23:17:36] WARNING  High grad norm: 1020.01 at epoch=60 step=13186    
                    WARNING  High grad norm: 846.11 at epoch=60 step=13187     
                    WARNING  High grad norm: 1225.74 at epoch=60 step=13188    
                    WARNING  High grad norm: 1196.57 at epoch=60 step=13189    
[04/21/26 23:17:37] WARNING  High grad norm: 1117.84 at epoch=60 step=13190    
                    WARNING  High grad norm: 1350.46 at epoch=60 step=13191    
                    WARNING  High grad norm: 669.81 at epoch=60 step=13192     
                    WARNING  High grad norm: 975.61 at epoch=60 step=13193     
                    WARNING  High grad norm: 910.25 at epoch=60 step=13194     
[04/21/26 23:17:38] WARNING  High grad norm: 432.46 at epoch=60 step=13195     
                    WARNING  High grad norm: 862.15 at epoch=60 step=13196     
                    WARNING  High grad norm: 1366.89 at epoch=60 step=13197    
                    WARNING  High grad norm: 753.79 at epoch=60 step=13198     
[04/21/26 23:17:39] WARNING  High grad norm: 1170.16 at epoch=60 step=13199    
                    INFO     epoch=60 step=13200 loss=485.9031                 
                             grad_norm=1170.1567 lr=1.00e-06                   
                    WARNING  High grad norm: 2051.72 at epoch=60 step=13200    
                    WARNING  High grad norm: 2232.27 at epoch=60 step=13201    
                    WARNING  High grad norm: 1551.06 at epoch=60 step=13202    
                    WARNING  High grad norm: 801.33 at epoch=60 step=13203     
[04/21/26 23:17:40] WARNING  High grad norm: 1108.11 at epoch=60 step=13204    
                    WARNING  High grad norm: 789.39 at epoch=60 step=13205     
                    WARNING  High grad norm: 875.86 at epoch=60 step=13206     
                    WARNING  High grad norm: 578.30 at epoch=60 step=13207     
[04/21/26 23:17:41] WARNING  High grad norm: 1226.13 at epoch=60 step=13208    
                    WARNING  High grad norm: 711.13 at epoch=60 step=13209     
                    WARNING  High grad norm: 963.04 at epoch=60 step=13210     
                    WARNING  High grad norm: 1141.16 at epoch=60 step=13211    
                    WARNING  High grad norm: 827.42 at epoch=60 step=13212     
[04/21/26 23:17:42] WARNING  High grad norm: 738.56 at epoch=60 step=13213     
                    WARNING  High grad norm: 1656.88 at epoch=60 step=13214    
                    WARNING  High grad norm: 771.25 at epoch=60 step=13215     
                    WARNING  High grad norm: 746.93 at epoch=60 step=13216     
[04/21/26 23:17:43] WARNING  High grad norm: 1775.48 at epoch=60 step=13217    
                    WARNING  High grad norm: 1761.45 at epoch=60 step=13218    
                    WARNING  High grad norm: 1596.86 at epoch=60 step=13219    
                    WARNING  High grad norm: 790.14 at epoch=60 step=13220     
                    WARNING  High grad norm: 1071.74 at epoch=60 step=13221    
[04/21/26 23:17:44] WARNING  High grad norm: 545.81 at epoch=60 step=13222     
                    WARNING  High grad norm: 972.91 at epoch=60 step=13223     
                    WARNING  High grad norm: 1117.13 at epoch=60 step=13224    
                    WARNING  High grad norm: 1090.18 at epoch=60 step=13225    
[04/21/26 23:17:45] WARNING  High grad norm: 1064.38 at epoch=60 step=13226    
                    WARNING  High grad norm: 616.21 at epoch=60 step=13227     
                    WARNING  High grad norm: 2524.46 at epoch=60 step=13228    
                    WARNING  High grad norm: 1635.74 at epoch=60 step=13229    
                    WARNING  High grad norm: 684.65 at epoch=60 step=13230     
[04/21/26 23:17:46] WARNING  High grad norm: 1426.81 at epoch=60 step=13231    
                    WARNING  High grad norm: 753.17 at epoch=60 step=13232     
                    WARNING  High grad norm: 619.11 at epoch=60 step=13233     
                    WARNING  High grad norm: 894.80 at epoch=60 step=13234     
[04/21/26 23:17:47] WARNING  High grad norm: 1066.62 at epoch=60 step=13235    
                    WARNING  High grad norm: 897.80 at epoch=60 step=13236     
                    WARNING  High grad norm: 1850.46 at epoch=60 step=13237    
                    WARNING  High grad norm: 1405.46 at epoch=60 step=13238    
                    WARNING  High grad norm: 694.51 at epoch=60 step=13239     
[04/21/26 23:17:48] WARNING  High grad norm: 703.90 at epoch=60 step=13240     
                    WARNING  High grad norm: 1703.36 at epoch=60 step=13241    
                    WARNING  High grad norm: 2257.39 at epoch=60 step=13242    
                    WARNING  High grad norm: 1127.62 at epoch=60 step=13243    
[04/21/26 23:17:49] WARNING  High grad norm: 1009.44 at epoch=60 step=13244    
                    WARNING  High grad norm: 2690.87 at epoch=60 step=13245    
                    WARNING  High grad norm: 1327.23 at epoch=60 step=13246    
                    WARNING  High grad norm: 1299.25 at epoch=60 step=13247    
                    WARNING  High grad norm: 1418.15 at epoch=60 step=13248    
[04/21/26 23:17:50] WARNING  High grad norm: 1147.14 at epoch=60 step=13249    
                    WARNING  High grad norm: 2578.24 at epoch=60 step=13250    
                    WARNING  High grad norm: 1847.18 at epoch=60 step=13251    
                    WARNING  High grad norm: 511.66 at epoch=60 step=13252     
[04/21/26 23:17:51] WARNING  High grad norm: 1475.38 at epoch=60 step=13253    
                    WARNING  High grad norm: 1441.25 at epoch=60 step=13254    
                    WARNING  High grad norm: 641.36 at epoch=60 step=13255     
                    WARNING  High grad norm: 2508.63 at epoch=60 step=13256    
                    WARNING  High grad norm: 1483.88 at epoch=60 step=13257    
[04/21/26 23:17:52] WARNING  High grad norm: 888.97 at epoch=60 step=13258     
                    WARNING  High grad norm: 982.48 at epoch=60 step=13259     
                    WARNING  High grad norm: 825.12 at epoch=60 step=13260     
                    WARNING  High grad norm: 737.36 at epoch=60 step=13261     
[04/21/26 23:17:53] WARNING  High grad norm: 1063.51 at epoch=60 step=13262    
                    WARNING  High grad norm: 691.43 at epoch=60 step=13263     
                    WARNING  High grad norm: 855.83 at epoch=60 step=13264     
                    WARNING  High grad norm: 1585.91 at epoch=60 step=13265    
[04/21/26 23:17:54] WARNING  High grad norm: 2292.10 at epoch=60 step=13266    
                    WARNING  High grad norm: 1017.90 at epoch=60 step=13267    
                    WARNING  High grad norm: 1086.44 at epoch=60 step=13268    
                    WARNING  High grad norm: 847.69 at epoch=60 step=13269     
                    WARNING  High grad norm: 702.50 at epoch=60 step=13270     
[04/21/26 23:17:55] WARNING  High grad norm: 866.57 at epoch=60 step=13271     
                    WARNING  High grad norm: 1951.79 at epoch=60 step=13272    
                    WARNING  High grad norm: 942.84 at epoch=60 step=13273     
                    WARNING  High grad norm: 874.56 at epoch=60 step=13274     
[04/21/26 23:17:56] WARNING  High grad norm: 866.30 at epoch=60 step=13275     
                    WARNING  High grad norm: 2054.28 at epoch=60 step=13276    
                    WARNING  High grad norm: 2749.45 at epoch=60 step=13277    
                    WARNING  High grad norm: 1363.36 at epoch=60 step=13278    
                    WARNING  High grad norm: 896.57 at epoch=60 step=13279     
[04/21/26 23:17:57] WARNING  High grad norm: 704.10 at epoch=60 step=13280     
                    WARNING  High grad norm: 1335.03 at epoch=60 step=13281    
                    WARNING  High grad norm: 765.39 at epoch=60 step=13282     
                    WARNING  High grad norm: 799.61 at epoch=60 step=13283     
[04/21/26 23:17:58] WARNING  High grad norm: 1104.52 at epoch=60 step=13284    
                    WARNING  High grad norm: 626.51 at epoch=60 step=13285     
                    WARNING  High grad norm: 1891.51 at epoch=60 step=13286    
                    WARNING  High grad norm: 1771.73 at epoch=60 step=13287    
                    WARNING  High grad norm: 738.18 at epoch=60 step=13288     
[04/21/26 23:17:59] WARNING  High grad norm: 843.70 at epoch=60 step=13289     
                    WARNING  High grad norm: 1345.93 at epoch=60 step=13290    
                    WARNING  High grad norm: 712.08 at epoch=60 step=13291     
                    WARNING  High grad norm: 639.49 at epoch=60 step=13292     
[04/21/26 23:18:00] WARNING  High grad norm: 592.38 at epoch=60 step=13293     
                    WARNING  High grad norm: 651.74 at epoch=60 step=13294     
                    WARNING  High grad norm: 679.52 at epoch=60 step=13295     
                    WARNING  High grad norm: 901.07 at epoch=60 step=13296     
                    WARNING  High grad norm: 1144.24 at epoch=60 step=13297    
[04/21/26 23:18:01] WARNING  High grad norm: 1888.01 at epoch=60 step=13298    
                    WARNING  High grad norm: 880.30 at epoch=60 step=13299     
                    INFO     epoch=60 step=13300 loss=483.5618                 
                             grad_norm=880.3006 lr=1.00e-06                    
                    WARNING  High grad norm: 624.01 at epoch=60 step=13300     
                    WARNING  High grad norm: 2161.69 at epoch=60 step=13301    
[04/21/26 23:18:02] WARNING  High grad norm: 653.19 at epoch=60 step=13302     
                    WARNING  High grad norm: 651.34 at epoch=60 step=13303     
                    WARNING  High grad norm: 961.15 at epoch=60 step=13304     
                    WARNING  High grad norm: 878.47 at epoch=60 step=13305     
                    WARNING  High grad norm: 568.65 at epoch=60 step=13306     
[04/21/26 23:18:03] WARNING  High grad norm: 2259.13 at epoch=60 step=13307    
                    WARNING  High grad norm: 1170.29 at epoch=60 step=13308    
                    WARNING  High grad norm: 1744.59 at epoch=60 step=13309    
                    WARNING  High grad norm: 1351.54 at epoch=60 step=13310    
[04/21/26 23:18:04] WARNING  High grad norm: 564.02 at epoch=60 step=13311     
                    WARNING  High grad norm: 824.91 at epoch=60 step=13312     
                    WARNING  High grad norm: 2152.58 at epoch=60 step=13313    
                    WARNING  High grad norm: 703.68 at epoch=60 step=13314     
                    WARNING  High grad norm: 1882.07 at epoch=60 step=13315    
[04/21/26 23:18:05] WARNING  High grad norm: 848.95 at epoch=60 step=13316     
                    WARNING  High grad norm: 740.70 at epoch=60 step=13317     
                    WARNING  High grad norm: 2960.63 at epoch=60 step=13318    
                    WARNING  High grad norm: 1233.43 at epoch=60 step=13319    
[04/21/26 23:18:06] WARNING  High grad norm: 714.37 at epoch=60 step=13320     
                    WARNING  High grad norm: 694.50 at epoch=60 step=13321     
                    WARNING  High grad norm: 688.59 at epoch=60 step=13322     
                    WARNING  High grad norm: 1686.28 at epoch=60 step=13323    
[04/21/26 23:18:07] WARNING  High grad norm: 1614.72 at epoch=60 step=13324    
                    WARNING  High grad norm: 1465.29 at epoch=60 step=13325    
                    WARNING  High grad norm: 917.83 at epoch=60 step=13326     
                    WARNING  High grad norm: 1412.61 at epoch=60 step=13327    
                    WARNING  High grad norm: 2424.99 at epoch=60 step=13328    
[04/21/26 23:18:08] WARNING  High grad norm: 1870.80 at epoch=60 step=13329    
                    WARNING  High grad norm: 1062.42 at epoch=60 step=13330    
                    WARNING  High grad norm: 829.41 at epoch=60 step=13331     
                    WARNING  High grad norm: 724.18 at epoch=60 step=13332     
[04/21/26 23:18:09] WARNING  High grad norm: 1164.08 at epoch=60 step=13333    
                    WARNING  High grad norm: 1828.80 at epoch=60 step=13334    
                    WARNING  High grad norm: 771.95 at epoch=60 step=13335     
                    WARNING  High grad norm: 643.44 at epoch=60 step=13336     
                    WARNING  High grad norm: 1006.99 at epoch=60 step=13337    
[04/21/26 23:18:10] WARNING  High grad norm: 1193.76 at epoch=60 step=13338    
                    WARNING  High grad norm: 1640.53 at epoch=60 step=13339    
                    WARNING  High grad norm: 857.99 at epoch=60 step=13340     
                    WARNING  High grad norm: 996.66 at epoch=60 step=13341     
[04/21/26 23:18:11] WARNING  High grad norm: 1507.05 at epoch=60 step=13342    
                    WARNING  High grad norm: 1345.50 at epoch=60 step=13343    
                    WARNING  High grad norm: 986.01 at epoch=60 step=13344     
                    WARNING  High grad norm: 1295.16 at epoch=60 step=13345    
                    WARNING  High grad norm: 1338.18 at epoch=60 step=13346    
[04/21/26 23:18:12] WARNING  High grad norm: 2515.40 at epoch=60 step=13347    
                    WARNING  High grad norm: 2288.78 at epoch=60 step=13348    
                    WARNING  High grad norm: 824.73 at epoch=60 step=13349     
                    WARNING  High grad norm: 1199.43 at epoch=60 step=13350    
[04/21/26 23:18:13] WARNING  High grad norm: 1187.74 at epoch=60 step=13351    
                    WARNING  High grad norm: 777.51 at epoch=60 step=13352     
                    WARNING  High grad norm: 942.71 at epoch=60 step=13353     
                    WARNING  High grad norm: 1531.59 at epoch=60 step=13354    
[04/21/26 23:18:14] WARNING  High grad norm: 692.46 at epoch=60 step=13355     
                    WARNING  High grad norm: 1714.77 at epoch=60 step=13356    
                    WARNING  High grad norm: 1006.09 at epoch=60 step=13357    
                    WARNING  High grad norm: 1506.09 at epoch=60 step=13358    
                    WARNING  High grad norm: 2009.90 at epoch=60 step=13359    
[04/21/26 23:18:15] WARNING  High grad norm: 2268.49 at epoch=60 step=13360    
                    WARNING  High grad norm: 786.33 at epoch=60 step=13361     
                    WARNING  High grad norm: 1646.89 at epoch=60 step=13362    
                    WARNING  High grad norm: 3023.79 at epoch=60 step=13363    
[04/21/26 23:18:16] WARNING  High grad norm: 2145.31 at epoch=60 step=13364    
                    WARNING  High grad norm: 512.20 at epoch=60 step=13365     
                    WARNING  High grad norm: 701.20 at epoch=60 step=13366     
                    WARNING  High grad norm: 942.49 at epoch=60 step=13367     
                    WARNING  High grad norm: 480.97 at epoch=60 step=13368     
[04/21/26 23:18:17] WARNING  High grad norm: 890.40 at epoch=60 step=13369     
                    WARNING  High grad norm: 1715.75 at epoch=60 step=13370    
                    WARNING  High grad norm: 658.51 at epoch=60 step=13371     
                    WARNING  High grad norm: 1063.47 at epoch=60 step=13372    
[04/21/26 23:18:18] WARNING  High grad norm: 1058.09 at epoch=60 step=13373    
                    WARNING  High grad norm: 1432.26 at epoch=60 step=13374    
                    WARNING  High grad norm: 1813.82 at epoch=60 step=13375    
                    WARNING  High grad norm: 761.64 at epoch=60 step=13376     
                    WARNING  High grad norm: 1377.08 at epoch=60 step=13377    
[04/21/26 23:18:19] WARNING  High grad norm: 1278.33 at epoch=60 step=13378    
                    WARNING  High grad norm: 998.71 at epoch=60 step=13379     
[04/21/26 23:18:20] INFO     epoch=60 avg_loss=484.0838 lr=1.00e-06            
[04/21/26 23:18:27] INFO     Saved checkpoint to                               
                             C:\Users\artun\Desktop\ITS-project\checkpoints\sco
                             re_fmnist_v2\score_epoch_0060.pt                  
[04/21/26 23:18:41] WARNING  High grad norm: 1102.14 at epoch=61 step=13380    
[04/21/26 23:18:42] WARNING  High grad norm: 1784.07 at epoch=61 step=13381    
                    WARNING  High grad norm: 715.37 at epoch=61 step=13382     
                    WARNING  High grad norm: 1012.07 at epoch=61 step=13383    
                    WARNING  High grad norm: 1178.15 at epoch=61 step=13384    
                    WARNING  High grad norm: 748.22 at epoch=61 step=13385     
[04/21/26 23:18:43] WARNING  High grad norm: 859.20 at epoch=61 step=13386     
                    WARNING  High grad norm: 1303.99 at epoch=61 step=13387    
                    WARNING  High grad norm: 1517.92 at epoch=61 step=13388    
                    WARNING  High grad norm: 1798.12 at epoch=61 step=13389    
[04/21/26 23:18:44] WARNING  High grad norm: 812.58 at epoch=61 step=13390     
                    WARNING  High grad norm: 1153.90 at epoch=61 step=13391    
                    WARNING  High grad norm: 654.91 at epoch=61 step=13392     
                    WARNING  High grad norm: 555.93 at epoch=61 step=13393     
                    WARNING  High grad norm: 1203.40 at epoch=61 step=13394    
[04/21/26 23:18:45] WARNING  High grad norm: 2507.85 at epoch=61 step=13395    
                    WARNING  High grad norm: 2768.39 at epoch=61 step=13396    
                    WARNING  High grad norm: 746.24 at epoch=61 step=13397     
                    WARNING  High grad norm: 2619.86 at epoch=61 step=13398    
[04/21/26 23:18:46] WARNING  High grad norm: 545.21 at epoch=61 step=13399     
                    INFO     epoch=61 step=13400 loss=468.4442                 
                             grad_norm=545.2053 lr=1.00e-06                    
                    WARNING  High grad norm: 1204.08 at epoch=61 step=13400    
                    WARNING  High grad norm: 1224.68 at epoch=61 step=13401    
                    WARNING  High grad norm: 1459.57 at epoch=61 step=13402    
                    WARNING  High grad norm: 1515.36 at epoch=61 step=13403    
[04/21/26 23:18:47] WARNING  High grad norm: 770.42 at epoch=61 step=13404     
                    WARNING  High grad norm: 606.60 at epoch=61 step=13405     
                    WARNING  High grad norm: 810.21 at epoch=61 step=13406     
                    WARNING  High grad norm: 2448.07 at epoch=61 step=13407    
[04/21/26 23:18:48] WARNING  High grad norm: 2157.68 at epoch=61 step=13408    
                    WARNING  High grad norm: 784.38 at epoch=61 step=13409     
                    WARNING  High grad norm: 1218.58 at epoch=61 step=13410    
                    WARNING  High grad norm: 774.26 at epoch=61 step=13411     
                    WARNING  High grad norm: 1547.86 at epoch=61 step=13412    
[04/21/26 23:18:49] WARNING  High grad norm: 964.99 at epoch=61 step=13413     
                    WARNING  High grad norm: 748.52 at epoch=61 step=13414     
                    WARNING  High grad norm: 1388.34 at epoch=61 step=13415    
                    WARNING  High grad norm: 1916.76 at epoch=61 step=13416    
[04/21/26 23:18:50] WARNING  High grad norm: 1104.15 at epoch=61 step=13417    
                    WARNING  High grad norm: 1151.83 at epoch=61 step=13418    
                    WARNING  High grad norm: 848.82 at epoch=61 step=13419     
                    WARNING  High grad norm: 817.16 at epoch=61 step=13420     
                    WARNING  High grad norm: 471.37 at epoch=61 step=13421     
[04/21/26 23:18:51] WARNING  High grad norm: 773.77 at epoch=61 step=13422     
                    WARNING  High grad norm: 693.30 at epoch=61 step=13423     
                    WARNING  High grad norm: 974.15 at epoch=61 step=13424     
                    WARNING  High grad norm: 1126.17 at epoch=61 step=13425    
[04/21/26 23:18:52] WARNING  High grad norm: 535.74 at epoch=61 step=13426     
                    WARNING  High grad norm: 1020.09 at epoch=61 step=13427    
                    WARNING  High grad norm: 712.15 at epoch=61 step=13428     
                    WARNING  High grad norm: 529.80 at epoch=61 step=13429     
                    WARNING  High grad norm: 1560.51 at epoch=61 step=13430    
[04/21/26 23:18:53] WARNING  High grad norm: 1941.18 at epoch=61 step=13431    
                    WARNING  High grad norm: 685.59 at epoch=61 step=13432     
                    WARNING  High grad norm: 1213.39 at epoch=61 step=13433    
                    WARNING  High grad norm: 1219.78 at epoch=61 step=13434    
[04/21/26 23:18:54] WARNING  High grad norm: 980.93 at epoch=61 step=13435     
                    WARNING  High grad norm: 1835.77 at epoch=61 step=13436    
                    WARNING  High grad norm: 2335.64 at epoch=61 step=13437    
                    WARNING  High grad norm: 1724.43 at epoch=61 step=13438    
                    WARNING  High grad norm: 794.73 at epoch=61 step=13439     
[04/21/26 23:18:55] WARNING  High grad norm: 672.16 at epoch=61 step=13440     
                    WARNING  High grad norm: 801.45 at epoch=61 step=13441     
                    WARNING  High grad norm: 745.49 at epoch=61 step=13442     
                    WARNING  High grad norm: 1015.27 at epoch=61 step=13443    
[04/21/26 23:18:56] WARNING  High grad norm: 775.25 at epoch=61 step=13444     
                    WARNING  High grad norm: 805.08 at epoch=61 step=13445     
                    WARNING  High grad norm: 775.66 at epoch=61 step=13446     
                    WARNING  High grad norm: 701.79 at epoch=61 step=13447     
                    WARNING  High grad norm: 493.54 at epoch=61 step=13448     
[04/21/26 23:18:57] WARNING  High grad norm: 1544.12 at epoch=61 step=13449    
                    WARNING  High grad norm: 1069.21 at epoch=61 step=13450    
                    WARNING  High grad norm: 907.34 at epoch=61 step=13451     
                    WARNING  High grad norm: 1077.59 at epoch=61 step=13452    
[04/21/26 23:18:58] WARNING  High grad norm: 1011.09 at epoch=61 step=13453    
                    WARNING  High grad norm: 1105.68 at epoch=61 step=13454    
                    WARNING  High grad norm: 703.35 at epoch=61 step=13455     
                    WARNING  High grad norm: 843.52 at epoch=61 step=13456     
                    WARNING  High grad norm: 643.66 at epoch=61 step=13457     
[04/21/26 23:18:59] WARNING  High grad norm: 637.25 at epoch=61 step=13458     
                    WARNING  High grad norm: 1487.12 at epoch=61 step=13459    
                    WARNING  High grad norm: 688.77 at epoch=61 step=13460     
                    WARNING  High grad norm: 586.43 at epoch=61 step=13461     
[04/21/26 23:19:00] WARNING  High grad norm: 644.00 at epoch=61 step=13462     
                    WARNING  High grad norm: 569.77 at epoch=61 step=13463     
                    WARNING  High grad norm: 2574.96 at epoch=61 step=13464    
                    WARNING  High grad norm: 1447.06 at epoch=61 step=13465    
                    WARNING  High grad norm: 1015.35 at epoch=61 step=13466    
[04/21/26 23:19:01] WARNING  High grad norm: 797.05 at epoch=61 step=13467     
                    WARNING  High grad norm: 1436.26 at epoch=61 step=13468    
                    WARNING  High grad norm: 864.35 at epoch=61 step=13469     
                    WARNING  High grad norm: 887.57 at epoch=61 step=13470     
[04/21/26 23:19:02] WARNING  High grad norm: 735.16 at epoch=61 step=13471     
                    WARNING  High grad norm: 1873.60 at epoch=61 step=13472    
                    WARNING  High grad norm: 1455.75 at epoch=61 step=13473    
                    WARNING  High grad norm: 866.52 at epoch=61 step=13474     
                    WARNING  High grad norm: 2150.55 at epoch=61 step=13475    
[04/21/26 23:19:03] WARNING  High grad norm: 933.50 at epoch=61 step=13476     
                    WARNING  High grad norm: 746.35 at epoch=61 step=13477     
                    WARNING  High grad norm: 1963.87 at epoch=61 step=13478    
                    WARNING  High grad norm: 1334.50 at epoch=61 step=13479    
[04/21/26 23:19:04] WARNING  High grad norm: 2078.11 at epoch=61 step=13480    
                    WARNING  High grad norm: 839.72 at epoch=61 step=13481     
                    WARNING  High grad norm: 611.64 at epoch=61 step=13482     
                    WARNING  High grad norm: 682.61 at epoch=61 step=13483     
                    WARNING  High grad norm: 1076.60 at epoch=61 step=13484    
[04/21/26 23:19:05] WARNING  High grad norm: 1218.38 at epoch=61 step=13485    
                    WARNING  High grad norm: 1307.49 at epoch=61 step=13486    
                    WARNING  High grad norm: 763.83 at epoch=61 step=13487     
                    WARNING  High grad norm: 793.06 at epoch=61 step=13488     
[04/21/26 23:19:06] WARNING  High grad norm: 853.63 at epoch=61 step=13489     
                    WARNING  High grad norm: 1156.05 at epoch=61 step=13490    
                    WARNING  High grad norm: 914.08 at epoch=61 step=13491     
                    WARNING  High grad norm: 660.25 at epoch=61 step=13492     
                    WARNING  High grad norm: 1317.49 at epoch=61 step=13493    
[04/21/26 23:19:07] WARNING  High grad norm: 789.87 at epoch=61 step=13494     
                    WARNING  High grad norm: 1305.18 at epoch=61 step=13495    
                    WARNING  High grad norm: 681.09 at epoch=61 step=13496     
                    WARNING  High grad norm: 498.13 at epoch=61 step=13497     
[04/21/26 23:19:08] WARNING  High grad norm: 1496.30 at epoch=61 step=13498    
                    WARNING  High grad norm: 641.96 at epoch=61 step=13499     
                    INFO     epoch=61 step=13500 loss=478.0041                 
                             grad_norm=641.9587 lr=1.00e-06                    
                    WARNING  High grad norm: 1020.19 at epoch=61 step=13500    
                    WARNING  High grad norm: 964.48 at epoch=61 step=13501     
                    WARNING  High grad norm: 877.51 at epoch=61 step=13502     
[04/21/26 23:19:09] WARNING  High grad norm: 808.26 at epoch=61 step=13503     
                    WARNING  High grad norm: 2722.54 at epoch=61 step=13504    
                    WARNING  High grad norm: 565.37 at epoch=61 step=13505     
                    WARNING  High grad norm: 1446.82 at epoch=61 step=13506    
[04/21/26 23:19:10] WARNING  High grad norm: 790.18 at epoch=61 step=13507     
                    WARNING  High grad norm: 669.25 at epoch=61 step=13508     
                    WARNING  High grad norm: 1180.76 at epoch=61 step=13509    
                    WARNING  High grad norm: 1220.92 at epoch=61 step=13510    
                    WARNING  High grad norm: 835.12 at epoch=61 step=13511     
[04/21/26 23:19:11] WARNING  High grad norm: 1353.09 at epoch=61 step=13512    
                    WARNING  High grad norm: 954.88 at epoch=61 step=13513     
                    WARNING  High grad norm: 513.05 at epoch=61 step=13514     
                    WARNING  High grad norm: 2215.65 at epoch=61 step=13515    
[04/21/26 23:19:12] WARNING  High grad norm: 1222.33 at epoch=61 step=13516    
                    WARNING  High grad norm: 1412.64 at epoch=61 step=13517    
                    WARNING  High grad norm: 1153.98 at epoch=61 step=13518    
                    WARNING  High grad norm: 1064.94 at epoch=61 step=13519    
                    WARNING  High grad norm: 1077.61 at epoch=61 step=13520    
[04/21/26 23:19:13] WARNING  High grad norm: 986.46 at epoch=61 step=13521     
                    WARNING  High grad norm: 652.01 at epoch=61 step=13522     
                    WARNING  High grad norm: 796.85 at epoch=61 step=13523     
                    WARNING  High grad norm: 2007.14 at epoch=61 step=13524    
[04/21/26 23:19:14] WARNING  High grad norm: 1468.40 at epoch=61 step=13525    
                    WARNING  High grad norm: 735.24 at epoch=61 step=13526     
                    WARNING  High grad norm: 906.63 at epoch=61 step=13527     
                    WARNING  High grad norm: 1649.48 at epoch=61 step=13528    
                    WARNING  High grad norm: 657.05 at epoch=61 step=13529     
[04/21/26 23:19:15] WARNING  High grad norm: 1101.08 at epoch=61 step=13530    
                    WARNING  High grad norm: 759.05 at epoch=61 step=13531     
                    WARNING  High grad norm: 594.73 at epoch=61 step=13532     
                    WARNING  High grad norm: 1458.42 at epoch=61 step=13533    
[04/21/26 23:19:16] WARNING  High grad norm: 554.54 at epoch=61 step=13534     
                    WARNING  High grad norm: 1805.66 at epoch=61 step=13535    
                    WARNING  High grad norm: 514.56 at epoch=61 step=13536     
                    WARNING  High grad norm: 771.58 at epoch=61 step=13537     
                    WARNING  High grad norm: 832.55 at epoch=61 step=13538     
[04/21/26 23:19:17] WARNING  High grad norm: 749.00 at epoch=61 step=13539     
                    WARNING  High grad norm: 712.51 at epoch=61 step=13540     
                    WARNING  High grad norm: 1992.41 at epoch=61 step=13541    
                    WARNING  High grad norm: 1004.50 at epoch=61 step=13542    
[04/21/26 23:19:18] WARNING  High grad norm: 801.11 at epoch=61 step=13543     
                    WARNING  High grad norm: 947.63 at epoch=61 step=13544     
                    WARNING  High grad norm: 1098.88 at epoch=61 step=13545    
                    WARNING  High grad norm: 1098.74 at epoch=61 step=13546    
                    WARNING  High grad norm: 753.84 at epoch=61 step=13547     
[04/21/26 23:19:19] WARNING  High grad norm: 640.35 at epoch=61 step=13548     
                    WARNING  High grad norm: 1090.82 at epoch=61 step=13549    
                    WARNING  High grad norm: 939.72 at epoch=61 step=13550     
                    WARNING  High grad norm: 645.78 at epoch=61 step=13551     
[04/21/26 23:19:20] WARNING  High grad norm: 734.10 at epoch=61 step=13552     
                    WARNING  High grad norm: 726.88 at epoch=61 step=13553     
                    WARNING  High grad norm: 916.31 at epoch=61 step=13554     
                    WARNING  High grad norm: 1140.39 at epoch=61 step=13555    
                    WARNING  High grad norm: 778.85 at epoch=61 step=13556     
[04/21/26 23:19:21] WARNING  High grad norm: 1548.23 at epoch=61 step=13557    
                    WARNING  High grad norm: 887.65 at epoch=61 step=13558     
                    WARNING  High grad norm: 993.68 at epoch=61 step=13559     
                    WARNING  High grad norm: 638.20 at epoch=61 step=13560     
[04/21/26 23:19:22] WARNING  High grad norm: 656.81 at epoch=61 step=13561     
                    WARNING  High grad norm: 1684.80 at epoch=61 step=13562    
                    WARNING  High grad norm: 861.32 at epoch=61 step=13563     
                    WARNING  High grad norm: 1470.46 at epoch=61 step=13564    
[04/21/26 23:19:23] WARNING  High grad norm: 1120.26 at epoch=61 step=13565    
                    WARNING  High grad norm: 1771.50 at epoch=61 step=13566    
                    WARNING  High grad norm: 1334.85 at epoch=61 step=13567    
                    WARNING  High grad norm: 972.76 at epoch=61 step=13568     
                    WARNING  High grad norm: 1136.99 at epoch=61 step=13569    
[04/21/26 23:19:24] WARNING  High grad norm: 880.94 at epoch=61 step=13570     
                    WARNING  High grad norm: 3758.56 at epoch=61 step=13571    
                    WARNING  High grad norm: 2248.33 at epoch=61 step=13572    
                    WARNING  High grad norm: 1375.66 at epoch=61 step=13573    
[04/21/26 23:19:25] WARNING  High grad norm: 1771.70 at epoch=61 step=13574    
                    WARNING  High grad norm: 1605.65 at epoch=61 step=13575    
                    WARNING  High grad norm: 659.89 at epoch=61 step=13576     
                    WARNING  High grad norm: 566.80 at epoch=61 step=13577     
                    WARNING  High grad norm: 1021.83 at epoch=61 step=13578    
[04/21/26 23:19:26] WARNING  High grad norm: 664.11 at epoch=61 step=13579     
                    WARNING  High grad norm: 1433.77 at epoch=61 step=13580    
                    WARNING  High grad norm: 1959.79 at epoch=61 step=13581    
                    WARNING  High grad norm: 673.35 at epoch=61 step=13582     
[04/21/26 23:19:27] WARNING  High grad norm: 3685.88 at epoch=61 step=13583    
                    WARNING  High grad norm: 989.03 at epoch=61 step=13584     
                    WARNING  High grad norm: 607.15 at epoch=61 step=13585     
                    WARNING  High grad norm: 1646.75 at epoch=61 step=13586    
                    WARNING  High grad norm: 1349.96 at epoch=61 step=13587    
[04/21/26 23:19:28] WARNING  High grad norm: 1173.34 at epoch=61 step=13588    
                    WARNING  High grad norm: 498.88 at epoch=61 step=13589     
                    WARNING  High grad norm: 840.75 at epoch=61 step=13590     
                    WARNING  High grad norm: 1270.89 at epoch=61 step=13591    
[04/21/26 23:19:29] WARNING  High grad norm: 579.04 at epoch=61 step=13592     
                    WARNING  High grad norm: 1294.18 at epoch=61 step=13593    
                    WARNING  High grad norm: 737.35 at epoch=61 step=13594     
                    WARNING  High grad norm: 3320.63 at epoch=61 step=13595    
                    WARNING  High grad norm: 2064.63 at epoch=61 step=13596    
[04/21/26 23:19:30] WARNING  High grad norm: 917.34 at epoch=61 step=13597     
                    WARNING  High grad norm: 945.93 at epoch=61 step=13598     
                    WARNING  High grad norm: 633.19 at epoch=61 step=13599     
                    INFO     epoch=61 step=13600 loss=475.0687                 
                             grad_norm=633.1852 lr=1.00e-06                    
                    WARNING  High grad norm: 2083.04 at epoch=61 step=13600    
[04/21/26 23:19:31] WARNING  High grad norm: 1907.21 at epoch=61 step=13601    
                    WARNING  High grad norm: 608.87 at epoch=61 step=13602     
                    INFO     epoch=61 avg_loss=475.0060 lr=1.00e-06            
[04/21/26 23:19:46] WARNING  High grad norm: 758.28 at epoch=62 step=13603     
                    WARNING  High grad norm: 1291.03 at epoch=62 step=13604    
                    WARNING  High grad norm: 1091.68 at epoch=62 step=13605    
                    WARNING  High grad norm: 1354.91 at epoch=62 step=13606    
                    WARNING  High grad norm: 718.45 at epoch=62 step=13607     
[04/21/26 23:19:47] WARNING  High grad norm: 899.45 at epoch=62 step=13608     
                    WARNING  High grad norm: 1243.89 at epoch=62 step=13609    
                    WARNING  High grad norm: 1706.85 at epoch=62 step=13610    
                    WARNING  High grad norm: 2091.60 at epoch=62 step=13611    
[04/21/26 23:19:48] WARNING  High grad norm: 1499.87 at epoch=62 step=13612    
                    WARNING  High grad norm: 930.44 at epoch=62 step=13613     
                    WARNING  High grad norm: 729.13 at epoch=62 step=13614     
                    WARNING  High grad norm: 886.24 at epoch=62 step=13615     
                    WARNING  High grad norm: 1224.20 at epoch=62 step=13616    
[04/21/26 23:19:49] WARNING  High grad norm: 942.09 at epoch=62 step=13617     
                    WARNING  High grad norm: 629.07 at epoch=62 step=13618     
                    WARNING  High grad norm: 1490.74 at epoch=62 step=13619    
                    WARNING  High grad norm: 827.27 at epoch=62 step=13620     
[04/21/26 23:19:50] WARNING  High grad norm: 825.33 at epoch=62 step=13621     
                    WARNING  High grad norm: 742.81 at epoch=62 step=13622     
                    WARNING  High grad norm: 909.50 at epoch=62 step=13623     
                    WARNING  High grad norm: 1024.25 at epoch=62 step=13624    
                    WARNING  High grad norm: 2376.39 at epoch=62 step=13625    
[04/21/26 23:19:51] WARNING  High grad norm: 1746.63 at epoch=62 step=13626    
                    WARNING  High grad norm: 1343.84 at epoch=62 step=13627    
                    WARNING  High grad norm: 623.52 at epoch=62 step=13628     
                    WARNING  High grad norm: 1296.59 at epoch=62 step=13629    
[04/21/26 23:19:52] WARNING  High grad norm: 1181.60 at epoch=62 step=13630    
                    WARNING  High grad norm: 852.58 at epoch=62 step=13631     
                    WARNING  High grad norm: 922.78 at epoch=62 step=13632     
                    WARNING  High grad norm: 886.76 at epoch=62 step=13633     
[04/21/26 23:19:53] WARNING  High grad norm: 892.81 at epoch=62 step=13634     
                    WARNING  High grad norm: 1576.50 at epoch=62 step=13635    
                    WARNING  High grad norm: 801.72 at epoch=62 step=13636     
                    WARNING  High grad norm: 1125.09 at epoch=62 step=13637    
                    WARNING  High grad norm: 1002.82 at epoch=62 step=13638    
[04/21/26 23:19:54] WARNING  High grad norm: 988.67 at epoch=62 step=13639     
                    WARNING  High grad norm: 659.44 at epoch=62 step=13640     
                    WARNING  High grad norm: 1270.81 at epoch=62 step=13641    
                    WARNING  High grad norm: 1678.42 at epoch=62 step=13642    
                    WARNING  High grad norm: 802.62 at epoch=62 step=13643     
[04/21/26 23:19:55] WARNING  High grad norm: 1086.99 at epoch=62 step=13644    
                    WARNING  High grad norm: 603.92 at epoch=62 step=13645     
                    WARNING  High grad norm: 503.80 at epoch=62 step=13646     
                    WARNING  High grad norm: 787.48 at epoch=62 step=13647     
[04/21/26 23:19:56] WARNING  High grad norm: 790.58 at epoch=62 step=13648     
                    WARNING  High grad norm: 1234.51 at epoch=62 step=13649    
                    WARNING  High grad norm: 1174.58 at epoch=62 step=13650    
                    WARNING  High grad norm: 1617.92 at epoch=62 step=13651    
[04/21/26 23:19:57] WARNING  High grad norm: 782.00 at epoch=62 step=13652     
                    WARNING  High grad norm: 766.07 at epoch=62 step=13653     
                    WARNING  High grad norm: 928.83 at epoch=62 step=13654     
                    WARNING  High grad norm: 1152.36 at epoch=62 step=13655    
                    WARNING  High grad norm: 518.61 at epoch=62 step=13656     
[04/21/26 23:19:58] WARNING  High grad norm: 1151.37 at epoch=62 step=13657    
                    WARNING  High grad norm: 1559.44 at epoch=62 step=13658    
                    WARNING  High grad norm: 1309.09 at epoch=62 step=13659    
                    WARNING  High grad norm: 1839.47 at epoch=62 step=13660    
[04/21/26 23:19:59] WARNING  High grad norm: 1325.31 at epoch=62 step=13661    
                    WARNING  High grad norm: 1671.82 at epoch=62 step=13662    
                    WARNING  High grad norm: 516.06 at epoch=62 step=13663     
                    WARNING  High grad norm: 789.76 at epoch=62 step=13664     
                    WARNING  High grad norm: 3428.30 at epoch=62 step=13665    
[04/21/26 23:20:00] WARNING  High grad norm: 966.92 at epoch=62 step=13666     
                    WARNING  High grad norm: 1800.45 at epoch=62 step=13667    
                    WARNING  High grad norm: 1138.94 at epoch=62 step=13668    
                    WARNING  High grad norm: 940.55 at epoch=62 step=13669     
[04/21/26 23:20:01] WARNING  High grad norm: 534.97 at epoch=62 step=13670     
                    WARNING  High grad norm: 932.89 at epoch=62 step=13671     
                    WARNING  High grad norm: 814.92 at epoch=62 step=13672     
                    WARNING  High grad norm: 1200.05 at epoch=62 step=13673    
                    WARNING  High grad norm: 700.17 at epoch=62 step=13674     
[04/21/26 23:20:02] WARNING  High grad norm: 546.87 at epoch=62 step=13675     
                    WARNING  High grad norm: 1493.30 at epoch=62 step=13676    
                    WARNING  High grad norm: 1306.28 at epoch=62 step=13677    
                    WARNING  High grad norm: 1129.13 at epoch=62 step=13678    
[04/21/26 23:20:03] WARNING  High grad norm: 840.45 at epoch=62 step=13679     
                    WARNING  High grad norm: 952.17 at epoch=62 step=13680     
                    WARNING  High grad norm: 1183.38 at epoch=62 step=13681    
                    WARNING  High grad norm: 3432.11 at epoch=62 step=13682    
[04/21/26 23:20:04] WARNING  High grad norm: 1106.90 at epoch=62 step=13683    
                    WARNING  High grad norm: 1180.17 at epoch=62 step=13684    
                    WARNING  High grad norm: 644.34 at epoch=62 step=13685     
                    WARNING  High grad norm: 1030.86 at epoch=62 step=13686    
                    WARNING  High grad norm: 1551.90 at epoch=62 step=13687    
[04/21/26 23:20:05] WARNING  High grad norm: 685.94 at epoch=62 step=13688     
                    WARNING  High grad norm: 1399.65 at epoch=62 step=13689    
                    WARNING  High grad norm: 1461.56 at epoch=62 step=13690    
                    WARNING  High grad norm: 1860.41 at epoch=62 step=13691    
[04/21/26 23:20:06] WARNING  High grad norm: 846.00 at epoch=62 step=13692     
                    WARNING  High grad norm: 769.00 at epoch=62 step=13693     
                    WARNING  High grad norm: 655.59 at epoch=62 step=13694     
                    WARNING  High grad norm: 808.98 at epoch=62 step=13695     
                    WARNING  High grad norm: 1118.66 at epoch=62 step=13696    
[04/21/26 23:20:07] WARNING  High grad norm: 747.57 at epoch=62 step=13697     
                    WARNING  High grad norm: 1177.33 at epoch=62 step=13698    
                    WARNING  High grad norm: 1170.93 at epoch=62 step=13699    
                    INFO     epoch=62 step=13700 loss=485.3324                 
                             grad_norm=1170.9315 lr=1.00e-06                   
                    WARNING  High grad norm: 951.86 at epoch=62 step=13700     
[04/21/26 23:20:08] WARNING  High grad norm: 530.24 at epoch=62 step=13701     
                    WARNING  High grad norm: 821.77 at epoch=62 step=13702     
                    WARNING  High grad norm: 2396.29 at epoch=62 step=13703    
                    WARNING  High grad norm: 1087.16 at epoch=62 step=13704    
                    WARNING  High grad norm: 751.81 at epoch=62 step=13705     
[04/21/26 23:20:09] WARNING  High grad norm: 1219.52 at epoch=62 step=13706    
                    WARNING  High grad norm: 1496.62 at epoch=62 step=13707    
                    WARNING  High grad norm: 669.80 at epoch=62 step=13708     
                    WARNING  High grad norm: 1037.70 at epoch=62 step=13709    
[04/21/26 23:20:10] WARNING  High grad norm: 1024.86 at epoch=62 step=13710    
                    WARNING  High grad norm: 1057.02 at epoch=62 step=13711    
                    WARNING  High grad norm: 707.74 at epoch=62 step=13712     
                    WARNING  High grad norm: 1029.17 at epoch=62 step=13713    
                    WARNING  High grad norm: 553.88 at epoch=62 step=13714     
[04/21/26 23:20:11] WARNING  High grad norm: 812.43 at epoch=62 step=13715     
                    WARNING  High grad norm: 1830.02 at epoch=62 step=13716    
                    WARNING  High grad norm: 1020.20 at epoch=62 step=13717    
                    WARNING  High grad norm: 1888.32 at epoch=62 step=13718    
[04/21/26 23:20:12] WARNING  High grad norm: 818.53 at epoch=62 step=13719     
                    WARNING  High grad norm: 1135.73 at epoch=62 step=13720    
                    WARNING  High grad norm: 1123.25 at epoch=62 step=13721    
                    WARNING  High grad norm: 572.53 at epoch=62 step=13722     
[04/21/26 23:20:13] WARNING  High grad norm: 1156.28 at epoch=62 step=13723    
                    WARNING  High grad norm: 511.29 at epoch=62 step=13724     
                    WARNING  High grad norm: 597.64 at epoch=62 step=13725     
                    WARNING  High grad norm: 968.47 at epoch=62 step=13726     
                    WARNING  High grad norm: 782.33 at epoch=62 step=13727     
[04/21/26 23:20:14] WARNING  High grad norm: 1629.53 at epoch=62 step=13728    
                    WARNING  High grad norm: 595.40 at epoch=62 step=13729     
                    WARNING  High grad norm: 1007.57 at epoch=62 step=13730    
                    WARNING  High grad norm: 913.01 at epoch=62 step=13731     
[04/21/26 23:20:15] WARNING  High grad norm: 1648.62 at epoch=62 step=13732    
                    WARNING  High grad norm: 868.06 at epoch=62 step=13733     
                    WARNING  High grad norm: 1454.67 at epoch=62 step=13734    
                    WARNING  High grad norm: 871.04 at epoch=62 step=13735     
                    WARNING  High grad norm: 1738.38 at epoch=62 step=13736    
[04/21/26 23:20:16] WARNING  High grad norm: 1414.76 at epoch=62 step=13737    
                    WARNING  High grad norm: 700.14 at epoch=62 step=13738     
                    WARNING  High grad norm: 987.63 at epoch=62 step=13739     
                    WARNING  High grad norm: 743.78 at epoch=62 step=13740     
[04/21/26 23:20:17] WARNING  High grad norm: 2127.57 at epoch=62 step=13741    
                    WARNING  High grad norm: 1329.28 at epoch=62 step=13742    
                    WARNING  High grad norm: 1222.91 at epoch=62 step=13743    
                    WARNING  High grad norm: 670.69 at epoch=62 step=13744     
                    WARNING  High grad norm: 1263.11 at epoch=62 step=13745    
[04/21/26 23:20:18] WARNING  High grad norm: 1181.35 at epoch=62 step=13746    
                    WARNING  High grad norm: 703.41 at epoch=62 step=13747     
                    WARNING  High grad norm: 405.71 at epoch=62 step=13748     
                    WARNING  High grad norm: 1537.65 at epoch=62 step=13749    
[04/21/26 23:20:19] WARNING  High grad norm: 672.49 at epoch=62 step=13750     
                    WARNING  High grad norm: 628.64 at epoch=62 step=13751     
                    WARNING  High grad norm: 1979.50 at epoch=62 step=13752    
                    WARNING  High grad norm: 2795.87 at epoch=62 step=13753    
                    WARNING  High grad norm: 1611.71 at epoch=62 step=13754    
[04/21/26 23:20:20] WARNING  High grad norm: 816.87 at epoch=62 step=13755     
                    WARNING  High grad norm: 766.20 at epoch=62 step=13756     
                    WARNING  High grad norm: 1738.71 at epoch=62 step=13757    
                    WARNING  High grad norm: 1691.46 at epoch=62 step=13758    
[04/21/26 23:20:21] WARNING  High grad norm: 1146.43 at epoch=62 step=13759    
                    WARNING  High grad norm: 804.02 at epoch=62 step=13760     
                    WARNING  High grad norm: 698.49 at epoch=62 step=13761     
                    WARNING  High grad norm: 1144.97 at epoch=62 step=13762    
                    WARNING  High grad norm: 1875.09 at epoch=62 step=13763    
[04/21/26 23:20:22] WARNING  High grad norm: 2726.93 at epoch=62 step=13764    
                    WARNING  High grad norm: 593.66 at epoch=62 step=13765     
                    WARNING  High grad norm: 938.09 at epoch=62 step=13766     
                    WARNING  High grad norm: 1369.01 at epoch=62 step=13767    
[04/21/26 23:20:23] WARNING  High grad norm: 700.23 at epoch=62 step=13768     
                    WARNING  High grad norm: 1275.58 at epoch=62 step=13769    
                    WARNING  High grad norm: 1941.45 at epoch=62 step=13770    
                    WARNING  High grad norm: 2290.44 at epoch=62 step=13771    
                    WARNING  High grad norm: 1012.45 at epoch=62 step=13772    
[04/21/26 23:20:24] WARNING  High grad norm: 2824.13 at epoch=62 step=13773    
                    WARNING  High grad norm: 1079.48 at epoch=62 step=13774    
                    WARNING  High grad norm: 2673.06 at epoch=62 step=13775    
                    WARNING  High grad norm: 2086.15 at epoch=62 step=13776    
[04/21/26 23:20:25] WARNING  High grad norm: 2435.16 at epoch=62 step=13777    
                    WARNING  High grad norm: 668.41 at epoch=62 step=13778     
                    WARNING  High grad norm: 678.70 at epoch=62 step=13779     
                    WARNING  High grad norm: 1293.63 at epoch=62 step=13780    
                    WARNING  High grad norm: 1018.80 at epoch=62 step=13781    
[04/21/26 23:20:26] WARNING  High grad norm: 1044.26 at epoch=62 step=13782    
                    WARNING  High grad norm: 1079.04 at epoch=62 step=13783    
                    WARNING  High grad norm: 1350.35 at epoch=62 step=13784    
                    WARNING  High grad norm: 1098.84 at epoch=62 step=13785    
[04/21/26 23:20:27] WARNING  High grad norm: 709.19 at epoch=62 step=13786     
                    WARNING  High grad norm: 2834.23 at epoch=62 step=13787    
                    WARNING  High grad norm: 1709.23 at epoch=62 step=13788    
                    WARNING  High grad norm: 2134.31 at epoch=62 step=13789    
                    WARNING  High grad norm: 1237.60 at epoch=62 step=13790    
[04/21/26 23:20:28] WARNING  High grad norm: 542.99 at epoch=62 step=13791     
                    WARNING  High grad norm: 558.42 at epoch=62 step=13792     
                    WARNING  High grad norm: 824.83 at epoch=62 step=13793     
                    WARNING  High grad norm: 762.59 at epoch=62 step=13794     
[04/21/26 23:20:29] WARNING  High grad norm: 645.08 at epoch=62 step=13795     
                    WARNING  High grad norm: 856.81 at epoch=62 step=13796     
                    WARNING  High grad norm: 1067.74 at epoch=62 step=13797    
                    WARNING  High grad norm: 1297.55 at epoch=62 step=13798    
                    WARNING  High grad norm: 1034.24 at epoch=62 step=13799    
[04/21/26 23:20:30] INFO     epoch=62 step=13800 loss=486.6786                 
                             grad_norm=1034.2374 lr=1.00e-06                   
                    WARNING  High grad norm: 967.70 at epoch=62 step=13800     
                    WARNING  High grad norm: 1018.43 at epoch=62 step=13801    
                    WARNING  High grad norm: 602.86 at epoch=62 step=13802     
                    WARNING  High grad norm: 1472.46 at epoch=62 step=13803    
[04/21/26 23:20:31] WARNING  High grad norm: 1199.62 at epoch=62 step=13804    
                    WARNING  High grad norm: 1488.73 at epoch=62 step=13805    
                    WARNING  High grad norm: 766.89 at epoch=62 step=13806     
                    WARNING  High grad norm: 1742.91 at epoch=62 step=13807    
[04/21/26 23:20:32] WARNING  High grad norm: 1267.27 at epoch=62 step=13808    
                    WARNING  High grad norm: 708.40 at epoch=62 step=13809     
                    WARNING  High grad norm: 927.65 at epoch=62 step=13810     
                    WARNING  High grad norm: 1910.12 at epoch=62 step=13811    
                    WARNING  High grad norm: 1617.00 at epoch=62 step=13812    
[04/21/26 23:20:33] WARNING  High grad norm: 1207.87 at epoch=62 step=13813    
                    WARNING  High grad norm: 843.01 at epoch=62 step=13814     
                    WARNING  High grad norm: 826.73 at epoch=62 step=13815     
                    WARNING  High grad norm: 976.29 at epoch=62 step=13816     
[04/21/26 23:20:34] WARNING  High grad norm: 1156.68 at epoch=62 step=13817    
                    WARNING  High grad norm: 696.50 at epoch=62 step=13818     
                    WARNING  High grad norm: 926.77 at epoch=62 step=13819     
                    WARNING  High grad norm: 660.26 at epoch=62 step=13820     
                    WARNING  High grad norm: 498.30 at epoch=62 step=13821     
[04/21/26 23:20:35] WARNING  High grad norm: 2221.51 at epoch=62 step=13822    
                    WARNING  High grad norm: 1797.20 at epoch=62 step=13823    
                    WARNING  High grad norm: 2372.08 at epoch=62 step=13824    
                    WARNING  High grad norm: 1694.06 at epoch=62 step=13825    
[04/21/26 23:20:36] INFO     epoch=62 avg_loss=486.4277 lr=1.00e-06            
[04/21/26 23:20:50] WARNING  High grad norm: 943.28 at epoch=63 step=13826     
                    WARNING  High grad norm: 862.89 at epoch=63 step=13827     
                    WARNING  High grad norm: 1191.85 at epoch=63 step=13828    
                    WARNING  High grad norm: 778.03 at epoch=63 step=13829     
                    WARNING  High grad norm: 1030.14 at epoch=63 step=13830    
[04/21/26 23:20:51] WARNING  High grad norm: 678.32 at epoch=63 step=13831     
                    WARNING  High grad norm: 1057.02 at epoch=63 step=13832    
                    WARNING  High grad norm: 971.41 at epoch=63 step=13833     
                    WARNING  High grad norm: 872.14 at epoch=63 step=13834     
                    WARNING  High grad norm: 1324.95 at epoch=63 step=13835    
[04/21/26 23:20:52] WARNING  High grad norm: 1301.41 at epoch=63 step=13836    
                    WARNING  High grad norm: 774.57 at epoch=63 step=13837     
                    WARNING  High grad norm: 808.73 at epoch=63 step=13838     
                    WARNING  High grad norm: 872.23 at epoch=63 step=13839     
[04/21/26 23:20:53] WARNING  High grad norm: 674.12 at epoch=63 step=13840     
                    WARNING  High grad norm: 1586.76 at epoch=63 step=13841    
                    WARNING  High grad norm: 1605.30 at epoch=63 step=13842    
                    WARNING  High grad norm: 1071.64 at epoch=63 step=13843    
                    WARNING  High grad norm: 481.09 at epoch=63 step=13844     
[04/21/26 23:20:54] WARNING  High grad norm: 1774.11 at epoch=63 step=13845    
                    WARNING  High grad norm: 930.80 at epoch=63 step=13846     
                    WARNING  High grad norm: 1166.85 at epoch=63 step=13847    
                    WARNING  High grad norm: 1235.99 at epoch=63 step=13848    
[04/21/26 23:20:55] WARNING  High grad norm: 1048.08 at epoch=63 step=13849    
                    WARNING  High grad norm: 791.51 at epoch=63 step=13850     
                    WARNING  High grad norm: 941.08 at epoch=63 step=13851     
                    WARNING  High grad norm: 703.77 at epoch=63 step=13852     
[04/21/26 23:20:56] WARNING  High grad norm: 855.70 at epoch=63 step=13853     
                    WARNING  High grad norm: 774.85 at epoch=63 step=13854     
                    WARNING  High grad norm: 1144.38 at epoch=63 step=13855    
                    WARNING  High grad norm: 1598.79 at epoch=63 step=13856    
                    WARNING  High grad norm: 855.07 at epoch=63 step=13857     
[04/21/26 23:20:57] WARNING  High grad norm: 1116.30 at epoch=63 step=13858    
                    WARNING  High grad norm: 580.40 at epoch=63 step=13859     
                    WARNING  High grad norm: 1276.07 at epoch=63 step=13860    
                    WARNING  High grad norm: 600.05 at epoch=63 step=13861     
[04/21/26 23:20:58] WARNING  High grad norm: 1074.57 at epoch=63 step=13862    
                    WARNING  High grad norm: 765.14 at epoch=63 step=13863     
                    WARNING  High grad norm: 582.17 at epoch=63 step=13864     
                    WARNING  High grad norm: 683.21 at epoch=63 step=13865     
                    WARNING  High grad norm: 1879.57 at epoch=63 step=13866    
[04/21/26 23:20:59] WARNING  High grad norm: 940.11 at epoch=63 step=13867     
                    WARNING  High grad norm: 2464.04 at epoch=63 step=13868    
                    WARNING  High grad norm: 1366.26 at epoch=63 step=13869    
                    WARNING  High grad norm: 1085.23 at epoch=63 step=13870    
[04/21/26 23:21:00] WARNING  High grad norm: 876.91 at epoch=63 step=13871     
                    WARNING  High grad norm: 2273.27 at epoch=63 step=13872    
                    WARNING  High grad norm: 737.25 at epoch=63 step=13873     
                    WARNING  High grad norm: 587.96 at epoch=63 step=13874     
                    WARNING  High grad norm: 896.73 at epoch=63 step=13875     
[04/21/26 23:21:01] WARNING  High grad norm: 806.76 at epoch=63 step=13876     
                    WARNING  High grad norm: 1522.67 at epoch=63 step=13877    
                    WARNING  High grad norm: 773.26 at epoch=63 step=13878     
                    WARNING  High grad norm: 612.18 at epoch=63 step=13879     
[04/21/26 23:21:02] WARNING  High grad norm: 521.47 at epoch=63 step=13880     
                    WARNING  High grad norm: 998.52 at epoch=63 step=13881     
                    WARNING  High grad norm: 822.83 at epoch=63 step=13882     
                    WARNING  High grad norm: 758.23 at epoch=63 step=13883     
                    WARNING  High grad norm: 1030.11 at epoch=63 step=13884    
[04/21/26 23:21:03] WARNING  High grad norm: 798.23 at epoch=63 step=13885     
                    WARNING  High grad norm: 791.75 at epoch=63 step=13886     
                    WARNING  High grad norm: 779.31 at epoch=63 step=13887     
                    WARNING  High grad norm: 1455.69 at epoch=63 step=13888    
[04/21/26 23:21:04] WARNING  High grad norm: 635.58 at epoch=63 step=13889     
                    WARNING  High grad norm: 1719.02 at epoch=63 step=13890    
                    WARNING  High grad norm: 760.82 at epoch=63 step=13891     
                    WARNING  High grad norm: 994.46 at epoch=63 step=13892     
                    WARNING  High grad norm: 1089.90 at epoch=63 step=13893    
[04/21/26 23:21:05] WARNING  High grad norm: 1050.42 at epoch=63 step=13894    
                    WARNING  High grad norm: 897.45 at epoch=63 step=13895     
                    WARNING  High grad norm: 908.83 at epoch=63 step=13896     
                    WARNING  High grad norm: 761.26 at epoch=63 step=13897     
[04/21/26 23:21:06] WARNING  High grad norm: 2437.12 at epoch=63 step=13898    
                    WARNING  High grad norm: 1256.17 at epoch=63 step=13899    
                    INFO     epoch=63 step=13900 loss=472.4938                 
                             grad_norm=1256.1696 lr=1.00e-06                   
                    WARNING  High grad norm: 844.81 at epoch=63 step=13900     
                    WARNING  High grad norm: 581.81 at epoch=63 step=13901     
                    WARNING  High grad norm: 978.72 at epoch=63 step=13902     
[04/21/26 23:21:07] WARNING  High grad norm: 736.32 at epoch=63 step=13903     
                    WARNING  High grad norm: 874.07 at epoch=63 step=13904     
                    WARNING  High grad norm: 558.26 at epoch=63 step=13905     
                    WARNING  High grad norm: 1396.21 at epoch=63 step=13906    
[04/21/26 23:21:08] WARNING  High grad norm: 1729.75 at epoch=63 step=13907    
                    WARNING  High grad norm: 1128.54 at epoch=63 step=13908    
                    WARNING  High grad norm: 1030.92 at epoch=63 step=13909    
                    WARNING  High grad norm: 726.36 at epoch=63 step=13910     
                    WARNING  High grad norm: 1996.28 at epoch=63 step=13911    
[04/21/26 23:21:09] WARNING  High grad norm: 1069.80 at epoch=63 step=13912    
                    WARNING  High grad norm: 896.12 at epoch=63 step=13913     
                    WARNING  High grad norm: 976.31 at epoch=63 step=13914     
                    WARNING  High grad norm: 2971.22 at epoch=63 step=13915    
[04/21/26 23:21:10] WARNING  High grad norm: 769.02 at epoch=63 step=13916     
                    WARNING  High grad norm: 1143.68 at epoch=63 step=13917    
                    WARNING  High grad norm: 1433.33 at epoch=63 step=13918    
                    WARNING  High grad norm: 1358.12 at epoch=63 step=13919    
                    WARNING  High grad norm: 1314.91 at epoch=63 step=13920    
[04/21/26 23:21:11] WARNING  High grad norm: 887.40 at epoch=63 step=13921     
                    WARNING  High grad norm: 702.78 at epoch=63 step=13922     
                    WARNING  High grad norm: 651.32 at epoch=63 step=13923     
                    WARNING  High grad norm: 891.36 at epoch=63 step=13924     
[04/21/26 23:21:12] WARNING  High grad norm: 1829.33 at epoch=63 step=13925    
                    WARNING  High grad norm: 1110.77 at epoch=63 step=13926    
                    WARNING  High grad norm: 610.94 at epoch=63 step=13927     
                    WARNING  High grad norm: 1736.33 at epoch=63 step=13928    
                    WARNING  High grad norm: 943.46 at epoch=63 step=13929     
[04/21/26 23:21:13] WARNING  High grad norm: 929.72 at epoch=63 step=13930     
                    WARNING  High grad norm: 937.04 at epoch=63 step=13931     
                    WARNING  High grad norm: 854.01 at epoch=63 step=13932     
                    WARNING  High grad norm: 854.35 at epoch=63 step=13933     
[04/21/26 23:21:14] WARNING  High grad norm: 1407.88 at epoch=63 step=13934    
                    WARNING  High grad norm: 1249.33 at epoch=63 step=13935    
                    WARNING  High grad norm: 543.18 at epoch=63 step=13936     
                    WARNING  High grad norm: 1363.52 at epoch=63 step=13937    
                    WARNING  High grad norm: 2254.98 at epoch=63 step=13938    
[04/21/26 23:21:15] WARNING  High grad norm: 645.76 at epoch=63 step=13939     
                    WARNING  High grad norm: 716.96 at epoch=63 step=13940     
                    WARNING  High grad norm: 1942.02 at epoch=63 step=13941    
                    WARNING  High grad norm: 1031.90 at epoch=63 step=13942    
[04/21/26 23:21:16] WARNING  High grad norm: 2228.62 at epoch=63 step=13943    
                    WARNING  High grad norm: 772.93 at epoch=63 step=13944     
                    WARNING  High grad norm: 1329.59 at epoch=63 step=13945    
                    WARNING  High grad norm: 681.17 at epoch=63 step=13946     
                    WARNING  High grad norm: 1274.70 at epoch=63 step=13947    
[04/21/26 23:21:17] WARNING  High grad norm: 1682.34 at epoch=63 step=13948    
                    WARNING  High grad norm: 2197.04 at epoch=63 step=13949    
                    WARNING  High grad norm: 658.03 at epoch=63 step=13950     
                    WARNING  High grad norm: 2641.57 at epoch=63 step=13951    
[04/21/26 23:21:18] WARNING  High grad norm: 653.64 at epoch=63 step=13952     
                    WARNING  High grad norm: 615.44 at epoch=63 step=13953     
                    WARNING  High grad norm: 644.40 at epoch=63 step=13954     
                    WARNING  High grad norm: 660.90 at epoch=63 step=13955     
                    WARNING  High grad norm: 710.34 at epoch=63 step=13956     
[04/21/26 23:21:19] WARNING  High grad norm: 1285.01 at epoch=63 step=13957    
                    WARNING  High grad norm: 487.61 at epoch=63 step=13958     
                    WARNING  High grad norm: 671.30 at epoch=63 step=13959     
                    WARNING  High grad norm: 806.05 at epoch=63 step=13960     
[04/21/26 23:21:20] WARNING  High grad norm: 890.38 at epoch=63 step=13961     
                    WARNING  High grad norm: 797.31 at epoch=63 step=13962     
                    WARNING  High grad norm: 1354.54 at epoch=63 step=13963    
                    WARNING  High grad norm: 1608.86 at epoch=63 step=13964    
                    WARNING  High grad norm: 722.14 at epoch=63 step=13965     
[04/21/26 23:21:21] WARNING  High grad norm: 868.14 at epoch=63 step=13966     
                    WARNING  High grad norm: 1040.51 at epoch=63 step=13967    
                    WARNING  High grad norm: 1379.61 at epoch=63 step=13968    
                    WARNING  High grad norm: 1457.28 at epoch=63 step=13969    
[04/21/26 23:21:22] WARNING  High grad norm: 1103.28 at epoch=63 step=13970    
                    WARNING  High grad norm: 2859.54 at epoch=63 step=13971    
                    WARNING  High grad norm: 921.52 at epoch=63 step=13972     
                    WARNING  High grad norm: 1812.01 at epoch=63 step=13973    
[04/21/26 23:21:23] WARNING  High grad norm: 783.27 at epoch=63 step=13974     
                    WARNING  High grad norm: 892.40 at epoch=63 step=13975     
                    WARNING  High grad norm: 802.96 at epoch=63 step=13976     
                    WARNING  High grad norm: 2046.00 at epoch=63 step=13977    
                    WARNING  High grad norm: 744.38 at epoch=63 step=13978     
[04/21/26 23:21:24] WARNING  High grad norm: 855.09 at epoch=63 step=13979     
                    WARNING  High grad norm: 1831.64 at epoch=63 step=13980    
                    WARNING  High grad norm: 1948.89 at epoch=63 step=13981    
                    WARNING  High grad norm: 777.55 at epoch=63 step=13982     
[04/21/26 23:21:25] WARNING  High grad norm: 679.01 at epoch=63 step=13983     
                    WARNING  High grad norm: 814.18 at epoch=63 step=13984     
                    WARNING  High grad norm: 839.17 at epoch=63 step=13985     
                    WARNING  High grad norm: 719.52 at epoch=63 step=13986     
                    WARNING  High grad norm: 1715.61 at epoch=63 step=13987    
[04/21/26 23:21:26] WARNING  High grad norm: 714.40 at epoch=63 step=13988     
                    WARNING  High grad norm: 1667.60 at epoch=63 step=13989    
                    WARNING  High grad norm: 706.87 at epoch=63 step=13990     
                    WARNING  High grad norm: 1465.68 at epoch=63 step=13991    
[04/21/26 23:21:27] WARNING  High grad norm: 2116.76 at epoch=63 step=13992    
                    WARNING  High grad norm: 809.94 at epoch=63 step=13993     
                    WARNING  High grad norm: 1563.43 at epoch=63 step=13994    
                    WARNING  High grad norm: 1486.49 at epoch=63 step=13995    
                    WARNING  High grad norm: 825.85 at epoch=63 step=13996     
[04/21/26 23:21:28] WARNING  High grad norm: 1461.27 at epoch=63 step=13997    
                    WARNING  High grad norm: 2377.85 at epoch=63 step=13998    
                    WARNING  High grad norm: 892.40 at epoch=63 step=13999     
                    INFO     epoch=63 step=14000 loss=483.0939                 
                             grad_norm=892.3995 lr=1.00e-06                    
                    WARNING  High grad norm: 933.79 at epoch=63 step=14000     
[04/21/26 23:21:29] WARNING  High grad norm: 1108.03 at epoch=63 step=14001    
                    WARNING  High grad norm: 700.06 at epoch=63 step=14002     
                    WARNING  High grad norm: 827.63 at epoch=63 step=14003     
                    WARNING  High grad norm: 524.52 at epoch=63 step=14004     
                    WARNING  High grad norm: 854.39 at epoch=63 step=14005     
[04/21/26 23:21:30] WARNING  High grad norm: 879.18 at epoch=63 step=14006     
                    WARNING  High grad norm: 776.20 at epoch=63 step=14007     
                    WARNING  High grad norm: 710.37 at epoch=63 step=14008     
                    WARNING  High grad norm: 770.32 at epoch=63 step=14009     
[04/21/26 23:21:31] WARNING  High grad norm: 691.90 at epoch=63 step=14010     
                    WARNING  High grad norm: 1459.91 at epoch=63 step=14011    
                    WARNING  High grad norm: 1442.52 at epoch=63 step=14012    
                    WARNING  High grad norm: 566.92 at epoch=63 step=14013     
[04/21/26 23:21:32] WARNING  High grad norm: 1436.55 at epoch=63 step=14014    
                    WARNING  High grad norm: 1537.42 at epoch=63 step=14015    
                    WARNING  High grad norm: 1174.66 at epoch=63 step=14016    
                    WARNING  High grad norm: 823.77 at epoch=63 step=14017     
                    WARNING  High grad norm: 2335.22 at epoch=63 step=14018    
[04/21/26 23:21:33] WARNING  High grad norm: 1149.57 at epoch=63 step=14019    
                    WARNING  High grad norm: 837.26 at epoch=63 step=14020     
                    WARNING  High grad norm: 961.81 at epoch=63 step=14021     
                    WARNING  High grad norm: 991.75 at epoch=63 step=14022     
[04/21/26 23:21:34] WARNING  High grad norm: 798.46 at epoch=63 step=14023     
                    WARNING  High grad norm: 711.62 at epoch=63 step=14024     
                    WARNING  High grad norm: 767.88 at epoch=63 step=14025     
                    WARNING  High grad norm: 1277.32 at epoch=63 step=14026    
[04/21/26 23:21:35] WARNING  High grad norm: 960.16 at epoch=63 step=14027     
                    WARNING  High grad norm: 869.10 at epoch=63 step=14028     
                    WARNING  High grad norm: 738.53 at epoch=63 step=14029     
                    WARNING  High grad norm: 1677.98 at epoch=63 step=14030    
                    WARNING  High grad norm: 1727.17 at epoch=63 step=14031    
[04/21/26 23:21:36] WARNING  High grad norm: 1317.56 at epoch=63 step=14032    
                    WARNING  High grad norm: 781.11 at epoch=63 step=14033     
                    WARNING  High grad norm: 701.44 at epoch=63 step=14034     
                    WARNING  High grad norm: 1270.72 at epoch=63 step=14035    
[04/21/26 23:21:37] WARNING  High grad norm: 1013.91 at epoch=63 step=14036    
                    WARNING  High grad norm: 697.44 at epoch=63 step=14037     
                    WARNING  High grad norm: 1501.28 at epoch=63 step=14038    
                    WARNING  High grad norm: 737.93 at epoch=63 step=14039     
[04/21/26 23:21:38] WARNING  High grad norm: 1104.24 at epoch=63 step=14040    
                    WARNING  High grad norm: 627.22 at epoch=63 step=14041     
                    WARNING  High grad norm: 1379.07 at epoch=63 step=14042    
                    WARNING  High grad norm: 829.50 at epoch=63 step=14043     
                    WARNING  High grad norm: 642.70 at epoch=63 step=14044     
[04/21/26 23:21:39] WARNING  High grad norm: 1044.02 at epoch=63 step=14045    
                    WARNING  High grad norm: 788.78 at epoch=63 step=14046     
                    WARNING  High grad norm: 1146.79 at epoch=63 step=14047    
                    WARNING  High grad norm: 585.95 at epoch=63 step=14048     
[04/21/26 23:21:40] INFO     epoch=63 avg_loss=481.7318 lr=1.00e-06            
[04/21/26 23:22:02] WARNING  High grad norm: 1568.14 at epoch=64 step=14049    
                    WARNING  High grad norm: 554.83 at epoch=64 step=14050     
                    WARNING  High grad norm: 1567.53 at epoch=64 step=14051    
                    WARNING  High grad norm: 1081.49 at epoch=64 step=14052    
[04/21/26 23:22:03] WARNING  High grad norm: 1139.97 at epoch=64 step=14053    
                    WARNING  High grad norm: 1034.42 at epoch=64 step=14054    
                    WARNING  High grad norm: 848.18 at epoch=64 step=14055     
                    WARNING  High grad norm: 983.53 at epoch=64 step=14056     
                    WARNING  High grad norm: 693.24 at epoch=64 step=14057     
[04/21/26 23:22:04] WARNING  High grad norm: 787.96 at epoch=64 step=14058     
                    WARNING  High grad norm: 800.66 at epoch=64 step=14059     
                    WARNING  High grad norm: 1215.21 at epoch=64 step=14060    
                    WARNING  High grad norm: 2541.10 at epoch=64 step=14061    
[04/21/26 23:22:05] WARNING  High grad norm: 733.21 at epoch=64 step=14062     
                    WARNING  High grad norm: 1046.25 at epoch=64 step=14063    
                    WARNING  High grad norm: 1028.57 at epoch=64 step=14064    
                    WARNING  High grad norm: 1030.14 at epoch=64 step=14065    
                    WARNING  High grad norm: 1349.96 at epoch=64 step=14066    
[04/21/26 23:22:06] WARNING  High grad norm: 648.86 at epoch=64 step=14067     
                    WARNING  High grad norm: 1633.64 at epoch=64 step=14068    
                    WARNING  High grad norm: 835.02 at epoch=64 step=14069     
                    WARNING  High grad norm: 910.15 at epoch=64 step=14070     
[04/21/26 23:22:07] WARNING  High grad norm: 1359.51 at epoch=64 step=14071    
                    WARNING  High grad norm: 1005.83 at epoch=64 step=14072    
                    WARNING  High grad norm: 627.42 at epoch=64 step=14073     
                    WARNING  High grad norm: 1933.79 at epoch=64 step=14074    
                    WARNING  High grad norm: 664.13 at epoch=64 step=14075     
[04/21/26 23:22:08] WARNING  High grad norm: 1184.95 at epoch=64 step=14076    
                    WARNING  High grad norm: 779.82 at epoch=64 step=14077     
                    WARNING  High grad norm: 1960.00 at epoch=64 step=14078    
                    WARNING  High grad norm: 1067.50 at epoch=64 step=14079    
[04/21/26 23:22:09] WARNING  High grad norm: 825.45 at epoch=64 step=14080     
                    WARNING  High grad norm: 964.48 at epoch=64 step=14081     
                    WARNING  High grad norm: 1369.32 at epoch=64 step=14082    
                    WARNING  High grad norm: 1269.80 at epoch=64 step=14083    
[04/21/26 23:22:10] WARNING  High grad norm: 2332.51 at epoch=64 step=14084    
                    WARNING  High grad norm: 1349.12 at epoch=64 step=14085    
                    WARNING  High grad norm: 1953.75 at epoch=64 step=14086    
                    WARNING  High grad norm: 1367.23 at epoch=64 step=14087    
                    WARNING  High grad norm: 1735.47 at epoch=64 step=14088    
[04/21/26 23:22:11] WARNING  High grad norm: 972.22 at epoch=64 step=14089     
                    WARNING  High grad norm: 1167.45 at epoch=64 step=14090    
                    WARNING  High grad norm: 1539.68 at epoch=64 step=14091    
                    WARNING  High grad norm: 1323.85 at epoch=64 step=14092    
[04/21/26 23:22:12] WARNING  High grad norm: 716.24 at epoch=64 step=14093     
                    WARNING  High grad norm: 858.33 at epoch=64 step=14094     
                    WARNING  High grad norm: 1255.40 at epoch=64 step=14095    
                    WARNING  High grad norm: 1163.49 at epoch=64 step=14096    
                    WARNING  High grad norm: 1039.07 at epoch=64 step=14097    
[04/21/26 23:22:13] WARNING  High grad norm: 671.98 at epoch=64 step=14098     
                    WARNING  High grad norm: 875.45 at epoch=64 step=14099     
                    INFO     epoch=64 step=14100 loss=481.1136                 
                             grad_norm=875.4518 lr=1.00e-06                    
                    WARNING  High grad norm: 825.91 at epoch=64 step=14100     
                    WARNING  High grad norm: 485.51 at epoch=64 step=14101     
[04/21/26 23:22:14] WARNING  High grad norm: 889.58 at epoch=64 step=14102     
                    WARNING  High grad norm: 2765.40 at epoch=64 step=14103    
                    WARNING  High grad norm: 603.46 at epoch=64 step=14104     
                    WARNING  High grad norm: 1211.80 at epoch=64 step=14105    
                    WARNING  High grad norm: 1445.40 at epoch=64 step=14106    
[04/21/26 23:22:15] WARNING  High grad norm: 1765.48 at epoch=64 step=14107    
                    WARNING  High grad norm: 1420.25 at epoch=64 step=14108    
                    WARNING  High grad norm: 748.03 at epoch=64 step=14109     
                    WARNING  High grad norm: 709.84 at epoch=64 step=14110     
[04/21/26 23:22:16] WARNING  High grad norm: 1193.88 at epoch=64 step=14111    
                    WARNING  High grad norm: 566.82 at epoch=64 step=14112     
                    WARNING  High grad norm: 1856.30 at epoch=64 step=14113    
                    WARNING  High grad norm: 1122.72 at epoch=64 step=14114    
                    WARNING  High grad norm: 1261.73 at epoch=64 step=14115    
[04/21/26 23:22:17] WARNING  High grad norm: 2241.50 at epoch=64 step=14116    
                    WARNING  High grad norm: 1683.59 at epoch=64 step=14117    
                    WARNING  High grad norm: 910.23 at epoch=64 step=14118     
                    WARNING  High grad norm: 2558.48 at epoch=64 step=14119    
[04/21/26 23:22:18] WARNING  High grad norm: 2379.76 at epoch=64 step=14120    
                    WARNING  High grad norm: 620.72 at epoch=64 step=14121     
                    WARNING  High grad norm: 799.33 at epoch=64 step=14122     
                    WARNING  High grad norm: 638.00 at epoch=64 step=14123     
                    WARNING  High grad norm: 1091.09 at epoch=64 step=14124    
[04/21/26 23:22:19] WARNING  High grad norm: 1131.51 at epoch=64 step=14125    
                    WARNING  High grad norm: 506.71 at epoch=64 step=14126     
                    WARNING  High grad norm: 1894.34 at epoch=64 step=14127    
                    WARNING  High grad norm: 838.81 at epoch=64 step=14128     
[04/21/26 23:22:20] WARNING  High grad norm: 1240.17 at epoch=64 step=14129    
                    WARNING  High grad norm: 795.69 at epoch=64 step=14130     
                    WARNING  High grad norm: 747.53 at epoch=64 step=14131     
                    WARNING  High grad norm: 693.82 at epoch=64 step=14132     
[04/21/26 23:22:21] WARNING  High grad norm: 2779.55 at epoch=64 step=14133    
                    WARNING  High grad norm: 1405.61 at epoch=64 step=14134    
                    WARNING  High grad norm: 544.27 at epoch=64 step=14135     
                    WARNING  High grad norm: 720.62 at epoch=64 step=14136     
                    WARNING  High grad norm: 766.23 at epoch=64 step=14137     
[04/21/26 23:22:22] WARNING  High grad norm: 2076.28 at epoch=64 step=14138    
                    WARNING  High grad norm: 805.61 at epoch=64 step=14139     
                    WARNING  High grad norm: 1275.54 at epoch=64 step=14140    
                    WARNING  High grad norm: 1271.86 at epoch=64 step=14141    
[04/21/26 23:22:23] WARNING  High grad norm: 788.47 at epoch=64 step=14142     
                    WARNING  High grad norm: 829.57 at epoch=64 step=14143     
                    WARNING  High grad norm: 769.94 at epoch=64 step=14144     
                    WARNING  High grad norm: 905.76 at epoch=64 step=14145     
                    WARNING  High grad norm: 750.39 at epoch=64 step=14146     
[04/21/26 23:22:24] WARNING  High grad norm: 1382.91 at epoch=64 step=14147    
                    WARNING  High grad norm: 2676.60 at epoch=64 step=14148    
                    WARNING  High grad norm: 1077.72 at epoch=64 step=14149    
                    WARNING  High grad norm: 1196.54 at epoch=64 step=14150    
[04/21/26 23:22:25] WARNING  High grad norm: 1790.60 at epoch=64 step=14151    
                    WARNING  High grad norm: 873.84 at epoch=64 step=14152     
                    WARNING  High grad norm: 852.14 at epoch=64 step=14153     
                    WARNING  High grad norm: 564.41 at epoch=64 step=14154     
                    WARNING  High grad norm: 645.09 at epoch=64 step=14155     
[04/21/26 23:22:26] WARNING  High grad norm: 1559.25 at epoch=64 step=14156    
                    WARNING  High grad norm: 752.04 at epoch=64 step=14157     
                    WARNING  High grad norm: 735.32 at epoch=64 step=14158     
                    WARNING  High grad norm: 754.49 at epoch=64 step=14159     
[04/21/26 23:22:27] WARNING  High grad norm: 974.21 at epoch=64 step=14160     
                    WARNING  High grad norm: 1037.30 at epoch=64 step=14161    
                    WARNING  High grad norm: 773.11 at epoch=64 step=14162     
                    WARNING  High grad norm: 823.45 at epoch=64 step=14163     
                    WARNING  High grad norm: 1040.14 at epoch=64 step=14164    
[04/21/26 23:22:28] WARNING  High grad norm: 1089.23 at epoch=64 step=14165    
                    WARNING  High grad norm: 1125.77 at epoch=64 step=14166    
                    WARNING  High grad norm: 1615.64 at epoch=64 step=14167    
                    WARNING  High grad norm: 1552.99 at epoch=64 step=14168    
[04/21/26 23:22:29] WARNING  High grad norm: 872.03 at epoch=64 step=14169     
                    WARNING  High grad norm: 684.35 at epoch=64 step=14170     
                    WARNING  High grad norm: 932.36 at epoch=64 step=14171     
                    WARNING  High grad norm: 1074.78 at epoch=64 step=14172    
                    WARNING  High grad norm: 1420.62 at epoch=64 step=14173    
[04/21/26 23:22:30] WARNING  High grad norm: 1183.16 at epoch=64 step=14174    
                    WARNING  High grad norm: 947.40 at epoch=64 step=14175     
                    WARNING  High grad norm: 1678.36 at epoch=64 step=14176    
                    WARNING  High grad norm: 2089.62 at epoch=64 step=14177    
[04/21/26 23:22:31] WARNING  High grad norm: 1651.19 at epoch=64 step=14178    
                    WARNING  High grad norm: 2114.64 at epoch=64 step=14179    
                    WARNING  High grad norm: 1642.78 at epoch=64 step=14180    
                    WARNING  High grad norm: 2348.97 at epoch=64 step=14181    
                    WARNING  High grad norm: 803.09 at epoch=64 step=14182     
[04/21/26 23:22:32] WARNING  High grad norm: 1340.08 at epoch=64 step=14183    
                    WARNING  High grad norm: 519.22 at epoch=64 step=14184     
                    WARNING  High grad norm: 815.65 at epoch=64 step=14185     
                    WARNING  High grad norm: 1003.64 at epoch=64 step=14186    
[04/21/26 23:22:33] WARNING  High grad norm: 1174.74 at epoch=64 step=14187    
                    WARNING  High grad norm: 593.51 at epoch=64 step=14188     
                    WARNING  High grad norm: 1241.54 at epoch=64 step=14189    
                    WARNING  High grad norm: 1477.82 at epoch=64 step=14190    
                    WARNING  High grad norm: 759.78 at epoch=64 step=14191     
[04/21/26 23:22:34] WARNING  High grad norm: 849.66 at epoch=64 step=14192     
                    WARNING  High grad norm: 1326.35 at epoch=64 step=14193    
                    WARNING  High grad norm: 984.06 at epoch=64 step=14194     
                    WARNING  High grad norm: 1377.49 at epoch=64 step=14195    
[04/21/26 23:22:35] WARNING  High grad norm: 1963.04 at epoch=64 step=14196    
                    WARNING  High grad norm: 1159.57 at epoch=64 step=14197    
                    WARNING  High grad norm: 1117.71 at epoch=64 step=14198    
                    WARNING  High grad norm: 948.01 at epoch=64 step=14199     
                    INFO     epoch=64 step=14200 loss=486.5708                 
                             grad_norm=948.0093 lr=1.00e-06                    
                    WARNING  High grad norm: 767.23 at epoch=64 step=14200     
[04/21/26 23:22:36] WARNING  High grad norm: 1780.93 at epoch=64 step=14201    
                    WARNING  High grad norm: 839.54 at epoch=64 step=14202     
                    WARNING  High grad norm: 1850.12 at epoch=64 step=14203    
                    WARNING  High grad norm: 835.71 at epoch=64 step=14204     
[04/21/26 23:22:37] WARNING  High grad norm: 859.79 at epoch=64 step=14205     
                    WARNING  High grad norm: 1653.06 at epoch=64 step=14206    
                    WARNING  High grad norm: 1250.22 at epoch=64 step=14207    
                    WARNING  High grad norm: 579.63 at epoch=64 step=14208     
                    WARNING  High grad norm: 778.23 at epoch=64 step=14209     
[04/21/26 23:22:38] WARNING  High grad norm: 1767.29 at epoch=64 step=14210    
                    WARNING  High grad norm: 555.59 at epoch=64 step=14211     
                    WARNING  High grad norm: 696.68 at epoch=64 step=14212     
                    WARNING  High grad norm: 1930.24 at epoch=64 step=14213    
[04/21/26 23:22:39] WARNING  High grad norm: 659.22 at epoch=64 step=14214     
                    WARNING  High grad norm: 759.85 at epoch=64 step=14215     
                    WARNING  High grad norm: 1451.33 at epoch=64 step=14216    
                    WARNING  High grad norm: 980.88 at epoch=64 step=14217     
                    WARNING  High grad norm: 768.47 at epoch=64 step=14218     
[04/21/26 23:22:40] WARNING  High grad norm: 933.04 at epoch=64 step=14219     
                    WARNING  High grad norm: 1058.76 at epoch=64 step=14220    
                    WARNING  High grad norm: 1015.93 at epoch=64 step=14221    
                    WARNING  High grad norm: 1116.51 at epoch=64 step=14222    
[04/21/26 23:22:41] WARNING  High grad norm: 1625.18 at epoch=64 step=14223    
                    WARNING  High grad norm: 2898.79 at epoch=64 step=14224    
                    WARNING  High grad norm: 2402.00 at epoch=64 step=14225    
                    WARNING  High grad norm: 638.31 at epoch=64 step=14226     
                    WARNING  High grad norm: 849.14 at epoch=64 step=14227     
[04/21/26 23:22:42] WARNING  High grad norm: 1086.23 at epoch=64 step=14228    
                    WARNING  High grad norm: 685.19 at epoch=64 step=14229     
                    WARNING  High grad norm: 707.33 at epoch=64 step=14230     
                    WARNING  High grad norm: 871.70 at epoch=64 step=14231     
[04/21/26 23:22:43] WARNING  High grad norm: 735.55 at epoch=64 step=14232     
                    WARNING  High grad norm: 884.08 at epoch=64 step=14233     
                    WARNING  High grad norm: 693.14 at epoch=64 step=14234     
                    WARNING  High grad norm: 1438.25 at epoch=64 step=14235    
                    WARNING  High grad norm: 854.41 at epoch=64 step=14236     
[04/21/26 23:22:44] WARNING  High grad norm: 2401.81 at epoch=64 step=14237    
                    WARNING  High grad norm: 1483.19 at epoch=64 step=14238    
                    WARNING  High grad norm: 823.43 at epoch=64 step=14239     
                    WARNING  High grad norm: 749.68 at epoch=64 step=14240     
[04/21/26 23:22:45] WARNING  High grad norm: 567.49 at epoch=64 step=14241     
                    WARNING  High grad norm: 810.37 at epoch=64 step=14242     
                    WARNING  High grad norm: 593.20 at epoch=64 step=14243     
                    WARNING  High grad norm: 928.31 at epoch=64 step=14244     
[04/21/26 23:22:46] WARNING  High grad norm: 1171.18 at epoch=64 step=14245    
                    WARNING  High grad norm: 1928.93 at epoch=64 step=14246    
                    WARNING  High grad norm: 1201.01 at epoch=64 step=14247    
                    WARNING  High grad norm: 1131.11 at epoch=64 step=14248    
                    WARNING  High grad norm: 818.16 at epoch=64 step=14249     
[04/21/26 23:22:47] WARNING  High grad norm: 1416.13 at epoch=64 step=14250    
                    WARNING  High grad norm: 815.73 at epoch=64 step=14251     
                    WARNING  High grad norm: 746.99 at epoch=64 step=14252     
                    WARNING  High grad norm: 1714.00 at epoch=64 step=14253    
[04/21/26 23:22:48] WARNING  High grad norm: 1406.96 at epoch=64 step=14254    
                    WARNING  High grad norm: 589.27 at epoch=64 step=14255     
                    WARNING  High grad norm: 1196.63 at epoch=64 step=14256    
                    WARNING  High grad norm: 730.44 at epoch=64 step=14257     
                    WARNING  High grad norm: 1245.01 at epoch=64 step=14258    
[04/21/26 23:22:49] WARNING  High grad norm: 1727.40 at epoch=64 step=14259    
                    WARNING  High grad norm: 716.38 at epoch=64 step=14260     
                    WARNING  High grad norm: 651.81 at epoch=64 step=14261     
                    WARNING  High grad norm: 880.00 at epoch=64 step=14262     
[04/21/26 23:22:50] WARNING  High grad norm: 935.51 at epoch=64 step=14263     
                    WARNING  High grad norm: 1115.12 at epoch=64 step=14264    
                    WARNING  High grad norm: 1024.57 at epoch=64 step=14265    
                    WARNING  High grad norm: 877.14 at epoch=64 step=14266     
                    WARNING  High grad norm: 1614.77 at epoch=64 step=14267    
[04/21/26 23:22:51] WARNING  High grad norm: 1412.28 at epoch=64 step=14268    
                    WARNING  High grad norm: 562.39 at epoch=64 step=14269     
                    WARNING  High grad norm: 1658.46 at epoch=64 step=14270    
                    WARNING  High grad norm: 1052.21 at epoch=64 step=14271    
[04/21/26 23:22:52] INFO     epoch=64 avg_loss=483.8342 lr=1.00e-06            
[04/21/26 23:23:06] WARNING  High grad norm: 1441.83 at epoch=65 step=14272    
                    WARNING  High grad norm: 821.74 at epoch=65 step=14273     
                    WARNING  High grad norm: 772.84 at epoch=65 step=14274     
                    WARNING  High grad norm: 747.90 at epoch=65 step=14275     
                    WARNING  High grad norm: 1281.42 at epoch=65 step=14276    
[04/21/26 23:23:07] WARNING  High grad norm: 795.13 at epoch=65 step=14277     
                    WARNING  High grad norm: 1199.65 at epoch=65 step=14278    
                    WARNING  High grad norm: 2057.48 at epoch=65 step=14279    
                    WARNING  High grad norm: 1260.71 at epoch=65 step=14280    
[04/21/26 23:23:08] WARNING  High grad norm: 895.19 at epoch=65 step=14281     
                    WARNING  High grad norm: 2157.88 at epoch=65 step=14282    
                    WARNING  High grad norm: 1114.57 at epoch=65 step=14283    
                    WARNING  High grad norm: 1013.96 at epoch=65 step=14284    
                    WARNING  High grad norm: 978.08 at epoch=65 step=14285     
[04/21/26 23:23:09] WARNING  High grad norm: 2063.91 at epoch=65 step=14286    
                    WARNING  High grad norm: 1377.08 at epoch=65 step=14287    
                    WARNING  High grad norm: 924.11 at epoch=65 step=14288     
                    WARNING  High grad norm: 1884.78 at epoch=65 step=14289    
[04/21/26 23:23:10] WARNING  High grad norm: 545.91 at epoch=65 step=14290     
                    WARNING  High grad norm: 1068.39 at epoch=65 step=14291    
                    WARNING  High grad norm: 880.98 at epoch=65 step=14292     
                    WARNING  High grad norm: 1127.48 at epoch=65 step=14293    
                    WARNING  High grad norm: 1736.14 at epoch=65 step=14294    
[04/21/26 23:23:11] WARNING  High grad norm: 2265.38 at epoch=65 step=14295    
                    WARNING  High grad norm: 590.32 at epoch=65 step=14296     
                    WARNING  High grad norm: 2037.82 at epoch=65 step=14297    
                    WARNING  High grad norm: 2879.70 at epoch=65 step=14298    
                    WARNING  High grad norm: 3024.48 at epoch=65 step=14299    
[04/21/26 23:23:12] INFO     epoch=65 step=14300 loss=475.7728                 
                             grad_norm=3024.4766 lr=1.00e-06                   
                    WARNING  High grad norm: 1067.91 at epoch=65 step=14300    
                    WARNING  High grad norm: 1944.19 at epoch=65 step=14301    
                    WARNING  High grad norm: 862.45 at epoch=65 step=14302     
                    WARNING  High grad norm: 489.54 at epoch=65 step=14303     
[04/21/26 23:23:13] WARNING  High grad norm: 1435.87 at epoch=65 step=14304    
                    WARNING  High grad norm: 1324.23 at epoch=65 step=14305    
                    WARNING  High grad norm: 584.51 at epoch=65 step=14306     
                    WARNING  High grad norm: 886.37 at epoch=65 step=14307     
[04/21/26 23:23:14] WARNING  High grad norm: 1593.03 at epoch=65 step=14308    
                    WARNING  High grad norm: 1333.00 at epoch=65 step=14309    
                    WARNING  High grad norm: 1558.94 at epoch=65 step=14310    
                    WARNING  High grad norm: 823.37 at epoch=65 step=14311     
                    WARNING  High grad norm: 744.33 at epoch=65 step=14312     
[04/21/26 23:23:15] WARNING  High grad norm: 565.52 at epoch=65 step=14313     
                    WARNING  High grad norm: 1196.66 at epoch=65 step=14314    
                    WARNING  High grad norm: 881.45 at epoch=65 step=14315     
                    WARNING  High grad norm: 834.04 at epoch=65 step=14316     
[04/21/26 23:23:16] WARNING  High grad norm: 697.31 at epoch=65 step=14317     
                    WARNING  High grad norm: 1249.61 at epoch=65 step=14318    
                    WARNING  High grad norm: 723.93 at epoch=65 step=14319     
                    WARNING  High grad norm: 1293.84 at epoch=65 step=14320    
                    WARNING  High grad norm: 1533.42 at epoch=65 step=14321    
[04/21/26 23:23:17] WARNING  High grad norm: 1346.83 at epoch=65 step=14322    
                    WARNING  High grad norm: 897.06 at epoch=65 step=14323     
                    WARNING  High grad norm: 1593.56 at epoch=65 step=14324    
                    WARNING  High grad norm: 1088.29 at epoch=65 step=14325    
[04/21/26 23:23:18] WARNING  High grad norm: 1264.53 at epoch=65 step=14326    
                    WARNING  High grad norm: 818.51 at epoch=65 step=14327     
                    WARNING  High grad norm: 1311.89 at epoch=65 step=14328    
                    WARNING  High grad norm: 844.47 at epoch=65 step=14329     
                    WARNING  High grad norm: 2024.80 at epoch=65 step=14330    
[04/21/26 23:23:19] WARNING  High grad norm: 612.73 at epoch=65 step=14331     
                    WARNING  High grad norm: 883.07 at epoch=65 step=14332     
                    WARNING  High grad norm: 854.62 at epoch=65 step=14333     
                    WARNING  High grad norm: 585.07 at epoch=65 step=14334     
[04/21/26 23:23:20] WARNING  High grad norm: 2010.01 at epoch=65 step=14335    
                    WARNING  High grad norm: 1154.76 at epoch=65 step=14336    
                    WARNING  High grad norm: 1134.93 at epoch=65 step=14337    
                    WARNING  High grad norm: 916.38 at epoch=65 step=14338     
                    WARNING  High grad norm: 656.53 at epoch=65 step=14339     
[04/21/26 23:23:21] WARNING  High grad norm: 579.29 at epoch=65 step=14340     
                    WARNING  High grad norm: 1459.48 at epoch=65 step=14341    
                    WARNING  High grad norm: 1760.24 at epoch=65 step=14342    
                    WARNING  High grad norm: 763.91 at epoch=65 step=14343     
[04/21/26 23:23:22] WARNING  High grad norm: 1835.17 at epoch=65 step=14344    
                    WARNING  High grad norm: 894.32 at epoch=65 step=14345     
                    WARNING  High grad norm: 751.51 at epoch=65 step=14346     
                    WARNING  High grad norm: 1251.75 at epoch=65 step=14347    
                    WARNING  High grad norm: 1784.23 at epoch=65 step=14348    
[04/21/26 23:23:23] WARNING  High grad norm: 835.55 at epoch=65 step=14349     
                    WARNING  High grad norm: 1496.12 at epoch=65 step=14350    
                    WARNING  High grad norm: 1024.72 at epoch=65 step=14351    
                    WARNING  High grad norm: 1541.61 at epoch=65 step=14352    
[04/21/26 23:23:24] WARNING  High grad norm: 915.24 at epoch=65 step=14353     
                    WARNING  High grad norm: 1542.60 at epoch=65 step=14354    
                    WARNING  High grad norm: 1721.16 at epoch=65 step=14355    
                    WARNING  High grad norm: 1568.30 at epoch=65 step=14356    
                    WARNING  High grad norm: 2107.47 at epoch=65 step=14357    
[04/21/26 23:23:25] WARNING  High grad norm: 828.59 at epoch=65 step=14358     
                    WARNING  High grad norm: 677.77 at epoch=65 step=14359     
                    WARNING  High grad norm: 883.94 at epoch=65 step=14360     
                    WARNING  High grad norm: 1248.83 at epoch=65 step=14361    
[04/21/26 23:23:26] WARNING  High grad norm: 1432.06 at epoch=65 step=14362    
                    WARNING  High grad norm: 892.68 at epoch=65 step=14363     
                    WARNING  High grad norm: 793.01 at epoch=65 step=14364     
                    WARNING  High grad norm: 1317.03 at epoch=65 step=14365    
                    WARNING  High grad norm: 1444.47 at epoch=65 step=14366    
[04/21/26 23:23:27] WARNING  High grad norm: 2072.34 at epoch=65 step=14367    
                    WARNING  High grad norm: 867.00 at epoch=65 step=14368     
                    WARNING  High grad norm: 797.68 at epoch=65 step=14369     
                    WARNING  High grad norm: 1086.73 at epoch=65 step=14370    
[04/21/26 23:23:28] WARNING  High grad norm: 2343.84 at epoch=65 step=14371    
                    WARNING  High grad norm: 1038.42 at epoch=65 step=14372    
                    WARNING  High grad norm: 1507.36 at epoch=65 step=14373    
                    WARNING  High grad norm: 1243.24 at epoch=65 step=14374    
                    WARNING  High grad norm: 801.16 at epoch=65 step=14375     
[04/21/26 23:23:29] WARNING  High grad norm: 1274.27 at epoch=65 step=14376    
                    WARNING  High grad norm: 724.06 at epoch=65 step=14377     
                    WARNING  High grad norm: 1237.06 at epoch=65 step=14378    
                    WARNING  High grad norm: 1736.10 at epoch=65 step=14379    
[04/21/26 23:23:30] WARNING  High grad norm: 870.13 at epoch=65 step=14380     
                    WARNING  High grad norm: 762.13 at epoch=65 step=14381     
                    WARNING  High grad norm: 853.72 at epoch=65 step=14382     
                    WARNING  High grad norm: 1106.01 at epoch=65 step=14383    
                    WARNING  High grad norm: 884.79 at epoch=65 step=14384     
[04/21/26 23:23:31] WARNING  High grad norm: 1621.98 at epoch=65 step=14385    
                    WARNING  High grad norm: 1421.62 at epoch=65 step=14386    
                    WARNING  High grad norm: 854.54 at epoch=65 step=14387     
                    WARNING  High grad norm: 1423.65 at epoch=65 step=14388    
[04/21/26 23:23:32] WARNING  High grad norm: 1487.34 at epoch=65 step=14389    
                    WARNING  High grad norm: 2139.73 at epoch=65 step=14390    
                    WARNING  High grad norm: 2943.16 at epoch=65 step=14391    
                    WARNING  High grad norm: 1361.36 at epoch=65 step=14392    
                    WARNING  High grad norm: 1071.69 at epoch=65 step=14393    
[04/21/26 23:23:33] WARNING  High grad norm: 913.84 at epoch=65 step=14394     
                    WARNING  High grad norm: 2127.95 at epoch=65 step=14395    
                    WARNING  High grad norm: 1388.74 at epoch=65 step=14396    
                    WARNING  High grad norm: 965.21 at epoch=65 step=14397     
[04/21/26 23:23:34] WARNING  High grad norm: 1257.95 at epoch=65 step=14398    
                    WARNING  High grad norm: 1409.51 at epoch=65 step=14399    
                    INFO     epoch=65 step=14400 loss=475.4716                 
                             grad_norm=1409.5092 lr=1.00e-06                   
                    WARNING  High grad norm: 617.66 at epoch=65 step=14400     
                    WARNING  High grad norm: 1194.65 at epoch=65 step=14401    
[04/21/26 23:23:35] WARNING  High grad norm: 1448.54 at epoch=65 step=14402    
                    WARNING  High grad norm: 699.72 at epoch=65 step=14403     
                    WARNING  High grad norm: 677.00 at epoch=65 step=14404     
                    WARNING  High grad norm: 1069.03 at epoch=65 step=14405    
                    WARNING  High grad norm: 1238.96 at epoch=65 step=14406    
[04/21/26 23:23:36] WARNING  High grad norm: 1750.87 at epoch=65 step=14407    
                    WARNING  High grad norm: 1636.16 at epoch=65 step=14408    
                    WARNING  High grad norm: 716.84 at epoch=65 step=14409     
                    WARNING  High grad norm: 830.14 at epoch=65 step=14410     
[04/21/26 23:23:37] WARNING  High grad norm: 1056.89 at epoch=65 step=14411    
                    WARNING  High grad norm: 733.09 at epoch=65 step=14412     
                    WARNING  High grad norm: 714.54 at epoch=65 step=14413     
                    WARNING  High grad norm: 2499.01 at epoch=65 step=14414    
                    WARNING  High grad norm: 1751.11 at epoch=65 step=14415    
[04/21/26 23:23:38] WARNING  High grad norm: 1597.50 at epoch=65 step=14416    
                    WARNING  High grad norm: 555.19 at epoch=65 step=14417     
                    WARNING  High grad norm: 1142.45 at epoch=65 step=14418    
                    WARNING  High grad norm: 1253.70 at epoch=65 step=14419    
[04/21/26 23:23:39] WARNING  High grad norm: 2439.06 at epoch=65 step=14420    
                    WARNING  High grad norm: 826.10 at epoch=65 step=14421     
                    WARNING  High grad norm: 1815.83 at epoch=65 step=14422    
                    WARNING  High grad norm: 1415.87 at epoch=65 step=14423    
                    WARNING  High grad norm: 769.94 at epoch=65 step=14424     
[04/21/26 23:23:40] WARNING  High grad norm: 1769.82 at epoch=65 step=14425    
                    WARNING  High grad norm: 853.08 at epoch=65 step=14426     
                    WARNING  High grad norm: 2628.78 at epoch=65 step=14427    
                    WARNING  High grad norm: 821.09 at epoch=65 step=14428     
[04/21/26 23:23:41] WARNING  High grad norm: 1493.61 at epoch=65 step=14429    
                    WARNING  High grad norm: 1044.96 at epoch=65 step=14430    
                    WARNING  High grad norm: 1555.90 at epoch=65 step=14431    
                    WARNING  High grad norm: 900.50 at epoch=65 step=14432     
                    WARNING  High grad norm: 1180.13 at epoch=65 step=14433    
[04/21/26 23:23:42] WARNING  High grad norm: 1371.42 at epoch=65 step=14434    
                    WARNING  High grad norm: 934.80 at epoch=65 step=14435     
                    WARNING  High grad norm: 1843.74 at epoch=65 step=14436    
                    WARNING  High grad norm: 684.54 at epoch=65 step=14437     
[04/21/26 23:23:43] WARNING  High grad norm: 931.93 at epoch=65 step=14438     
                    WARNING  High grad norm: 3784.99 at epoch=65 step=14439    
                    WARNING  High grad norm: 1385.82 at epoch=65 step=14440    
                    WARNING  High grad norm: 434.81 at epoch=65 step=14441     
                    WARNING  High grad norm: 3396.44 at epoch=65 step=14442    
[04/21/26 23:23:44] WARNING  High grad norm: 698.09 at epoch=65 step=14443     
                    WARNING  High grad norm: 581.05 at epoch=65 step=14444     
                    WARNING  High grad norm: 855.97 at epoch=65 step=14445     
                    WARNING  High grad norm: 811.49 at epoch=65 step=14446     
[04/21/26 23:23:45] WARNING  High grad norm: 707.18 at epoch=65 step=14447     
                    WARNING  High grad norm: 796.10 at epoch=65 step=14448     
                    WARNING  High grad norm: 2388.37 at epoch=65 step=14449    
                    WARNING  High grad norm: 2142.44 at epoch=65 step=14450    
                    WARNING  High grad norm: 712.00 at epoch=65 step=14451     
[04/21/26 23:23:46] WARNING  High grad norm: 1479.91 at epoch=65 step=14452    
                    WARNING  High grad norm: 1154.79 at epoch=65 step=14453    
                    WARNING  High grad norm: 1152.66 at epoch=65 step=14454    
                    WARNING  High grad norm: 934.45 at epoch=65 step=14455     
[04/21/26 23:23:47] WARNING  High grad norm: 1101.69 at epoch=65 step=14456    
                    WARNING  High grad norm: 798.48 at epoch=65 step=14457     
                    WARNING  High grad norm: 630.47 at epoch=65 step=14458     
                    WARNING  High grad norm: 634.19 at epoch=65 step=14459     
[04/21/26 23:23:48] WARNING  High grad norm: 653.59 at epoch=65 step=14460     
                    WARNING  High grad norm: 1677.65 at epoch=65 step=14461    
                    WARNING  High grad norm: 1028.87 at epoch=65 step=14462    
                    WARNING  High grad norm: 658.94 at epoch=65 step=14463     
                    WARNING  High grad norm: 1082.58 at epoch=65 step=14464    
[04/21/26 23:23:49] WARNING  High grad norm: 2047.40 at epoch=65 step=14465    
                    WARNING  High grad norm: 641.64 at epoch=65 step=14466     
                    WARNING  High grad norm: 726.64 at epoch=65 step=14467     
                    WARNING  High grad norm: 627.92 at epoch=65 step=14468     
[04/21/26 23:23:50] WARNING  High grad norm: 1645.54 at epoch=65 step=14469    
                    WARNING  High grad norm: 1380.86 at epoch=65 step=14470    
                    WARNING  High grad norm: 503.17 at epoch=65 step=14471     
                    WARNING  High grad norm: 1178.25 at epoch=65 step=14472    
                    WARNING  High grad norm: 2558.77 at epoch=65 step=14473    
[04/21/26 23:23:51] WARNING  High grad norm: 1551.97 at epoch=65 step=14474    
                    WARNING  High grad norm: 1260.37 at epoch=65 step=14475    
                    WARNING  High grad norm: 818.83 at epoch=65 step=14476     
                    WARNING  High grad norm: 1230.73 at epoch=65 step=14477    
[04/21/26 23:23:52] WARNING  High grad norm: 518.28 at epoch=65 step=14478     
                    WARNING  High grad norm: 1282.78 at epoch=65 step=14479    
                    WARNING  High grad norm: 725.64 at epoch=65 step=14480     
                    WARNING  High grad norm: 1009.05 at epoch=65 step=14481    
                    WARNING  High grad norm: 1327.35 at epoch=65 step=14482    
[04/21/26 23:23:53] WARNING  High grad norm: 1347.03 at epoch=65 step=14483    
                    WARNING  High grad norm: 2179.57 at epoch=65 step=14484    
                    WARNING  High grad norm: 669.29 at epoch=65 step=14485     
                    WARNING  High grad norm: 1480.69 at epoch=65 step=14486    
[04/21/26 23:23:54] WARNING  High grad norm: 1420.03 at epoch=65 step=14487    
                    WARNING  High grad norm: 743.52 at epoch=65 step=14488     
                    WARNING  High grad norm: 1184.80 at epoch=65 step=14489    
                    WARNING  High grad norm: 1701.38 at epoch=65 step=14490    
                    WARNING  High grad norm: 1009.27 at epoch=65 step=14491    
[04/21/26 23:23:55] WARNING  High grad norm: 720.08 at epoch=65 step=14492     
                    WARNING  High grad norm: 1440.85 at epoch=65 step=14493    
                    WARNING  High grad norm: 880.03 at epoch=65 step=14494     
[04/21/26 23:23:56] INFO     epoch=65 avg_loss=481.9411 lr=1.00e-06            
[04/21/26 23:24:03] INFO     Saved checkpoint to                               
                             C:\Users\artun\Desktop\ITS-project\checkpoints\sco
                             re_fmnist_v2\score_epoch_0065.pt                  
[04/21/26 23:24:16] WARNING  High grad norm: 979.02 at epoch=66 step=14495     
[04/21/26 23:24:17] WARNING  High grad norm: 2327.64 at epoch=66 step=14496    
                    WARNING  High grad norm: 1869.02 at epoch=66 step=14497    
                    WARNING  High grad norm: 630.27 at epoch=66 step=14498     
                    WARNING  High grad norm: 1228.80 at epoch=66 step=14499    
                    INFO     epoch=66 step=14500 loss=418.6261                 
                             grad_norm=1228.7975 lr=1.00e-06                   
[04/21/26 23:24:18] WARNING  High grad norm: 1479.01 at epoch=66 step=14500    
                    WARNING  High grad norm: 781.63 at epoch=66 step=14501     
                    WARNING  High grad norm: 1335.26 at epoch=66 step=14502    
                    WARNING  High grad norm: 679.22 at epoch=66 step=14503     
                    WARNING  High grad norm: 1013.63 at epoch=66 step=14504    
[04/21/26 23:24:19] WARNING  High grad norm: 669.23 at epoch=66 step=14505     
                    WARNING  High grad norm: 630.27 at epoch=66 step=14506     
                    WARNING  High grad norm: 1153.19 at epoch=66 step=14507    
                    WARNING  High grad norm: 1032.45 at epoch=66 step=14508    
[04/21/26 23:24:20] WARNING  High grad norm: 672.68 at epoch=66 step=14509     
                    WARNING  High grad norm: 931.77 at epoch=66 step=14510     
                    WARNING  High grad norm: 903.30 at epoch=66 step=14511     
                    WARNING  High grad norm: 1223.15 at epoch=66 step=14512    
                    WARNING  High grad norm: 1725.28 at epoch=66 step=14513    
[04/21/26 23:24:21] WARNING  High grad norm: 703.78 at epoch=66 step=14514     
                    WARNING  High grad norm: 842.05 at epoch=66 step=14515     
                    WARNING  High grad norm: 693.09 at epoch=66 step=14516     
                    WARNING  High grad norm: 1366.20 at epoch=66 step=14517    
[04/21/26 23:24:22] WARNING  High grad norm: 1028.34 at epoch=66 step=14518    
                    WARNING  High grad norm: 832.87 at epoch=66 step=14519     
                    WARNING  High grad norm: 2009.80 at epoch=66 step=14520    
                    WARNING  High grad norm: 1310.78 at epoch=66 step=14521    
                    WARNING  High grad norm: 786.24 at epoch=66 step=14522     
[04/21/26 23:24:23] WARNING  High grad norm: 940.67 at epoch=66 step=14523     
                    WARNING  High grad norm: 1353.55 at epoch=66 step=14524    
                    WARNING  High grad norm: 481.80 at epoch=66 step=14525     
                    WARNING  High grad norm: 1101.28 at epoch=66 step=14526    
[04/21/26 23:24:24] WARNING  High grad norm: 1997.44 at epoch=66 step=14527    
                    WARNING  High grad norm: 1136.30 at epoch=66 step=14528    
                    WARNING  High grad norm: 725.88 at epoch=66 step=14529     
                    WARNING  High grad norm: 858.14 at epoch=66 step=14530     
[04/21/26 23:24:25] WARNING  High grad norm: 552.53 at epoch=66 step=14531     
                    WARNING  High grad norm: 513.50 at epoch=66 step=14532     
                    WARNING  High grad norm: 762.29 at epoch=66 step=14533     
                    WARNING  High grad norm: 963.12 at epoch=66 step=14534     
                    WARNING  High grad norm: 910.96 at epoch=66 step=14535     
[04/21/26 23:24:26] WARNING  High grad norm: 1046.52 at epoch=66 step=14536    
                    WARNING  High grad norm: 567.77 at epoch=66 step=14537     
                    WARNING  High grad norm: 572.64 at epoch=66 step=14538     
                    WARNING  High grad norm: 704.74 at epoch=66 step=14539     
[04/21/26 23:24:27] WARNING  High grad norm: 2439.95 at epoch=66 step=14540    
                    WARNING  High grad norm: 739.92 at epoch=66 step=14541     
                    WARNING  High grad norm: 681.97 at epoch=66 step=14542     
                    WARNING  High grad norm: 830.62 at epoch=66 step=14543     
                    WARNING  High grad norm: 689.68 at epoch=66 step=14544     
[04/21/26 23:24:28] WARNING  High grad norm: 1919.21 at epoch=66 step=14545    
                    WARNING  High grad norm: 1871.62 at epoch=66 step=14546    
                    WARNING  High grad norm: 1125.66 at epoch=66 step=14547    
                    WARNING  High grad norm: 840.25 at epoch=66 step=14548     
[04/21/26 23:24:29] WARNING  High grad norm: 708.72 at epoch=66 step=14549     
                    WARNING  High grad norm: 635.25 at epoch=66 step=14550     
                    WARNING  High grad norm: 1104.03 at epoch=66 step=14551    
                    WARNING  High grad norm: 1195.47 at epoch=66 step=14552    
                    WARNING  High grad norm: 1064.80 at epoch=66 step=14553    
[04/21/26 23:24:30] WARNING  High grad norm: 1049.73 at epoch=66 step=14554    
                    WARNING  High grad norm: 764.02 at epoch=66 step=14555     
                    WARNING  High grad norm: 1106.88 at epoch=66 step=14556    
                    WARNING  High grad norm: 832.22 at epoch=66 step=14557     
[04/21/26 23:24:31] WARNING  High grad norm: 1935.86 at epoch=66 step=14558    
                    WARNING  High grad norm: 1331.50 at epoch=66 step=14559    
                    WARNING  High grad norm: 1329.01 at epoch=66 step=14560    
                    WARNING  High grad norm: 539.48 at epoch=66 step=14561     
                    WARNING  High grad norm: 619.98 at epoch=66 step=14562     
[04/21/26 23:24:32] WARNING  High grad norm: 2349.70 at epoch=66 step=14563    
                    WARNING  High grad norm: 859.46 at epoch=66 step=14564     
                    WARNING  High grad norm: 1850.29 at epoch=66 step=14565    
                    WARNING  High grad norm: 1310.54 at epoch=66 step=14566    
[04/21/26 23:24:33] WARNING  High grad norm: 1083.38 at epoch=66 step=14567    
                    WARNING  High grad norm: 826.14 at epoch=66 step=14568     
                    WARNING  High grad norm: 1626.89 at epoch=66 step=14569    
                    WARNING  High grad norm: 811.39 at epoch=66 step=14570     
[04/21/26 23:24:34] WARNING  High grad norm: 1051.51 at epoch=66 step=14571    
                    WARNING  High grad norm: 1038.47 at epoch=66 step=14572    
                    WARNING  High grad norm: 787.37 at epoch=66 step=14573     
                    WARNING  High grad norm: 1877.92 at epoch=66 step=14574    
                    WARNING  High grad norm: 1260.62 at epoch=66 step=14575    
[04/21/26 23:24:35] WARNING  High grad norm: 1166.72 at epoch=66 step=14576    
                    WARNING  High grad norm: 709.76 at epoch=66 step=14577     
                    WARNING  High grad norm: 923.04 at epoch=66 step=14578     
                    WARNING  High grad norm: 757.19 at epoch=66 step=14579     
[04/21/26 23:24:36] WARNING  High grad norm: 1255.29 at epoch=66 step=14580    
                    WARNING  High grad norm: 1762.10 at epoch=66 step=14581    
                    WARNING  High grad norm: 817.45 at epoch=66 step=14582     
                    WARNING  High grad norm: 1055.35 at epoch=66 step=14583    
                    WARNING  High grad norm: 582.30 at epoch=66 step=14584     
[04/21/26 23:24:37] WARNING  High grad norm: 1875.63 at epoch=66 step=14585    
                    WARNING  High grad norm: 2581.92 at epoch=66 step=14586    
                    WARNING  High grad norm: 1005.69 at epoch=66 step=14587    
                    WARNING  High grad norm: 1958.32 at epoch=66 step=14588    
[04/21/26 23:24:38] WARNING  High grad norm: 660.69 at epoch=66 step=14589     
                    WARNING  High grad norm: 531.73 at epoch=66 step=14590     
                    WARNING  High grad norm: 1746.07 at epoch=66 step=14591    
                    WARNING  High grad norm: 1267.57 at epoch=66 step=14592    
                    WARNING  High grad norm: 1468.35 at epoch=66 step=14593    
[04/21/26 23:24:39] WARNING  High grad norm: 745.10 at epoch=66 step=14594     
                    WARNING  High grad norm: 1057.32 at epoch=66 step=14595    
                    WARNING  High grad norm: 1794.37 at epoch=66 step=14596    
                    WARNING  High grad norm: 643.07 at epoch=66 step=14597     
[04/21/26 23:24:40] WARNING  High grad norm: 817.40 at epoch=66 step=14598     
                    WARNING  High grad norm: 889.14 at epoch=66 step=14599     
                    INFO     epoch=66 step=14600 loss=474.3850                 
                             grad_norm=889.1381 lr=1.00e-06                    
                    WARNING  High grad norm: 1080.54 at epoch=66 step=14600    
                    WARNING  High grad norm: 773.62 at epoch=66 step=14601     
                    WARNING  High grad norm: 1186.20 at epoch=66 step=14602    
[04/21/26 23:24:41] WARNING  High grad norm: 637.62 at epoch=66 step=14603     
                    WARNING  High grad norm: 1982.34 at epoch=66 step=14604    
                    WARNING  High grad norm: 876.33 at epoch=66 step=14605     
                    WARNING  High grad norm: 867.27 at epoch=66 step=14606     
[04/21/26 23:24:42] WARNING  High grad norm: 1589.65 at epoch=66 step=14607    
                    WARNING  High grad norm: 1201.25 at epoch=66 step=14608    
                    WARNING  High grad norm: 877.06 at epoch=66 step=14609     
                    WARNING  High grad norm: 1004.81 at epoch=66 step=14610    
                    WARNING  High grad norm: 1975.00 at epoch=66 step=14611    
[04/21/26 23:24:43] WARNING  High grad norm: 1484.14 at epoch=66 step=14612    
                    WARNING  High grad norm: 922.86 at epoch=66 step=14613     
                    WARNING  High grad norm: 1360.02 at epoch=66 step=14614    
                    WARNING  High grad norm: 1438.61 at epoch=66 step=14615    
[04/21/26 23:24:44] WARNING  High grad norm: 671.68 at epoch=66 step=14616     
                    WARNING  High grad norm: 738.43 at epoch=66 step=14617     
                    WARNING  High grad norm: 584.59 at epoch=66 step=14618     
                    WARNING  High grad norm: 936.46 at epoch=66 step=14619     
                    WARNING  High grad norm: 1994.45 at epoch=66 step=14620    
[04/21/26 23:24:45] WARNING  High grad norm: 1286.57 at epoch=66 step=14621    
                    WARNING  High grad norm: 1760.75 at epoch=66 step=14622    
                    WARNING  High grad norm: 1689.36 at epoch=66 step=14623    
                    WARNING  High grad norm: 1219.42 at epoch=66 step=14624    
[04/21/26 23:24:46] WARNING  High grad norm: 1689.70 at epoch=66 step=14625    
                    WARNING  High grad norm: 1597.57 at epoch=66 step=14626    
                    WARNING  High grad norm: 692.44 at epoch=66 step=14627     
                    WARNING  High grad norm: 2734.63 at epoch=66 step=14628    
                    WARNING  High grad norm: 2424.69 at epoch=66 step=14629    
[04/21/26 23:24:47] WARNING  High grad norm: 1161.59 at epoch=66 step=14630    
                    WARNING  High grad norm: 1578.65 at epoch=66 step=14631    
                    WARNING  High grad norm: 2915.85 at epoch=66 step=14632    
                    WARNING  High grad norm: 2659.23 at epoch=66 step=14633    
[04/21/26 23:24:48] WARNING  High grad norm: 1770.46 at epoch=66 step=14634    
                    WARNING  High grad norm: 1290.59 at epoch=66 step=14635    
                    WARNING  High grad norm: 669.88 at epoch=66 step=14636     
                    WARNING  High grad norm: 1321.00 at epoch=66 step=14637    
[04/21/26 23:24:49] WARNING  High grad norm: 777.69 at epoch=66 step=14638     
                    WARNING  High grad norm: 1016.82 at epoch=66 step=14639    
                    WARNING  High grad norm: 618.43 at epoch=66 step=14640     
                    WARNING  High grad norm: 1073.65 at epoch=66 step=14641    
                    WARNING  High grad norm: 2008.98 at epoch=66 step=14642    
[04/21/26 23:24:50] WARNING  High grad norm: 1220.39 at epoch=66 step=14643    
                    WARNING  High grad norm: 627.53 at epoch=66 step=14644     
                    WARNING  High grad norm: 1117.22 at epoch=66 step=14645    
                    WARNING  High grad norm: 839.41 at epoch=66 step=14646     
[04/21/26 23:24:51] WARNING  High grad norm: 1008.45 at epoch=66 step=14647    
                    WARNING  High grad norm: 1255.62 at epoch=66 step=14648    
                    WARNING  High grad norm: 877.19 at epoch=66 step=14649     
                    WARNING  High grad norm: 1381.06 at epoch=66 step=14650    
                    WARNING  High grad norm: 624.69 at epoch=66 step=14651     
[04/21/26 23:24:52] WARNING  High grad norm: 747.40 at epoch=66 step=14652     
                    WARNING  High grad norm: 743.74 at epoch=66 step=14653     
                    WARNING  High grad norm: 762.72 at epoch=66 step=14654     
                    WARNING  High grad norm: 1599.36 at epoch=66 step=14655    
[04/21/26 23:24:53] WARNING  High grad norm: 801.91 at epoch=66 step=14656     
                    WARNING  High grad norm: 2131.87 at epoch=66 step=14657    
                    WARNING  High grad norm: 1376.82 at epoch=66 step=14658    
                    WARNING  High grad norm: 622.96 at epoch=66 step=14659     
                    WARNING  High grad norm: 630.77 at epoch=66 step=14660     
[04/21/26 23:24:54] WARNING  High grad norm: 1011.91 at epoch=66 step=14661    
                    WARNING  High grad norm: 718.31 at epoch=66 step=14662     
                    WARNING  High grad norm: 1659.92 at epoch=66 step=14663    
                    WARNING  High grad norm: 710.52 at epoch=66 step=14664     
[04/21/26 23:24:55] WARNING  High grad norm: 1997.59 at epoch=66 step=14665    
                    WARNING  High grad norm: 628.03 at epoch=66 step=14666     
                    WARNING  High grad norm: 1613.52 at epoch=66 step=14667    
                    WARNING  High grad norm: 1103.08 at epoch=66 step=14668    
                    WARNING  High grad norm: 933.50 at epoch=66 step=14669     
[04/21/26 23:24:56] WARNING  High grad norm: 733.90 at epoch=66 step=14670     
                    WARNING  High grad norm: 1094.82 at epoch=66 step=14671    
                    WARNING  High grad norm: 891.94 at epoch=66 step=14672     
                    WARNING  High grad norm: 824.97 at epoch=66 step=14673     
[04/21/26 23:24:57] WARNING  High grad norm: 1077.05 at epoch=66 step=14674    
                    WARNING  High grad norm: 801.65 at epoch=66 step=14675     
                    WARNING  High grad norm: 640.88 at epoch=66 step=14676     
                    WARNING  High grad norm: 778.31 at epoch=66 step=14677     
                    WARNING  High grad norm: 1038.99 at epoch=66 step=14678    
[04/21/26 23:24:58] WARNING  High grad norm: 1605.53 at epoch=66 step=14679    
                    WARNING  High grad norm: 1159.22 at epoch=66 step=14680    
                    WARNING  High grad norm: 851.92 at epoch=66 step=14681     
                    WARNING  High grad norm: 1433.33 at epoch=66 step=14682    
[04/21/26 23:24:59] WARNING  High grad norm: 2397.80 at epoch=66 step=14683    
                    WARNING  High grad norm: 882.55 at epoch=66 step=14684     
                    WARNING  High grad norm: 936.39 at epoch=66 step=14685     
                    WARNING  High grad norm: 519.92 at epoch=66 step=14686     
                    WARNING  High grad norm: 698.67 at epoch=66 step=14687     
[04/21/26 23:25:00] WARNING  High grad norm: 1046.32 at epoch=66 step=14688    
                    WARNING  High grad norm: 1279.77 at epoch=66 step=14689    
                    WARNING  High grad norm: 989.98 at epoch=66 step=14690     
                    WARNING  High grad norm: 618.92 at epoch=66 step=14691     
[04/21/26 23:25:01] WARNING  High grad norm: 1069.79 at epoch=66 step=14692    
                    WARNING  High grad norm: 1546.38 at epoch=66 step=14693    
                    WARNING  High grad norm: 939.22 at epoch=66 step=14694     
                    WARNING  High grad norm: 902.39 at epoch=66 step=14695     
                    WARNING  High grad norm: 1035.99 at epoch=66 step=14696    
[04/21/26 23:25:02] WARNING  High grad norm: 624.68 at epoch=66 step=14697     
                    WARNING  High grad norm: 734.60 at epoch=66 step=14698     
                    WARNING  High grad norm: 618.40 at epoch=66 step=14699     
                    INFO     epoch=66 step=14700 loss=472.4233                 
                             grad_norm=618.4034 lr=1.00e-06                    
                    WARNING  High grad norm: 627.46 at epoch=66 step=14700     
[04/21/26 23:25:03] WARNING  High grad norm: 973.76 at epoch=66 step=14701     
                    WARNING  High grad norm: 651.63 at epoch=66 step=14702     
                    WARNING  High grad norm: 968.59 at epoch=66 step=14703     
                    WARNING  High grad norm: 1475.14 at epoch=66 step=14704    
                    WARNING  High grad norm: 812.77 at epoch=66 step=14705     
[04/21/26 23:25:04] WARNING  High grad norm: 931.31 at epoch=66 step=14706     
                    WARNING  High grad norm: 1877.90 at epoch=66 step=14707    
                    WARNING  High grad norm: 1309.26 at epoch=66 step=14708    
                    WARNING  High grad norm: 760.49 at epoch=66 step=14709     
[04/21/26 23:25:05] WARNING  High grad norm: 953.63 at epoch=66 step=14710     
                    WARNING  High grad norm: 1041.41 at epoch=66 step=14711    
                    WARNING  High grad norm: 2560.10 at epoch=66 step=14712    
                    WARNING  High grad norm: 1960.10 at epoch=66 step=14713    
[04/21/26 23:25:06] WARNING  High grad norm: 883.45 at epoch=66 step=14714     
                    WARNING  High grad norm: 1578.24 at epoch=66 step=14715    
                    WARNING  High grad norm: 2771.93 at epoch=66 step=14716    
                    WARNING  High grad norm: 1119.52 at epoch=66 step=14717    
[04/21/26 23:25:07] INFO     epoch=66 avg_loss=473.6372 lr=1.00e-06            
[04/21/26 23:25:20] WARNING  High grad norm: 735.38 at epoch=67 step=14718     
[04/21/26 23:25:21] WARNING  High grad norm: 831.70 at epoch=67 step=14719     
                    WARNING  High grad norm: 760.92 at epoch=67 step=14720     
                    WARNING  High grad norm: 913.86 at epoch=67 step=14721     
                    WARNING  High grad norm: 992.21 at epoch=67 step=14722     
                    WARNING  High grad norm: 577.88 at epoch=67 step=14723     
[04/21/26 23:25:22] WARNING  High grad norm: 1018.54 at epoch=67 step=14724    
                    WARNING  High grad norm: 1553.54 at epoch=67 step=14725    
                    WARNING  High grad norm: 1022.99 at epoch=67 step=14726    
                    WARNING  High grad norm: 1123.51 at epoch=67 step=14727    
[04/21/26 23:25:23] WARNING  High grad norm: 655.08 at epoch=67 step=14728     
                    WARNING  High grad norm: 871.15 at epoch=67 step=14729     
                    WARNING  High grad norm: 1225.21 at epoch=67 step=14730    
                    WARNING  High grad norm: 1880.59 at epoch=67 step=14731    
                    WARNING  High grad norm: 2119.35 at epoch=67 step=14732    
[04/21/26 23:25:24] WARNING  High grad norm: 800.38 at epoch=67 step=14733     
                    WARNING  High grad norm: 1131.24 at epoch=67 step=14734    
                    WARNING  High grad norm: 1151.22 at epoch=67 step=14735    
                    WARNING  High grad norm: 2512.86 at epoch=67 step=14736    
[04/21/26 23:25:25] WARNING  High grad norm: 1264.10 at epoch=67 step=14737    
                    WARNING  High grad norm: 1103.04 at epoch=67 step=14738    
                    WARNING  High grad norm: 2025.33 at epoch=67 step=14739    
                    WARNING  High grad norm: 2256.14 at epoch=67 step=14740    
                    WARNING  High grad norm: 2488.93 at epoch=67 step=14741    
[04/21/26 23:25:26] WARNING  High grad norm: 829.15 at epoch=67 step=14742     
                    WARNING  High grad norm: 862.07 at epoch=67 step=14743     
                    WARNING  High grad norm: 858.71 at epoch=67 step=14744     
                    WARNING  High grad norm: 1335.38 at epoch=67 step=14745    
[04/21/26 23:25:27] WARNING  High grad norm: 1043.20 at epoch=67 step=14746    
                    WARNING  High grad norm: 977.12 at epoch=67 step=14747     
                    WARNING  High grad norm: 799.97 at epoch=67 step=14748     
                    WARNING  High grad norm: 1947.20 at epoch=67 step=14749    
[04/21/26 23:25:28] WARNING  High grad norm: 831.65 at epoch=67 step=14750     
                    WARNING  High grad norm: 1785.79 at epoch=67 step=14751    
                    WARNING  High grad norm: 1180.25 at epoch=67 step=14752    
                    WARNING  High grad norm: 927.47 at epoch=67 step=14753     
                    WARNING  High grad norm: 704.53 at epoch=67 step=14754     
[04/21/26 23:25:29] WARNING  High grad norm: 599.62 at epoch=67 step=14755     
                    WARNING  High grad norm: 793.98 at epoch=67 step=14756     
                    WARNING  High grad norm: 1690.33 at epoch=67 step=14757    
                    WARNING  High grad norm: 1622.00 at epoch=67 step=14758    
[04/21/26 23:25:30] WARNING  High grad norm: 721.58 at epoch=67 step=14759     
                    WARNING  High grad norm: 624.24 at epoch=67 step=14760     
                    WARNING  High grad norm: 1644.58 at epoch=67 step=14761    
                    WARNING  High grad norm: 1140.20 at epoch=67 step=14762    
                    WARNING  High grad norm: 1130.46 at epoch=67 step=14763    
[04/21/26 23:25:31] WARNING  High grad norm: 763.04 at epoch=67 step=14764     
                    WARNING  High grad norm: 744.15 at epoch=67 step=14765     
                    WARNING  High grad norm: 1108.76 at epoch=67 step=14766    
                    WARNING  High grad norm: 870.05 at epoch=67 step=14767     
[04/21/26 23:25:32] WARNING  High grad norm: 846.68 at epoch=67 step=14768     
                    WARNING  High grad norm: 1715.51 at epoch=67 step=14769    
                    WARNING  High grad norm: 850.60 at epoch=67 step=14770     
                    WARNING  High grad norm: 775.88 at epoch=67 step=14771     
                    WARNING  High grad norm: 903.46 at epoch=67 step=14772     
[04/21/26 23:25:33] WARNING  High grad norm: 851.36 at epoch=67 step=14773     
                    WARNING  High grad norm: 2066.14 at epoch=67 step=14774    
                    WARNING  High grad norm: 1198.00 at epoch=67 step=14775    
                    WARNING  High grad norm: 1023.13 at epoch=67 step=14776    
[04/21/26 23:25:34] WARNING  High grad norm: 1535.13 at epoch=67 step=14777    
                    WARNING  High grad norm: 675.96 at epoch=67 step=14778     
                    WARNING  High grad norm: 1398.18 at epoch=67 step=14779    
                    WARNING  High grad norm: 1073.86 at epoch=67 step=14780    
                    WARNING  High grad norm: 587.05 at epoch=67 step=14781     
[04/21/26 23:25:35] WARNING  High grad norm: 2406.02 at epoch=67 step=14782    
                    WARNING  High grad norm: 702.02 at epoch=67 step=14783     
                    WARNING  High grad norm: 540.48 at epoch=67 step=14784     
                    WARNING  High grad norm: 2485.38 at epoch=67 step=14785    
[04/21/26 23:25:36] WARNING  High grad norm: 1371.01 at epoch=67 step=14786    
                    WARNING  High grad norm: 1173.21 at epoch=67 step=14787    
                    WARNING  High grad norm: 831.35 at epoch=67 step=14788     
                    WARNING  High grad norm: 700.04 at epoch=67 step=14789     
                    WARNING  High grad norm: 824.31 at epoch=67 step=14790     
[04/21/26 23:25:37] WARNING  High grad norm: 1601.96 at epoch=67 step=14791    
                    WARNING  High grad norm: 617.82 at epoch=67 step=14792     
                    WARNING  High grad norm: 973.70 at epoch=67 step=14793     
                    WARNING  High grad norm: 820.01 at epoch=67 step=14794     
[04/21/26 23:25:38] WARNING  High grad norm: 941.84 at epoch=67 step=14795     
                    WARNING  High grad norm: 828.61 at epoch=67 step=14796     
                    WARNING  High grad norm: 692.78 at epoch=67 step=14797     
                    WARNING  High grad norm: 1193.17 at epoch=67 step=14798    
                    WARNING  High grad norm: 2280.28 at epoch=67 step=14799    
                    INFO     epoch=67 step=14800 loss=481.3575                 
                             grad_norm=2280.2791 lr=1.00e-06                   
[04/21/26 23:25:39] WARNING  High grad norm: 1677.55 at epoch=67 step=14800    
                    WARNING  High grad norm: 1320.43 at epoch=67 step=14801    
                    WARNING  High grad norm: 521.33 at epoch=67 step=14802     
                    WARNING  High grad norm: 1527.56 at epoch=67 step=14803    
[04/21/26 23:25:40] WARNING  High grad norm: 711.58 at epoch=67 step=14804     
                    WARNING  High grad norm: 1020.52 at epoch=67 step=14805    
                    WARNING  High grad norm: 944.63 at epoch=67 step=14806     
                    WARNING  High grad norm: 1027.11 at epoch=67 step=14807    
[04/21/26 23:25:41] WARNING  High grad norm: 1080.59 at epoch=67 step=14808    
                    WARNING  High grad norm: 1817.02 at epoch=67 step=14809    
                    WARNING  High grad norm: 1442.66 at epoch=67 step=14810    
                    WARNING  High grad norm: 663.64 at epoch=67 step=14811     
                    WARNING  High grad norm: 1400.80 at epoch=67 step=14812    
[04/21/26 23:25:42] WARNING  High grad norm: 1000.53 at epoch=67 step=14813    
                    WARNING  High grad norm: 592.14 at epoch=67 step=14814     
                    WARNING  High grad norm: 929.44 at epoch=67 step=14815     
                    WARNING  High grad norm: 2226.87 at epoch=67 step=14816    
[04/21/26 23:25:43] WARNING  High grad norm: 1164.20 at epoch=67 step=14817    
                    WARNING  High grad norm: 831.26 at epoch=67 step=14818     
                    WARNING  High grad norm: 1745.84 at epoch=67 step=14819    
                    WARNING  High grad norm: 1380.67 at epoch=67 step=14820    
                    WARNING  High grad norm: 1091.27 at epoch=67 step=14821    
[04/21/26 23:25:44] WARNING  High grad norm: 1082.24 at epoch=67 step=14822    
                    WARNING  High grad norm: 545.48 at epoch=67 step=14823     
                    WARNING  High grad norm: 1336.19 at epoch=67 step=14824    
                    WARNING  High grad norm: 1534.41 at epoch=67 step=14825    
[04/21/26 23:25:45] WARNING  High grad norm: 1242.91 at epoch=67 step=14826    
                    WARNING  High grad norm: 1782.04 at epoch=67 step=14827    
                    WARNING  High grad norm: 855.69 at epoch=67 step=14828     
                    WARNING  High grad norm: 685.23 at epoch=67 step=14829     
                    WARNING  High grad norm: 697.69 at epoch=67 step=14830     
[04/21/26 23:25:46] WARNING  High grad norm: 1693.36 at epoch=67 step=14831    
                    WARNING  High grad norm: 2097.89 at epoch=67 step=14832    
                    WARNING  High grad norm: 1440.34 at epoch=67 step=14833    
                    WARNING  High grad norm: 1705.22 at epoch=67 step=14834    
[04/21/26 23:25:47] WARNING  High grad norm: 1052.92 at epoch=67 step=14835    
                    WARNING  High grad norm: 2392.25 at epoch=67 step=14836    
                    WARNING  High grad norm: 1635.27 at epoch=67 step=14837    
                    WARNING  High grad norm: 764.90 at epoch=67 step=14838     
                    WARNING  High grad norm: 1594.45 at epoch=67 step=14839    
[04/21/26 23:25:48] WARNING  High grad norm: 1398.33 at epoch=67 step=14840    
                    WARNING  High grad norm: 1552.50 at epoch=67 step=14841    
                    WARNING  High grad norm: 1965.77 at epoch=67 step=14842    
                    WARNING  High grad norm: 1297.01 at epoch=67 step=14843    
[04/21/26 23:25:49] WARNING  High grad norm: 2584.87 at epoch=67 step=14844    
                    WARNING  High grad norm: 2304.63 at epoch=67 step=14845    
                    WARNING  High grad norm: 2176.39 at epoch=67 step=14846    
                    WARNING  High grad norm: 1729.93 at epoch=67 step=14847    
                    WARNING  High grad norm: 1595.38 at epoch=67 step=14848    
[04/21/26 23:25:50] WARNING  High grad norm: 2362.04 at epoch=67 step=14849    
                    WARNING  High grad norm: 1022.95 at epoch=67 step=14850    
                    WARNING  High grad norm: 1165.01 at epoch=67 step=14851    
                    WARNING  High grad norm: 1633.45 at epoch=67 step=14852    
[04/21/26 23:25:51] WARNING  High grad norm: 702.31 at epoch=67 step=14853     
                    WARNING  High grad norm: 1391.52 at epoch=67 step=14854    
                    WARNING  High grad norm: 831.73 at epoch=67 step=14855     
                    WARNING  High grad norm: 947.92 at epoch=67 step=14856     
                    WARNING  High grad norm: 1940.76 at epoch=67 step=14857    
[04/21/26 23:25:52] WARNING  High grad norm: 902.08 at epoch=67 step=14858     
                    WARNING  High grad norm: 1703.62 at epoch=67 step=14859    
                    WARNING  High grad norm: 1860.46 at epoch=67 step=14860    
                    WARNING  High grad norm: 2147.85 at epoch=67 step=14861    
[04/21/26 23:25:53] WARNING  High grad norm: 1216.64 at epoch=67 step=14862    
                    WARNING  High grad norm: 2334.27 at epoch=67 step=14863    
                    WARNING  High grad norm: 805.21 at epoch=67 step=14864     
                    WARNING  High grad norm: 503.05 at epoch=67 step=14865     
[04/21/26 23:25:54] WARNING  High grad norm: 1138.00 at epoch=67 step=14866    
                    WARNING  High grad norm: 625.09 at epoch=67 step=14867     
                    WARNING  High grad norm: 938.60 at epoch=67 step=14868     
                    WARNING  High grad norm: 1999.81 at epoch=67 step=14869    
                    WARNING  High grad norm: 935.93 at epoch=67 step=14870     
[04/21/26 23:25:55] WARNING  High grad norm: 1709.79 at epoch=67 step=14871    
                    WARNING  High grad norm: 1445.30 at epoch=67 step=14872    
                    WARNING  High grad norm: 3122.58 at epoch=67 step=14873    
                    WARNING  High grad norm: 1498.44 at epoch=67 step=14874    
[04/21/26 23:25:56] WARNING  High grad norm: 582.90 at epoch=67 step=14875     
                    WARNING  High grad norm: 628.45 at epoch=67 step=14876     
                    WARNING  High grad norm: 803.82 at epoch=67 step=14877     
                    WARNING  High grad norm: 777.90 at epoch=67 step=14878     
                    WARNING  High grad norm: 2243.91 at epoch=67 step=14879    
[04/21/26 23:25:57] WARNING  High grad norm: 739.64 at epoch=67 step=14880     
                    WARNING  High grad norm: 962.70 at epoch=67 step=14881     
                    WARNING  High grad norm: 887.76 at epoch=67 step=14882     
                    WARNING  High grad norm: 919.24 at epoch=67 step=14883     
[04/21/26 23:25:58] WARNING  High grad norm: 799.88 at epoch=67 step=14884     
                    WARNING  High grad norm: 1349.17 at epoch=67 step=14885    
                    WARNING  High grad norm: 1925.80 at epoch=67 step=14886    
                    WARNING  High grad norm: 593.32 at epoch=67 step=14887     
                    WARNING  High grad norm: 751.92 at epoch=67 step=14888     
[04/21/26 23:25:59] WARNING  High grad norm: 518.68 at epoch=67 step=14889     
                    WARNING  High grad norm: 2020.50 at epoch=67 step=14890    
                    WARNING  High grad norm: 1624.10 at epoch=67 step=14891    
                    WARNING  High grad norm: 1150.82 at epoch=67 step=14892    
[04/21/26 23:26:00] WARNING  High grad norm: 848.36 at epoch=67 step=14893     
                    WARNING  High grad norm: 1823.50 at epoch=67 step=14894    
                    WARNING  High grad norm: 2681.83 at epoch=67 step=14895    
                    WARNING  High grad norm: 945.83 at epoch=67 step=14896     
                    WARNING  High grad norm: 694.87 at epoch=67 step=14897     
[04/21/26 23:26:01] WARNING  High grad norm: 812.43 at epoch=67 step=14898     
                    WARNING  High grad norm: 992.50 at epoch=67 step=14899     
                    INFO     epoch=67 step=14900 loss=480.1400                 
                             grad_norm=992.4960 lr=1.00e-06                    
                    WARNING  High grad norm: 1342.60 at epoch=67 step=14900    
                    WARNING  High grad norm: 784.02 at epoch=67 step=14901     
[04/21/26 23:26:02] WARNING  High grad norm: 3612.70 at epoch=67 step=14902    
                    WARNING  High grad norm: 1229.63 at epoch=67 step=14903    
                    WARNING  High grad norm: 1089.39 at epoch=67 step=14904    
                    WARNING  High grad norm: 1506.85 at epoch=67 step=14905    
[04/21/26 23:26:03] WARNING  High grad norm: 1753.35 at epoch=67 step=14906    
                    WARNING  High grad norm: 2263.44 at epoch=67 step=14907    
                    WARNING  High grad norm: 685.71 at epoch=67 step=14908     
                    WARNING  High grad norm: 2152.67 at epoch=67 step=14909    
                    WARNING  High grad norm: 1962.84 at epoch=67 step=14910    
[04/21/26 23:26:04] WARNING  High grad norm: 646.14 at epoch=67 step=14911     
                    WARNING  High grad norm: 1757.39 at epoch=67 step=14912    
                    WARNING  High grad norm: 686.16 at epoch=67 step=14913     
                    WARNING  High grad norm: 1390.65 at epoch=67 step=14914    
[04/21/26 23:26:05] WARNING  High grad norm: 1107.96 at epoch=67 step=14915    
                    WARNING  High grad norm: 876.98 at epoch=67 step=14916     
                    WARNING  High grad norm: 830.28 at epoch=67 step=14917     
                    WARNING  High grad norm: 770.88 at epoch=67 step=14918     
                    WARNING  High grad norm: 628.71 at epoch=67 step=14919     
[04/21/26 23:26:06] WARNING  High grad norm: 618.13 at epoch=67 step=14920     
                    WARNING  High grad norm: 560.20 at epoch=67 step=14921     
                    WARNING  High grad norm: 929.69 at epoch=67 step=14922     
                    WARNING  High grad norm: 1136.81 at epoch=67 step=14923    
[04/21/26 23:26:07] WARNING  High grad norm: 1061.74 at epoch=67 step=14924    
                    WARNING  High grad norm: 608.67 at epoch=67 step=14925     
                    WARNING  High grad norm: 643.89 at epoch=67 step=14926     
                    WARNING  High grad norm: 1539.57 at epoch=67 step=14927    
                    WARNING  High grad norm: 669.09 at epoch=67 step=14928     
[04/21/26 23:26:08] WARNING  High grad norm: 703.92 at epoch=67 step=14929     
                    WARNING  High grad norm: 893.12 at epoch=67 step=14930     
                    WARNING  High grad norm: 1873.09 at epoch=67 step=14931    
                    WARNING  High grad norm: 816.95 at epoch=67 step=14932     
[04/21/26 23:26:09] WARNING  High grad norm: 1130.60 at epoch=67 step=14933    
                    WARNING  High grad norm: 1899.33 at epoch=67 step=14934    
                    WARNING  High grad norm: 1409.73 at epoch=67 step=14935    
                    WARNING  High grad norm: 1183.06 at epoch=67 step=14936    
                    WARNING  High grad norm: 1870.18 at epoch=67 step=14937    
[04/21/26 23:26:10] WARNING  High grad norm: 1481.17 at epoch=67 step=14938    
                    WARNING  High grad norm: 1310.92 at epoch=67 step=14939    
                    WARNING  High grad norm: 1544.43 at epoch=67 step=14940    
[04/21/26 23:26:11] INFO     epoch=67 avg_loss=481.0721 lr=1.00e-06            
[04/21/26 23:26:25] WARNING  High grad norm: 754.07 at epoch=68 step=14941     
                    WARNING  High grad norm: 852.15 at epoch=68 step=14942     
[04/21/26 23:26:26] WARNING  High grad norm: 1058.78 at epoch=68 step=14943    
                    WARNING  High grad norm: 1573.26 at epoch=68 step=14944    
                    WARNING  High grad norm: 1159.93 at epoch=68 step=14945    
                    WARNING  High grad norm: 1040.98 at epoch=68 step=14946    
                    WARNING  High grad norm: 1083.45 at epoch=68 step=14947    
[04/21/26 23:26:27] WARNING  High grad norm: 737.73 at epoch=68 step=14948     
                    WARNING  High grad norm: 1635.78 at epoch=68 step=14949    
                    WARNING  High grad norm: 1089.02 at epoch=68 step=14950    
                    WARNING  High grad norm: 2703.94 at epoch=68 step=14951    
[04/21/26 23:26:28] WARNING  High grad norm: 1038.12 at epoch=68 step=14952    
                    WARNING  High grad norm: 2730.92 at epoch=68 step=14953    
                    WARNING  High grad norm: 594.98 at epoch=68 step=14954     
                    WARNING  High grad norm: 1305.14 at epoch=68 step=14955    
                    WARNING  High grad norm: 938.96 at epoch=68 step=14956     
[04/21/26 23:26:29] WARNING  High grad norm: 602.99 at epoch=68 step=14957     
                    WARNING  High grad norm: 1111.70 at epoch=68 step=14958    
                    WARNING  High grad norm: 1145.19 at epoch=68 step=14959    
                    WARNING  High grad norm: 1607.81 at epoch=68 step=14960    
[04/21/26 23:26:30] WARNING  High grad norm: 789.31 at epoch=68 step=14961     
                    WARNING  High grad norm: 900.73 at epoch=68 step=14962     
                    WARNING  High grad norm: 889.99 at epoch=68 step=14963     
                    WARNING  High grad norm: 1990.13 at epoch=68 step=14964    
                    WARNING  High grad norm: 1633.95 at epoch=68 step=14965    
[04/21/26 23:26:31] WARNING  High grad norm: 1795.55 at epoch=68 step=14966    
                    WARNING  High grad norm: 615.44 at epoch=68 step=14967     
                    WARNING  High grad norm: 1512.26 at epoch=68 step=14968    
                    WARNING  High grad norm: 933.41 at epoch=68 step=14969     
[04/21/26 23:26:32] WARNING  High grad norm: 1260.81 at epoch=68 step=14970    
                    WARNING  High grad norm: 1526.90 at epoch=68 step=14971    
                    WARNING  High grad norm: 880.78 at epoch=68 step=14972     
                    WARNING  High grad norm: 816.02 at epoch=68 step=14973     
                    WARNING  High grad norm: 1555.03 at epoch=68 step=14974    
[04/21/26 23:26:33] WARNING  High grad norm: 715.31 at epoch=68 step=14975     
                    WARNING  High grad norm: 1828.98 at epoch=68 step=14976    
                    WARNING  High grad norm: 691.23 at epoch=68 step=14977     
                    WARNING  High grad norm: 819.82 at epoch=68 step=14978     
[04/21/26 23:26:34] WARNING  High grad norm: 1380.50 at epoch=68 step=14979    
                    WARNING  High grad norm: 1720.00 at epoch=68 step=14980    
                    WARNING  High grad norm: 801.61 at epoch=68 step=14981     
                    WARNING  High grad norm: 800.48 at epoch=68 step=14982     
                    WARNING  High grad norm: 850.34 at epoch=68 step=14983     
[04/21/26 23:26:35] WARNING  High grad norm: 1376.27 at epoch=68 step=14984    
                    WARNING  High grad norm: 937.54 at epoch=68 step=14985     
                    WARNING  High grad norm: 880.14 at epoch=68 step=14986     
                    WARNING  High grad norm: 780.37 at epoch=68 step=14987     
[04/21/26 23:26:36] WARNING  High grad norm: 1911.07 at epoch=68 step=14988    
                    WARNING  High grad norm: 2487.53 at epoch=68 step=14989    
                    WARNING  High grad norm: 724.95 at epoch=68 step=14990     
                    WARNING  High grad norm: 1018.89 at epoch=68 step=14991    
                    WARNING  High grad norm: 886.81 at epoch=68 step=14992     
[04/21/26 23:26:37] WARNING  High grad norm: 870.81 at epoch=68 step=14993     
                    WARNING  High grad norm: 843.08 at epoch=68 step=14994     
                    WARNING  High grad norm: 1744.70 at epoch=68 step=14995    
                    WARNING  High grad norm: 1685.95 at epoch=68 step=14996    
[04/21/26 23:26:38] WARNING  High grad norm: 878.46 at epoch=68 step=14997     
                    WARNING  High grad norm: 2220.90 at epoch=68 step=14998    
                    WARNING  High grad norm: 1826.95 at epoch=68 step=14999    
                    INFO     epoch=68 step=15000 loss=480.7574                 
                             grad_norm=1826.9458 lr=1.00e-06                   
                    WARNING  High grad norm: 1245.53 at epoch=68 step=15000    
                    WARNING  High grad norm: 2398.74 at epoch=68 step=15001    
[04/21/26 23:26:39] WARNING  High grad norm: 2349.07 at epoch=68 step=15002    
                    WARNING  High grad norm: 851.81 at epoch=68 step=15003     
                    WARNING  High grad norm: 2518.80 at epoch=68 step=15004    
                    WARNING  High grad norm: 793.60 at epoch=68 step=15005     
[04/21/26 23:26:40] WARNING  High grad norm: 689.19 at epoch=68 step=15006     
                    WARNING  High grad norm: 1735.19 at epoch=68 step=15007    
                    WARNING  High grad norm: 1300.71 at epoch=68 step=15008    
                    WARNING  High grad norm: 1559.96 at epoch=68 step=15009    
                    WARNING  High grad norm: 2045.46 at epoch=68 step=15010    
[04/21/26 23:26:41] WARNING  High grad norm: 2539.56 at epoch=68 step=15011    
                    WARNING  High grad norm: 904.69 at epoch=68 step=15012     
                    WARNING  High grad norm: 775.25 at epoch=68 step=15013     
                    WARNING  High grad norm: 587.37 at epoch=68 step=15014     
[04/21/26 23:26:42] WARNING  High grad norm: 765.75 at epoch=68 step=15015     
                    WARNING  High grad norm: 747.10 at epoch=68 step=15016     
                    WARNING  High grad norm: 1158.92 at epoch=68 step=15017    
                    WARNING  High grad norm: 1703.11 at epoch=68 step=15018    
                    WARNING  High grad norm: 547.32 at epoch=68 step=15019     
[04/21/26 23:26:43] WARNING  High grad norm: 1713.61 at epoch=68 step=15020    
                    WARNING  High grad norm: 544.87 at epoch=68 step=15021     
                    WARNING  High grad norm: 823.99 at epoch=68 step=15022     
                    WARNING  High grad norm: 593.42 at epoch=68 step=15023     
[04/21/26 23:26:44] WARNING  High grad norm: 1457.97 at epoch=68 step=15024    
                    WARNING  High grad norm: 1573.31 at epoch=68 step=15025    
                    WARNING  High grad norm: 1350.75 at epoch=68 step=15026    
                    WARNING  High grad norm: 650.73 at epoch=68 step=15027     
[04/21/26 23:26:45] WARNING  High grad norm: 1971.29 at epoch=68 step=15028    
                    WARNING  High grad norm: 1381.14 at epoch=68 step=15029    
                    WARNING  High grad norm: 1438.25 at epoch=68 step=15030    
                    WARNING  High grad norm: 981.47 at epoch=68 step=15031     
                    WARNING  High grad norm: 1331.46 at epoch=68 step=15032    
[04/21/26 23:26:46] WARNING  High grad norm: 1349.64 at epoch=68 step=15033    
                    WARNING  High grad norm: 809.39 at epoch=68 step=15034     
                    WARNING  High grad norm: 583.72 at epoch=68 step=15035     
                    WARNING  High grad norm: 1442.40 at epoch=68 step=15036    
[04/21/26 23:26:47] WARNING  High grad norm: 1611.48 at epoch=68 step=15037    
                    WARNING  High grad norm: 578.46 at epoch=68 step=15038     
                    WARNING  High grad norm: 926.86 at epoch=68 step=15039     
                    WARNING  High grad norm: 2481.20 at epoch=68 step=15040    
                    WARNING  High grad norm: 1942.89 at epoch=68 step=15041    
[04/21/26 23:26:48] WARNING  High grad norm: 911.21 at epoch=68 step=15042     
                    WARNING  High grad norm: 874.15 at epoch=68 step=15043     
                    WARNING  High grad norm: 830.33 at epoch=68 step=15044     
                    WARNING  High grad norm: 516.02 at epoch=68 step=15045     
[04/21/26 23:26:49] WARNING  High grad norm: 1110.55 at epoch=68 step=15046    
                    WARNING  High grad norm: 934.17 at epoch=68 step=15047     
                    WARNING  High grad norm: 1005.76 at epoch=68 step=15048    
                    WARNING  High grad norm: 597.51 at epoch=68 step=15049     
                    WARNING  High grad norm: 865.94 at epoch=68 step=15050     
[04/21/26 23:26:50] WARNING  High grad norm: 689.62 at epoch=68 step=15051     
                    WARNING  High grad norm: 959.59 at epoch=68 step=15052     
                    WARNING  High grad norm: 1333.73 at epoch=68 step=15053    
                    WARNING  High grad norm: 608.75 at epoch=68 step=15054     
[04/21/26 23:26:51] WARNING  High grad norm: 897.51 at epoch=68 step=15055     
                    WARNING  High grad norm: 946.45 at epoch=68 step=15056     
                    WARNING  High grad norm: 942.63 at epoch=68 step=15057     
                    WARNING  High grad norm: 625.98 at epoch=68 step=15058     
                    WARNING  High grad norm: 1999.09 at epoch=68 step=15059    
[04/21/26 23:26:52] WARNING  High grad norm: 628.20 at epoch=68 step=15060     
                    WARNING  High grad norm: 1936.04 at epoch=68 step=15061    
                    WARNING  High grad norm: 3155.38 at epoch=68 step=15062    
                    WARNING  High grad norm: 821.92 at epoch=68 step=15063     
[04/21/26 23:26:53] WARNING  High grad norm: 944.35 at epoch=68 step=15064     
                    WARNING  High grad norm: 842.53 at epoch=68 step=15065     
                    WARNING  High grad norm: 709.05 at epoch=68 step=15066     
                    WARNING  High grad norm: 723.97 at epoch=68 step=15067     
                    WARNING  High grad norm: 1062.73 at epoch=68 step=15068    
[04/21/26 23:26:54] WARNING  High grad norm: 1562.57 at epoch=68 step=15069    
                    WARNING  High grad norm: 1193.69 at epoch=68 step=15070    
                    WARNING  High grad norm: 4111.07 at epoch=68 step=15071    
                    WARNING  High grad norm: 1214.04 at epoch=68 step=15072    
[04/21/26 23:26:55] WARNING  High grad norm: 5043.17 at epoch=68 step=15073    
                    WARNING  High grad norm: 567.59 at epoch=68 step=15074     
                    WARNING  High grad norm: 998.05 at epoch=68 step=15075     
                    WARNING  High grad norm: 1305.96 at epoch=68 step=15076    
                    WARNING  High grad norm: 569.97 at epoch=68 step=15077     
[04/21/26 23:26:56] WARNING  High grad norm: 963.66 at epoch=68 step=15078     
                    WARNING  High grad norm: 1251.49 at epoch=68 step=15079    
                    WARNING  High grad norm: 957.11 at epoch=68 step=15080     
                    WARNING  High grad norm: 705.73 at epoch=68 step=15081     
[04/21/26 23:26:57] WARNING  High grad norm: 556.43 at epoch=68 step=15082     
                    WARNING  High grad norm: 1671.03 at epoch=68 step=15083    
                    WARNING  High grad norm: 1802.67 at epoch=68 step=15084    
                    WARNING  High grad norm: 640.45 at epoch=68 step=15085     
                    WARNING  High grad norm: 1213.02 at epoch=68 step=15086    
[04/21/26 23:26:58] WARNING  High grad norm: 625.76 at epoch=68 step=15087     
                    WARNING  High grad norm: 1627.99 at epoch=68 step=15088    
                    WARNING  High grad norm: 644.80 at epoch=68 step=15089     
                    WARNING  High grad norm: 1392.59 at epoch=68 step=15090    
[04/21/26 23:26:59] WARNING  High grad norm: 575.37 at epoch=68 step=15091     
                    WARNING  High grad norm: 1792.78 at epoch=68 step=15092    
                    WARNING  High grad norm: 1164.14 at epoch=68 step=15093    
                    WARNING  High grad norm: 1756.13 at epoch=68 step=15094    
[04/21/26 23:27:00] WARNING  High grad norm: 800.94 at epoch=68 step=15095     
                    WARNING  High grad norm: 1336.06 at epoch=68 step=15096    
                    WARNING  High grad norm: 656.25 at epoch=68 step=15097     
                    WARNING  High grad norm: 862.35 at epoch=68 step=15098     
                    WARNING  High grad norm: 2093.44 at epoch=68 step=15099    
                    INFO     epoch=68 step=15100 loss=480.6460                 
                             grad_norm=2093.4409 lr=1.00e-06                   
[04/21/26 23:27:01] WARNING  High grad norm: 807.75 at epoch=68 step=15100     
                    WARNING  High grad norm: 1116.33 at epoch=68 step=15101    
                    WARNING  High grad norm: 1681.67 at epoch=68 step=15102    
                    WARNING  High grad norm: 1174.65 at epoch=68 step=15103    
[04/21/26 23:27:02] WARNING  High grad norm: 646.46 at epoch=68 step=15104     
                    WARNING  High grad norm: 955.76 at epoch=68 step=15105     
                    WARNING  High grad norm: 764.24 at epoch=68 step=15106     
                    WARNING  High grad norm: 1644.52 at epoch=68 step=15107    
                    WARNING  High grad norm: 798.23 at epoch=68 step=15108     
[04/21/26 23:27:03] WARNING  High grad norm: 658.70 at epoch=68 step=15109     
                    WARNING  High grad norm: 1153.09 at epoch=68 step=15110    
                    WARNING  High grad norm: 759.87 at epoch=68 step=15111     
                    WARNING  High grad norm: 838.98 at epoch=68 step=15112     
[04/21/26 23:27:04] WARNING  High grad norm: 1331.75 at epoch=68 step=15113    
                    WARNING  High grad norm: 738.60 at epoch=68 step=15114     
                    WARNING  High grad norm: 2044.79 at epoch=68 step=15115    
                    WARNING  High grad norm: 1516.67 at epoch=68 step=15116    
                    WARNING  High grad norm: 1524.10 at epoch=68 step=15117    
[04/21/26 23:27:05] WARNING  High grad norm: 1032.64 at epoch=68 step=15118    
                    WARNING  High grad norm: 1508.41 at epoch=68 step=15119    
                    WARNING  High grad norm: 854.62 at epoch=68 step=15120     
                    WARNING  High grad norm: 1355.78 at epoch=68 step=15121    
[04/21/26 23:27:06] WARNING  High grad norm: 1564.84 at epoch=68 step=15122    
                    WARNING  High grad norm: 1141.90 at epoch=68 step=15123    
                    WARNING  High grad norm: 1708.11 at epoch=68 step=15124    
                    WARNING  High grad norm: 1757.04 at epoch=68 step=15125    
                    WARNING  High grad norm: 843.30 at epoch=68 step=15126     
[04/21/26 23:27:07] WARNING  High grad norm: 1264.03 at epoch=68 step=15127    
                    WARNING  High grad norm: 1254.37 at epoch=68 step=15128    
                    WARNING  High grad norm: 1517.00 at epoch=68 step=15129    
                    WARNING  High grad norm: 1184.23 at epoch=68 step=15130    
[04/21/26 23:27:08] WARNING  High grad norm: 1466.60 at epoch=68 step=15131    
                    WARNING  High grad norm: 884.59 at epoch=68 step=15132     
                    WARNING  High grad norm: 1027.62 at epoch=68 step=15133    
                    WARNING  High grad norm: 634.08 at epoch=68 step=15134     
                    WARNING  High grad norm: 1053.01 at epoch=68 step=15135    
[04/21/26 23:27:09] WARNING  High grad norm: 555.11 at epoch=68 step=15136     
                    WARNING  High grad norm: 1199.86 at epoch=68 step=15137    
                    WARNING  High grad norm: 966.29 at epoch=68 step=15138     
                    WARNING  High grad norm: 940.51 at epoch=68 step=15139     
[04/21/26 23:27:10] WARNING  High grad norm: 1657.64 at epoch=68 step=15140    
                    WARNING  High grad norm: 951.16 at epoch=68 step=15141     
                    WARNING  High grad norm: 7931.72 at epoch=68 step=15142    
                    WARNING  High grad norm: 1502.42 at epoch=68 step=15143    
                    WARNING  High grad norm: 967.66 at epoch=68 step=15144     
[04/21/26 23:27:11] WARNING  High grad norm: 1127.74 at epoch=68 step=15145    
                    WARNING  High grad norm: 672.78 at epoch=68 step=15146     
                    WARNING  High grad norm: 1046.42 at epoch=68 step=15147    
                    WARNING  High grad norm: 971.41 at epoch=68 step=15148     
[04/21/26 23:27:12] WARNING  High grad norm: 602.17 at epoch=68 step=15149     
                    WARNING  High grad norm: 721.95 at epoch=68 step=15150     
                    WARNING  High grad norm: 846.48 at epoch=68 step=15151     
                    WARNING  High grad norm: 981.80 at epoch=68 step=15152     
[04/21/26 23:27:13] WARNING  High grad norm: 868.44 at epoch=68 step=15153     
                    WARNING  High grad norm: 1076.01 at epoch=68 step=15154    
                    WARNING  High grad norm: 1391.09 at epoch=68 step=15155    
                    WARNING  High grad norm: 819.75 at epoch=68 step=15156     
                    WARNING  High grad norm: 917.94 at epoch=68 step=15157     
[04/21/26 23:27:14] WARNING  High grad norm: 1202.46 at epoch=68 step=15158    
                    WARNING  High grad norm: 1465.89 at epoch=68 step=15159    
                    WARNING  High grad norm: 1042.83 at epoch=68 step=15160    
                    WARNING  High grad norm: 1158.27 at epoch=68 step=15161    
[04/21/26 23:27:15] WARNING  High grad norm: 740.30 at epoch=68 step=15162     
                    WARNING  High grad norm: 2504.57 at epoch=68 step=15163    
                    INFO     epoch=68 avg_loss=484.9306 lr=1.00e-06            
[04/21/26 23:27:30] WARNING  High grad norm: 608.40 at epoch=69 step=15164     
                    WARNING  High grad norm: 1143.83 at epoch=69 step=15165    
                    WARNING  High grad norm: 2989.12 at epoch=69 step=15166    
                    WARNING  High grad norm: 705.11 at epoch=69 step=15167     
[04/21/26 23:27:31] WARNING  High grad norm: 926.72 at epoch=69 step=15168     
                    WARNING  High grad norm: 2092.89 at epoch=69 step=15169    
                    WARNING  High grad norm: 1134.15 at epoch=69 step=15170    
                    WARNING  High grad norm: 824.27 at epoch=69 step=15171     
[04/21/26 23:27:32] WARNING  High grad norm: 1025.71 at epoch=69 step=15172    
                    WARNING  High grad norm: 2337.87 at epoch=69 step=15173    
                    WARNING  High grad norm: 969.12 at epoch=69 step=15174     
                    WARNING  High grad norm: 731.35 at epoch=69 step=15175     
                    WARNING  High grad norm: 1964.88 at epoch=69 step=15176    
[04/21/26 23:27:33] WARNING  High grad norm: 1686.03 at epoch=69 step=15177    
                    WARNING  High grad norm: 1026.76 at epoch=69 step=15178    
                    WARNING  High grad norm: 1682.19 at epoch=69 step=15179    
                    WARNING  High grad norm: 799.64 at epoch=69 step=15180     
[04/21/26 23:27:34] WARNING  High grad norm: 1199.59 at epoch=69 step=15181    
                    WARNING  High grad norm: 743.75 at epoch=69 step=15182     
                    WARNING  High grad norm: 655.62 at epoch=69 step=15183     
                    WARNING  High grad norm: 1433.90 at epoch=69 step=15184    
                    WARNING  High grad norm: 1369.71 at epoch=69 step=15185    
[04/21/26 23:27:35] WARNING  High grad norm: 1115.94 at epoch=69 step=15186    
                    WARNING  High grad norm: 1084.91 at epoch=69 step=15187    
                    WARNING  High grad norm: 1693.38 at epoch=69 step=15188    
                    WARNING  High grad norm: 1206.64 at epoch=69 step=15189    
[04/21/26 23:27:36] WARNING  High grad norm: 707.05 at epoch=69 step=15190     
                    WARNING  High grad norm: 1079.96 at epoch=69 step=15191    
                    WARNING  High grad norm: 1074.52 at epoch=69 step=15192    
                    WARNING  High grad norm: 701.75 at epoch=69 step=15193     
                    WARNING  High grad norm: 675.52 at epoch=69 step=15194     
[04/21/26 23:27:37] WARNING  High grad norm: 703.76 at epoch=69 step=15195     
                    WARNING  High grad norm: 879.99 at epoch=69 step=15196     
                    WARNING  High grad norm: 1772.41 at epoch=69 step=15197    
                    WARNING  High grad norm: 809.26 at epoch=69 step=15198     
[04/21/26 23:27:38] WARNING  High grad norm: 811.22 at epoch=69 step=15199     
                    INFO     epoch=69 step=15200 loss=473.6960                 
                             grad_norm=811.2200 lr=1.00e-06                    
                    WARNING  High grad norm: 510.61 at epoch=69 step=15200     
                    WARNING  High grad norm: 942.93 at epoch=69 step=15201     
                    WARNING  High grad norm: 686.94 at epoch=69 step=15202     
                    WARNING  High grad norm: 1882.63 at epoch=69 step=15203    
[04/21/26 23:27:39] WARNING  High grad norm: 692.04 at epoch=69 step=15204     
                    WARNING  High grad norm: 1287.12 at epoch=69 step=15205    
                    WARNING  High grad norm: 958.87 at epoch=69 step=15206     
                    WARNING  High grad norm: 1463.19 at epoch=69 step=15207    
[04/21/26 23:27:40] WARNING  High grad norm: 578.02 at epoch=69 step=15208     
                    WARNING  High grad norm: 1079.12 at epoch=69 step=15209    
                    WARNING  High grad norm: 1128.98 at epoch=69 step=15210    
                    WARNING  High grad norm: 1077.81 at epoch=69 step=15211    
                    WARNING  High grad norm: 1278.66 at epoch=69 step=15212    
[04/21/26 23:27:41] WARNING  High grad norm: 1185.64 at epoch=69 step=15213    
                    WARNING  High grad norm: 1147.37 at epoch=69 step=15214    
                    WARNING  High grad norm: 717.71 at epoch=69 step=15215     
                    WARNING  High grad norm: 727.07 at epoch=69 step=15216     
[04/21/26 23:27:42] WARNING  High grad norm: 1744.99 at epoch=69 step=15217    
                    WARNING  High grad norm: 1868.86 at epoch=69 step=15218    
                    WARNING  High grad norm: 890.29 at epoch=69 step=15219     
                    WARNING  High grad norm: 750.62 at epoch=69 step=15220     
                    WARNING  High grad norm: 1444.34 at epoch=69 step=15221    
[04/21/26 23:27:43] WARNING  High grad norm: 1067.54 at epoch=69 step=15222    
                    WARNING  High grad norm: 901.38 at epoch=69 step=15223     
                    WARNING  High grad norm: 1533.04 at epoch=69 step=15224    
                    WARNING  High grad norm: 873.38 at epoch=69 step=15225     
[04/21/26 23:27:44] WARNING  High grad norm: 1033.50 at epoch=69 step=15226    
                    WARNING  High grad norm: 1177.06 at epoch=69 step=15227    
                    WARNING  High grad norm: 2088.01 at epoch=69 step=15228    
                    WARNING  High grad norm: 644.55 at epoch=69 step=15229     
                    WARNING  High grad norm: 1095.89 at epoch=69 step=15230    
[04/21/26 23:27:45] WARNING  High grad norm: 1055.44 at epoch=69 step=15231    
                    WARNING  High grad norm: 1390.48 at epoch=69 step=15232    
                    WARNING  High grad norm: 2034.83 at epoch=69 step=15233    
                    WARNING  High grad norm: 2229.78 at epoch=69 step=15234    
[04/21/26 23:27:46] WARNING  High grad norm: 807.81 at epoch=69 step=15235     
                    WARNING  High grad norm: 1969.07 at epoch=69 step=15236    
                    WARNING  High grad norm: 761.32 at epoch=69 step=15237     
                    WARNING  High grad norm: 1094.92 at epoch=69 step=15238    
[04/21/26 23:27:47] WARNING  High grad norm: 1741.35 at epoch=69 step=15239    
                    WARNING  High grad norm: 569.79 at epoch=69 step=15240     
                    WARNING  High grad norm: 1004.72 at epoch=69 step=15241    
                    WARNING  High grad norm: 1085.93 at epoch=69 step=15242    
                    WARNING  High grad norm: 564.06 at epoch=69 step=15243     
[04/21/26 23:27:48] WARNING  High grad norm: 2325.58 at epoch=69 step=15244    
                    WARNING  High grad norm: 1679.81 at epoch=69 step=15245    
                    WARNING  High grad norm: 1519.25 at epoch=69 step=15246    
                    WARNING  High grad norm: 1126.26 at epoch=69 step=15247    
[04/21/26 23:27:49] WARNING  High grad norm: 1679.54 at epoch=69 step=15248    
                    WARNING  High grad norm: 1329.43 at epoch=69 step=15249    
                    WARNING  High grad norm: 816.45 at epoch=69 step=15250     
                    WARNING  High grad norm: 944.07 at epoch=69 step=15251     
                    WARNING  High grad norm: 809.80 at epoch=69 step=15252     
[04/21/26 23:27:50] WARNING  High grad norm: 639.52 at epoch=69 step=15253     
                    WARNING  High grad norm: 622.52 at epoch=69 step=15254     
                    WARNING  High grad norm: 816.43 at epoch=69 step=15255     
                    WARNING  High grad norm: 1575.12 at epoch=69 step=15256    
[04/21/26 23:27:51] WARNING  High grad norm: 2045.62 at epoch=69 step=15257    
                    WARNING  High grad norm: 1194.69 at epoch=69 step=15258    
                    WARNING  High grad norm: 888.38 at epoch=69 step=15259     
                    WARNING  High grad norm: 2179.25 at epoch=69 step=15260    
                    WARNING  High grad norm: 831.31 at epoch=69 step=15261     
[04/21/26 23:27:52] WARNING  High grad norm: 2617.65 at epoch=69 step=15262    
                    WARNING  High grad norm: 714.45 at epoch=69 step=15263     
                    WARNING  High grad norm: 812.02 at epoch=69 step=15264     
                    WARNING  High grad norm: 664.48 at epoch=69 step=15265     
[04/21/26 23:27:53] WARNING  High grad norm: 931.64 at epoch=69 step=15266     
                    WARNING  High grad norm: 1870.47 at epoch=69 step=15267    
                    WARNING  High grad norm: 2025.67 at epoch=69 step=15268    
                    WARNING  High grad norm: 1910.82 at epoch=69 step=15269    
                    WARNING  High grad norm: 846.76 at epoch=69 step=15270     
[04/21/26 23:27:54] WARNING  High grad norm: 583.64 at epoch=69 step=15271     
                    WARNING  High grad norm: 908.60 at epoch=69 step=15272     
                    WARNING  High grad norm: 1421.50 at epoch=69 step=15273    
                    WARNING  High grad norm: 964.49 at epoch=69 step=15274     
[04/21/26 23:27:55] WARNING  High grad norm: 1218.91 at epoch=69 step=15275    
                    WARNING  High grad norm: 810.25 at epoch=69 step=15276     
                    WARNING  High grad norm: 740.62 at epoch=69 step=15277     
                    WARNING  High grad norm: 1107.83 at epoch=69 step=15278    
                    WARNING  High grad norm: 684.00 at epoch=69 step=15279     
[04/21/26 23:27:56] WARNING  High grad norm: 1540.19 at epoch=69 step=15280    
                    WARNING  High grad norm: 3375.40 at epoch=69 step=15281    
                    WARNING  High grad norm: 640.52 at epoch=69 step=15282     
                    WARNING  High grad norm: 1553.53 at epoch=69 step=15283    
[04/21/26 23:27:57] WARNING  High grad norm: 1213.03 at epoch=69 step=15284    
                    WARNING  High grad norm: 905.02 at epoch=69 step=15285     
                    WARNING  High grad norm: 1404.70 at epoch=69 step=15286    
                    WARNING  High grad norm: 1144.77 at epoch=69 step=15287    
                    WARNING  High grad norm: 1718.99 at epoch=69 step=15288    
[04/21/26 23:27:58] WARNING  High grad norm: 1177.64 at epoch=69 step=15289    
                    WARNING  High grad norm: 849.98 at epoch=69 step=15290     
                    WARNING  High grad norm: 1451.49 at epoch=69 step=15291    
                    WARNING  High grad norm: 961.23 at epoch=69 step=15292     
[04/21/26 23:27:59] WARNING  High grad norm: 2368.11 at epoch=69 step=15293    
                    WARNING  High grad norm: 729.23 at epoch=69 step=15294     
                    WARNING  High grad norm: 1092.16 at epoch=69 step=15295    
                    WARNING  High grad norm: 568.37 at epoch=69 step=15296     
                    WARNING  High grad norm: 1138.25 at epoch=69 step=15297    
[04/21/26 23:28:00] WARNING  High grad norm: 1171.25 at epoch=69 step=15298    
                    WARNING  High grad norm: 911.00 at epoch=69 step=15299     
                    INFO     epoch=69 step=15300 loss=472.4918                 
                             grad_norm=910.9979 lr=1.00e-06                    
                    WARNING  High grad norm: 598.70 at epoch=69 step=15300     
                    WARNING  High grad norm: 870.49 at epoch=69 step=15301     
[04/21/26 23:28:01] WARNING  High grad norm: 1168.59 at epoch=69 step=15302    
                    WARNING  High grad norm: 629.80 at epoch=69 step=15303     
                    WARNING  High grad norm: 1094.28 at epoch=69 step=15304    
                    WARNING  High grad norm: 892.65 at epoch=69 step=15305     
[04/21/26 23:28:02] WARNING  High grad norm: 689.79 at epoch=69 step=15306     
                    WARNING  High grad norm: 1462.06 at epoch=69 step=15307    
                    WARNING  High grad norm: 811.57 at epoch=69 step=15308     
                    WARNING  High grad norm: 1212.42 at epoch=69 step=15309    
                    WARNING  High grad norm: 1221.75 at epoch=69 step=15310    
[04/21/26 23:28:03] WARNING  High grad norm: 1879.94 at epoch=69 step=15311    
                    WARNING  High grad norm: 1215.40 at epoch=69 step=15312    
                    WARNING  High grad norm: 896.78 at epoch=69 step=15313     
                    WARNING  High grad norm: 1345.44 at epoch=69 step=15314    
[04/21/26 23:28:04] WARNING  High grad norm: 748.16 at epoch=69 step=15315     
                    WARNING  High grad norm: 1583.71 at epoch=69 step=15316    
                    WARNING  High grad norm: 1358.37 at epoch=69 step=15317    
                    WARNING  High grad norm: 632.38 at epoch=69 step=15318     
                    WARNING  High grad norm: 1219.32 at epoch=69 step=15319    
[04/21/26 23:28:05] WARNING  High grad norm: 979.72 at epoch=69 step=15320     
                    WARNING  High grad norm: 2000.12 at epoch=69 step=15321    
                    WARNING  High grad norm: 891.81 at epoch=69 step=15322     
                    WARNING  High grad norm: 1223.08 at epoch=69 step=15323    
[04/21/26 23:28:06] WARNING  High grad norm: 1085.09 at epoch=69 step=15324    
                    WARNING  High grad norm: 1620.82 at epoch=69 step=15325    
                    WARNING  High grad norm: 789.33 at epoch=69 step=15326     
                    WARNING  High grad norm: 1331.81 at epoch=69 step=15327    
                    WARNING  High grad norm: 1349.34 at epoch=69 step=15328    
[04/21/26 23:28:07] WARNING  High grad norm: 610.77 at epoch=69 step=15329     
                    WARNING  High grad norm: 1257.22 at epoch=69 step=15330    
                    WARNING  High grad norm: 1315.12 at epoch=69 step=15331    
                    WARNING  High grad norm: 1507.69 at epoch=69 step=15332    
[04/21/26 23:28:08] WARNING  High grad norm: 1310.68 at epoch=69 step=15333    
                    WARNING  High grad norm: 1776.93 at epoch=69 step=15334    
                    WARNING  High grad norm: 805.44 at epoch=69 step=15335     
                    WARNING  High grad norm: 1314.67 at epoch=69 step=15336    
                    WARNING  High grad norm: 852.45 at epoch=69 step=15337     
[04/21/26 23:28:09] WARNING  High grad norm: 828.25 at epoch=69 step=15338     
                    WARNING  High grad norm: 1909.90 at epoch=69 step=15339    
                    WARNING  High grad norm: 964.13 at epoch=69 step=15340     
                    WARNING  High grad norm: 675.91 at epoch=69 step=15341     
[04/21/26 23:28:10] WARNING  High grad norm: 1632.55 at epoch=69 step=15342    
                    WARNING  High grad norm: 1139.34 at epoch=69 step=15343    
                    WARNING  High grad norm: 1170.34 at epoch=69 step=15344    
                    WARNING  High grad norm: 898.07 at epoch=69 step=15345     
                    WARNING  High grad norm: 735.20 at epoch=69 step=15346     
[04/21/26 23:28:11] WARNING  High grad norm: 863.99 at epoch=69 step=15347     
                    WARNING  High grad norm: 787.79 at epoch=69 step=15348     
                    WARNING  High grad norm: 1641.95 at epoch=69 step=15349    
                    WARNING  High grad norm: 821.75 at epoch=69 step=15350     
[04/21/26 23:28:12] WARNING  High grad norm: 817.81 at epoch=69 step=15351     
                    WARNING  High grad norm: 809.51 at epoch=69 step=15352     
                    WARNING  High grad norm: 1188.03 at epoch=69 step=15353    
                    WARNING  High grad norm: 1055.27 at epoch=69 step=15354    
                    WARNING  High grad norm: 567.23 at epoch=69 step=15355     
[04/21/26 23:28:13] WARNING  High grad norm: 951.29 at epoch=69 step=15356     
                    WARNING  High grad norm: 894.50 at epoch=69 step=15357     
                    WARNING  High grad norm: 788.47 at epoch=69 step=15358     
                    WARNING  High grad norm: 1335.68 at epoch=69 step=15359    
[04/21/26 23:28:14] WARNING  High grad norm: 1544.49 at epoch=69 step=15360    
                    WARNING  High grad norm: 1467.40 at epoch=69 step=15361    
                    WARNING  High grad norm: 602.18 at epoch=69 step=15362     
                    WARNING  High grad norm: 1282.72 at epoch=69 step=15363    
[04/21/26 23:28:15] WARNING  High grad norm: 607.07 at epoch=69 step=15364     
                    WARNING  High grad norm: 811.78 at epoch=69 step=15365     
                    WARNING  High grad norm: 1972.76 at epoch=69 step=15366    
                    WARNING  High grad norm: 873.42 at epoch=69 step=15367     
                    WARNING  High grad norm: 969.59 at epoch=69 step=15368     
[04/21/26 23:28:16] WARNING  High grad norm: 1244.87 at epoch=69 step=15369    
                    WARNING  High grad norm: 781.77 at epoch=69 step=15370     
                    WARNING  High grad norm: 1611.87 at epoch=69 step=15371    
                    WARNING  High grad norm: 770.92 at epoch=69 step=15372     
[04/21/26 23:28:17] WARNING  High grad norm: 1136.85 at epoch=69 step=15373    
                    WARNING  High grad norm: 855.37 at epoch=69 step=15374     
                    WARNING  High grad norm: 1309.69 at epoch=69 step=15375    
                    WARNING  High grad norm: 849.54 at epoch=69 step=15376     
                    WARNING  High grad norm: 921.18 at epoch=69 step=15377     
[04/21/26 23:28:18] WARNING  High grad norm: 861.60 at epoch=69 step=15378     
                    WARNING  High grad norm: 974.88 at epoch=69 step=15379     
                    WARNING  High grad norm: 594.55 at epoch=69 step=15380     
                    WARNING  High grad norm: 2391.78 at epoch=69 step=15381    
[04/21/26 23:28:19] WARNING  High grad norm: 853.39 at epoch=69 step=15382     
                    WARNING  High grad norm: 770.56 at epoch=69 step=15383     
                    WARNING  High grad norm: 786.44 at epoch=69 step=15384     
                    WARNING  High grad norm: 1043.69 at epoch=69 step=15385    
                    WARNING  High grad norm: 973.68 at epoch=69 step=15386     
[04/21/26 23:28:20] INFO     epoch=69 avg_loss=480.3435 lr=1.00e-06            
[04/21/26 23:28:34] WARNING  High grad norm: 567.64 at epoch=70 step=15387     
                    WARNING  High grad norm: 1413.11 at epoch=70 step=15388    
[04/21/26 23:28:35] WARNING  High grad norm: 1338.82 at epoch=70 step=15389    
                    WARNING  High grad norm: 791.38 at epoch=70 step=15390     
                    WARNING  High grad norm: 1475.18 at epoch=70 step=15391    
                    WARNING  High grad norm: 762.05 at epoch=70 step=15392     
                    WARNING  High grad norm: 841.55 at epoch=70 step=15393     
[04/21/26 23:28:36] WARNING  High grad norm: 562.07 at epoch=70 step=15394     
                    WARNING  High grad norm: 1042.56 at epoch=70 step=15395    
                    WARNING  High grad norm: 945.09 at epoch=70 step=15396     
                    WARNING  High grad norm: 1245.35 at epoch=70 step=15397    
[04/21/26 23:28:37] WARNING  High grad norm: 958.91 at epoch=70 step=15398     
                    WARNING  High grad norm: 1297.75 at epoch=70 step=15399    
                    INFO     epoch=70 step=15400 loss=498.9906                 
                             grad_norm=1297.7510 lr=1.00e-06                   
                    WARNING  High grad norm: 1165.44 at epoch=70 step=15400    
                    WARNING  High grad norm: 1104.27 at epoch=70 step=15401    
                    WARNING  High grad norm: 1420.70 at epoch=70 step=15402    
[04/21/26 23:28:38] WARNING  High grad norm: 607.39 at epoch=70 step=15403     
                    WARNING  High grad norm: 737.94 at epoch=70 step=15404     
                    WARNING  High grad norm: 613.50 at epoch=70 step=15405     
                    WARNING  High grad norm: 800.71 at epoch=70 step=15406     
[04/21/26 23:28:39] WARNING  High grad norm: 1024.72 at epoch=70 step=15407    
                    WARNING  High grad norm: 844.86 at epoch=70 step=15408     
                    WARNING  High grad norm: 708.27 at epoch=70 step=15409     
                    WARNING  High grad norm: 527.45 at epoch=70 step=15410     
                    WARNING  High grad norm: 952.45 at epoch=70 step=15411     
[04/21/26 23:28:40] WARNING  High grad norm: 597.88 at epoch=70 step=15412     
                    WARNING  High grad norm: 1231.64 at epoch=70 step=15413    
                    WARNING  High grad norm: 861.47 at epoch=70 step=15414     
                    WARNING  High grad norm: 620.16 at epoch=70 step=15415     
[04/21/26 23:28:41] WARNING  High grad norm: 886.86 at epoch=70 step=15416     
                    WARNING  High grad norm: 941.19 at epoch=70 step=15417     
                    WARNING  High grad norm: 729.92 at epoch=70 step=15418     
                    WARNING  High grad norm: 1637.29 at epoch=70 step=15419    
                    WARNING  High grad norm: 459.68 at epoch=70 step=15420     
[04/21/26 23:28:42] WARNING  High grad norm: 644.70 at epoch=70 step=15421     
                    WARNING  High grad norm: 787.08 at epoch=70 step=15422     
                    WARNING  High grad norm: 1584.85 at epoch=70 step=15423    
                    WARNING  High grad norm: 1349.07 at epoch=70 step=15424    
[04/21/26 23:28:43] WARNING  High grad norm: 869.98 at epoch=70 step=15425     
                    WARNING  High grad norm: 868.97 at epoch=70 step=15426     
                    WARNING  High grad norm: 1426.07 at epoch=70 step=15427    
                    WARNING  High grad norm: 1320.27 at epoch=70 step=15428    
                    WARNING  High grad norm: 548.86 at epoch=70 step=15429     
[04/21/26 23:28:44] WARNING  High grad norm: 1826.52 at epoch=70 step=15430    
                    WARNING  High grad norm: 789.30 at epoch=70 step=15431     
                    WARNING  High grad norm: 482.90 at epoch=70 step=15432     
                    WARNING  High grad norm: 1186.56 at epoch=70 step=15433    
[04/21/26 23:28:45] WARNING  High grad norm: 889.98 at epoch=70 step=15434     
                    WARNING  High grad norm: 653.44 at epoch=70 step=15435     
                    WARNING  High grad norm: 922.29 at epoch=70 step=15436     
                    WARNING  High grad norm: 853.38 at epoch=70 step=15437     
                    WARNING  High grad norm: 1755.36 at epoch=70 step=15438    
[04/21/26 23:28:46] WARNING  High grad norm: 1966.67 at epoch=70 step=15439    
                    WARNING  High grad norm: 658.31 at epoch=70 step=15440     
                    WARNING  High grad norm: 811.27 at epoch=70 step=15441     
                    WARNING  High grad norm: 698.39 at epoch=70 step=15442     
[04/21/26 23:28:47] WARNING  High grad norm: 861.95 at epoch=70 step=15443     
                    WARNING  High grad norm: 838.16 at epoch=70 step=15444     
                    WARNING  High grad norm: 1258.69 at epoch=70 step=15445    
                    WARNING  High grad norm: 728.24 at epoch=70 step=15446     
                    WARNING  High grad norm: 1126.52 at epoch=70 step=15447    
[04/21/26 23:28:48] WARNING  High grad norm: 1902.37 at epoch=70 step=15448    
                    WARNING  High grad norm: 1679.98 at epoch=70 step=15449    
                    WARNING  High grad norm: 1642.79 at epoch=70 step=15450    
                    WARNING  High grad norm: 1403.56 at epoch=70 step=15451    
[04/21/26 23:28:49] WARNING  High grad norm: 1079.86 at epoch=70 step=15452    
                    WARNING  High grad norm: 1183.94 at epoch=70 step=15453    
                    WARNING  High grad norm: 757.44 at epoch=70 step=15454     
                    WARNING  High grad norm: 2133.32 at epoch=70 step=15455    
                    WARNING  High grad norm: 1259.28 at epoch=70 step=15456    
[04/21/26 23:28:50] WARNING  High grad norm: 1001.61 at epoch=70 step=15457    
                    WARNING  High grad norm: 1060.21 at epoch=70 step=15458    
                    WARNING  High grad norm: 1050.47 at epoch=70 step=15459    
                    WARNING  High grad norm: 1330.39 at epoch=70 step=15460    
[04/21/26 23:28:51] WARNING  High grad norm: 5654.76 at epoch=70 step=15461    
                    WARNING  High grad norm: 1462.55 at epoch=70 step=15462    
                    WARNING  High grad norm: 1012.16 at epoch=70 step=15463    
                    WARNING  High grad norm: 2153.54 at epoch=70 step=15464    
                    WARNING  High grad norm: 2036.73 at epoch=70 step=15465    
[04/21/26 23:28:52] WARNING  High grad norm: 1627.53 at epoch=70 step=15466    
                    WARNING  High grad norm: 739.07 at epoch=70 step=15467     
                    WARNING  High grad norm: 1085.62 at epoch=70 step=15468    
                    WARNING  High grad norm: 1228.47 at epoch=70 step=15469    
[04/21/26 23:28:53] WARNING  High grad norm: 1797.64 at epoch=70 step=15470    
                    WARNING  High grad norm: 859.17 at epoch=70 step=15471     
                    WARNING  High grad norm: 1600.01 at epoch=70 step=15472    
                    WARNING  High grad norm: 1606.84 at epoch=70 step=15473    
[04/21/26 23:28:54] WARNING  High grad norm: 1724.95 at epoch=70 step=15474    
                    WARNING  High grad norm: 1387.35 at epoch=70 step=15475    
                    WARNING  High grad norm: 1109.59 at epoch=70 step=15476    
                    WARNING  High grad norm: 727.46 at epoch=70 step=15477     
                    WARNING  High grad norm: 854.19 at epoch=70 step=15478     
[04/21/26 23:28:55] WARNING  High grad norm: 1248.36 at epoch=70 step=15479    
                    WARNING  High grad norm: 1054.63 at epoch=70 step=15480    
                    WARNING  High grad norm: 939.44 at epoch=70 step=15481     
                    WARNING  High grad norm: 890.09 at epoch=70 step=15482     
[04/21/26 23:28:56] WARNING  High grad norm: 1147.68 at epoch=70 step=15483    
                    WARNING  High grad norm: 706.88 at epoch=70 step=15484     
                    WARNING  High grad norm: 935.57 at epoch=70 step=15485     
                    WARNING  High grad norm: 808.38 at epoch=70 step=15486     
                    WARNING  High grad norm: 882.62 at epoch=70 step=15487     
[04/21/26 23:28:57] WARNING  High grad norm: 948.31 at epoch=70 step=15488     
                    WARNING  High grad norm: 735.21 at epoch=70 step=15489     
                    WARNING  High grad norm: 2549.89 at epoch=70 step=15490    
                    WARNING  High grad norm: 1161.79 at epoch=70 step=15491    
[04/21/26 23:28:58] WARNING  High grad norm: 498.07 at epoch=70 step=15492     
                    WARNING  High grad norm: 870.21 at epoch=70 step=15493     
                    WARNING  High grad norm: 870.95 at epoch=70 step=15494     
                    WARNING  High grad norm: 1490.09 at epoch=70 step=15495    
                    WARNING  High grad norm: 695.51 at epoch=70 step=15496     
[04/21/26 23:28:59] WARNING  High grad norm: 1029.61 at epoch=70 step=15497    
                    WARNING  High grad norm: 1178.41 at epoch=70 step=15498    
                    WARNING  High grad norm: 937.04 at epoch=70 step=15499     
                    INFO     epoch=70 step=15500 loss=484.7648                 
                             grad_norm=937.0438 lr=1.00e-06                    
                    WARNING  High grad norm: 1762.75 at epoch=70 step=15500    
[04/21/26 23:29:00] WARNING  High grad norm: 2420.89 at epoch=70 step=15501    
                    WARNING  High grad norm: 2387.72 at epoch=70 step=15502    
                    WARNING  High grad norm: 1533.33 at epoch=70 step=15503    
                    WARNING  High grad norm: 939.39 at epoch=70 step=15504     
                    WARNING  High grad norm: 1371.27 at epoch=70 step=15505    
[04/21/26 23:29:01] WARNING  High grad norm: 436.50 at epoch=70 step=15506     
                    WARNING  High grad norm: 1136.99 at epoch=70 step=15507    
                    WARNING  High grad norm: 1117.32 at epoch=70 step=15508    
                    WARNING  High grad norm: 3190.08 at epoch=70 step=15509    
[04/21/26 23:29:02] WARNING  High grad norm: 1234.55 at epoch=70 step=15510    
                    WARNING  High grad norm: 2144.26 at epoch=70 step=15511    
                    WARNING  High grad norm: 1958.27 at epoch=70 step=15512    
                    WARNING  High grad norm: 2322.80 at epoch=70 step=15513    
                    WARNING  High grad norm: 744.98 at epoch=70 step=15514     
[04/21/26 23:29:03] WARNING  High grad norm: 541.32 at epoch=70 step=15515     
                    WARNING  High grad norm: 2093.79 at epoch=70 step=15516    
                    WARNING  High grad norm: 747.81 at epoch=70 step=15517     
                    WARNING  High grad norm: 1261.48 at epoch=70 step=15518    
[04/21/26 23:29:04] WARNING  High grad norm: 1706.46 at epoch=70 step=15519    
                    WARNING  High grad norm: 1400.43 at epoch=70 step=15520    
                    WARNING  High grad norm: 2696.26 at epoch=70 step=15521    
                    WARNING  High grad norm: 2780.60 at epoch=70 step=15522    
                    WARNING  High grad norm: 957.70 at epoch=70 step=15523     
[04/21/26 23:29:05] WARNING  High grad norm: 1269.40 at epoch=70 step=15524    
                    WARNING  High grad norm: 1438.02 at epoch=70 step=15525    
                    WARNING  High grad norm: 991.19 at epoch=70 step=15526     
                    WARNING  High grad norm: 1117.95 at epoch=70 step=15527    
[04/21/26 23:29:06] WARNING  High grad norm: 2007.65 at epoch=70 step=15528    
                    WARNING  High grad norm: 1293.46 at epoch=70 step=15529    
                    WARNING  High grad norm: 436.47 at epoch=70 step=15530     
                    WARNING  High grad norm: 911.32 at epoch=70 step=15531     
[04/21/26 23:29:07] WARNING  High grad norm: 1651.77 at epoch=70 step=15532    
                    WARNING  High grad norm: 1206.58 at epoch=70 step=15533    
                    WARNING  High grad norm: 1419.04 at epoch=70 step=15534    
                    WARNING  High grad norm: 1020.22 at epoch=70 step=15535    
                    WARNING  High grad norm: 951.22 at epoch=70 step=15536     
[04/21/26 23:29:08] WARNING  High grad norm: 952.74 at epoch=70 step=15537     
                    WARNING  High grad norm: 894.24 at epoch=70 step=15538     
                    WARNING  High grad norm: 973.75 at epoch=70 step=15539     
                    WARNING  High grad norm: 626.68 at epoch=70 step=15540     
[04/21/26 23:29:09] WARNING  High grad norm: 809.51 at epoch=70 step=15541     
                    WARNING  High grad norm: 882.32 at epoch=70 step=15542     
                    WARNING  High grad norm: 642.65 at epoch=70 step=15543     
                    WARNING  High grad norm: 2034.11 at epoch=70 step=15544    
                    WARNING  High grad norm: 983.62 at epoch=70 step=15545     
[04/21/26 23:29:10] WARNING  High grad norm: 1871.58 at epoch=70 step=15546    
                    WARNING  High grad norm: 1501.87 at epoch=70 step=15547    
                    WARNING  High grad norm: 1812.08 at epoch=70 step=15548    
                    WARNING  High grad norm: 776.71 at epoch=70 step=15549     
[04/21/26 23:29:11] WARNING  High grad norm: 2279.96 at epoch=70 step=15550    
                    WARNING  High grad norm: 1418.65 at epoch=70 step=15551    
                    WARNING  High grad norm: 1384.01 at epoch=70 step=15552    
                    WARNING  High grad norm: 1702.77 at epoch=70 step=15553    
                    WARNING  High grad norm: 1186.35 at epoch=70 step=15554    
[04/21/26 23:29:12] WARNING  High grad norm: 879.83 at epoch=70 step=15555     
                    WARNING  High grad norm: 733.02 at epoch=70 step=15556     
                    WARNING  High grad norm: 1713.80 at epoch=70 step=15557    
                    WARNING  High grad norm: 936.35 at epoch=70 step=15558     
[04/21/26 23:29:13] WARNING  High grad norm: 654.74 at epoch=70 step=15559     
                    WARNING  High grad norm: 664.70 at epoch=70 step=15560     
                    WARNING  High grad norm: 1062.59 at epoch=70 step=15561    
                    WARNING  High grad norm: 1873.38 at epoch=70 step=15562    
                    WARNING  High grad norm: 754.37 at epoch=70 step=15563     
[04/21/26 23:29:14] WARNING  High grad norm: 661.27 at epoch=70 step=15564     
                    WARNING  High grad norm: 568.02 at epoch=70 step=15565     
                    WARNING  High grad norm: 1045.36 at epoch=70 step=15566    
                    WARNING  High grad norm: 610.91 at epoch=70 step=15567     
[04/21/26 23:29:15] WARNING  High grad norm: 832.58 at epoch=70 step=15568     
                    WARNING  High grad norm: 1578.57 at epoch=70 step=15569    
                    WARNING  High grad norm: 1297.82 at epoch=70 step=15570    
                    WARNING  High grad norm: 1403.58 at epoch=70 step=15571    
                    WARNING  High grad norm: 577.29 at epoch=70 step=15572     
[04/21/26 23:29:16] WARNING  High grad norm: 1301.20 at epoch=70 step=15573    
                    WARNING  High grad norm: 1093.65 at epoch=70 step=15574    
                    WARNING  High grad norm: 1145.00 at epoch=70 step=15575    
                    WARNING  High grad norm: 1313.65 at epoch=70 step=15576    
[04/21/26 23:29:17] WARNING  High grad norm: 778.20 at epoch=70 step=15577     
                    WARNING  High grad norm: 1118.64 at epoch=70 step=15578    
                    WARNING  High grad norm: 699.58 at epoch=70 step=15579     
                    WARNING  High grad norm: 888.96 at epoch=70 step=15580     
                    WARNING  High grad norm: 920.35 at epoch=70 step=15581     
[04/21/26 23:29:18] WARNING  High grad norm: 765.66 at epoch=70 step=15582     
                    WARNING  High grad norm: 1548.34 at epoch=70 step=15583    
                    WARNING  High grad norm: 708.66 at epoch=70 step=15584     
                    WARNING  High grad norm: 2669.44 at epoch=70 step=15585    
[04/21/26 23:29:19] WARNING  High grad norm: 803.91 at epoch=70 step=15586     
                    WARNING  High grad norm: 672.94 at epoch=70 step=15587     
                    WARNING  High grad norm: 1292.53 at epoch=70 step=15588    
                    WARNING  High grad norm: 661.12 at epoch=70 step=15589     
                    WARNING  High grad norm: 1271.23 at epoch=70 step=15590    
[04/21/26 23:29:20] WARNING  High grad norm: 718.40 at epoch=70 step=15591     
                    WARNING  High grad norm: 1295.12 at epoch=70 step=15592    
                    WARNING  High grad norm: 1414.84 at epoch=70 step=15593    
                    WARNING  High grad norm: 727.76 at epoch=70 step=15594     
[04/21/26 23:29:21] WARNING  High grad norm: 994.20 at epoch=70 step=15595     
                    WARNING  High grad norm: 2154.11 at epoch=70 step=15596    
                    WARNING  High grad norm: 1467.60 at epoch=70 step=15597    
                    WARNING  High grad norm: 2083.46 at epoch=70 step=15598    
                    WARNING  High grad norm: 940.32 at epoch=70 step=15599     
[04/21/26 23:29:22] INFO     epoch=70 step=15600 loss=484.4179                 
                             grad_norm=940.3235 lr=1.00e-06                    
                    WARNING  High grad norm: 667.10 at epoch=70 step=15600     
                    WARNING  High grad norm: 712.02 at epoch=70 step=15601     
                    WARNING  High grad norm: 1019.33 at epoch=70 step=15602    
                    WARNING  High grad norm: 668.55 at epoch=70 step=15603     
[04/21/26 23:29:23] WARNING  High grad norm: 1053.63 at epoch=70 step=15604    
                    WARNING  High grad norm: 687.77 at epoch=70 step=15605     
                    WARNING  High grad norm: 1525.21 at epoch=70 step=15606    
                    WARNING  High grad norm: 1254.32 at epoch=70 step=15607    
[04/21/26 23:29:24] WARNING  High grad norm: 1097.30 at epoch=70 step=15608    
                    WARNING  High grad norm: 1673.39 at epoch=70 step=15609    
                    INFO     epoch=70 avg_loss=484.3638 lr=1.00e-06            
[04/21/26 23:29:31] INFO     Saved checkpoint to                               
                             C:\Users\artun\Desktop\ITS-project\checkpoints\sco
                             re_fmnist_v2\score_epoch_0070.pt                  
[04/21/26 23:29:46] WARNING  High grad norm: 1090.07 at epoch=71 step=15610    
[04/21/26 23:29:47] WARNING  High grad norm: 1111.84 at epoch=71 step=15611    
                    WARNING  High grad norm: 804.68 at epoch=71 step=15612     
                    WARNING  High grad norm: 2273.52 at epoch=71 step=15613    
                    WARNING  High grad norm: 590.79 at epoch=71 step=15614     
[04/21/26 23:29:48] WARNING  High grad norm: 1314.02 at epoch=71 step=15615    
                    WARNING  High grad norm: 1124.98 at epoch=71 step=15616    
                    WARNING  High grad norm: 501.54 at epoch=71 step=15617     
                    WARNING  High grad norm: 816.19 at epoch=71 step=15618     
                    WARNING  High grad norm: 615.02 at epoch=71 step=15619     
[04/21/26 23:29:49] WARNING  High grad norm: 2807.06 at epoch=71 step=15620    
                    WARNING  High grad norm: 801.21 at epoch=71 step=15621     
                    WARNING  High grad norm: 629.96 at epoch=71 step=15622     
                    WARNING  High grad norm: 1030.59 at epoch=71 step=15623    
[04/21/26 23:29:50] WARNING  High grad norm: 956.51 at epoch=71 step=15624     
                    WARNING  High grad norm: 1202.90 at epoch=71 step=15625    
                    WARNING  High grad norm: 597.19 at epoch=71 step=15626     
                    WARNING  High grad norm: 1253.91 at epoch=71 step=15627    
                    WARNING  High grad norm: 630.72 at epoch=71 step=15628     
[04/21/26 23:29:51] WARNING  High grad norm: 1474.96 at epoch=71 step=15629    
                    WARNING  High grad norm: 1210.81 at epoch=71 step=15630    
                    WARNING  High grad norm: 2748.96 at epoch=71 step=15631    
                    WARNING  High grad norm: 1061.82 at epoch=71 step=15632    
[04/21/26 23:29:52] WARNING  High grad norm: 1141.07 at epoch=71 step=15633    
                    WARNING  High grad norm: 1436.12 at epoch=71 step=15634    
                    WARNING  High grad norm: 707.44 at epoch=71 step=15635     
                    WARNING  High grad norm: 1477.34 at epoch=71 step=15636    
                    WARNING  High grad norm: 1964.30 at epoch=71 step=15637    
[04/21/26 23:29:53] WARNING  High grad norm: 1780.14 at epoch=71 step=15638    
                    WARNING  High grad norm: 1519.32 at epoch=71 step=15639    
                    WARNING  High grad norm: 1109.19 at epoch=71 step=15640    
                    WARNING  High grad norm: 2790.87 at epoch=71 step=15641    
[04/21/26 23:29:54] WARNING  High grad norm: 1180.24 at epoch=71 step=15642    
                    WARNING  High grad norm: 884.72 at epoch=71 step=15643     
                    WARNING  High grad norm: 986.91 at epoch=71 step=15644     
                    WARNING  High grad norm: 2023.15 at epoch=71 step=15645    
                    WARNING  High grad norm: 785.61 at epoch=71 step=15646     
[04/21/26 23:29:55] WARNING  High grad norm: 757.76 at epoch=71 step=15647     
                    WARNING  High grad norm: 2552.25 at epoch=71 step=15648    
                    WARNING  High grad norm: 1111.89 at epoch=71 step=15649    
                    WARNING  High grad norm: 867.95 at epoch=71 step=15650     
[04/21/26 23:29:56] WARNING  High grad norm: 947.85 at epoch=71 step=15651     
                    WARNING  High grad norm: 1948.25 at epoch=71 step=15652    
                    WARNING  High grad norm: 1068.43 at epoch=71 step=15653    
                    WARNING  High grad norm: 909.88 at epoch=71 step=15654     
                    WARNING  High grad norm: 944.36 at epoch=71 step=15655     
[04/21/26 23:29:57] WARNING  High grad norm: 2400.58 at epoch=71 step=15656    
                    WARNING  High grad norm: 1554.17 at epoch=71 step=15657    
                    WARNING  High grad norm: 2278.60 at epoch=71 step=15658    
                    WARNING  High grad norm: 745.84 at epoch=71 step=15659     
[04/21/26 23:29:58] WARNING  High grad norm: 1334.25 at epoch=71 step=15660    
                    WARNING  High grad norm: 606.62 at epoch=71 step=15661     
                    WARNING  High grad norm: 1268.84 at epoch=71 step=15662    
                    WARNING  High grad norm: 833.94 at epoch=71 step=15663     
                    WARNING  High grad norm: 1993.35 at epoch=71 step=15664    
[04/21/26 23:29:59] WARNING  High grad norm: 948.29 at epoch=71 step=15665     
                    WARNING  High grad norm: 467.97 at epoch=71 step=15666     
                    WARNING  High grad norm: 944.98 at epoch=71 step=15667     
                    WARNING  High grad norm: 1769.57 at epoch=71 step=15668    
[04/21/26 23:30:00] WARNING  High grad norm: 831.49 at epoch=71 step=15669     
                    WARNING  High grad norm: 698.62 at epoch=71 step=15670     
                    WARNING  High grad norm: 1184.03 at epoch=71 step=15671    
                    WARNING  High grad norm: 782.57 at epoch=71 step=15672     
                    WARNING  High grad norm: 863.64 at epoch=71 step=15673     
[04/21/26 23:30:01] WARNING  High grad norm: 1524.52 at epoch=71 step=15674    
                    WARNING  High grad norm: 767.80 at epoch=71 step=15675     
                    WARNING  High grad norm: 918.10 at epoch=71 step=15676     
                    WARNING  High grad norm: 1394.47 at epoch=71 step=15677    
[04/21/26 23:30:02] WARNING  High grad norm: 1851.85 at epoch=71 step=15678    
                    WARNING  High grad norm: 1100.67 at epoch=71 step=15679    
                    WARNING  High grad norm: 958.75 at epoch=71 step=15680     
                    WARNING  High grad norm: 1568.35 at epoch=71 step=15681    
                    WARNING  High grad norm: 594.80 at epoch=71 step=15682     
[04/21/26 23:30:03] WARNING  High grad norm: 695.08 at epoch=71 step=15683     
                    WARNING  High grad norm: 2067.48 at epoch=71 step=15684    
                    WARNING  High grad norm: 1770.41 at epoch=71 step=15685    
                    WARNING  High grad norm: 819.98 at epoch=71 step=15686     
[04/21/26 23:30:04] WARNING  High grad norm: 1298.07 at epoch=71 step=15687    
                    WARNING  High grad norm: 703.71 at epoch=71 step=15688     
                    WARNING  High grad norm: 686.89 at epoch=71 step=15689     
                    WARNING  High grad norm: 1167.79 at epoch=71 step=15690    
                    WARNING  High grad norm: 1156.57 at epoch=71 step=15691    
[04/21/26 23:30:05] WARNING  High grad norm: 1099.98 at epoch=71 step=15692    
                    WARNING  High grad norm: 1105.01 at epoch=71 step=15693    
                    WARNING  High grad norm: 630.02 at epoch=71 step=15694     
                    WARNING  High grad norm: 687.98 at epoch=71 step=15695     
[04/21/26 23:30:06] WARNING  High grad norm: 782.46 at epoch=71 step=15696     
                    WARNING  High grad norm: 1055.18 at epoch=71 step=15697    
                    WARNING  High grad norm: 1228.39 at epoch=71 step=15698    
                    WARNING  High grad norm: 1094.80 at epoch=71 step=15699    
                    INFO     epoch=71 step=15700 loss=489.6366                 
                             grad_norm=1094.8048 lr=1.00e-06                   
[04/21/26 23:30:07] WARNING  High grad norm: 671.48 at epoch=71 step=15700     
                    WARNING  High grad norm: 505.17 at epoch=71 step=15701     
                    WARNING  High grad norm: 1101.76 at epoch=71 step=15702    
                    WARNING  High grad norm: 942.07 at epoch=71 step=15703     
                    WARNING  High grad norm: 2351.37 at epoch=71 step=15704    
[04/21/26 23:30:08] WARNING  High grad norm: 1052.99 at epoch=71 step=15705    
                    WARNING  High grad norm: 656.72 at epoch=71 step=15706     
                    WARNING  High grad norm: 952.73 at epoch=71 step=15707     
                    WARNING  High grad norm: 1014.01 at epoch=71 step=15708    
[04/21/26 23:30:09] WARNING  High grad norm: 591.16 at epoch=71 step=15709     
                    WARNING  High grad norm: 687.78 at epoch=71 step=15710     
                    WARNING  High grad norm: 1111.21 at epoch=71 step=15711    
                    WARNING  High grad norm: 901.63 at epoch=71 step=15712     
                    WARNING  High grad norm: 530.77 at epoch=71 step=15713     
[04/21/26 23:30:10] WARNING  High grad norm: 1431.81 at epoch=71 step=15714    
                    WARNING  High grad norm: 866.28 at epoch=71 step=15715     
                    WARNING  High grad norm: 1511.33 at epoch=71 step=15716    
                    WARNING  High grad norm: 1823.36 at epoch=71 step=15717    
[04/21/26 23:30:11] WARNING  High grad norm: 611.25 at epoch=71 step=15718     
                    WARNING  High grad norm: 983.71 at epoch=71 step=15719     
                    WARNING  High grad norm: 2163.93 at epoch=71 step=15720    
                    WARNING  High grad norm: 884.82 at epoch=71 step=15721     
                    WARNING  High grad norm: 1967.72 at epoch=71 step=15722    
[04/21/26 23:30:12] WARNING  High grad norm: 2657.09 at epoch=71 step=15723    
                    WARNING  High grad norm: 1086.79 at epoch=71 step=15724    
                    WARNING  High grad norm: 985.48 at epoch=71 step=15725     
                    WARNING  High grad norm: 798.61 at epoch=71 step=15726     
[04/21/26 23:30:13] WARNING  High grad norm: 1643.45 at epoch=71 step=15727    
                    WARNING  High grad norm: 717.51 at epoch=71 step=15728     
                    WARNING  High grad norm: 534.22 at epoch=71 step=15729     
                    WARNING  High grad norm: 1129.85 at epoch=71 step=15730    
                    WARNING  High grad norm: 1285.10 at epoch=71 step=15731    
[04/21/26 23:30:14] WARNING  High grad norm: 1366.42 at epoch=71 step=15732    
                    WARNING  High grad norm: 1086.93 at epoch=71 step=15733    
                    WARNING  High grad norm: 1151.80 at epoch=71 step=15734    
                    WARNING  High grad norm: 925.33 at epoch=71 step=15735     
[04/21/26 23:30:15] WARNING  High grad norm: 955.71 at epoch=71 step=15736     
                    WARNING  High grad norm: 1388.91 at epoch=71 step=15737    
                    WARNING  High grad norm: 1473.77 at epoch=71 step=15738    
                    WARNING  High grad norm: 906.17 at epoch=71 step=15739     
                    WARNING  High grad norm: 1780.07 at epoch=71 step=15740    
[04/21/26 23:30:16] WARNING  High grad norm: 1200.87 at epoch=71 step=15741    
                    WARNING  High grad norm: 746.48 at epoch=71 step=15742     
                    WARNING  High grad norm: 657.35 at epoch=71 step=15743     
                    WARNING  High grad norm: 1141.13 at epoch=71 step=15744    
[04/21/26 23:30:17] WARNING  High grad norm: 1071.60 at epoch=71 step=15745    
                    WARNING  High grad norm: 1055.59 at epoch=71 step=15746    
                    WARNING  High grad norm: 1155.35 at epoch=71 step=15747    
                    WARNING  High grad norm: 1768.89 at epoch=71 step=15748    
                    WARNING  High grad norm: 825.13 at epoch=71 step=15749     
[04/21/26 23:30:18] WARNING  High grad norm: 892.67 at epoch=71 step=15750     
                    WARNING  High grad norm: 1739.49 at epoch=71 step=15751    
                    WARNING  High grad norm: 754.62 at epoch=71 step=15752     
                    WARNING  High grad norm: 905.99 at epoch=71 step=15753     
[04/21/26 23:30:19] WARNING  High grad norm: 795.86 at epoch=71 step=15754     
                    WARNING  High grad norm: 735.44 at epoch=71 step=15755     
                    WARNING  High grad norm: 1978.54 at epoch=71 step=15756    
                    WARNING  High grad norm: 1168.63 at epoch=71 step=15757    
                    WARNING  High grad norm: 1912.85 at epoch=71 step=15758    
[04/21/26 23:30:20] WARNING  High grad norm: 668.53 at epoch=71 step=15759     
                    WARNING  High grad norm: 2337.58 at epoch=71 step=15760    
                    WARNING  High grad norm: 1473.18 at epoch=71 step=15761    
                    WARNING  High grad norm: 1025.27 at epoch=71 step=15762    
[04/21/26 23:30:21] WARNING  High grad norm: 1143.54 at epoch=71 step=15763    
                    WARNING  High grad norm: 846.07 at epoch=71 step=15764     
                    WARNING  High grad norm: 640.68 at epoch=71 step=15765     
                    WARNING  High grad norm: 718.50 at epoch=71 step=15766     
                    WARNING  High grad norm: 833.21 at epoch=71 step=15767     
[04/21/26 23:30:22] WARNING  High grad norm: 1752.51 at epoch=71 step=15768    
                    WARNING  High grad norm: 1006.14 at epoch=71 step=15769    
                    WARNING  High grad norm: 538.82 at epoch=71 step=15770     
                    WARNING  High grad norm: 1341.38 at epoch=71 step=15771    
[04/21/26 23:30:23] WARNING  High grad norm: 1286.62 at epoch=71 step=15772    
                    WARNING  High grad norm: 2186.27 at epoch=71 step=15773    
                    WARNING  High grad norm: 676.62 at epoch=71 step=15774     
                    WARNING  High grad norm: 1386.58 at epoch=71 step=15775    
[04/21/26 23:30:24] WARNING  High grad norm: 1361.39 at epoch=71 step=15776    
                    WARNING  High grad norm: 882.12 at epoch=71 step=15777     
                    WARNING  High grad norm: 848.15 at epoch=71 step=15778     
                    WARNING  High grad norm: 1492.02 at epoch=71 step=15779    
                    WARNING  High grad norm: 573.27 at epoch=71 step=15780     
[04/21/26 23:30:25] WARNING  High grad norm: 1570.57 at epoch=71 step=15781    
                    WARNING  High grad norm: 1383.68 at epoch=71 step=15782    
                    WARNING  High grad norm: 1248.22 at epoch=71 step=15783    
                    WARNING  High grad norm: 993.11 at epoch=71 step=15784     
[04/21/26 23:30:26] WARNING  High grad norm: 1873.15 at epoch=71 step=15785    
                    WARNING  High grad norm: 1185.66 at epoch=71 step=15786    
                    WARNING  High grad norm: 844.49 at epoch=71 step=15787     
                    WARNING  High grad norm: 883.44 at epoch=71 step=15788     
                    WARNING  High grad norm: 781.85 at epoch=71 step=15789     
[04/21/26 23:30:27] WARNING  High grad norm: 726.79 at epoch=71 step=15790     
                    WARNING  High grad norm: 872.23 at epoch=71 step=15791     
                    WARNING  High grad norm: 1085.72 at epoch=71 step=15792    
                    WARNING  High grad norm: 1000.72 at epoch=71 step=15793    
[04/21/26 23:30:28] WARNING  High grad norm: 721.27 at epoch=71 step=15794     
                    WARNING  High grad norm: 2169.76 at epoch=71 step=15795    
                    WARNING  High grad norm: 4782.00 at epoch=71 step=15796    
                    WARNING  High grad norm: 1017.65 at epoch=71 step=15797    
                    WARNING  High grad norm: 1546.38 at epoch=71 step=15798    
[04/21/26 23:30:29] WARNING  High grad norm: 1467.98 at epoch=71 step=15799    
                    INFO     epoch=71 step=15800 loss=479.7274                 
                             grad_norm=1467.9751 lr=1.00e-06                   
                    WARNING  High grad norm: 536.29 at epoch=71 step=15800     
                    WARNING  High grad norm: 1355.65 at epoch=71 step=15801    
                    WARNING  High grad norm: 503.78 at epoch=71 step=15802     
[04/21/26 23:30:30] WARNING  High grad norm: 1347.48 at epoch=71 step=15803    
                    WARNING  High grad norm: 1040.82 at epoch=71 step=15804    
                    WARNING  High grad norm: 1432.13 at epoch=71 step=15805    
                    WARNING  High grad norm: 1583.84 at epoch=71 step=15806    
                    WARNING  High grad norm: 1235.16 at epoch=71 step=15807    
[04/21/26 23:30:31] WARNING  High grad norm: 868.95 at epoch=71 step=15808     
                    WARNING  High grad norm: 753.77 at epoch=71 step=15809     
                    WARNING  High grad norm: 1048.05 at epoch=71 step=15810    
                    WARNING  High grad norm: 1262.79 at epoch=71 step=15811    
[04/21/26 23:30:32] WARNING  High grad norm: 1142.17 at epoch=71 step=15812    
                    WARNING  High grad norm: 977.43 at epoch=71 step=15813     
                    WARNING  High grad norm: 956.83 at epoch=71 step=15814     
                    WARNING  High grad norm: 987.16 at epoch=71 step=15815     
                    WARNING  High grad norm: 2334.12 at epoch=71 step=15816    
[04/21/26 23:30:33] WARNING  High grad norm: 943.55 at epoch=71 step=15817     
                    WARNING  High grad norm: 1479.69 at epoch=71 step=15818    
                    WARNING  High grad norm: 630.60 at epoch=71 step=15819     
                    WARNING  High grad norm: 969.57 at epoch=71 step=15820     
[04/21/26 23:30:34] WARNING  High grad norm: 883.90 at epoch=71 step=15821     
                    WARNING  High grad norm: 1690.25 at epoch=71 step=15822    
                    WARNING  High grad norm: 1045.14 at epoch=71 step=15823    
                    WARNING  High grad norm: 861.02 at epoch=71 step=15824     
                    WARNING  High grad norm: 582.91 at epoch=71 step=15825     
[04/21/26 23:30:35] WARNING  High grad norm: 704.04 at epoch=71 step=15826     
                    WARNING  High grad norm: 2409.89 at epoch=71 step=15827    
                    WARNING  High grad norm: 909.61 at epoch=71 step=15828     
                    WARNING  High grad norm: 1127.32 at epoch=71 step=15829    
[04/21/26 23:30:36] WARNING  High grad norm: 1730.76 at epoch=71 step=15830    
                    WARNING  High grad norm: 1082.16 at epoch=71 step=15831    
                    WARNING  High grad norm: 781.02 at epoch=71 step=15832     
[04/21/26 23:30:37] INFO     epoch=71 avg_loss=477.2847 lr=1.00e-06            
[04/21/26 23:30:50] WARNING  High grad norm: 1053.50 at epoch=72 step=15833    
                    WARNING  High grad norm: 1218.69 at epoch=72 step=15834    
[04/21/26 23:30:51] WARNING  High grad norm: 629.35 at epoch=72 step=15835     
                    WARNING  High grad norm: 749.34 at epoch=72 step=15836     
                    WARNING  High grad norm: 1528.19 at epoch=72 step=15837    
                    WARNING  High grad norm: 1462.74 at epoch=72 step=15838    
                    WARNING  High grad norm: 734.37 at epoch=72 step=15839     
[04/21/26 23:30:52] WARNING  High grad norm: 1008.52 at epoch=72 step=15840    
                    WARNING  High grad norm: 732.24 at epoch=72 step=15841     
                    WARNING  High grad norm: 743.91 at epoch=72 step=15842     
                    WARNING  High grad norm: 1515.99 at epoch=72 step=15843    
[04/21/26 23:30:53] WARNING  High grad norm: 1352.66 at epoch=72 step=15844    
                    WARNING  High grad norm: 639.87 at epoch=72 step=15845     
                    WARNING  High grad norm: 1668.14 at epoch=72 step=15846    
                    WARNING  High grad norm: 1225.08 at epoch=72 step=15847    
                    WARNING  High grad norm: 2038.74 at epoch=72 step=15848    
[04/21/26 23:30:54] WARNING  High grad norm: 827.97 at epoch=72 step=15849     
                    WARNING  High grad norm: 792.66 at epoch=72 step=15850     
                    WARNING  High grad norm: 1734.13 at epoch=72 step=15851    
                    WARNING  High grad norm: 1071.91 at epoch=72 step=15852    
[04/21/26 23:30:55] WARNING  High grad norm: 1347.68 at epoch=72 step=15853    
                    WARNING  High grad norm: 1039.49 at epoch=72 step=15854    
                    WARNING  High grad norm: 1037.70 at epoch=72 step=15855    
                    WARNING  High grad norm: 921.73 at epoch=72 step=15856     
                    WARNING  High grad norm: 818.93 at epoch=72 step=15857     
[04/21/26 23:30:56] WARNING  High grad norm: 1219.93 at epoch=72 step=15858    
                    WARNING  High grad norm: 2770.01 at epoch=72 step=15859    
                    WARNING  High grad norm: 1846.04 at epoch=72 step=15860    
                    WARNING  High grad norm: 614.20 at epoch=72 step=15861     
[04/21/26 23:30:57] WARNING  High grad norm: 2100.63 at epoch=72 step=15862    
                    WARNING  High grad norm: 2027.08 at epoch=72 step=15863    
                    WARNING  High grad norm: 732.95 at epoch=72 step=15864     
                    WARNING  High grad norm: 1292.56 at epoch=72 step=15865    
                    WARNING  High grad norm: 1550.99 at epoch=72 step=15866    
[04/21/26 23:30:58] WARNING  High grad norm: 685.68 at epoch=72 step=15867     
                    WARNING  High grad norm: 2142.83 at epoch=72 step=15868    
                    WARNING  High grad norm: 3985.27 at epoch=72 step=15869    
                    WARNING  High grad norm: 819.98 at epoch=72 step=15870     
[04/21/26 23:30:59] WARNING  High grad norm: 2478.23 at epoch=72 step=15871    
                    WARNING  High grad norm: 977.82 at epoch=72 step=15872     
                    WARNING  High grad norm: 1267.23 at epoch=72 step=15873    
                    WARNING  High grad norm: 1055.87 at epoch=72 step=15874    
                    WARNING  High grad norm: 694.13 at epoch=72 step=15875     
[04/21/26 23:31:00] WARNING  High grad norm: 2591.17 at epoch=72 step=15876    
                    WARNING  High grad norm: 1009.35 at epoch=72 step=15877    
                    WARNING  High grad norm: 965.82 at epoch=72 step=15878     
                    WARNING  High grad norm: 2299.40 at epoch=72 step=15879    
[04/21/26 23:31:01] WARNING  High grad norm: 1762.07 at epoch=72 step=15880    
                    WARNING  High grad norm: 1395.52 at epoch=72 step=15881    
                    WARNING  High grad norm: 1379.64 at epoch=72 step=15882    
                    WARNING  High grad norm: 1302.76 at epoch=72 step=15883    
                    WARNING  High grad norm: 1733.75 at epoch=72 step=15884    
[04/21/26 23:31:02] WARNING  High grad norm: 1558.79 at epoch=72 step=15885    
                    WARNING  High grad norm: 595.13 at epoch=72 step=15886     
                    WARNING  High grad norm: 755.51 at epoch=72 step=15887     
                    WARNING  High grad norm: 1585.15 at epoch=72 step=15888    
[04/21/26 23:31:03] WARNING  High grad norm: 1106.19 at epoch=72 step=15889    
                    WARNING  High grad norm: 1274.31 at epoch=72 step=15890    
                    WARNING  High grad norm: 901.16 at epoch=72 step=15891     
                    WARNING  High grad norm: 1253.26 at epoch=72 step=15892    
[04/21/26 23:31:04] WARNING  High grad norm: 1225.23 at epoch=72 step=15893    
                    WARNING  High grad norm: 617.14 at epoch=72 step=15894     
                    WARNING  High grad norm: 914.25 at epoch=72 step=15895     
                    WARNING  High grad norm: 949.02 at epoch=72 step=15896     
                    WARNING  High grad norm: 1182.00 at epoch=72 step=15897    
[04/21/26 23:31:05] WARNING  High grad norm: 2003.45 at epoch=72 step=15898    
                    WARNING  High grad norm: 772.04 at epoch=72 step=15899     
                    INFO     epoch=72 step=15900 loss=495.1549                 
                             grad_norm=772.0415 lr=1.00e-06                    
                    WARNING  High grad norm: 1274.63 at epoch=72 step=15900    
                    WARNING  High grad norm: 676.02 at epoch=72 step=15901     
[04/21/26 23:31:06] WARNING  High grad norm: 1057.81 at epoch=72 step=15902    
                    WARNING  High grad norm: 643.64 at epoch=72 step=15903     
                    WARNING  High grad norm: 1877.12 at epoch=72 step=15904    
                    WARNING  High grad norm: 1177.12 at epoch=72 step=15905    
                    WARNING  High grad norm: 580.58 at epoch=72 step=15906     
[04/21/26 23:31:07] WARNING  High grad norm: 1285.80 at epoch=72 step=15907    
                    WARNING  High grad norm: 2240.95 at epoch=72 step=15908    
                    WARNING  High grad norm: 1064.32 at epoch=72 step=15909    
                    WARNING  High grad norm: 1057.46 at epoch=72 step=15910    
[04/21/26 23:31:08] WARNING  High grad norm: 648.82 at epoch=72 step=15911     
                    WARNING  High grad norm: 658.41 at epoch=72 step=15912     
                    WARNING  High grad norm: 1464.57 at epoch=72 step=15913    
                    WARNING  High grad norm: 1361.75 at epoch=72 step=15914    
                    WARNING  High grad norm: 726.87 at epoch=72 step=15915     
[04/21/26 23:31:09] WARNING  High grad norm: 1148.94 at epoch=72 step=15916    
                    WARNING  High grad norm: 1501.94 at epoch=72 step=15917    
                    WARNING  High grad norm: 886.33 at epoch=72 step=15918     
                    WARNING  High grad norm: 1110.56 at epoch=72 step=15919    
[04/21/26 23:31:10] WARNING  High grad norm: 813.71 at epoch=72 step=15920     
                    WARNING  High grad norm: 740.63 at epoch=72 step=15921     
                    WARNING  High grad norm: 1165.71 at epoch=72 step=15922    
                    WARNING  High grad norm: 634.49 at epoch=72 step=15923     
                    WARNING  High grad norm: 1170.94 at epoch=72 step=15924    
[04/21/26 23:31:11] WARNING  High grad norm: 1083.43 at epoch=72 step=15925    
                    WARNING  High grad norm: 711.20 at epoch=72 step=15926     
                    WARNING  High grad norm: 2105.71 at epoch=72 step=15927    
                    WARNING  High grad norm: 698.70 at epoch=72 step=15928     
[04/21/26 23:31:12] WARNING  High grad norm: 1366.53 at epoch=72 step=15929    
                    WARNING  High grad norm: 1856.73 at epoch=72 step=15930    
                    WARNING  High grad norm: 708.24 at epoch=72 step=15931     
                    WARNING  High grad norm: 2540.33 at epoch=72 step=15932    
                    WARNING  High grad norm: 1468.49 at epoch=72 step=15933    
[04/21/26 23:31:13] WARNING  High grad norm: 663.29 at epoch=72 step=15934     
                    WARNING  High grad norm: 753.94 at epoch=72 step=15935     
                    WARNING  High grad norm: 969.32 at epoch=72 step=15936     
                    WARNING  High grad norm: 2355.67 at epoch=72 step=15937    
[04/21/26 23:31:14] WARNING  High grad norm: 703.95 at epoch=72 step=15938     
                    WARNING  High grad norm: 2198.81 at epoch=72 step=15939    
                    WARNING  High grad norm: 1046.11 at epoch=72 step=15940    
                    WARNING  High grad norm: 1019.58 at epoch=72 step=15941    
                    WARNING  High grad norm: 2090.65 at epoch=72 step=15942    
[04/21/26 23:31:15] WARNING  High grad norm: 1997.74 at epoch=72 step=15943    
                    WARNING  High grad norm: 722.58 at epoch=72 step=15944     
                    WARNING  High grad norm: 1356.52 at epoch=72 step=15945    
                    WARNING  High grad norm: 1536.57 at epoch=72 step=15946    
[04/21/26 23:31:16] WARNING  High grad norm: 750.15 at epoch=72 step=15947     
                    WARNING  High grad norm: 1048.92 at epoch=72 step=15948    
                    WARNING  High grad norm: 895.32 at epoch=72 step=15949     
                    WARNING  High grad norm: 789.73 at epoch=72 step=15950     
                    WARNING  High grad norm: 802.00 at epoch=72 step=15951     
[04/21/26 23:31:17] WARNING  High grad norm: 570.75 at epoch=72 step=15952     
                    WARNING  High grad norm: 894.20 at epoch=72 step=15953     
                    WARNING  High grad norm: 1368.73 at epoch=72 step=15954    
                    WARNING  High grad norm: 2118.83 at epoch=72 step=15955    
[04/21/26 23:31:18] WARNING  High grad norm: 908.65 at epoch=72 step=15956     
                    WARNING  High grad norm: 2571.56 at epoch=72 step=15957    
                    WARNING  High grad norm: 678.80 at epoch=72 step=15958     
                    WARNING  High grad norm: 929.39 at epoch=72 step=15959     
                    WARNING  High grad norm: 1992.74 at epoch=72 step=15960    
[04/21/26 23:31:19] WARNING  High grad norm: 1293.49 at epoch=72 step=15961    
                    WARNING  High grad norm: 812.03 at epoch=72 step=15962     
                    WARNING  High grad norm: 996.97 at epoch=72 step=15963     
                    WARNING  High grad norm: 725.07 at epoch=72 step=15964     
[04/21/26 23:31:20] WARNING  High grad norm: 682.52 at epoch=72 step=15965     
                    WARNING  High grad norm: 1336.26 at epoch=72 step=15966    
                    WARNING  High grad norm: 2138.74 at epoch=72 step=15967    
                    WARNING  High grad norm: 688.57 at epoch=72 step=15968     
                    WARNING  High grad norm: 913.02 at epoch=72 step=15969     
[04/21/26 23:31:21] WARNING  High grad norm: 834.63 at epoch=72 step=15970     
                    WARNING  High grad norm: 805.04 at epoch=72 step=15971     
                    WARNING  High grad norm: 1190.27 at epoch=72 step=15972    
                    WARNING  High grad norm: 742.28 at epoch=72 step=15973     
[04/21/26 23:31:22] WARNING  High grad norm: 1197.01 at epoch=72 step=15974    
                    WARNING  High grad norm: 716.35 at epoch=72 step=15975     
                    WARNING  High grad norm: 762.96 at epoch=72 step=15976     
                    WARNING  High grad norm: 1151.55 at epoch=72 step=15977    
                    WARNING  High grad norm: 886.70 at epoch=72 step=15978     
[04/21/26 23:31:23] WARNING  High grad norm: 862.57 at epoch=72 step=15979     
                    WARNING  High grad norm: 3507.08 at epoch=72 step=15980    
                    WARNING  High grad norm: 2399.74 at epoch=72 step=15981    
                    WARNING  High grad norm: 725.23 at epoch=72 step=15982     
[04/21/26 23:31:24] WARNING  High grad norm: 1080.09 at epoch=72 step=15983    
                    WARNING  High grad norm: 1074.87 at epoch=72 step=15984    
                    WARNING  High grad norm: 713.60 at epoch=72 step=15985     
                    WARNING  High grad norm: 680.03 at epoch=72 step=15986     
[04/21/26 23:31:25] WARNING  High grad norm: 891.19 at epoch=72 step=15987     
                    WARNING  High grad norm: 1058.08 at epoch=72 step=15988    
                    WARNING  High grad norm: 1322.06 at epoch=72 step=15989    
                    WARNING  High grad norm: 1603.78 at epoch=72 step=15990    
                    WARNING  High grad norm: 1072.81 at epoch=72 step=15991    
[04/21/26 23:31:26] WARNING  High grad norm: 979.67 at epoch=72 step=15992     
                    WARNING  High grad norm: 1115.68 at epoch=72 step=15993    
                    WARNING  High grad norm: 1329.98 at epoch=72 step=15994    
                    WARNING  High grad norm: 1735.99 at epoch=72 step=15995    
[04/21/26 23:31:27] WARNING  High grad norm: 1638.70 at epoch=72 step=15996    
                    WARNING  High grad norm: 679.78 at epoch=72 step=15997     
                    WARNING  High grad norm: 713.11 at epoch=72 step=15998     
                    WARNING  High grad norm: 600.01 at epoch=72 step=15999     
                    INFO     epoch=72 step=16000 loss=491.1414                 
                             grad_norm=600.0053 lr=1.00e-06                    
                    WARNING  High grad norm: 645.42 at epoch=72 step=16000     
[04/21/26 23:31:28] WARNING  High grad norm: 1261.03 at epoch=72 step=16001    
                    WARNING  High grad norm: 1688.97 at epoch=72 step=16002    
                    WARNING  High grad norm: 1076.51 at epoch=72 step=16003    
                    WARNING  High grad norm: 1567.36 at epoch=72 step=16004    
[04/21/26 23:31:29] WARNING  High grad norm: 697.43 at epoch=72 step=16005     
                    WARNING  High grad norm: 1001.08 at epoch=72 step=16006    
                    WARNING  High grad norm: 763.93 at epoch=72 step=16007     
                    WARNING  High grad norm: 845.17 at epoch=72 step=16008     
                    WARNING  High grad norm: 844.37 at epoch=72 step=16009     
[04/21/26 23:31:30] WARNING  High grad norm: 655.78 at epoch=72 step=16010     
                    WARNING  High grad norm: 1187.78 at epoch=72 step=16011    
                    WARNING  High grad norm: 1389.64 at epoch=72 step=16012    
                    WARNING  High grad norm: 1480.27 at epoch=72 step=16013    
[04/21/26 23:31:31] WARNING  High grad norm: 1207.78 at epoch=72 step=16014    
                    WARNING  High grad norm: 773.16 at epoch=72 step=16015     
                    WARNING  High grad norm: 1485.44 at epoch=72 step=16016    
                    WARNING  High grad norm: 880.80 at epoch=72 step=16017     
                    WARNING  High grad norm: 1021.35 at epoch=72 step=16018    
[04/21/26 23:31:32] WARNING  High grad norm: 840.96 at epoch=72 step=16019     
                    WARNING  High grad norm: 951.66 at epoch=72 step=16020     
                    WARNING  High grad norm: 1717.64 at epoch=72 step=16021    
                    WARNING  High grad norm: 505.88 at epoch=72 step=16022     
[04/21/26 23:31:33] WARNING  High grad norm: 729.05 at epoch=72 step=16023     
                    WARNING  High grad norm: 732.85 at epoch=72 step=16024     
                    WARNING  High grad norm: 966.81 at epoch=72 step=16025     
                    WARNING  High grad norm: 863.58 at epoch=72 step=16026     
                    WARNING  High grad norm: 646.09 at epoch=72 step=16027     
[04/21/26 23:31:34] WARNING  High grad norm: 1517.66 at epoch=72 step=16028    
                    WARNING  High grad norm: 1165.91 at epoch=72 step=16029    
                    WARNING  High grad norm: 489.96 at epoch=72 step=16030     
                    WARNING  High grad norm: 2060.26 at epoch=72 step=16031    
[04/21/26 23:31:35] WARNING  High grad norm: 743.91 at epoch=72 step=16032     
                    WARNING  High grad norm: 1003.41 at epoch=72 step=16033    
                    WARNING  High grad norm: 1360.12 at epoch=72 step=16034    
                    WARNING  High grad norm: 1104.76 at epoch=72 step=16035    
                    WARNING  High grad norm: 1294.81 at epoch=72 step=16036    
[04/21/26 23:31:36] WARNING  High grad norm: 927.91 at epoch=72 step=16037     
                    WARNING  High grad norm: 692.16 at epoch=72 step=16038     
                    WARNING  High grad norm: 1539.99 at epoch=72 step=16039    
                    WARNING  High grad norm: 633.28 at epoch=72 step=16040     
[04/21/26 23:31:37] WARNING  High grad norm: 707.84 at epoch=72 step=16041     
                    WARNING  High grad norm: 784.42 at epoch=72 step=16042     
                    WARNING  High grad norm: 857.91 at epoch=72 step=16043     
                    WARNING  High grad norm: 754.84 at epoch=72 step=16044     
[04/21/26 23:31:38] WARNING  High grad norm: 1321.80 at epoch=72 step=16045    
                    WARNING  High grad norm: 681.57 at epoch=72 step=16046     
                    WARNING  High grad norm: 945.54 at epoch=72 step=16047     
                    WARNING  High grad norm: 1946.82 at epoch=72 step=16048    
                    WARNING  High grad norm: 1787.10 at epoch=72 step=16049    
[04/21/26 23:31:39] WARNING  High grad norm: 1002.51 at epoch=72 step=16050    
                    WARNING  High grad norm: 638.14 at epoch=72 step=16051     
                    WARNING  High grad norm: 1228.38 at epoch=72 step=16052    
                    WARNING  High grad norm: 1408.32 at epoch=72 step=16053    
[04/21/26 23:31:40] WARNING  High grad norm: 741.70 at epoch=72 step=16054     
                    WARNING  High grad norm: 1008.07 at epoch=72 step=16055    
                    INFO     epoch=72 avg_loss=490.2928 lr=1.00e-06            
[04/21/26 23:31:54] WARNING  High grad norm: 1354.30 at epoch=73 step=16056    
                    WARNING  High grad norm: 606.05 at epoch=73 step=16057     
                    WARNING  High grad norm: 728.17 at epoch=73 step=16058     
                    WARNING  High grad norm: 2642.38 at epoch=73 step=16059    
[04/21/26 23:31:55] WARNING  High grad norm: 1942.64 at epoch=73 step=16060    
                    WARNING  High grad norm: 687.05 at epoch=73 step=16061     
                    WARNING  High grad norm: 1027.81 at epoch=73 step=16062    
                    WARNING  High grad norm: 1225.34 at epoch=73 step=16063    
[04/21/26 23:31:56] WARNING  High grad norm: 853.46 at epoch=73 step=16064     
                    WARNING  High grad norm: 1665.18 at epoch=73 step=16065    
                    WARNING  High grad norm: 890.00 at epoch=73 step=16066     
                    WARNING  High grad norm: 649.51 at epoch=73 step=16067     
                    WARNING  High grad norm: 726.70 at epoch=73 step=16068     
[04/21/26 23:31:57] WARNING  High grad norm: 1154.02 at epoch=73 step=16069    
                    WARNING  High grad norm: 792.75 at epoch=73 step=16070     
                    WARNING  High grad norm: 659.22 at epoch=73 step=16071     
                    WARNING  High grad norm: 884.35 at epoch=73 step=16072     
[04/21/26 23:31:58] WARNING  High grad norm: 2146.71 at epoch=73 step=16073    
                    WARNING  High grad norm: 845.95 at epoch=73 step=16074     
                    WARNING  High grad norm: 937.31 at epoch=73 step=16075     
                    WARNING  High grad norm: 722.49 at epoch=73 step=16076     
                    WARNING  High grad norm: 1785.98 at epoch=73 step=16077    
[04/21/26 23:31:59] WARNING  High grad norm: 707.93 at epoch=73 step=16078     
                    WARNING  High grad norm: 2198.31 at epoch=73 step=16079    
                    WARNING  High grad norm: 528.38 at epoch=73 step=16080     
                    WARNING  High grad norm: 845.09 at epoch=73 step=16081     
[04/21/26 23:32:00] WARNING  High grad norm: 736.34 at epoch=73 step=16082     
                    WARNING  High grad norm: 995.50 at epoch=73 step=16083     
                    WARNING  High grad norm: 659.73 at epoch=73 step=16084     
                    WARNING  High grad norm: 1539.07 at epoch=73 step=16085    
[04/21/26 23:32:01] WARNING  High grad norm: 1009.92 at epoch=73 step=16086    
                    WARNING  High grad norm: 906.88 at epoch=73 step=16087     
                    WARNING  High grad norm: 1896.42 at epoch=73 step=16088    
                    WARNING  High grad norm: 730.53 at epoch=73 step=16089     
                    WARNING  High grad norm: 836.78 at epoch=73 step=16090     
[04/21/26 23:32:02] WARNING  High grad norm: 1251.11 at epoch=73 step=16091    
                    WARNING  High grad norm: 993.44 at epoch=73 step=16092     
                    WARNING  High grad norm: 1581.31 at epoch=73 step=16093    
                    WARNING  High grad norm: 952.09 at epoch=73 step=16094     
[04/21/26 23:32:03] WARNING  High grad norm: 1034.30 at epoch=73 step=16095    
                    WARNING  High grad norm: 885.77 at epoch=73 step=16096     
                    WARNING  High grad norm: 946.26 at epoch=73 step=16097     
                    WARNING  High grad norm: 744.75 at epoch=73 step=16098     
                    WARNING  High grad norm: 1743.79 at epoch=73 step=16099    
                    INFO     epoch=73 step=16100 loss=488.5958                 
                             grad_norm=1743.7888 lr=1.00e-06                   
[04/21/26 23:32:04] WARNING  High grad norm: 1018.15 at epoch=73 step=16100    
                    WARNING  High grad norm: 817.81 at epoch=73 step=16101     
                    WARNING  High grad norm: 1018.02 at epoch=73 step=16102    
                    WARNING  High grad norm: 960.88 at epoch=73 step=16103     
[04/21/26 23:32:05] WARNING  High grad norm: 689.07 at epoch=73 step=16104     
                    WARNING  High grad norm: 683.28 at epoch=73 step=16105     
                    WARNING  High grad norm: 781.82 at epoch=73 step=16106     
                    WARNING  High grad norm: 1710.98 at epoch=73 step=16107    
                    WARNING  High grad norm: 556.03 at epoch=73 step=16108     
[04/21/26 23:32:06] WARNING  High grad norm: 523.86 at epoch=73 step=16109     
                    WARNING  High grad norm: 912.86 at epoch=73 step=16110     
                    WARNING  High grad norm: 692.85 at epoch=73 step=16111     
                    WARNING  High grad norm: 1176.53 at epoch=73 step=16112    
[04/21/26 23:32:07] WARNING  High grad norm: 637.34 at epoch=73 step=16113     
                    WARNING  High grad norm: 962.33 at epoch=73 step=16114     
                    WARNING  High grad norm: 1477.02 at epoch=73 step=16115    
                    WARNING  High grad norm: 942.94 at epoch=73 step=16116     
                    WARNING  High grad norm: 953.54 at epoch=73 step=16117     
[04/21/26 23:32:08] WARNING  High grad norm: 584.52 at epoch=73 step=16118     
                    WARNING  High grad norm: 1386.95 at epoch=73 step=16119    
                    WARNING  High grad norm: 1139.78 at epoch=73 step=16120    
                    WARNING  High grad norm: 1827.28 at epoch=73 step=16121    
[04/21/26 23:32:09] WARNING  High grad norm: 742.19 at epoch=73 step=16122     
                    WARNING  High grad norm: 802.86 at epoch=73 step=16123     
                    WARNING  High grad norm: 2114.16 at epoch=73 step=16124    
                    WARNING  High grad norm: 1876.95 at epoch=73 step=16125    
                    WARNING  High grad norm: 1124.43 at epoch=73 step=16126    
[04/21/26 23:32:10] WARNING  High grad norm: 802.02 at epoch=73 step=16127     
                    WARNING  High grad norm: 956.16 at epoch=73 step=16128     
                    WARNING  High grad norm: 879.79 at epoch=73 step=16129     
                    WARNING  High grad norm: 510.48 at epoch=73 step=16130     
[04/21/26 23:32:11] WARNING  High grad norm: 1185.18 at epoch=73 step=16131    
                    WARNING  High grad norm: 1887.58 at epoch=73 step=16132    
                    WARNING  High grad norm: 740.75 at epoch=73 step=16133     
                    WARNING  High grad norm: 641.88 at epoch=73 step=16134     
                    WARNING  High grad norm: 1193.28 at epoch=73 step=16135    
[04/21/26 23:32:12] WARNING  High grad norm: 894.33 at epoch=73 step=16136     
                    WARNING  High grad norm: 1413.19 at epoch=73 step=16137    
                    WARNING  High grad norm: 1114.33 at epoch=73 step=16138    
                    WARNING  High grad norm: 1288.22 at epoch=73 step=16139    
[04/21/26 23:32:13] WARNING  High grad norm: 734.42 at epoch=73 step=16140     
                    WARNING  High grad norm: 1349.95 at epoch=73 step=16141    
                    WARNING  High grad norm: 840.91 at epoch=73 step=16142     
                    WARNING  High grad norm: 2585.94 at epoch=73 step=16143    
                    WARNING  High grad norm: 828.00 at epoch=73 step=16144     
[04/21/26 23:32:14] WARNING  High grad norm: 1455.62 at epoch=73 step=16145    
                    WARNING  High grad norm: 1014.38 at epoch=73 step=16146    
                    WARNING  High grad norm: 1008.36 at epoch=73 step=16147    
                    WARNING  High grad norm: 1638.88 at epoch=73 step=16148    
[04/21/26 23:32:15] WARNING  High grad norm: 1225.61 at epoch=73 step=16149    
                    WARNING  High grad norm: 914.40 at epoch=73 step=16150     
                    WARNING  High grad norm: 1543.78 at epoch=73 step=16151    
                    WARNING  High grad norm: 968.63 at epoch=73 step=16152     
                    WARNING  High grad norm: 1008.53 at epoch=73 step=16153    
[04/21/26 23:32:16] WARNING  High grad norm: 613.06 at epoch=73 step=16154     
                    WARNING  High grad norm: 2395.04 at epoch=73 step=16155    
                    WARNING  High grad norm: 1013.40 at epoch=73 step=16156    
                    WARNING  High grad norm: 871.98 at epoch=73 step=16157     
[04/21/26 23:32:17] WARNING  High grad norm: 649.28 at epoch=73 step=16158     
                    WARNING  High grad norm: 1419.62 at epoch=73 step=16159    
                    WARNING  High grad norm: 1058.05 at epoch=73 step=16160    
                    WARNING  High grad norm: 1124.08 at epoch=73 step=16161    
                    WARNING  High grad norm: 766.48 at epoch=73 step=16162     
[04/21/26 23:32:18] WARNING  High grad norm: 571.73 at epoch=73 step=16163     
                    WARNING  High grad norm: 1011.77 at epoch=73 step=16164    
                    WARNING  High grad norm: 622.72 at epoch=73 step=16165     
                    WARNING  High grad norm: 557.61 at epoch=73 step=16166     
[04/21/26 23:32:19] WARNING  High grad norm: 873.39 at epoch=73 step=16167     
                    WARNING  High grad norm: 930.14 at epoch=73 step=16168     
                    WARNING  High grad norm: 906.63 at epoch=73 step=16169     
                    WARNING  High grad norm: 598.04 at epoch=73 step=16170     
[04/21/26 23:32:20] WARNING  High grad norm: 797.09 at epoch=73 step=16171     
                    WARNING  High grad norm: 581.36 at epoch=73 step=16172     
                    WARNING  High grad norm: 628.61 at epoch=73 step=16173     
                    WARNING  High grad norm: 617.09 at epoch=73 step=16174     
                    WARNING  High grad norm: 615.96 at epoch=73 step=16175     
[04/21/26 23:32:21] WARNING  High grad norm: 809.44 at epoch=73 step=16176     
                    WARNING  High grad norm: 801.92 at epoch=73 step=16177     
                    WARNING  High grad norm: 1144.91 at epoch=73 step=16178    
                    WARNING  High grad norm: 1010.73 at epoch=73 step=16179    
[04/21/26 23:32:22] WARNING  High grad norm: 1102.30 at epoch=73 step=16180    
                    WARNING  High grad norm: 984.78 at epoch=73 step=16181     
                    WARNING  High grad norm: 551.89 at epoch=73 step=16182     
                    WARNING  High grad norm: 1631.08 at epoch=73 step=16183    
                    WARNING  High grad norm: 742.67 at epoch=73 step=16184     
[04/21/26 23:32:23] WARNING  High grad norm: 1292.86 at epoch=73 step=16185    
                    WARNING  High grad norm: 784.77 at epoch=73 step=16186     
                    WARNING  High grad norm: 723.34 at epoch=73 step=16187     
                    WARNING  High grad norm: 2342.96 at epoch=73 step=16188    
[04/21/26 23:32:24] WARNING  High grad norm: 998.44 at epoch=73 step=16189     
                    WARNING  High grad norm: 664.85 at epoch=73 step=16190     
                    WARNING  High grad norm: 1154.31 at epoch=73 step=16191    
                    WARNING  High grad norm: 1230.36 at epoch=73 step=16192    
                    WARNING  High grad norm: 750.07 at epoch=73 step=16193     
[04/21/26 23:32:25] WARNING  High grad norm: 1473.44 at epoch=73 step=16194    
                    WARNING  High grad norm: 895.17 at epoch=73 step=16195     
                    WARNING  High grad norm: 1123.82 at epoch=73 step=16196    
                    WARNING  High grad norm: 1348.52 at epoch=73 step=16197    
[04/21/26 23:32:26] WARNING  High grad norm: 1964.52 at epoch=73 step=16198    
                    WARNING  High grad norm: 642.32 at epoch=73 step=16199     
                    INFO     epoch=73 step=16200 loss=483.4858                 
                             grad_norm=642.3223 lr=1.00e-06                    
                    WARNING  High grad norm: 1390.58 at epoch=73 step=16200    
                    WARNING  High grad norm: 761.29 at epoch=73 step=16201     
                    WARNING  High grad norm: 614.30 at epoch=73 step=16202     
[04/21/26 23:32:27] WARNING  High grad norm: 1765.52 at epoch=73 step=16203    
                    WARNING  High grad norm: 688.44 at epoch=73 step=16204     
                    WARNING  High grad norm: 785.04 at epoch=73 step=16205     
                    WARNING  High grad norm: 713.74 at epoch=73 step=16206     
[04/21/26 23:32:28] WARNING  High grad norm: 996.18 at epoch=73 step=16207     
                    WARNING  High grad norm: 742.77 at epoch=73 step=16208     
                    WARNING  High grad norm: 617.90 at epoch=73 step=16209     
                    WARNING  High grad norm: 1076.60 at epoch=73 step=16210    
                    WARNING  High grad norm: 1577.89 at epoch=73 step=16211    
[04/21/26 23:32:29] WARNING  High grad norm: 789.87 at epoch=73 step=16212     
                    WARNING  High grad norm: 793.30 at epoch=73 step=16213     
                    WARNING  High grad norm: 1137.23 at epoch=73 step=16214    
                    WARNING  High grad norm: 1266.77 at epoch=73 step=16215    
[04/21/26 23:32:30] WARNING  High grad norm: 1095.07 at epoch=73 step=16216    
                    WARNING  High grad norm: 603.67 at epoch=73 step=16217     
                    WARNING  High grad norm: 706.69 at epoch=73 step=16218     
                    WARNING  High grad norm: 556.82 at epoch=73 step=16219     
                    WARNING  High grad norm: 861.87 at epoch=73 step=16220     
[04/21/26 23:32:31] WARNING  High grad norm: 1169.16 at epoch=73 step=16221    
                    WARNING  High grad norm: 1165.02 at epoch=73 step=16222    
                    WARNING  High grad norm: 874.93 at epoch=73 step=16223     
                    WARNING  High grad norm: 1014.22 at epoch=73 step=16224    
[04/21/26 23:32:32] WARNING  High grad norm: 632.22 at epoch=73 step=16225     
                    WARNING  High grad norm: 802.67 at epoch=73 step=16226     
                    WARNING  High grad norm: 508.98 at epoch=73 step=16227     
                    WARNING  High grad norm: 905.44 at epoch=73 step=16228     
                    WARNING  High grad norm: 847.50 at epoch=73 step=16229     
[04/21/26 23:32:33] WARNING  High grad norm: 1217.02 at epoch=73 step=16230    
                    WARNING  High grad norm: 2116.24 at epoch=73 step=16231    
                    WARNING  High grad norm: 866.73 at epoch=73 step=16232     
                    WARNING  High grad norm: 1104.62 at epoch=73 step=16233    
[04/21/26 23:32:34] WARNING  High grad norm: 743.46 at epoch=73 step=16234     
                    WARNING  High grad norm: 1799.57 at epoch=73 step=16235    
                    WARNING  High grad norm: 731.73 at epoch=73 step=16236     
                    WARNING  High grad norm: 745.12 at epoch=73 step=16237     
                    WARNING  High grad norm: 777.27 at epoch=73 step=16238     
[04/21/26 23:32:35] WARNING  High grad norm: 1082.37 at epoch=73 step=16239    
                    WARNING  High grad norm: 1929.09 at epoch=73 step=16240    
                    WARNING  High grad norm: 667.46 at epoch=73 step=16241     
                    WARNING  High grad norm: 655.93 at epoch=73 step=16242     
[04/21/26 23:32:36] WARNING  High grad norm: 650.45 at epoch=73 step=16243     
                    WARNING  High grad norm: 452.95 at epoch=73 step=16244     
                    WARNING  High grad norm: 605.20 at epoch=73 step=16245     
                    WARNING  High grad norm: 863.29 at epoch=73 step=16246     
                    WARNING  High grad norm: 994.80 at epoch=73 step=16247     
[04/21/26 23:32:37] WARNING  High grad norm: 1190.16 at epoch=73 step=16248    
                    WARNING  High grad norm: 2760.17 at epoch=73 step=16249    
                    WARNING  High grad norm: 842.52 at epoch=73 step=16250     
                    WARNING  High grad norm: 1184.36 at epoch=73 step=16251    
[04/21/26 23:32:38] WARNING  High grad norm: 1930.19 at epoch=73 step=16252    
                    WARNING  High grad norm: 953.29 at epoch=73 step=16253     
                    WARNING  High grad norm: 870.34 at epoch=73 step=16254     
                    WARNING  High grad norm: 1086.42 at epoch=73 step=16255    
                    WARNING  High grad norm: 800.88 at epoch=73 step=16256     
[04/21/26 23:32:39] WARNING  High grad norm: 1014.23 at epoch=73 step=16257    
                    WARNING  High grad norm: 2557.46 at epoch=73 step=16258    
                    WARNING  High grad norm: 717.28 at epoch=73 step=16259     
                    WARNING  High grad norm: 952.72 at epoch=73 step=16260     
[04/21/26 23:32:40] WARNING  High grad norm: 1488.18 at epoch=73 step=16261    
                    WARNING  High grad norm: 1444.24 at epoch=73 step=16262    
                    WARNING  High grad norm: 1962.26 at epoch=73 step=16263    
                    WARNING  High grad norm: 1295.46 at epoch=73 step=16264    
[04/21/26 23:32:41] WARNING  High grad norm: 911.16 at epoch=73 step=16265     
                    WARNING  High grad norm: 1919.32 at epoch=73 step=16266    
                    WARNING  High grad norm: 582.70 at epoch=73 step=16267     
                    WARNING  High grad norm: 716.98 at epoch=73 step=16268     
                    WARNING  High grad norm: 748.65 at epoch=73 step=16269     
[04/21/26 23:32:42] WARNING  High grad norm: 908.39 at epoch=73 step=16270     
                    WARNING  High grad norm: 1420.10 at epoch=73 step=16271    
                    WARNING  High grad norm: 1411.15 at epoch=73 step=16272    
                    WARNING  High grad norm: 746.83 at epoch=73 step=16273     
[04/21/26 23:32:43] WARNING  High grad norm: 2010.10 at epoch=73 step=16274    
                    WARNING  High grad norm: 878.73 at epoch=73 step=16275     
                    WARNING  High grad norm: 1854.75 at epoch=73 step=16276    
                    WARNING  High grad norm: 601.77 at epoch=73 step=16277     
                    WARNING  High grad norm: 2601.55 at epoch=73 step=16278    
[04/21/26 23:32:44] INFO     epoch=73 avg_loss=481.5364 lr=1.00e-06            
[04/21/26 23:32:58] WARNING  High grad norm: 529.09 at epoch=74 step=16279     
                    WARNING  High grad norm: 1589.52 at epoch=74 step=16280    
                    WARNING  High grad norm: 1235.68 at epoch=74 step=16281    
                    WARNING  High grad norm: 1887.02 at epoch=74 step=16282    
                    WARNING  High grad norm: 1956.37 at epoch=74 step=16283    
[04/21/26 23:32:59] WARNING  High grad norm: 2882.73 at epoch=74 step=16284    
                    WARNING  High grad norm: 1008.49 at epoch=74 step=16285    
                    WARNING  High grad norm: 3269.40 at epoch=74 step=16286    
                    WARNING  High grad norm: 725.85 at epoch=74 step=16287     
[04/21/26 23:33:00] WARNING  High grad norm: 2151.96 at epoch=74 step=16288    
                    WARNING  High grad norm: 854.66 at epoch=74 step=16289     
                    WARNING  High grad norm: 2690.39 at epoch=74 step=16290    
                    WARNING  High grad norm: 811.01 at epoch=74 step=16291     
                    WARNING  High grad norm: 1010.10 at epoch=74 step=16292    
[04/21/26 23:33:01] WARNING  High grad norm: 2175.94 at epoch=74 step=16293    
                    WARNING  High grad norm: 1013.31 at epoch=74 step=16294    
                    WARNING  High grad norm: 680.39 at epoch=74 step=16295     
                    WARNING  High grad norm: 1088.41 at epoch=74 step=16296    
[04/21/26 23:33:02] WARNING  High grad norm: 782.56 at epoch=74 step=16297     
                    WARNING  High grad norm: 791.44 at epoch=74 step=16298     
                    WARNING  High grad norm: 1030.56 at epoch=74 step=16299    
                    INFO     epoch=74 step=16300 loss=460.1964                 
                             grad_norm=1030.5582 lr=1.00e-06                   
                    WARNING  High grad norm: 1332.25 at epoch=74 step=16300    
                    WARNING  High grad norm: 845.96 at epoch=74 step=16301     
[04/21/26 23:33:03] WARNING  High grad norm: 843.35 at epoch=74 step=16302     
                    WARNING  High grad norm: 794.40 at epoch=74 step=16303     
                    WARNING  High grad norm: 2047.79 at epoch=74 step=16304    
                    WARNING  High grad norm: 1048.04 at epoch=74 step=16305    
[04/21/26 23:33:04] WARNING  High grad norm: 884.23 at epoch=74 step=16306     
                    WARNING  High grad norm: 1109.31 at epoch=74 step=16307    
                    WARNING  High grad norm: 1082.91 at epoch=74 step=16308    
                    WARNING  High grad norm: 738.24 at epoch=74 step=16309     
                    WARNING  High grad norm: 1019.49 at epoch=74 step=16310    
[04/21/26 23:33:05] WARNING  High grad norm: 742.49 at epoch=74 step=16311     
                    WARNING  High grad norm: 983.87 at epoch=74 step=16312     
                    WARNING  High grad norm: 2604.05 at epoch=74 step=16313    
                    WARNING  High grad norm: 1372.25 at epoch=74 step=16314    
[04/21/26 23:33:06] WARNING  High grad norm: 889.25 at epoch=74 step=16315     
                    WARNING  High grad norm: 1644.36 at epoch=74 step=16316    
                    WARNING  High grad norm: 994.76 at epoch=74 step=16317     
                    WARNING  High grad norm: 3423.39 at epoch=74 step=16318    
                    WARNING  High grad norm: 1771.75 at epoch=74 step=16319    
[04/21/26 23:33:07] WARNING  High grad norm: 910.37 at epoch=74 step=16320     
                    WARNING  High grad norm: 657.70 at epoch=74 step=16321     
                    WARNING  High grad norm: 2462.28 at epoch=74 step=16322    
                    WARNING  High grad norm: 1387.64 at epoch=74 step=16323    
[04/21/26 23:33:08] WARNING  High grad norm: 1207.77 at epoch=74 step=16324    
                    WARNING  High grad norm: 1753.93 at epoch=74 step=16325    
                    WARNING  High grad norm: 784.93 at epoch=74 step=16326     
                    WARNING  High grad norm: 692.94 at epoch=74 step=16327     
                    WARNING  High grad norm: 1448.73 at epoch=74 step=16328    
[04/21/26 23:33:09] WARNING  High grad norm: 548.35 at epoch=74 step=16329     
                    WARNING  High grad norm: 702.82 at epoch=74 step=16330     
                    WARNING  High grad norm: 1073.41 at epoch=74 step=16331    
                    WARNING  High grad norm: 1459.99 at epoch=74 step=16332    
[04/21/26 23:33:10] WARNING  High grad norm: 1017.85 at epoch=74 step=16333    
                    WARNING  High grad norm: 1684.11 at epoch=74 step=16334    
                    WARNING  High grad norm: 548.41 at epoch=74 step=16335     
                    WARNING  High grad norm: 693.13 at epoch=74 step=16336     
                    WARNING  High grad norm: 1841.65 at epoch=74 step=16337    
[04/21/26 23:33:11] WARNING  High grad norm: 1373.78 at epoch=74 step=16338    
                    WARNING  High grad norm: 1423.61 at epoch=74 step=16339    
                    WARNING  High grad norm: 995.68 at epoch=74 step=16340     
                    WARNING  High grad norm: 833.47 at epoch=74 step=16341     
[04/21/26 23:33:12] WARNING  High grad norm: 944.26 at epoch=74 step=16342     
                    WARNING  High grad norm: 649.04 at epoch=74 step=16343     
                    WARNING  High grad norm: 740.06 at epoch=74 step=16344     
                    WARNING  High grad norm: 1115.90 at epoch=74 step=16345    
                    WARNING  High grad norm: 1230.56 at epoch=74 step=16346    
[04/21/26 23:33:13] WARNING  High grad norm: 1369.18 at epoch=74 step=16347    
                    WARNING  High grad norm: 995.26 at epoch=74 step=16348     
                    WARNING  High grad norm: 828.63 at epoch=74 step=16349     
                    WARNING  High grad norm: 602.23 at epoch=74 step=16350     
[04/21/26 23:33:14] WARNING  High grad norm: 3111.02 at epoch=74 step=16351    
                    WARNING  High grad norm: 1073.05 at epoch=74 step=16352    
                    WARNING  High grad norm: 1399.95 at epoch=74 step=16353    
                    WARNING  High grad norm: 886.96 at epoch=74 step=16354     
                    WARNING  High grad norm: 1353.83 at epoch=74 step=16355    
[04/21/26 23:33:15] WARNING  High grad norm: 972.81 at epoch=74 step=16356     
                    WARNING  High grad norm: 725.18 at epoch=74 step=16357     
                    WARNING  High grad norm: 1093.45 at epoch=74 step=16358    
                    WARNING  High grad norm: 827.63 at epoch=74 step=16359     
[04/21/26 23:33:16] WARNING  High grad norm: 3044.01 at epoch=74 step=16360    
                    WARNING  High grad norm: 2554.27 at epoch=74 step=16361    
                    WARNING  High grad norm: 1145.76 at epoch=74 step=16362    
                    WARNING  High grad norm: 2115.25 at epoch=74 step=16363    
                    WARNING  High grad norm: 3199.31 at epoch=74 step=16364    
[04/21/26 23:33:17] WARNING  High grad norm: 669.13 at epoch=74 step=16365     
                    WARNING  High grad norm: 702.75 at epoch=74 step=16366     
                    WARNING  High grad norm: 1344.35 at epoch=74 step=16367    
                    WARNING  High grad norm: 572.26 at epoch=74 step=16368     
[04/21/26 23:33:18] WARNING  High grad norm: 606.65 at epoch=74 step=16369     
                    WARNING  High grad norm: 704.11 at epoch=74 step=16370     
                    WARNING  High grad norm: 630.38 at epoch=74 step=16371     
                    WARNING  High grad norm: 1643.49 at epoch=74 step=16372    
[04/21/26 23:33:19] WARNING  High grad norm: 1505.39 at epoch=74 step=16373    
                    WARNING  High grad norm: 1807.18 at epoch=74 step=16374    
                    WARNING  High grad norm: 1753.35 at epoch=74 step=16375    
                    WARNING  High grad norm: 1361.73 at epoch=74 step=16376    
                    WARNING  High grad norm: 1450.10 at epoch=74 step=16377    
[04/21/26 23:33:20] WARNING  High grad norm: 1479.34 at epoch=74 step=16378    
                    WARNING  High grad norm: 1408.07 at epoch=74 step=16379    
                    WARNING  High grad norm: 672.41 at epoch=74 step=16380     
                    WARNING  High grad norm: 727.43 at epoch=74 step=16381     
[04/21/26 23:33:21] WARNING  High grad norm: 812.01 at epoch=74 step=16382     
                    WARNING  High grad norm: 857.24 at epoch=74 step=16383     
                    WARNING  High grad norm: 2300.11 at epoch=74 step=16384    
                    WARNING  High grad norm: 888.38 at epoch=74 step=16385     
                    WARNING  High grad norm: 1178.95 at epoch=74 step=16386    
[04/21/26 23:33:22] WARNING  High grad norm: 599.27 at epoch=74 step=16387     
                    WARNING  High grad norm: 598.82 at epoch=74 step=16388     
                    WARNING  High grad norm: 2010.45 at epoch=74 step=16389    
                    WARNING  High grad norm: 669.01 at epoch=74 step=16390     
[04/21/26 23:33:23] WARNING  High grad norm: 867.08 at epoch=74 step=16391     
                    WARNING  High grad norm: 1057.65 at epoch=74 step=16392    
                    WARNING  High grad norm: 1233.93 at epoch=74 step=16393    
                    WARNING  High grad norm: 826.42 at epoch=74 step=16394     
                    WARNING  High grad norm: 1710.73 at epoch=74 step=16395    
[04/21/26 23:33:24] WARNING  High grad norm: 932.21 at epoch=74 step=16396     
                    WARNING  High grad norm: 909.03 at epoch=74 step=16397     
                    WARNING  High grad norm: 1050.75 at epoch=74 step=16398    
                    WARNING  High grad norm: 2504.86 at epoch=74 step=16399    
                    INFO     epoch=74 step=16400 loss=472.5201                 
                             grad_norm=2504.8633 lr=1.00e-06                   
[04/21/26 23:33:25] WARNING  High grad norm: 1014.83 at epoch=74 step=16400    
                    WARNING  High grad norm: 807.69 at epoch=74 step=16401     
                    WARNING  High grad norm: 1515.07 at epoch=74 step=16402    
                    WARNING  High grad norm: 1051.99 at epoch=74 step=16403    
                    WARNING  High grad norm: 939.21 at epoch=74 step=16404     
[04/21/26 23:33:26] WARNING  High grad norm: 928.06 at epoch=74 step=16405     
                    WARNING  High grad norm: 1161.38 at epoch=74 step=16406    
                    WARNING  High grad norm: 1301.29 at epoch=74 step=16407    
                    WARNING  High grad norm: 1824.99 at epoch=74 step=16408    
[04/21/26 23:33:27] WARNING  High grad norm: 1382.96 at epoch=74 step=16409    
                    WARNING  High grad norm: 970.40 at epoch=74 step=16410     
                    WARNING  High grad norm: 1122.98 at epoch=74 step=16411    
                    WARNING  High grad norm: 996.20 at epoch=74 step=16412     
                    WARNING  High grad norm: 727.50 at epoch=74 step=16413     
[04/21/26 23:33:28] WARNING  High grad norm: 922.60 at epoch=74 step=16414     
                    WARNING  High grad norm: 620.02 at epoch=74 step=16415     
                    WARNING  High grad norm: 1026.86 at epoch=74 step=16416    
                    WARNING  High grad norm: 1300.75 at epoch=74 step=16417    
[04/21/26 23:33:29] WARNING  High grad norm: 735.09 at epoch=74 step=16418     
                    WARNING  High grad norm: 636.23 at epoch=74 step=16419     
                    WARNING  High grad norm: 1170.18 at epoch=74 step=16420    
                    WARNING  High grad norm: 1007.58 at epoch=74 step=16421    
                    WARNING  High grad norm: 990.83 at epoch=74 step=16422     
[04/21/26 23:33:30] WARNING  High grad norm: 1676.96 at epoch=74 step=16423    
                    WARNING  High grad norm: 1469.88 at epoch=74 step=16424    
                    WARNING  High grad norm: 625.11 at epoch=74 step=16425     
                    WARNING  High grad norm: 1256.37 at epoch=74 step=16426    
[04/21/26 23:33:31] WARNING  High grad norm: 1060.99 at epoch=74 step=16427    
                    WARNING  High grad norm: 1461.58 at epoch=74 step=16428    
                    WARNING  High grad norm: 1449.39 at epoch=74 step=16429    
                    WARNING  High grad norm: 924.54 at epoch=74 step=16430     
                    WARNING  High grad norm: 905.66 at epoch=74 step=16431     
[04/21/26 23:33:32] WARNING  High grad norm: 940.85 at epoch=74 step=16432     
                    WARNING  High grad norm: 1411.62 at epoch=74 step=16433    
                    WARNING  High grad norm: 1036.89 at epoch=74 step=16434    
                    WARNING  High grad norm: 972.65 at epoch=74 step=16435     
[04/21/26 23:33:33] WARNING  High grad norm: 1784.16 at epoch=74 step=16436    
                    WARNING  High grad norm: 570.87 at epoch=74 step=16437     
                    WARNING  High grad norm: 742.17 at epoch=74 step=16438     
                    WARNING  High grad norm: 834.89 at epoch=74 step=16439     
                    WARNING  High grad norm: 1177.25 at epoch=74 step=16440    
[04/21/26 23:33:34] WARNING  High grad norm: 702.89 at epoch=74 step=16441     
                    WARNING  High grad norm: 1315.57 at epoch=74 step=16442    
                    WARNING  High grad norm: 1562.63 at epoch=74 step=16443    
                    WARNING  High grad norm: 670.07 at epoch=74 step=16444     
[04/21/26 23:33:35] WARNING  High grad norm: 1218.43 at epoch=74 step=16445    
                    WARNING  High grad norm: 568.21 at epoch=74 step=16446     
                    WARNING  High grad norm: 2158.78 at epoch=74 step=16447    
                    WARNING  High grad norm: 1045.70 at epoch=74 step=16448    
                    WARNING  High grad norm: 3337.51 at epoch=74 step=16449    
[04/21/26 23:33:36] WARNING  High grad norm: 1720.51 at epoch=74 step=16450    
                    WARNING  High grad norm: 1505.04 at epoch=74 step=16451    
                    WARNING  High grad norm: 1760.81 at epoch=74 step=16452    
                    WARNING  High grad norm: 876.55 at epoch=74 step=16453     
[04/21/26 23:33:37] WARNING  High grad norm: 1050.00 at epoch=74 step=16454    
                    WARNING  High grad norm: 1158.42 at epoch=74 step=16455    
                    WARNING  High grad norm: 775.33 at epoch=74 step=16456     
                    WARNING  High grad norm: 973.63 at epoch=74 step=16457     
                    WARNING  High grad norm: 1050.37 at epoch=74 step=16458    
[04/21/26 23:33:38] WARNING  High grad norm: 765.51 at epoch=74 step=16459     
                    WARNING  High grad norm: 1266.77 at epoch=74 step=16460    
                    WARNING  High grad norm: 428.21 at epoch=74 step=16461     
                    WARNING  High grad norm: 986.04 at epoch=74 step=16462     
[04/21/26 23:33:39] WARNING  High grad norm: 984.84 at epoch=74 step=16463     
                    WARNING  High grad norm: 1511.57 at epoch=74 step=16464    
                    WARNING  High grad norm: 927.35 at epoch=74 step=16465     
                    WARNING  High grad norm: 1152.03 at epoch=74 step=16466    
[04/21/26 23:33:40] WARNING  High grad norm: 1314.89 at epoch=74 step=16467    
                    WARNING  High grad norm: 1756.40 at epoch=74 step=16468    
                    WARNING  High grad norm: 1185.23 at epoch=74 step=16469    
                    WARNING  High grad norm: 920.43 at epoch=74 step=16470     
                    WARNING  High grad norm: 1475.14 at epoch=74 step=16471    
[04/21/26 23:33:41] WARNING  High grad norm: 1464.09 at epoch=74 step=16472    
                    WARNING  High grad norm: 778.12 at epoch=74 step=16473     
                    WARNING  High grad norm: 1707.25 at epoch=74 step=16474    
                    WARNING  High grad norm: 1136.96 at epoch=74 step=16475    
[04/21/26 23:33:42] WARNING  High grad norm: 1311.23 at epoch=74 step=16476    
                    WARNING  High grad norm: 1371.74 at epoch=74 step=16477    
                    WARNING  High grad norm: 1583.50 at epoch=74 step=16478    
                    WARNING  High grad norm: 1193.93 at epoch=74 step=16479    
                    WARNING  High grad norm: 1025.87 at epoch=74 step=16480    
[04/21/26 23:33:43] WARNING  High grad norm: 966.95 at epoch=74 step=16481     
                    WARNING  High grad norm: 961.13 at epoch=74 step=16482     
                    WARNING  High grad norm: 1314.44 at epoch=74 step=16483    
                    WARNING  High grad norm: 1343.10 at epoch=74 step=16484    
[04/21/26 23:33:44] WARNING  High grad norm: 599.41 at epoch=74 step=16485     
                    WARNING  High grad norm: 1993.84 at epoch=74 step=16486    
                    WARNING  High grad norm: 1388.86 at epoch=74 step=16487    
                    WARNING  High grad norm: 1002.30 at epoch=74 step=16488    
                    WARNING  High grad norm: 1619.18 at epoch=74 step=16489    
[04/21/26 23:33:45] WARNING  High grad norm: 846.87 at epoch=74 step=16490     
                    WARNING  High grad norm: 1114.69 at epoch=74 step=16491    
                    WARNING  High grad norm: 1336.09 at epoch=74 step=16492    
                    WARNING  High grad norm: 1554.80 at epoch=74 step=16493    
[04/21/26 23:33:46] WARNING  High grad norm: 2500.70 at epoch=74 step=16494    
                    WARNING  High grad norm: 943.73 at epoch=74 step=16495     
                    WARNING  High grad norm: 749.26 at epoch=74 step=16496     
                    WARNING  High grad norm: 905.85 at epoch=74 step=16497     
                    WARNING  High grad norm: 1483.80 at epoch=74 step=16498    
[04/21/26 23:33:47] WARNING  High grad norm: 1075.73 at epoch=74 step=16499    
                    INFO     epoch=74 step=16500 loss=479.9289                 
                             grad_norm=1075.7262 lr=1.00e-06                   
                    WARNING  High grad norm: 853.73 at epoch=74 step=16500     
                    WARNING  High grad norm: 921.72 at epoch=74 step=16501     
[04/21/26 23:33:48] INFO     epoch=74 avg_loss=480.1631 lr=1.00e-06            
[04/21/26 23:34:02] WARNING  High grad norm: 507.08 at epoch=75 step=16502     
                    WARNING  High grad norm: 907.99 at epoch=75 step=16503     
                    WARNING  High grad norm: 538.33 at epoch=75 step=16504     
                    WARNING  High grad norm: 1201.26 at epoch=75 step=16505    
[04/21/26 23:34:03] WARNING  High grad norm: 535.16 at epoch=75 step=16506     
                    WARNING  High grad norm: 1502.61 at epoch=75 step=16507    
                    WARNING  High grad norm: 1328.60 at epoch=75 step=16508    
                    WARNING  High grad norm: 773.05 at epoch=75 step=16509     
                    WARNING  High grad norm: 816.64 at epoch=75 step=16510     
[04/21/26 23:34:04] WARNING  High grad norm: 1864.65 at epoch=75 step=16511    
                    WARNING  High grad norm: 1082.34 at epoch=75 step=16512    
                    WARNING  High grad norm: 1390.29 at epoch=75 step=16513    
                    WARNING  High grad norm: 833.37 at epoch=75 step=16514     
                    WARNING  High grad norm: 901.83 at epoch=75 step=16515     
[04/21/26 23:34:05] WARNING  High grad norm: 1164.59 at epoch=75 step=16516    
                    WARNING  High grad norm: 801.32 at epoch=75 step=16517     
                    WARNING  High grad norm: 2103.36 at epoch=75 step=16518    
                    WARNING  High grad norm: 2477.61 at epoch=75 step=16519    
[04/21/26 23:34:06] WARNING  High grad norm: 1465.99 at epoch=75 step=16520    
                    WARNING  High grad norm: 1633.14 at epoch=75 step=16521    
                    WARNING  High grad norm: 1497.76 at epoch=75 step=16522    
                    WARNING  High grad norm: 792.72 at epoch=75 step=16523     
[04/21/26 23:34:07] WARNING  High grad norm: 1988.48 at epoch=75 step=16524    
                    WARNING  High grad norm: 640.55 at epoch=75 step=16525     
                    WARNING  High grad norm: 1455.79 at epoch=75 step=16526    
                    WARNING  High grad norm: 1560.47 at epoch=75 step=16527    
                    WARNING  High grad norm: 729.96 at epoch=75 step=16528     
[04/21/26 23:34:08] WARNING  High grad norm: 822.47 at epoch=75 step=16529     
                    WARNING  High grad norm: 1389.72 at epoch=75 step=16530    
                    WARNING  High grad norm: 1909.05 at epoch=75 step=16531    
                    WARNING  High grad norm: 811.83 at epoch=75 step=16532     
[04/21/26 23:34:09] WARNING  High grad norm: 679.31 at epoch=75 step=16533     
                    WARNING  High grad norm: 772.18 at epoch=75 step=16534     
                    WARNING  High grad norm: 1042.51 at epoch=75 step=16535    
                    WARNING  High grad norm: 1489.22 at epoch=75 step=16536    
                    WARNING  High grad norm: 705.30 at epoch=75 step=16537     
[04/21/26 23:34:10] WARNING  High grad norm: 1205.45 at epoch=75 step=16538    
                    WARNING  High grad norm: 1946.65 at epoch=75 step=16539    
                    WARNING  High grad norm: 1062.67 at epoch=75 step=16540    
                    WARNING  High grad norm: 909.07 at epoch=75 step=16541     
[04/21/26 23:34:11] WARNING  High grad norm: 1223.11 at epoch=75 step=16542    
                    WARNING  High grad norm: 702.31 at epoch=75 step=16543     
                    WARNING  High grad norm: 2551.56 at epoch=75 step=16544    
                    WARNING  High grad norm: 1137.18 at epoch=75 step=16545    
                    WARNING  High grad norm: 1095.72 at epoch=75 step=16546    
[04/21/26 23:34:12] WARNING  High grad norm: 511.94 at epoch=75 step=16547     
                    WARNING  High grad norm: 799.13 at epoch=75 step=16548     
                    WARNING  High grad norm: 1079.13 at epoch=75 step=16549    
                    WARNING  High grad norm: 774.96 at epoch=75 step=16550     
[04/21/26 23:34:13] WARNING  High grad norm: 1521.89 at epoch=75 step=16551    
                    WARNING  High grad norm: 1011.64 at epoch=75 step=16552    
                    WARNING  High grad norm: 735.47 at epoch=75 step=16553     
                    WARNING  High grad norm: 2188.44 at epoch=75 step=16554    
                    WARNING  High grad norm: 1709.95 at epoch=75 step=16555    
[04/21/26 23:34:14] WARNING  High grad norm: 757.12 at epoch=75 step=16556     
                    WARNING  High grad norm: 1213.38 at epoch=75 step=16557    
                    WARNING  High grad norm: 1086.11 at epoch=75 step=16558    
                    WARNING  High grad norm: 1054.31 at epoch=75 step=16559    
[04/21/26 23:34:15] WARNING  High grad norm: 653.92 at epoch=75 step=16560     
                    WARNING  High grad norm: 763.10 at epoch=75 step=16561     
                    WARNING  High grad norm: 865.95 at epoch=75 step=16562     
                    WARNING  High grad norm: 904.51 at epoch=75 step=16563     
                    WARNING  High grad norm: 633.75 at epoch=75 step=16564     
[04/21/26 23:34:16] WARNING  High grad norm: 1039.52 at epoch=75 step=16565    
                    WARNING  High grad norm: 820.95 at epoch=75 step=16566     
                    WARNING  High grad norm: 1310.71 at epoch=75 step=16567    
                    WARNING  High grad norm: 803.13 at epoch=75 step=16568     
[04/21/26 23:34:17] WARNING  High grad norm: 864.81 at epoch=75 step=16569     
                    WARNING  High grad norm: 823.27 at epoch=75 step=16570     
                    WARNING  High grad norm: 1279.75 at epoch=75 step=16571    
                    WARNING  High grad norm: 667.90 at epoch=75 step=16572     
                    WARNING  High grad norm: 917.28 at epoch=75 step=16573     
[04/21/26 23:34:18] WARNING  High grad norm: 726.03 at epoch=75 step=16574     
                    WARNING  High grad norm: 1195.52 at epoch=75 step=16575    
                    WARNING  High grad norm: 2533.99 at epoch=75 step=16576    
                    WARNING  High grad norm: 1382.57 at epoch=75 step=16577    
[04/21/26 23:34:19] WARNING  High grad norm: 1654.13 at epoch=75 step=16578    
                    WARNING  High grad norm: 689.30 at epoch=75 step=16579     
                    WARNING  High grad norm: 848.59 at epoch=75 step=16580     
                    WARNING  High grad norm: 1278.59 at epoch=75 step=16581    
                    WARNING  High grad norm: 734.79 at epoch=75 step=16582     
[04/21/26 23:34:20] WARNING  High grad norm: 1629.31 at epoch=75 step=16583    
                    WARNING  High grad norm: 628.38 at epoch=75 step=16584     
                    WARNING  High grad norm: 650.46 at epoch=75 step=16585     
                    WARNING  High grad norm: 833.27 at epoch=75 step=16586     
[04/21/26 23:34:21] WARNING  High grad norm: 1430.17 at epoch=75 step=16587    
                    WARNING  High grad norm: 1113.14 at epoch=75 step=16588    
                    WARNING  High grad norm: 697.00 at epoch=75 step=16589     
                    WARNING  High grad norm: 1659.45 at epoch=75 step=16590    
                    WARNING  High grad norm: 1156.45 at epoch=75 step=16591    
[04/21/26 23:34:22] WARNING  High grad norm: 869.71 at epoch=75 step=16592     
                    WARNING  High grad norm: 942.81 at epoch=75 step=16593     
                    WARNING  High grad norm: 1117.54 at epoch=75 step=16594    
                    WARNING  High grad norm: 970.38 at epoch=75 step=16595     
[04/21/26 23:34:23] WARNING  High grad norm: 1013.57 at epoch=75 step=16596    
                    WARNING  High grad norm: 1643.53 at epoch=75 step=16597    
                    WARNING  High grad norm: 893.96 at epoch=75 step=16598     
                    WARNING  High grad norm: 2223.43 at epoch=75 step=16599    
                    INFO     epoch=75 step=16600 loss=489.9735                 
                             grad_norm=2223.4287 lr=1.00e-06                   
                    WARNING  High grad norm: 743.26 at epoch=75 step=16600     
[04/21/26 23:34:24] WARNING  High grad norm: 918.96 at epoch=75 step=16601     
                    WARNING  High grad norm: 2252.59 at epoch=75 step=16602    
                    WARNING  High grad norm: 1418.51 at epoch=75 step=16603    
                    WARNING  High grad norm: 1272.51 at epoch=75 step=16604    
[04/21/26 23:34:25] WARNING  High grad norm: 979.71 at epoch=75 step=16605     
                    WARNING  High grad norm: 933.92 at epoch=75 step=16606     
                    WARNING  High grad norm: 1849.81 at epoch=75 step=16607    
                    WARNING  High grad norm: 1520.66 at epoch=75 step=16608    
                    WARNING  High grad norm: 2163.80 at epoch=75 step=16609    
[04/21/26 23:34:26] WARNING  High grad norm: 2842.39 at epoch=75 step=16610    
                    WARNING  High grad norm: 1447.71 at epoch=75 step=16611    
                    WARNING  High grad norm: 1201.17 at epoch=75 step=16612    
                    WARNING  High grad norm: 915.94 at epoch=75 step=16613     
[04/21/26 23:34:27] WARNING  High grad norm: 956.05 at epoch=75 step=16614     
                    WARNING  High grad norm: 857.54 at epoch=75 step=16615     
                    WARNING  High grad norm: 448.49 at epoch=75 step=16616     
                    WARNING  High grad norm: 2149.95 at epoch=75 step=16617    
                    WARNING  High grad norm: 1386.09 at epoch=75 step=16618    
[04/21/26 23:34:28] WARNING  High grad norm: 1569.30 at epoch=75 step=16619    
                    WARNING  High grad norm: 1426.53 at epoch=75 step=16620    
                    WARNING  High grad norm: 2670.91 at epoch=75 step=16621    
                    WARNING  High grad norm: 1494.55 at epoch=75 step=16622    
[04/21/26 23:34:29] WARNING  High grad norm: 763.09 at epoch=75 step=16623     
                    WARNING  High grad norm: 857.15 at epoch=75 step=16624     
                    WARNING  High grad norm: 880.29 at epoch=75 step=16625     
                    WARNING  High grad norm: 658.25 at epoch=75 step=16626     
                    WARNING  High grad norm: 1140.81 at epoch=75 step=16627    
[04/21/26 23:34:30] WARNING  High grad norm: 1547.27 at epoch=75 step=16628    
                    WARNING  High grad norm: 2096.88 at epoch=75 step=16629    
                    WARNING  High grad norm: 2629.62 at epoch=75 step=16630    
                    WARNING  High grad norm: 2115.96 at epoch=75 step=16631    
[04/21/26 23:34:31] WARNING  High grad norm: 962.91 at epoch=75 step=16632     
                    WARNING  High grad norm: 928.20 at epoch=75 step=16633     
                    WARNING  High grad norm: 1027.92 at epoch=75 step=16634    
                    WARNING  High grad norm: 959.62 at epoch=75 step=16635     
[04/21/26 23:34:32] WARNING  High grad norm: 1791.19 at epoch=75 step=16636    
                    WARNING  High grad norm: 1079.85 at epoch=75 step=16637    
                    WARNING  High grad norm: 1124.66 at epoch=75 step=16638    
                    WARNING  High grad norm: 1046.79 at epoch=75 step=16639    
                    WARNING  High grad norm: 761.62 at epoch=75 step=16640     
[04/21/26 23:34:33] WARNING  High grad norm: 1888.68 at epoch=75 step=16641    
                    WARNING  High grad norm: 1033.89 at epoch=75 step=16642    
                    WARNING  High grad norm: 1043.98 at epoch=75 step=16643    
                    WARNING  High grad norm: 1053.67 at epoch=75 step=16644    
[04/21/26 23:34:34] WARNING  High grad norm: 453.01 at epoch=75 step=16645     
                    WARNING  High grad norm: 575.37 at epoch=75 step=16646     
                    WARNING  High grad norm: 1109.79 at epoch=75 step=16647    
                    WARNING  High grad norm: 712.53 at epoch=75 step=16648     
                    WARNING  High grad norm: 1713.29 at epoch=75 step=16649    
[04/21/26 23:34:35] WARNING  High grad norm: 961.90 at epoch=75 step=16650     
                    WARNING  High grad norm: 924.02 at epoch=75 step=16651     
                    WARNING  High grad norm: 1170.89 at epoch=75 step=16652    
                    WARNING  High grad norm: 748.67 at epoch=75 step=16653     
[04/21/26 23:34:36] WARNING  High grad norm: 747.26 at epoch=75 step=16654     
                    WARNING  High grad norm: 1320.33 at epoch=75 step=16655    
                    WARNING  High grad norm: 1418.35 at epoch=75 step=16656    
                    WARNING  High grad norm: 2340.13 at epoch=75 step=16657    
                    WARNING  High grad norm: 1627.78 at epoch=75 step=16658    
[04/21/26 23:34:37] WARNING  High grad norm: 539.60 at epoch=75 step=16659     
                    WARNING  High grad norm: 1475.31 at epoch=75 step=16660    
                    WARNING  High grad norm: 691.88 at epoch=75 step=16661     
                    WARNING  High grad norm: 638.95 at epoch=75 step=16662     
[04/21/26 23:34:38] WARNING  High grad norm: 1169.42 at epoch=75 step=16663    
                    WARNING  High grad norm: 1619.95 at epoch=75 step=16664    
                    WARNING  High grad norm: 1070.46 at epoch=75 step=16665    
                    WARNING  High grad norm: 2110.72 at epoch=75 step=16666    
                    WARNING  High grad norm: 1220.87 at epoch=75 step=16667    
[04/21/26 23:34:39] WARNING  High grad norm: 1128.64 at epoch=75 step=16668    
                    WARNING  High grad norm: 703.08 at epoch=75 step=16669     
                    WARNING  High grad norm: 625.65 at epoch=75 step=16670     
                    WARNING  High grad norm: 1358.81 at epoch=75 step=16671    
[04/21/26 23:34:40] WARNING  High grad norm: 1511.02 at epoch=75 step=16672    
                    WARNING  High grad norm: 1609.09 at epoch=75 step=16673    
                    WARNING  High grad norm: 679.49 at epoch=75 step=16674     
                    WARNING  High grad norm: 1189.82 at epoch=75 step=16675    
                    WARNING  High grad norm: 648.98 at epoch=75 step=16676     
[04/21/26 23:34:41] WARNING  High grad norm: 1297.92 at epoch=75 step=16677    
                    WARNING  High grad norm: 1455.78 at epoch=75 step=16678    
                    WARNING  High grad norm: 503.83 at epoch=75 step=16679     
                    WARNING  High grad norm: 827.47 at epoch=75 step=16680     
[04/21/26 23:34:42] WARNING  High grad norm: 538.87 at epoch=75 step=16681     
                    WARNING  High grad norm: 799.34 at epoch=75 step=16682     
                    WARNING  High grad norm: 1518.18 at epoch=75 step=16683    
                    WARNING  High grad norm: 831.37 at epoch=75 step=16684     
                    WARNING  High grad norm: 909.54 at epoch=75 step=16685     
[04/21/26 23:34:43] WARNING  High grad norm: 960.70 at epoch=75 step=16686     
                    WARNING  High grad norm: 2024.01 at epoch=75 step=16687    
                    WARNING  High grad norm: 986.95 at epoch=75 step=16688     
                    WARNING  High grad norm: 1624.97 at epoch=75 step=16689    
[04/21/26 23:34:44] WARNING  High grad norm: 1359.70 at epoch=75 step=16690    
                    WARNING  High grad norm: 743.25 at epoch=75 step=16691     
                    WARNING  High grad norm: 1003.91 at epoch=75 step=16692    
                    WARNING  High grad norm: 2716.99 at epoch=75 step=16693    
                    WARNING  High grad norm: 786.84 at epoch=75 step=16694     
[04/21/26 23:34:45] WARNING  High grad norm: 586.32 at epoch=75 step=16695     
                    WARNING  High grad norm: 1021.14 at epoch=75 step=16696    
                    WARNING  High grad norm: 633.67 at epoch=75 step=16697     
                    WARNING  High grad norm: 1361.53 at epoch=75 step=16698    
[04/21/26 23:34:46] WARNING  High grad norm: 2014.52 at epoch=75 step=16699    
                    INFO     epoch=75 step=16700 loss=482.0763                 
                             grad_norm=2014.5175 lr=1.00e-06                   
                    WARNING  High grad norm: 927.94 at epoch=75 step=16700     
                    WARNING  High grad norm: 1664.45 at epoch=75 step=16701    
                    WARNING  High grad norm: 780.47 at epoch=75 step=16702     
                    WARNING  High grad norm: 973.30 at epoch=75 step=16703     
[04/21/26 23:34:47] WARNING  High grad norm: 604.66 at epoch=75 step=16704     
                    WARNING  High grad norm: 1481.19 at epoch=75 step=16705    
                    WARNING  High grad norm: 1685.43 at epoch=75 step=16706    
                    WARNING  High grad norm: 1448.82 at epoch=75 step=16707    
[04/21/26 23:34:48] WARNING  High grad norm: 706.93 at epoch=75 step=16708     
                    WARNING  High grad norm: 1101.98 at epoch=75 step=16709    
                    WARNING  High grad norm: 2008.37 at epoch=75 step=16710    
                    WARNING  High grad norm: 1150.73 at epoch=75 step=16711    
                    WARNING  High grad norm: 1071.37 at epoch=75 step=16712    
[04/21/26 23:34:49] WARNING  High grad norm: 1412.97 at epoch=75 step=16713    
                    WARNING  High grad norm: 863.71 at epoch=75 step=16714     
                    WARNING  High grad norm: 986.20 at epoch=75 step=16715     
                    WARNING  High grad norm: 1798.40 at epoch=75 step=16716    
[04/21/26 23:34:50] WARNING  High grad norm: 669.22 at epoch=75 step=16717     
                    WARNING  High grad norm: 723.67 at epoch=75 step=16718     
                    WARNING  High grad norm: 961.76 at epoch=75 step=16719     
                    WARNING  High grad norm: 664.58 at epoch=75 step=16720     
                    WARNING  High grad norm: 2037.45 at epoch=75 step=16721    
[04/21/26 23:34:51] WARNING  High grad norm: 718.29 at epoch=75 step=16722     
                    WARNING  High grad norm: 1023.40 at epoch=75 step=16723    
                    WARNING  High grad norm: 1493.82 at epoch=75 step=16724    
[04/21/26 23:34:52] INFO     epoch=75 avg_loss=483.6697 lr=1.00e-06            
[04/21/26 23:34:58] INFO     Saved checkpoint to                               
                             C:\Users\artun\Desktop\ITS-project\checkpoints\sco
                             re_fmnist_v2\score_epoch_0075.pt                  
[04/21/26 23:35:12] WARNING  High grad norm: 1059.37 at epoch=76 step=16725    
                    WARNING  High grad norm: 1014.18 at epoch=76 step=16726    
[04/21/26 23:35:13] WARNING  High grad norm: 1297.14 at epoch=76 step=16727    
                    WARNING  High grad norm: 1709.29 at epoch=76 step=16728    
                    WARNING  High grad norm: 747.74 at epoch=76 step=16729     
                    WARNING  High grad norm: 964.41 at epoch=76 step=16730     
                    WARNING  High grad norm: 805.48 at epoch=76 step=16731     
[04/21/26 23:35:14] WARNING  High grad norm: 866.79 at epoch=76 step=16732     
                    WARNING  High grad norm: 1108.61 at epoch=76 step=16733    
                    WARNING  High grad norm: 1048.34 at epoch=76 step=16734    
                    WARNING  High grad norm: 2100.62 at epoch=76 step=16735    
[04/21/26 23:35:15] WARNING  High grad norm: 998.27 at epoch=76 step=16736     
                    WARNING  High grad norm: 936.03 at epoch=76 step=16737     
                    WARNING  High grad norm: 1030.20 at epoch=76 step=16738    
                    WARNING  High grad norm: 1714.68 at epoch=76 step=16739    
                    WARNING  High grad norm: 617.31 at epoch=76 step=16740     
[04/21/26 23:35:16] WARNING  High grad norm: 1791.04 at epoch=76 step=16741    
                    WARNING  High grad norm: 1446.94 at epoch=76 step=16742    
                    WARNING  High grad norm: 791.38 at epoch=76 step=16743     
                    WARNING  High grad norm: 675.98 at epoch=76 step=16744     
[04/21/26 23:35:17] WARNING  High grad norm: 2538.97 at epoch=76 step=16745    
                    WARNING  High grad norm: 1310.65 at epoch=76 step=16746    
                    WARNING  High grad norm: 751.28 at epoch=76 step=16747     
                    WARNING  High grad norm: 1626.95 at epoch=76 step=16748    
                    WARNING  High grad norm: 1587.60 at epoch=76 step=16749    
[04/21/26 23:35:18] WARNING  High grad norm: 858.06 at epoch=76 step=16750     
                    WARNING  High grad norm: 830.83 at epoch=76 step=16751     
                    WARNING  High grad norm: 1063.12 at epoch=76 step=16752    
                    WARNING  High grad norm: 1510.57 at epoch=76 step=16753    
[04/21/26 23:35:19] WARNING  High grad norm: 557.87 at epoch=76 step=16754     
                    WARNING  High grad norm: 1992.29 at epoch=76 step=16755    
                    WARNING  High grad norm: 1827.64 at epoch=76 step=16756    
                    WARNING  High grad norm: 720.37 at epoch=76 step=16757     
                    WARNING  High grad norm: 2598.68 at epoch=76 step=16758    
[04/21/26 23:35:20] WARNING  High grad norm: 746.04 at epoch=76 step=16759     
                    WARNING  High grad norm: 1070.10 at epoch=76 step=16760    
                    WARNING  High grad norm: 1990.05 at epoch=76 step=16761    
                    WARNING  High grad norm: 705.93 at epoch=76 step=16762     
[04/21/26 23:35:21] WARNING  High grad norm: 1153.29 at epoch=76 step=16763    
                    WARNING  High grad norm: 1864.75 at epoch=76 step=16764    
                    WARNING  High grad norm: 982.00 at epoch=76 step=16765     
                    WARNING  High grad norm: 1097.13 at epoch=76 step=16766    
                    WARNING  High grad norm: 902.11 at epoch=76 step=16767     
[04/21/26 23:35:22] WARNING  High grad norm: 792.32 at epoch=76 step=16768     
                    WARNING  High grad norm: 1309.18 at epoch=76 step=16769    
                    WARNING  High grad norm: 1634.95 at epoch=76 step=16770    
                    WARNING  High grad norm: 1399.56 at epoch=76 step=16771    
[04/21/26 23:35:23] WARNING  High grad norm: 1131.89 at epoch=76 step=16772    
                    WARNING  High grad norm: 1709.04 at epoch=76 step=16773    
                    WARNING  High grad norm: 1534.35 at epoch=76 step=16774    
                    WARNING  High grad norm: 515.54 at epoch=76 step=16775     
                    WARNING  High grad norm: 810.80 at epoch=76 step=16776     
[04/21/26 23:35:24] WARNING  High grad norm: 2663.74 at epoch=76 step=16777    
                    WARNING  High grad norm: 811.83 at epoch=76 step=16778     
                    WARNING  High grad norm: 797.93 at epoch=76 step=16779     
                    WARNING  High grad norm: 1742.26 at epoch=76 step=16780    
[04/21/26 23:35:25] WARNING  High grad norm: 1220.33 at epoch=76 step=16781    
                    WARNING  High grad norm: 544.04 at epoch=76 step=16782     
                    WARNING  High grad norm: 627.89 at epoch=76 step=16783     
                    WARNING  High grad norm: 601.39 at epoch=76 step=16784     
                    WARNING  High grad norm: 802.77 at epoch=76 step=16785     
[04/21/26 23:35:26] WARNING  High grad norm: 982.89 at epoch=76 step=16786     
                    WARNING  High grad norm: 658.63 at epoch=76 step=16787     
                    WARNING  High grad norm: 1301.13 at epoch=76 step=16788    
                    WARNING  High grad norm: 2403.16 at epoch=76 step=16789    
[04/21/26 23:35:27] WARNING  High grad norm: 841.04 at epoch=76 step=16790     
                    WARNING  High grad norm: 1559.41 at epoch=76 step=16791    
                    WARNING  High grad norm: 1003.38 at epoch=76 step=16792    
                    WARNING  High grad norm: 802.01 at epoch=76 step=16793     
                    WARNING  High grad norm: 2005.13 at epoch=76 step=16794    
[04/21/26 23:35:28] WARNING  High grad norm: 1027.13 at epoch=76 step=16795    
                    WARNING  High grad norm: 883.22 at epoch=76 step=16796     
                    WARNING  High grad norm: 676.66 at epoch=76 step=16797     
                    WARNING  High grad norm: 2427.58 at epoch=76 step=16798    
[04/21/26 23:35:29] WARNING  High grad norm: 616.51 at epoch=76 step=16799     
                    INFO     epoch=76 step=16800 loss=481.9742                 
                             grad_norm=616.5076 lr=1.00e-06                    
                    WARNING  High grad norm: 1278.44 at epoch=76 step=16800    
                    WARNING  High grad norm: 785.35 at epoch=76 step=16801     
                    WARNING  High grad norm: 902.45 at epoch=76 step=16802     
                    WARNING  High grad norm: 1093.01 at epoch=76 step=16803    
[04/21/26 23:35:30] WARNING  High grad norm: 1416.63 at epoch=76 step=16804    
                    WARNING  High grad norm: 673.65 at epoch=76 step=16805     
                    WARNING  High grad norm: 1993.56 at epoch=76 step=16806    
                    WARNING  High grad norm: 1575.79 at epoch=76 step=16807    
[04/21/26 23:35:31] WARNING  High grad norm: 1276.70 at epoch=76 step=16808    
                    WARNING  High grad norm: 1816.67 at epoch=76 step=16809    
                    WARNING  High grad norm: 591.67 at epoch=76 step=16810     
                    WARNING  High grad norm: 1284.75 at epoch=76 step=16811    
                    WARNING  High grad norm: 1372.84 at epoch=76 step=16812    
[04/21/26 23:35:32] WARNING  High grad norm: 1034.74 at epoch=76 step=16813    
                    WARNING  High grad norm: 1583.86 at epoch=76 step=16814    
                    WARNING  High grad norm: 810.38 at epoch=76 step=16815     
                    WARNING  High grad norm: 1428.73 at epoch=76 step=16816    
[04/21/26 23:35:33] WARNING  High grad norm: 585.91 at epoch=76 step=16817     
                    WARNING  High grad norm: 1020.02 at epoch=76 step=16818    
                    WARNING  High grad norm: 1075.40 at epoch=76 step=16819    
                    WARNING  High grad norm: 867.26 at epoch=76 step=16820     
                    WARNING  High grad norm: 1300.70 at epoch=76 step=16821    
[04/21/26 23:35:34] WARNING  High grad norm: 648.54 at epoch=76 step=16822     
                    WARNING  High grad norm: 901.87 at epoch=76 step=16823     
                    WARNING  High grad norm: 715.22 at epoch=76 step=16824     
                    WARNING  High grad norm: 866.04 at epoch=76 step=16825     
[04/21/26 23:35:35] WARNING  High grad norm: 1016.85 at epoch=76 step=16826    
                    WARNING  High grad norm: 1757.40 at epoch=76 step=16827    
                    WARNING  High grad norm: 1927.03 at epoch=76 step=16828    
                    WARNING  High grad norm: 1147.60 at epoch=76 step=16829    
                    WARNING  High grad norm: 2625.73 at epoch=76 step=16830    
[04/21/26 23:35:36] WARNING  High grad norm: 840.06 at epoch=76 step=16831     
                    WARNING  High grad norm: 1203.27 at epoch=76 step=16832    
                    WARNING  High grad norm: 1073.20 at epoch=76 step=16833    
                    WARNING  High grad norm: 1139.49 at epoch=76 step=16834    
[04/21/26 23:35:37] WARNING  High grad norm: 876.38 at epoch=76 step=16835     
                    WARNING  High grad norm: 764.63 at epoch=76 step=16836     
                    WARNING  High grad norm: 1207.90 at epoch=76 step=16837    
                    WARNING  High grad norm: 667.05 at epoch=76 step=16838     
                    WARNING  High grad norm: 626.06 at epoch=76 step=16839     
[04/21/26 23:35:38] WARNING  High grad norm: 1279.32 at epoch=76 step=16840    
                    WARNING  High grad norm: 755.85 at epoch=76 step=16841     
                    WARNING  High grad norm: 782.47 at epoch=76 step=16842     
                    WARNING  High grad norm: 1300.05 at epoch=76 step=16843    
[04/21/26 23:35:39] WARNING  High grad norm: 1077.27 at epoch=76 step=16844    
                    WARNING  High grad norm: 793.07 at epoch=76 step=16845     
                    WARNING  High grad norm: 983.68 at epoch=76 step=16846     
                    WARNING  High grad norm: 1672.71 at epoch=76 step=16847    
                    WARNING  High grad norm: 868.36 at epoch=76 step=16848     
[04/21/26 23:35:40] WARNING  High grad norm: 1050.28 at epoch=76 step=16849    
                    WARNING  High grad norm: 650.44 at epoch=76 step=16850     
                    WARNING  High grad norm: 1020.57 at epoch=76 step=16851    
                    WARNING  High grad norm: 799.69 at epoch=76 step=16852     
[04/21/26 23:35:41] WARNING  High grad norm: 844.60 at epoch=76 step=16853     
                    WARNING  High grad norm: 821.09 at epoch=76 step=16854     
                    WARNING  High grad norm: 593.38 at epoch=76 step=16855     
                    WARNING  High grad norm: 807.56 at epoch=76 step=16856     
                    WARNING  High grad norm: 1637.40 at epoch=76 step=16857    
[04/21/26 23:35:42] WARNING  High grad norm: 947.33 at epoch=76 step=16858     
                    WARNING  High grad norm: 2156.31 at epoch=76 step=16859    
                    WARNING  High grad norm: 859.05 at epoch=76 step=16860     
                    WARNING  High grad norm: 1660.72 at epoch=76 step=16861    
[04/21/26 23:35:43] WARNING  High grad norm: 735.18 at epoch=76 step=16862     
                    WARNING  High grad norm: 2655.87 at epoch=76 step=16863    
                    WARNING  High grad norm: 1709.72 at epoch=76 step=16864    
                    WARNING  High grad norm: 1348.30 at epoch=76 step=16865    
                    WARNING  High grad norm: 807.43 at epoch=76 step=16866     
[04/21/26 23:35:44] WARNING  High grad norm: 1856.91 at epoch=76 step=16867    
                    WARNING  High grad norm: 697.40 at epoch=76 step=16868     
                    WARNING  High grad norm: 587.24 at epoch=76 step=16869     
                    WARNING  High grad norm: 1305.75 at epoch=76 step=16870    
[04/21/26 23:35:45] WARNING  High grad norm: 1378.90 at epoch=76 step=16871    
                    WARNING  High grad norm: 1180.27 at epoch=76 step=16872    
                    WARNING  High grad norm: 700.83 at epoch=76 step=16873     
                    WARNING  High grad norm: 1511.69 at epoch=76 step=16874    
                    WARNING  High grad norm: 2572.36 at epoch=76 step=16875    
[04/21/26 23:35:46] WARNING  High grad norm: 1150.00 at epoch=76 step=16876    
                    WARNING  High grad norm: 1027.05 at epoch=76 step=16877    
                    WARNING  High grad norm: 1854.36 at epoch=76 step=16878    
                    WARNING  High grad norm: 959.56 at epoch=76 step=16879     
[04/21/26 23:35:47] WARNING  High grad norm: 1197.80 at epoch=76 step=16880    
                    WARNING  High grad norm: 730.18 at epoch=76 step=16881     
                    WARNING  High grad norm: 1235.78 at epoch=76 step=16882    
                    WARNING  High grad norm: 2385.49 at epoch=76 step=16883    
                    WARNING  High grad norm: 1456.81 at epoch=76 step=16884    
[04/21/26 23:35:48] WARNING  High grad norm: 1014.69 at epoch=76 step=16885    
                    WARNING  High grad norm: 1716.77 at epoch=76 step=16886    
                    WARNING  High grad norm: 849.90 at epoch=76 step=16887     
                    WARNING  High grad norm: 879.00 at epoch=76 step=16888     
[04/21/26 23:35:49] WARNING  High grad norm: 716.03 at epoch=76 step=16889     
                    WARNING  High grad norm: 937.45 at epoch=76 step=16890     
                    WARNING  High grad norm: 810.89 at epoch=76 step=16891     
                    WARNING  High grad norm: 1507.50 at epoch=76 step=16892    
                    WARNING  High grad norm: 650.53 at epoch=76 step=16893     
[04/21/26 23:35:50] WARNING  High grad norm: 1112.30 at epoch=76 step=16894    
                    WARNING  High grad norm: 1135.43 at epoch=76 step=16895    
                    WARNING  High grad norm: 1733.06 at epoch=76 step=16896    
                    WARNING  High grad norm: 674.53 at epoch=76 step=16897     
[04/21/26 23:35:51] WARNING  High grad norm: 1065.02 at epoch=76 step=16898    
                    WARNING  High grad norm: 1036.91 at epoch=76 step=16899    
                    INFO     epoch=76 step=16900 loss=479.2473                 
                             grad_norm=1036.9084 lr=1.00e-06                   
                    WARNING  High grad norm: 901.92 at epoch=76 step=16900     
                    WARNING  High grad norm: 3568.76 at epoch=76 step=16901    
                    WARNING  High grad norm: 833.00 at epoch=76 step=16902     
[04/21/26 23:35:52] WARNING  High grad norm: 1837.14 at epoch=76 step=16903    
                    WARNING  High grad norm: 1562.99 at epoch=76 step=16904    
                    WARNING  High grad norm: 2786.95 at epoch=76 step=16905    
                    WARNING  High grad norm: 1475.13 at epoch=76 step=16906    
[04/21/26 23:35:53] WARNING  High grad norm: 662.69 at epoch=76 step=16907     
                    WARNING  High grad norm: 1175.14 at epoch=76 step=16908    
                    WARNING  High grad norm: 2309.63 at epoch=76 step=16909    
                    WARNING  High grad norm: 749.94 at epoch=76 step=16910     
                    WARNING  High grad norm: 1117.27 at epoch=76 step=16911    
[04/21/26 23:35:54] WARNING  High grad norm: 1138.81 at epoch=76 step=16912    
                    WARNING  High grad norm: 1616.23 at epoch=76 step=16913    
                    WARNING  High grad norm: 1622.43 at epoch=76 step=16914    
                    WARNING  High grad norm: 686.47 at epoch=76 step=16915     
[04/21/26 23:35:55] WARNING  High grad norm: 1684.49 at epoch=76 step=16916    
                    WARNING  High grad norm: 945.60 at epoch=76 step=16917     
                    WARNING  High grad norm: 1077.51 at epoch=76 step=16918    
                    WARNING  High grad norm: 675.56 at epoch=76 step=16919     
                    WARNING  High grad norm: 942.40 at epoch=76 step=16920     
[04/21/26 23:35:56] WARNING  High grad norm: 2400.26 at epoch=76 step=16921    
                    WARNING  High grad norm: 635.78 at epoch=76 step=16922     
                    WARNING  High grad norm: 1179.16 at epoch=76 step=16923    
                    WARNING  High grad norm: 816.27 at epoch=76 step=16924     
[04/21/26 23:35:57] WARNING  High grad norm: 695.52 at epoch=76 step=16925     
                    WARNING  High grad norm: 1061.84 at epoch=76 step=16926    
                    WARNING  High grad norm: 1119.17 at epoch=76 step=16927    
                    WARNING  High grad norm: 1372.52 at epoch=76 step=16928    
                    WARNING  High grad norm: 631.92 at epoch=76 step=16929     
[04/21/26 23:35:58] WARNING  High grad norm: 1155.22 at epoch=76 step=16930    
                    WARNING  High grad norm: 634.58 at epoch=76 step=16931     
                    WARNING  High grad norm: 2407.73 at epoch=76 step=16932    
                    WARNING  High grad norm: 2242.48 at epoch=76 step=16933    
[04/21/26 23:35:59] WARNING  High grad norm: 838.86 at epoch=76 step=16934     
                    WARNING  High grad norm: 758.43 at epoch=76 step=16935     
                    WARNING  High grad norm: 1850.75 at epoch=76 step=16936    
                    WARNING  High grad norm: 1885.42 at epoch=76 step=16937    
[04/21/26 23:36:00] WARNING  High grad norm: 678.70 at epoch=76 step=16938     
                    WARNING  High grad norm: 1507.70 at epoch=76 step=16939    
                    WARNING  High grad norm: 1655.11 at epoch=76 step=16940    
                    WARNING  High grad norm: 1715.90 at epoch=76 step=16941    
                    WARNING  High grad norm: 2471.97 at epoch=76 step=16942    
[04/21/26 23:36:01] WARNING  High grad norm: 1896.79 at epoch=76 step=16943    
                    WARNING  High grad norm: 767.97 at epoch=76 step=16944     
                    WARNING  High grad norm: 2838.90 at epoch=76 step=16945    
                    WARNING  High grad norm: 1086.22 at epoch=76 step=16946    
                    WARNING  High grad norm: 2355.99 at epoch=76 step=16947    
[04/21/26 23:36:02] INFO     epoch=76 avg_loss=480.7573 lr=1.00e-06            
[04/21/26 23:36:16] WARNING  High grad norm: 965.59 at epoch=77 step=16948     
                    WARNING  High grad norm: 1813.48 at epoch=77 step=16949    
                    WARNING  High grad norm: 939.04 at epoch=77 step=16950     
[04/21/26 23:36:17] WARNING  High grad norm: 1135.63 at epoch=77 step=16951    
                    WARNING  High grad norm: 657.45 at epoch=77 step=16952     
                    WARNING  High grad norm: 908.07 at epoch=77 step=16953     
                    WARNING  High grad norm: 692.37 at epoch=77 step=16954     
                    WARNING  High grad norm: 1087.49 at epoch=77 step=16955    
[04/21/26 23:36:18] WARNING  High grad norm: 556.72 at epoch=77 step=16956     
                    WARNING  High grad norm: 1719.69 at epoch=77 step=16957    
                    WARNING  High grad norm: 1414.39 at epoch=77 step=16958    
                    WARNING  High grad norm: 520.17 at epoch=77 step=16959     
[04/21/26 23:36:19] WARNING  High grad norm: 1862.10 at epoch=77 step=16960    
                    WARNING  High grad norm: 614.59 at epoch=77 step=16961     
                    WARNING  High grad norm: 996.64 at epoch=77 step=16962     
                    WARNING  High grad norm: 842.56 at epoch=77 step=16963     
                    WARNING  High grad norm: 973.67 at epoch=77 step=16964     
[04/21/26 23:36:20] WARNING  High grad norm: 712.76 at epoch=77 step=16965     
                    WARNING  High grad norm: 581.53 at epoch=77 step=16966     
                    WARNING  High grad norm: 2798.05 at epoch=77 step=16967    
                    WARNING  High grad norm: 720.69 at epoch=77 step=16968     
[04/21/26 23:36:21] WARNING  High grad norm: 620.35 at epoch=77 step=16969     
                    WARNING  High grad norm: 1054.67 at epoch=77 step=16970    
                    WARNING  High grad norm: 544.08 at epoch=77 step=16971     
                    WARNING  High grad norm: 798.63 at epoch=77 step=16972     
                    WARNING  High grad norm: 1433.49 at epoch=77 step=16973    
[04/21/26 23:36:22] WARNING  High grad norm: 2885.93 at epoch=77 step=16974    
                    WARNING  High grad norm: 728.41 at epoch=77 step=16975     
                    WARNING  High grad norm: 1506.30 at epoch=77 step=16976    
                    WARNING  High grad norm: 901.56 at epoch=77 step=16977     
[04/21/26 23:36:23] WARNING  High grad norm: 1633.67 at epoch=77 step=16978    
                    WARNING  High grad norm: 948.19 at epoch=77 step=16979     
                    WARNING  High grad norm: 927.87 at epoch=77 step=16980     
                    WARNING  High grad norm: 1028.44 at epoch=77 step=16981    
                    WARNING  High grad norm: 1585.85 at epoch=77 step=16982    
[04/21/26 23:36:24] WARNING  High grad norm: 1674.92 at epoch=77 step=16983    
                    WARNING  High grad norm: 1359.55 at epoch=77 step=16984    
                    WARNING  High grad norm: 1612.45 at epoch=77 step=16985    
                    WARNING  High grad norm: 995.25 at epoch=77 step=16986     
[04/21/26 23:36:25] WARNING  High grad norm: 1589.75 at epoch=77 step=16987    
                    WARNING  High grad norm: 1392.21 at epoch=77 step=16988    
                    WARNING  High grad norm: 1143.40 at epoch=77 step=16989    
                    WARNING  High grad norm: 1011.30 at epoch=77 step=16990    
                    WARNING  High grad norm: 458.07 at epoch=77 step=16991     
[04/21/26 23:36:26] WARNING  High grad norm: 726.42 at epoch=77 step=16992     
                    WARNING  High grad norm: 1256.47 at epoch=77 step=16993    
                    WARNING  High grad norm: 884.84 at epoch=77 step=16994     
                    WARNING  High grad norm: 621.00 at epoch=77 step=16995     
[04/21/26 23:36:27] WARNING  High grad norm: 1249.48 at epoch=77 step=16996    
                    WARNING  High grad norm: 2484.97 at epoch=77 step=16997    
                    WARNING  High grad norm: 921.83 at epoch=77 step=16998     
                    WARNING  High grad norm: 1468.79 at epoch=77 step=16999    
                    INFO     epoch=77 step=17000 loss=471.5812                 
                             grad_norm=1468.7877 lr=1.00e-06                   
                    WARNING  High grad norm: 1056.38 at epoch=77 step=17000    
[04/21/26 23:36:28] WARNING  High grad norm: 702.13 at epoch=77 step=17001     
                    WARNING  High grad norm: 7733.91 at epoch=77 step=17002    
                    WARNING  High grad norm: 992.34 at epoch=77 step=17003     
                    WARNING  High grad norm: 1180.10 at epoch=77 step=17004    
[04/21/26 23:36:29] WARNING  High grad norm: 642.44 at epoch=77 step=17005     
                    WARNING  High grad norm: 1311.65 at epoch=77 step=17006    
                    WARNING  High grad norm: 2081.69 at epoch=77 step=17007    
                    WARNING  High grad norm: 2241.24 at epoch=77 step=17008    
                    WARNING  High grad norm: 593.65 at epoch=77 step=17009     
[04/21/26 23:36:30] WARNING  High grad norm: 945.36 at epoch=77 step=17010     
                    WARNING  High grad norm: 893.78 at epoch=77 step=17011     
                    WARNING  High grad norm: 935.79 at epoch=77 step=17012     
                    WARNING  High grad norm: 1353.61 at epoch=77 step=17013    
[04/21/26 23:36:31] WARNING  High grad norm: 707.40 at epoch=77 step=17014     
                    WARNING  High grad norm: 613.96 at epoch=77 step=17015     
                    WARNING  High grad norm: 792.83 at epoch=77 step=17016     
                    WARNING  High grad norm: 1163.16 at epoch=77 step=17017    
                    WARNING  High grad norm: 705.92 at epoch=77 step=17018     
[04/21/26 23:36:32] WARNING  High grad norm: 637.15 at epoch=77 step=17019     
                    WARNING  High grad norm: 1345.19 at epoch=77 step=17020    
                    WARNING  High grad norm: 1819.01 at epoch=77 step=17021    
                    WARNING  High grad norm: 1020.33 at epoch=77 step=17022    
[04/21/26 23:36:33] WARNING  High grad norm: 979.38 at epoch=77 step=17023     
                    WARNING  High grad norm: 1879.93 at epoch=77 step=17024    
                    WARNING  High grad norm: 1662.94 at epoch=77 step=17025    
                    WARNING  High grad norm: 2861.38 at epoch=77 step=17026    
                    WARNING  High grad norm: 951.41 at epoch=77 step=17027     
[04/21/26 23:36:34] WARNING  High grad norm: 2049.65 at epoch=77 step=17028    
                    WARNING  High grad norm: 604.83 at epoch=77 step=17029     
                    WARNING  High grad norm: 547.53 at epoch=77 step=17030     
                    WARNING  High grad norm: 1273.09 at epoch=77 step=17031    
[04/21/26 23:36:35] WARNING  High grad norm: 1059.59 at epoch=77 step=17032    
                    WARNING  High grad norm: 951.55 at epoch=77 step=17033     
                    WARNING  High grad norm: 648.30 at epoch=77 step=17034     
                    WARNING  High grad norm: 1000.75 at epoch=77 step=17035    
                    WARNING  High grad norm: 2230.93 at epoch=77 step=17036    
[04/21/26 23:36:36] WARNING  High grad norm: 1059.62 at epoch=77 step=17037    
                    WARNING  High grad norm: 570.28 at epoch=77 step=17038     
                    WARNING  High grad norm: 1536.62 at epoch=77 step=17039    
                    WARNING  High grad norm: 1213.47 at epoch=77 step=17040    
[04/21/26 23:36:37] WARNING  High grad norm: 1133.71 at epoch=77 step=17041    
                    WARNING  High grad norm: 828.16 at epoch=77 step=17042     
                    WARNING  High grad norm: 787.34 at epoch=77 step=17043     
                    WARNING  High grad norm: 2212.94 at epoch=77 step=17044    
                    WARNING  High grad norm: 1754.43 at epoch=77 step=17045    
[04/21/26 23:36:38] WARNING  High grad norm: 1139.48 at epoch=77 step=17046    
                    WARNING  High grad norm: 1426.25 at epoch=77 step=17047    
                    WARNING  High grad norm: 789.71 at epoch=77 step=17048     
                    WARNING  High grad norm: 755.57 at epoch=77 step=17049     
[04/21/26 23:36:39] WARNING  High grad norm: 881.39 at epoch=77 step=17050     
                    WARNING  High grad norm: 671.11 at epoch=77 step=17051     
                    WARNING  High grad norm: 1006.32 at epoch=77 step=17052    
                    WARNING  High grad norm: 513.04 at epoch=77 step=17053     
                    WARNING  High grad norm: 674.58 at epoch=77 step=17054     
[04/21/26 23:36:40] WARNING  High grad norm: 1914.59 at epoch=77 step=17055    
                    WARNING  High grad norm: 421.43 at epoch=77 step=17056     
                    WARNING  High grad norm: 1624.11 at epoch=77 step=17057    
                    WARNING  High grad norm: 779.40 at epoch=77 step=17058     
[04/21/26 23:36:41] WARNING  High grad norm: 710.21 at epoch=77 step=17059     
                    WARNING  High grad norm: 1277.10 at epoch=77 step=17060    
                    WARNING  High grad norm: 1035.65 at epoch=77 step=17061    
                    WARNING  High grad norm: 945.26 at epoch=77 step=17062     
                    WARNING  High grad norm: 1143.79 at epoch=77 step=17063    
[04/21/26 23:36:42] WARNING  High grad norm: 1128.95 at epoch=77 step=17064    
                    WARNING  High grad norm: 1038.73 at epoch=77 step=17065    
                    WARNING  High grad norm: 1440.60 at epoch=77 step=17066    
                    WARNING  High grad norm: 1126.90 at epoch=77 step=17067    
[04/21/26 23:36:43] WARNING  High grad norm: 1803.00 at epoch=77 step=17068    
                    WARNING  High grad norm: 1336.82 at epoch=77 step=17069    
                    WARNING  High grad norm: 1595.77 at epoch=77 step=17070    
                    WARNING  High grad norm: 660.94 at epoch=77 step=17071     
                    WARNING  High grad norm: 648.72 at epoch=77 step=17072     
[04/21/26 23:36:44] WARNING  High grad norm: 950.71 at epoch=77 step=17073     
                    WARNING  High grad norm: 839.49 at epoch=77 step=17074     
                    WARNING  High grad norm: 951.68 at epoch=77 step=17075     
                    WARNING  High grad norm: 832.84 at epoch=77 step=17076     
[04/21/26 23:36:45] WARNING  High grad norm: 1916.64 at epoch=77 step=17077    
                    WARNING  High grad norm: 793.44 at epoch=77 step=17078     
                    WARNING  High grad norm: 825.01 at epoch=77 step=17079     
                    WARNING  High grad norm: 774.61 at epoch=77 step=17080     
                    WARNING  High grad norm: 1760.69 at epoch=77 step=17081    
[04/21/26 23:36:46] WARNING  High grad norm: 1225.59 at epoch=77 step=17082    
                    WARNING  High grad norm: 1436.57 at epoch=77 step=17083    
                    WARNING  High grad norm: 2420.43 at epoch=77 step=17084    
                    WARNING  High grad norm: 578.45 at epoch=77 step=17085     
[04/21/26 23:36:47] WARNING  High grad norm: 1144.77 at epoch=77 step=17086    
                    WARNING  High grad norm: 663.64 at epoch=77 step=17087     
                    WARNING  High grad norm: 1335.59 at epoch=77 step=17088    
                    WARNING  High grad norm: 2232.34 at epoch=77 step=17089    
                    WARNING  High grad norm: 2624.64 at epoch=77 step=17090    
[04/21/26 23:36:48] WARNING  High grad norm: 924.97 at epoch=77 step=17091     
                    WARNING  High grad norm: 1635.32 at epoch=77 step=17092    
                    WARNING  High grad norm: 1280.37 at epoch=77 step=17093    
                    WARNING  High grad norm: 994.31 at epoch=77 step=17094     
[04/21/26 23:36:49] WARNING  High grad norm: 1104.97 at epoch=77 step=17095    
                    WARNING  High grad norm: 964.22 at epoch=77 step=17096     
                    WARNING  High grad norm: 577.48 at epoch=77 step=17097     
                    WARNING  High grad norm: 1640.35 at epoch=77 step=17098    
                    WARNING  High grad norm: 939.55 at epoch=77 step=17099     
                    INFO     epoch=77 step=17100 loss=479.7907                 
                             grad_norm=939.5522 lr=1.00e-06                    
[04/21/26 23:36:50] WARNING  High grad norm: 1833.68 at epoch=77 step=17100    
                    WARNING  High grad norm: 683.50 at epoch=77 step=17101     
                    WARNING  High grad norm: 2249.35 at epoch=77 step=17102    
                    WARNING  High grad norm: 658.75 at epoch=77 step=17103     
[04/21/26 23:36:51] WARNING  High grad norm: 1180.09 at epoch=77 step=17104    
                    WARNING  High grad norm: 594.78 at epoch=77 step=17105     
                    WARNING  High grad norm: 1684.61 at epoch=77 step=17106    
                    WARNING  High grad norm: 783.14 at epoch=77 step=17107     
                    WARNING  High grad norm: 941.43 at epoch=77 step=17108     
[04/21/26 23:36:52] WARNING  High grad norm: 545.83 at epoch=77 step=17109     
                    WARNING  High grad norm: 681.81 at epoch=77 step=17110     
                    WARNING  High grad norm: 1678.47 at epoch=77 step=17111    
                    WARNING  High grad norm: 1378.90 at epoch=77 step=17112    
[04/21/26 23:36:53] WARNING  High grad norm: 1858.53 at epoch=77 step=17113    
                    WARNING  High grad norm: 809.41 at epoch=77 step=17114     
                    WARNING  High grad norm: 852.37 at epoch=77 step=17115     
                    WARNING  High grad norm: 692.87 at epoch=77 step=17116     
                    WARNING  High grad norm: 874.12 at epoch=77 step=17117     
[04/21/26 23:36:54] WARNING  High grad norm: 1105.46 at epoch=77 step=17118    
                    WARNING  High grad norm: 1139.44 at epoch=77 step=17119    
                    WARNING  High grad norm: 1166.30 at epoch=77 step=17120    
                    WARNING  High grad norm: 1096.98 at epoch=77 step=17121    
[04/21/26 23:36:55] WARNING  High grad norm: 2110.43 at epoch=77 step=17122    
                    WARNING  High grad norm: 981.33 at epoch=77 step=17123     
                    WARNING  High grad norm: 1108.05 at epoch=77 step=17124    
                    WARNING  High grad norm: 1386.38 at epoch=77 step=17125    
[04/21/26 23:36:56] WARNING  High grad norm: 1092.36 at epoch=77 step=17126    
                    WARNING  High grad norm: 800.81 at epoch=77 step=17127     
                    WARNING  High grad norm: 719.90 at epoch=77 step=17128     
                    WARNING  High grad norm: 1288.66 at epoch=77 step=17129    
                    WARNING  High grad norm: 3121.51 at epoch=77 step=17130    
[04/21/26 23:36:57] WARNING  High grad norm: 1395.97 at epoch=77 step=17131    
                    WARNING  High grad norm: 1145.18 at epoch=77 step=17132    
                    WARNING  High grad norm: 749.14 at epoch=77 step=17133     
                    WARNING  High grad norm: 1195.05 at epoch=77 step=17134    
[04/21/26 23:36:58] WARNING  High grad norm: 1102.71 at epoch=77 step=17135    
                    WARNING  High grad norm: 561.69 at epoch=77 step=17136     
                    WARNING  High grad norm: 1635.12 at epoch=77 step=17137    
                    WARNING  High grad norm: 2001.37 at epoch=77 step=17138    
                    WARNING  High grad norm: 1171.20 at epoch=77 step=17139    
[04/21/26 23:36:59] WARNING  High grad norm: 848.86 at epoch=77 step=17140     
                    WARNING  High grad norm: 928.82 at epoch=77 step=17141     
                    WARNING  High grad norm: 870.32 at epoch=77 step=17142     
                    WARNING  High grad norm: 628.71 at epoch=77 step=17143     
[04/21/26 23:37:00] WARNING  High grad norm: 1224.02 at epoch=77 step=17144    
                    WARNING  High grad norm: 760.62 at epoch=77 step=17145     
                    WARNING  High grad norm: 1989.57 at epoch=77 step=17146    
                    WARNING  High grad norm: 1436.65 at epoch=77 step=17147    
                    WARNING  High grad norm: 1257.07 at epoch=77 step=17148    
[04/21/26 23:37:01] WARNING  High grad norm: 1180.11 at epoch=77 step=17149    
                    WARNING  High grad norm: 713.93 at epoch=77 step=17150     
                    WARNING  High grad norm: 609.75 at epoch=77 step=17151     
                    WARNING  High grad norm: 1106.23 at epoch=77 step=17152    
[04/21/26 23:37:02] WARNING  High grad norm: 893.55 at epoch=77 step=17153     
                    WARNING  High grad norm: 649.23 at epoch=77 step=17154     
                    WARNING  High grad norm: 992.98 at epoch=77 step=17155     
                    WARNING  High grad norm: 782.76 at epoch=77 step=17156     
                    WARNING  High grad norm: 930.57 at epoch=77 step=17157     
[04/21/26 23:37:03] WARNING  High grad norm: 570.76 at epoch=77 step=17158     
                    WARNING  High grad norm: 829.59 at epoch=77 step=17159     
                    WARNING  High grad norm: 1293.41 at epoch=77 step=17160    
                    WARNING  High grad norm: 815.23 at epoch=77 step=17161     
[04/21/26 23:37:04] WARNING  High grad norm: 821.82 at epoch=77 step=17162     
                    WARNING  High grad norm: 579.20 at epoch=77 step=17163     
                    WARNING  High grad norm: 730.94 at epoch=77 step=17164     
                    WARNING  High grad norm: 1135.63 at epoch=77 step=17165    
                    WARNING  High grad norm: 832.06 at epoch=77 step=17166     
[04/21/26 23:37:05] WARNING  High grad norm: 1334.40 at epoch=77 step=17167    
                    WARNING  High grad norm: 955.51 at epoch=77 step=17168     
                    WARNING  High grad norm: 1234.58 at epoch=77 step=17169    
                    WARNING  High grad norm: 944.34 at epoch=77 step=17170     
[04/21/26 23:37:06] INFO     epoch=77 avg_loss=479.1415 lr=1.00e-06            
[04/21/26 23:37:20] WARNING  High grad norm: 865.84 at epoch=78 step=17171     
                    WARNING  High grad norm: 1762.19 at epoch=78 step=17172    
                    WARNING  High grad norm: 717.68 at epoch=78 step=17173     
                    WARNING  High grad norm: 1068.96 at epoch=78 step=17174    
[04/21/26 23:37:21] WARNING  High grad norm: 636.15 at epoch=78 step=17175     
                    WARNING  High grad norm: 761.12 at epoch=78 step=17176     
                    WARNING  High grad norm: 1968.51 at epoch=78 step=17177    
                    WARNING  High grad norm: 810.79 at epoch=78 step=17178     
[04/21/26 23:37:22] WARNING  High grad norm: 660.48 at epoch=78 step=17179     
                    WARNING  High grad norm: 709.86 at epoch=78 step=17180     
                    WARNING  High grad norm: 870.35 at epoch=78 step=17181     
                    WARNING  High grad norm: 967.42 at epoch=78 step=17182     
                    WARNING  High grad norm: 704.60 at epoch=78 step=17183     
[04/21/26 23:37:23] WARNING  High grad norm: 1018.79 at epoch=78 step=17184    
                    WARNING  High grad norm: 787.71 at epoch=78 step=17185     
                    WARNING  High grad norm: 561.05 at epoch=78 step=17186     
                    WARNING  High grad norm: 673.03 at epoch=78 step=17187     
[04/21/26 23:37:24] WARNING  High grad norm: 1145.80 at epoch=78 step=17188    
                    WARNING  High grad norm: 861.77 at epoch=78 step=17189     
                    WARNING  High grad norm: 2448.99 at epoch=78 step=17190    
                    WARNING  High grad norm: 1285.45 at epoch=78 step=17191    
                    WARNING  High grad norm: 782.15 at epoch=78 step=17192     
[04/21/26 23:37:25] WARNING  High grad norm: 397.09 at epoch=78 step=17193     
                    WARNING  High grad norm: 1201.71 at epoch=78 step=17194    
                    WARNING  High grad norm: 1572.68 at epoch=78 step=17195    
                    WARNING  High grad norm: 807.24 at epoch=78 step=17196     
[04/21/26 23:37:26] WARNING  High grad norm: 902.01 at epoch=78 step=17197     
                    WARNING  High grad norm: 991.12 at epoch=78 step=17198     
                    WARNING  High grad norm: 1004.05 at epoch=78 step=17199    
                    INFO     epoch=78 step=17200 loss=476.2177                 
                             grad_norm=1004.0474 lr=1.00e-06                   
                    WARNING  High grad norm: 953.81 at epoch=78 step=17200     
                    WARNING  High grad norm: 1748.44 at epoch=78 step=17201    
[04/21/26 23:37:27] WARNING  High grad norm: 1351.35 at epoch=78 step=17202    
                    WARNING  High grad norm: 1027.50 at epoch=78 step=17203    
                    WARNING  High grad norm: 1118.02 at epoch=78 step=17204    
                    WARNING  High grad norm: 970.75 at epoch=78 step=17205     
                    WARNING  High grad norm: 943.09 at epoch=78 step=17206     
[04/21/26 23:37:28] WARNING  High grad norm: 817.08 at epoch=78 step=17207     
                    WARNING  High grad norm: 871.27 at epoch=78 step=17208     
                    WARNING  High grad norm: 623.64 at epoch=78 step=17209     
                    WARNING  High grad norm: 1215.65 at epoch=78 step=17210    
[04/21/26 23:37:29] WARNING  High grad norm: 850.15 at epoch=78 step=17211     
                    WARNING  High grad norm: 1013.77 at epoch=78 step=17212    
                    WARNING  High grad norm: 1948.92 at epoch=78 step=17213    
                    WARNING  High grad norm: 814.84 at epoch=78 step=17214     
                    WARNING  High grad norm: 840.47 at epoch=78 step=17215     
[04/21/26 23:37:30] WARNING  High grad norm: 1086.57 at epoch=78 step=17216    
                    WARNING  High grad norm: 962.59 at epoch=78 step=17217     
                    WARNING  High grad norm: 1057.22 at epoch=78 step=17218    
                    WARNING  High grad norm: 2458.97 at epoch=78 step=17219    
[04/21/26 23:37:31] WARNING  High grad norm: 753.68 at epoch=78 step=17220     
                    WARNING  High grad norm: 2056.26 at epoch=78 step=17221    
                    WARNING  High grad norm: 1290.47 at epoch=78 step=17222    
                    WARNING  High grad norm: 1098.02 at epoch=78 step=17223    
[04/21/26 23:37:32] WARNING  High grad norm: 898.22 at epoch=78 step=17224     
                    WARNING  High grad norm: 697.13 at epoch=78 step=17225     
                    WARNING  High grad norm: 758.34 at epoch=78 step=17226     
                    WARNING  High grad norm: 832.69 at epoch=78 step=17227     
                    WARNING  High grad norm: 2298.37 at epoch=78 step=17228    
[04/21/26 23:37:33] WARNING  High grad norm: 1853.79 at epoch=78 step=17229    
                    WARNING  High grad norm: 774.95 at epoch=78 step=17230     
                    WARNING  High grad norm: 1024.92 at epoch=78 step=17231    
                    WARNING  High grad norm: 2484.79 at epoch=78 step=17232    
[04/21/26 23:37:34] WARNING  High grad norm: 780.84 at epoch=78 step=17233     
                    WARNING  High grad norm: 1489.72 at epoch=78 step=17234    
                    WARNING  High grad norm: 974.00 at epoch=78 step=17235     
                    WARNING  High grad norm: 872.66 at epoch=78 step=17236     
                    WARNING  High grad norm: 2428.37 at epoch=78 step=17237    
[04/21/26 23:37:35] WARNING  High grad norm: 614.03 at epoch=78 step=17238     
                    WARNING  High grad norm: 1089.88 at epoch=78 step=17239    
                    WARNING  High grad norm: 1963.23 at epoch=78 step=17240    
                    WARNING  High grad norm: 755.10 at epoch=78 step=17241     
                    WARNING  High grad norm: 1620.64 at epoch=78 step=17242    
[04/21/26 23:37:36] WARNING  High grad norm: 710.86 at epoch=78 step=17243     
                    WARNING  High grad norm: 1145.90 at epoch=78 step=17244    
                    WARNING  High grad norm: 672.36 at epoch=78 step=17245     
                    WARNING  High grad norm: 1067.73 at epoch=78 step=17246    
[04/21/26 23:37:37] WARNING  High grad norm: 1379.72 at epoch=78 step=17247    
                    WARNING  High grad norm: 692.18 at epoch=78 step=17248     
                    WARNING  High grad norm: 782.26 at epoch=78 step=17249     
                    WARNING  High grad norm: 1144.06 at epoch=78 step=17250    
[04/21/26 23:37:38] WARNING  High grad norm: 3189.06 at epoch=78 step=17251    
                    WARNING  High grad norm: 1215.56 at epoch=78 step=17252    
                    WARNING  High grad norm: 1336.48 at epoch=78 step=17253    
                    WARNING  High grad norm: 1335.30 at epoch=78 step=17254    
                    WARNING  High grad norm: 913.07 at epoch=78 step=17255     
[04/21/26 23:37:39] WARNING  High grad norm: 1530.45 at epoch=78 step=17256    
                    WARNING  High grad norm: 1131.47 at epoch=78 step=17257    
                    WARNING  High grad norm: 1088.66 at epoch=78 step=17258    
                    WARNING  High grad norm: 1963.28 at epoch=78 step=17259    
[04/21/26 23:37:40] WARNING  High grad norm: 1101.27 at epoch=78 step=17260    
                    WARNING  High grad norm: 918.24 at epoch=78 step=17261     
                    WARNING  High grad norm: 791.85 at epoch=78 step=17262     
                    WARNING  High grad norm: 1375.33 at epoch=78 step=17263    
                    WARNING  High grad norm: 1268.40 at epoch=78 step=17264    
[04/21/26 23:37:41] WARNING  High grad norm: 742.05 at epoch=78 step=17265     
                    WARNING  High grad norm: 777.79 at epoch=78 step=17266     
                    WARNING  High grad norm: 641.05 at epoch=78 step=17267     
                    WARNING  High grad norm: 653.65 at epoch=78 step=17268     
[04/21/26 23:37:42] WARNING  High grad norm: 1833.91 at epoch=78 step=17269    
                    WARNING  High grad norm: 1141.82 at epoch=78 step=17270    
                    WARNING  High grad norm: 742.15 at epoch=78 step=17271     
                    WARNING  High grad norm: 674.00 at epoch=78 step=17272     
                    WARNING  High grad norm: 2162.18 at epoch=78 step=17273    
[04/21/26 23:37:43] WARNING  High grad norm: 1319.36 at epoch=78 step=17274    
                    WARNING  High grad norm: 1693.60 at epoch=78 step=17275    
                    WARNING  High grad norm: 613.05 at epoch=78 step=17276     
                    WARNING  High grad norm: 620.08 at epoch=78 step=17277     
[04/21/26 23:37:44] WARNING  High grad norm: 1127.81 at epoch=78 step=17278    
                    WARNING  High grad norm: 792.38 at epoch=78 step=17279     
                    WARNING  High grad norm: 854.81 at epoch=78 step=17280     
                    WARNING  High grad norm: 2677.21 at epoch=78 step=17281    
                    WARNING  High grad norm: 1481.58 at epoch=78 step=17282    
[04/21/26 23:37:45] WARNING  High grad norm: 1084.51 at epoch=78 step=17283    
                    WARNING  High grad norm: 2267.83 at epoch=78 step=17284    
                    WARNING  High grad norm: 670.70 at epoch=78 step=17285     
                    WARNING  High grad norm: 1506.90 at epoch=78 step=17286    
[04/21/26 23:37:46] WARNING  High grad norm: 924.51 at epoch=78 step=17287     
                    WARNING  High grad norm: 1152.56 at epoch=78 step=17288    
                    WARNING  High grad norm: 985.48 at epoch=78 step=17289     
                    WARNING  High grad norm: 1393.60 at epoch=78 step=17290    
                    WARNING  High grad norm: 794.88 at epoch=78 step=17291     
[04/21/26 23:37:47] WARNING  High grad norm: 684.87 at epoch=78 step=17292     
                    WARNING  High grad norm: 1111.58 at epoch=78 step=17293    
                    WARNING  High grad norm: 813.77 at epoch=78 step=17294     
                    WARNING  High grad norm: 725.20 at epoch=78 step=17295     
[04/21/26 23:37:48] WARNING  High grad norm: 1379.06 at epoch=78 step=17296    
                    WARNING  High grad norm: 1331.12 at epoch=78 step=17297    
                    WARNING  High grad norm: 1047.97 at epoch=78 step=17298    
                    WARNING  High grad norm: 633.01 at epoch=78 step=17299     
                    INFO     epoch=78 step=17300 loss=478.7648                 
                             grad_norm=633.0070 lr=1.00e-06                    
                    WARNING  High grad norm: 790.35 at epoch=78 step=17300     
[04/21/26 23:37:49] WARNING  High grad norm: 768.92 at epoch=78 step=17301     
                    WARNING  High grad norm: 961.80 at epoch=78 step=17302     
                    WARNING  High grad norm: 682.34 at epoch=78 step=17303     
                    WARNING  High grad norm: 1033.45 at epoch=78 step=17304    
[04/21/26 23:37:50] WARNING  High grad norm: 476.88 at epoch=78 step=17305     
                    WARNING  High grad norm: 970.83 at epoch=78 step=17306     
                    WARNING  High grad norm: 643.01 at epoch=78 step=17307     
                    WARNING  High grad norm: 951.51 at epoch=78 step=17308     
                    WARNING  High grad norm: 1050.77 at epoch=78 step=17309    
[04/21/26 23:37:51] WARNING  High grad norm: 794.63 at epoch=78 step=17310     
                    WARNING  High grad norm: 2933.30 at epoch=78 step=17311    
                    WARNING  High grad norm: 1029.79 at epoch=78 step=17312    
                    WARNING  High grad norm: 1078.62 at epoch=78 step=17313    
[04/21/26 23:37:52] WARNING  High grad norm: 799.62 at epoch=78 step=17314     
                    WARNING  High grad norm: 1265.45 at epoch=78 step=17315    
                    WARNING  High grad norm: 1282.08 at epoch=78 step=17316    
                    WARNING  High grad norm: 984.28 at epoch=78 step=17317     
                    WARNING  High grad norm: 2090.99 at epoch=78 step=17318    
[04/21/26 23:37:53] WARNING  High grad norm: 2738.11 at epoch=78 step=17319    
                    WARNING  High grad norm: 927.60 at epoch=78 step=17320     
                    WARNING  High grad norm: 729.69 at epoch=78 step=17321     
                    WARNING  High grad norm: 1396.96 at epoch=78 step=17322    
[04/21/26 23:37:54] WARNING  High grad norm: 1415.14 at epoch=78 step=17323    
                    WARNING  High grad norm: 1016.00 at epoch=78 step=17324    
                    WARNING  High grad norm: 1001.05 at epoch=78 step=17325    
                    WARNING  High grad norm: 712.94 at epoch=78 step=17326     
                    WARNING  High grad norm: 688.33 at epoch=78 step=17327     
[04/21/26 23:37:55] WARNING  High grad norm: 912.17 at epoch=78 step=17328     
                    WARNING  High grad norm: 652.41 at epoch=78 step=17329     
                    WARNING  High grad norm: 1572.02 at epoch=78 step=17330    
                    WARNING  High grad norm: 624.70 at epoch=78 step=17331     
[04/21/26 23:37:56] WARNING  High grad norm: 763.90 at epoch=78 step=17332     
                    WARNING  High grad norm: 1125.42 at epoch=78 step=17333    
                    WARNING  High grad norm: 970.34 at epoch=78 step=17334     
                    WARNING  High grad norm: 1631.43 at epoch=78 step=17335    
                    WARNING  High grad norm: 757.01 at epoch=78 step=17336     
[04/21/26 23:37:57] WARNING  High grad norm: 2538.78 at epoch=78 step=17337    
                    WARNING  High grad norm: 656.97 at epoch=78 step=17338     
                    WARNING  High grad norm: 756.52 at epoch=78 step=17339     
                    WARNING  High grad norm: 939.21 at epoch=78 step=17340     
[04/21/26 23:37:58] WARNING  High grad norm: 1012.31 at epoch=78 step=17341    
                    WARNING  High grad norm: 1031.79 at epoch=78 step=17342    
                    WARNING  High grad norm: 773.76 at epoch=78 step=17343     
                    WARNING  High grad norm: 1517.57 at epoch=78 step=17344    
                    WARNING  High grad norm: 1439.44 at epoch=78 step=17345    
[04/21/26 23:37:59] WARNING  High grad norm: 1089.27 at epoch=78 step=17346    
                    WARNING  High grad norm: 1566.20 at epoch=78 step=17347    
                    WARNING  High grad norm: 1245.47 at epoch=78 step=17348    
                    WARNING  High grad norm: 1264.32 at epoch=78 step=17349    
[04/21/26 23:38:00] WARNING  High grad norm: 797.98 at epoch=78 step=17350     
                    WARNING  High grad norm: 953.13 at epoch=78 step=17351     
                    WARNING  High grad norm: 854.24 at epoch=78 step=17352     
                    WARNING  High grad norm: 1701.69 at epoch=78 step=17353    
                    WARNING  High grad norm: 529.62 at epoch=78 step=17354     
[04/21/26 23:38:01] WARNING  High grad norm: 848.37 at epoch=78 step=17355     
                    WARNING  High grad norm: 1342.20 at epoch=78 step=17356    
                    WARNING  High grad norm: 727.49 at epoch=78 step=17357     
                    WARNING  High grad norm: 791.61 at epoch=78 step=17358     
[04/21/26 23:38:02] WARNING  High grad norm: 1038.96 at epoch=78 step=17359    
                    WARNING  High grad norm: 1357.31 at epoch=78 step=17360    
                    WARNING  High grad norm: 650.52 at epoch=78 step=17361     
                    WARNING  High grad norm: 723.05 at epoch=78 step=17362     
                    WARNING  High grad norm: 1855.15 at epoch=78 step=17363    
[04/21/26 23:38:03] WARNING  High grad norm: 734.73 at epoch=78 step=17364     
                    WARNING  High grad norm: 1165.95 at epoch=78 step=17365    
                    WARNING  High grad norm: 2621.03 at epoch=78 step=17366    
                    WARNING  High grad norm: 1405.76 at epoch=78 step=17367    
[04/21/26 23:38:04] WARNING  High grad norm: 715.20 at epoch=78 step=17368     
                    WARNING  High grad norm: 2553.57 at epoch=78 step=17369    
                    WARNING  High grad norm: 2480.32 at epoch=78 step=17370    
                    WARNING  High grad norm: 923.82 at epoch=78 step=17371     
                    WARNING  High grad norm: 956.50 at epoch=78 step=17372     
[04/21/26 23:38:05] WARNING  High grad norm: 1303.14 at epoch=78 step=17373    
                    WARNING  High grad norm: 1022.57 at epoch=78 step=17374    
                    WARNING  High grad norm: 692.54 at epoch=78 step=17375     
                    WARNING  High grad norm: 913.38 at epoch=78 step=17376     
[04/21/26 23:38:06] WARNING  High grad norm: 848.27 at epoch=78 step=17377     
                    WARNING  High grad norm: 873.15 at epoch=78 step=17378     
                    WARNING  High grad norm: 1532.63 at epoch=78 step=17379    
                    WARNING  High grad norm: 1919.44 at epoch=78 step=17380    
                    WARNING  High grad norm: 1799.55 at epoch=78 step=17381    
[04/21/26 23:38:07] WARNING  High grad norm: 620.16 at epoch=78 step=17382     
                    WARNING  High grad norm: 780.38 at epoch=78 step=17383     
                    WARNING  High grad norm: 1025.63 at epoch=78 step=17384    
                    WARNING  High grad norm: 1534.77 at epoch=78 step=17385    
[04/21/26 23:38:08] WARNING  High grad norm: 1805.28 at epoch=78 step=17386    
                    WARNING  High grad norm: 1956.58 at epoch=78 step=17387    
                    WARNING  High grad norm: 726.56 at epoch=78 step=17388     
                    WARNING  High grad norm: 1215.22 at epoch=78 step=17389    
                    WARNING  High grad norm: 1314.25 at epoch=78 step=17390    
[04/21/26 23:38:09] WARNING  High grad norm: 1277.09 at epoch=78 step=17391    
                    WARNING  High grad norm: 852.60 at epoch=78 step=17392     
                    WARNING  High grad norm: 1138.92 at epoch=78 step=17393    
[04/21/26 23:38:10] INFO     epoch=78 avg_loss=484.5502 lr=1.00e-06            
[04/21/26 23:38:23] WARNING  High grad norm: 689.22 at epoch=79 step=17394     
                    WARNING  High grad norm: 2033.25 at epoch=79 step=17395    
[04/21/26 23:38:24] WARNING  High grad norm: 1062.00 at epoch=79 step=17396    
                    WARNING  High grad norm: 1280.53 at epoch=79 step=17397    
                    WARNING  High grad norm: 656.94 at epoch=79 step=17398     
                    WARNING  High grad norm: 1300.19 at epoch=79 step=17399    
                    INFO     epoch=79 step=17400 loss=477.5077                 
                             grad_norm=1300.1890 lr=1.00e-06                   
[04/21/26 23:38:25] WARNING  High grad norm: 760.50 at epoch=79 step=17400     
                    WARNING  High grad norm: 1466.09 at epoch=79 step=17401    
                    WARNING  High grad norm: 2342.80 at epoch=79 step=17402    
                    WARNING  High grad norm: 1410.82 at epoch=79 step=17403    
                    WARNING  High grad norm: 1428.79 at epoch=79 step=17404    
[04/21/26 23:38:26] WARNING  High grad norm: 663.84 at epoch=79 step=17405     
                    WARNING  High grad norm: 1092.28 at epoch=79 step=17406    
                    WARNING  High grad norm: 897.67 at epoch=79 step=17407     
                    WARNING  High grad norm: 2151.64 at epoch=79 step=17408    
[04/21/26 23:38:27] WARNING  High grad norm: 1400.20 at epoch=79 step=17409    
                    WARNING  High grad norm: 566.82 at epoch=79 step=17410     
                    WARNING  High grad norm: 791.71 at epoch=79 step=17411     
                    WARNING  High grad norm: 856.28 at epoch=79 step=17412     
                    WARNING  High grad norm: 968.23 at epoch=79 step=17413     
[04/21/26 23:38:28] WARNING  High grad norm: 1574.65 at epoch=79 step=17414    
                    WARNING  High grad norm: 2176.17 at epoch=79 step=17415    
                    WARNING  High grad norm: 926.09 at epoch=79 step=17416     
                    WARNING  High grad norm: 1052.44 at epoch=79 step=17417    
[04/21/26 23:38:29] WARNING  High grad norm: 1555.18 at epoch=79 step=17418    
                    WARNING  High grad norm: 1051.57 at epoch=79 step=17419    
                    WARNING  High grad norm: 1404.98 at epoch=79 step=17420    
                    WARNING  High grad norm: 2563.91 at epoch=79 step=17421    
                    WARNING  High grad norm: 1271.42 at epoch=79 step=17422    
[04/21/26 23:38:30] WARNING  High grad norm: 609.84 at epoch=79 step=17423     
                    WARNING  High grad norm: 673.09 at epoch=79 step=17424     
                    WARNING  High grad norm: 2728.55 at epoch=79 step=17425    
                    WARNING  High grad norm: 2249.45 at epoch=79 step=17426    
[04/21/26 23:38:31] WARNING  High grad norm: 706.90 at epoch=79 step=17427     
                    WARNING  High grad norm: 1093.40 at epoch=79 step=17428    
                    WARNING  High grad norm: 1813.94 at epoch=79 step=17429    
                    WARNING  High grad norm: 2436.73 at epoch=79 step=17430    
                    WARNING  High grad norm: 729.03 at epoch=79 step=17431     
[04/21/26 23:38:32] WARNING  High grad norm: 1125.01 at epoch=79 step=17432    
                    WARNING  High grad norm: 882.54 at epoch=79 step=17433     
                    WARNING  High grad norm: 389.44 at epoch=79 step=17434     
                    WARNING  High grad norm: 821.44 at epoch=79 step=17435     
[04/21/26 23:38:33] WARNING  High grad norm: 666.95 at epoch=79 step=17436     
                    WARNING  High grad norm: 1038.29 at epoch=79 step=17437    
                    WARNING  High grad norm: 954.78 at epoch=79 step=17438     
                    WARNING  High grad norm: 974.62 at epoch=79 step=17439     
                    WARNING  High grad norm: 745.30 at epoch=79 step=17440     
[04/21/26 23:38:34] WARNING  High grad norm: 1451.64 at epoch=79 step=17441    
                    WARNING  High grad norm: 809.62 at epoch=79 step=17442     
                    WARNING  High grad norm: 1044.07 at epoch=79 step=17443    
                    WARNING  High grad norm: 1263.88 at epoch=79 step=17444    
[04/21/26 23:38:35] WARNING  High grad norm: 1613.75 at epoch=79 step=17445    
                    WARNING  High grad norm: 781.25 at epoch=79 step=17446     
                    WARNING  High grad norm: 725.50 at epoch=79 step=17447     
                    WARNING  High grad norm: 822.28 at epoch=79 step=17448     
                    WARNING  High grad norm: 969.75 at epoch=79 step=17449     
[04/21/26 23:38:36] WARNING  High grad norm: 1334.32 at epoch=79 step=17450    
                    WARNING  High grad norm: 873.11 at epoch=79 step=17451     
                    WARNING  High grad norm: 578.90 at epoch=79 step=17452     
                    WARNING  High grad norm: 819.23 at epoch=79 step=17453     
[04/21/26 23:38:37] WARNING  High grad norm: 1966.96 at epoch=79 step=17454    
                    WARNING  High grad norm: 668.35 at epoch=79 step=17455     
                    WARNING  High grad norm: 1030.60 at epoch=79 step=17456    
                    WARNING  High grad norm: 1143.26 at epoch=79 step=17457    
                    WARNING  High grad norm: 850.72 at epoch=79 step=17458     
[04/21/26 23:38:38] WARNING  High grad norm: 2629.52 at epoch=79 step=17459    
                    WARNING  High grad norm: 894.88 at epoch=79 step=17460     
                    WARNING  High grad norm: 953.00 at epoch=79 step=17461     
                    WARNING  High grad norm: 1206.29 at epoch=79 step=17462    
[04/21/26 23:38:39] WARNING  High grad norm: 685.30 at epoch=79 step=17463     
                    WARNING  High grad norm: 596.75 at epoch=79 step=17464     
                    WARNING  High grad norm: 1360.08 at epoch=79 step=17465    
                    WARNING  High grad norm: 895.13 at epoch=79 step=17466     
                    WARNING  High grad norm: 754.88 at epoch=79 step=17467     
[04/21/26 23:38:40] WARNING  High grad norm: 2255.18 at epoch=79 step=17468    
                    WARNING  High grad norm: 704.08 at epoch=79 step=17469     
                    WARNING  High grad norm: 914.84 at epoch=79 step=17470     
                    WARNING  High grad norm: 1440.04 at epoch=79 step=17471    
[04/21/26 23:38:41] WARNING  High grad norm: 952.13 at epoch=79 step=17472     
                    WARNING  High grad norm: 2178.22 at epoch=79 step=17473    
                    WARNING  High grad norm: 4712.47 at epoch=79 step=17474    
                    WARNING  High grad norm: 1356.55 at epoch=79 step=17475    
                    WARNING  High grad norm: 2605.57 at epoch=79 step=17476    
[04/21/26 23:38:42] WARNING  High grad norm: 2100.67 at epoch=79 step=17477    
                    WARNING  High grad norm: 859.19 at epoch=79 step=17478     
                    WARNING  High grad norm: 1116.82 at epoch=79 step=17479    
                    WARNING  High grad norm: 2009.65 at epoch=79 step=17480    
[04/21/26 23:38:43] WARNING  High grad norm: 3197.35 at epoch=79 step=17481    
                    WARNING  High grad norm: 1017.22 at epoch=79 step=17482    
                    WARNING  High grad norm: 650.44 at epoch=79 step=17483     
                    WARNING  High grad norm: 776.80 at epoch=79 step=17484     
                    WARNING  High grad norm: 2122.59 at epoch=79 step=17485    
[04/21/26 23:38:44] WARNING  High grad norm: 2075.53 at epoch=79 step=17486    
                    WARNING  High grad norm: 1899.08 at epoch=79 step=17487    
                    WARNING  High grad norm: 1137.14 at epoch=79 step=17488    
                    WARNING  High grad norm: 836.76 at epoch=79 step=17489     
[04/21/26 23:38:45] WARNING  High grad norm: 1174.15 at epoch=79 step=17490    
                    WARNING  High grad norm: 1106.62 at epoch=79 step=17491    
                    WARNING  High grad norm: 770.93 at epoch=79 step=17492     
                    WARNING  High grad norm: 1531.60 at epoch=79 step=17493    
                    WARNING  High grad norm: 623.15 at epoch=79 step=17494     
[04/21/26 23:38:46] WARNING  High grad norm: 2028.87 at epoch=79 step=17495    
                    WARNING  High grad norm: 670.22 at epoch=79 step=17496     
                    WARNING  High grad norm: 707.33 at epoch=79 step=17497     
                    WARNING  High grad norm: 486.32 at epoch=79 step=17498     
[04/21/26 23:38:47] WARNING  High grad norm: 872.55 at epoch=79 step=17499     
                    INFO     epoch=79 step=17500 loss=484.5995                 
                             grad_norm=872.5467 lr=1.00e-06                    
                    WARNING  High grad norm: 1042.54 at epoch=79 step=17500    
                    WARNING  High grad norm: 641.97 at epoch=79 step=17501     
                    WARNING  High grad norm: 1380.82 at epoch=79 step=17502    
                    WARNING  High grad norm: 882.97 at epoch=79 step=17503     
[04/21/26 23:38:48] WARNING  High grad norm: 1574.17 at epoch=79 step=17504    
                    WARNING  High grad norm: 771.01 at epoch=79 step=17505     
                    WARNING  High grad norm: 1521.96 at epoch=79 step=17506    
                    WARNING  High grad norm: 565.44 at epoch=79 step=17507     
[04/21/26 23:38:49] WARNING  High grad norm: 636.16 at epoch=79 step=17508     
                    WARNING  High grad norm: 1343.88 at epoch=79 step=17509    
                    WARNING  High grad norm: 779.05 at epoch=79 step=17510     
                    WARNING  High grad norm: 889.08 at epoch=79 step=17511     
                    WARNING  High grad norm: 700.46 at epoch=79 step=17512     
[04/21/26 23:38:50] WARNING  High grad norm: 559.18 at epoch=79 step=17513     
                    WARNING  High grad norm: 898.11 at epoch=79 step=17514     
                    WARNING  High grad norm: 1252.57 at epoch=79 step=17515    
                    WARNING  High grad norm: 664.45 at epoch=79 step=17516     
[04/21/26 23:38:51] WARNING  High grad norm: 1547.88 at epoch=79 step=17517    
                    WARNING  High grad norm: 2061.53 at epoch=79 step=17518    
                    WARNING  High grad norm: 2678.24 at epoch=79 step=17519    
                    WARNING  High grad norm: 1789.88 at epoch=79 step=17520    
                    WARNING  High grad norm: 1054.96 at epoch=79 step=17521    
[04/21/26 23:38:52] WARNING  High grad norm: 660.52 at epoch=79 step=17522     
                    WARNING  High grad norm: 729.17 at epoch=79 step=17523     
                    WARNING  High grad norm: 656.96 at epoch=79 step=17524     
                    WARNING  High grad norm: 903.72 at epoch=79 step=17525     
[04/21/26 23:38:53] WARNING  High grad norm: 1778.90 at epoch=79 step=17526    
                    WARNING  High grad norm: 2515.23 at epoch=79 step=17527    
                    WARNING  High grad norm: 800.74 at epoch=79 step=17528     
                    WARNING  High grad norm: 521.85 at epoch=79 step=17529     
                    WARNING  High grad norm: 780.91 at epoch=79 step=17530     
[04/21/26 23:38:54] WARNING  High grad norm: 2694.39 at epoch=79 step=17531    
                    WARNING  High grad norm: 1869.94 at epoch=79 step=17532    
                    WARNING  High grad norm: 1742.30 at epoch=79 step=17533    
                    WARNING  High grad norm: 1535.45 at epoch=79 step=17534    
[04/21/26 23:38:55] WARNING  High grad norm: 685.12 at epoch=79 step=17535     
                    WARNING  High grad norm: 1923.02 at epoch=79 step=17536    
                    WARNING  High grad norm: 1546.89 at epoch=79 step=17537    
                    WARNING  High grad norm: 2223.94 at epoch=79 step=17538    
                    WARNING  High grad norm: 2927.60 at epoch=79 step=17539    
[04/21/26 23:38:56] WARNING  High grad norm: 3490.45 at epoch=79 step=17540    
                    WARNING  High grad norm: 1355.57 at epoch=79 step=17541    
                    WARNING  High grad norm: 540.37 at epoch=79 step=17542     
                    WARNING  High grad norm: 1283.58 at epoch=79 step=17543    
[04/21/26 23:38:57] WARNING  High grad norm: 961.99 at epoch=79 step=17544     
                    WARNING  High grad norm: 1313.55 at epoch=79 step=17545    
                    WARNING  High grad norm: 886.69 at epoch=79 step=17546     
                    WARNING  High grad norm: 892.93 at epoch=79 step=17547     
                    WARNING  High grad norm: 1001.09 at epoch=79 step=17548    
[04/21/26 23:38:58] WARNING  High grad norm: 632.12 at epoch=79 step=17549     
                    WARNING  High grad norm: 868.48 at epoch=79 step=17550     
                    WARNING  High grad norm: 1008.45 at epoch=79 step=17551    
                    WARNING  High grad norm: 1980.88 at epoch=79 step=17552    
[04/21/26 23:38:59] WARNING  High grad norm: 873.90 at epoch=79 step=17553     
                    WARNING  High grad norm: 755.38 at epoch=79 step=17554     
                    WARNING  High grad norm: 601.49 at epoch=79 step=17555     
                    WARNING  High grad norm: 571.33 at epoch=79 step=17556     
[04/21/26 23:39:00] WARNING  High grad norm: 693.85 at epoch=79 step=17557     
                    WARNING  High grad norm: 597.97 at epoch=79 step=17558     
                    WARNING  High grad norm: 673.04 at epoch=79 step=17559     
                    WARNING  High grad norm: 2150.98 at epoch=79 step=17560    
                    WARNING  High grad norm: 824.17 at epoch=79 step=17561     
[04/21/26 23:39:01] WARNING  High grad norm: 1002.36 at epoch=79 step=17562    
                    WARNING  High grad norm: 1532.17 at epoch=79 step=17563    
                    WARNING  High grad norm: 720.40 at epoch=79 step=17564     
                    WARNING  High grad norm: 733.51 at epoch=79 step=17565     
[04/21/26 23:39:02] WARNING  High grad norm: 1115.41 at epoch=79 step=17566    
                    WARNING  High grad norm: 677.23 at epoch=79 step=17567     
                    WARNING  High grad norm: 1361.10 at epoch=79 step=17568    
                    WARNING  High grad norm: 1028.62 at epoch=79 step=17569    
                    WARNING  High grad norm: 1036.52 at epoch=79 step=17570    
[04/21/26 23:39:03] WARNING  High grad norm: 863.72 at epoch=79 step=17571     
                    WARNING  High grad norm: 852.38 at epoch=79 step=17572     
                    WARNING  High grad norm: 818.72 at epoch=79 step=17573     
                    WARNING  High grad norm: 572.33 at epoch=79 step=17574     
[04/21/26 23:39:04] WARNING  High grad norm: 1183.92 at epoch=79 step=17575    
                    WARNING  High grad norm: 833.88 at epoch=79 step=17576     
                    WARNING  High grad norm: 849.68 at epoch=79 step=17577     
                    WARNING  High grad norm: 939.44 at epoch=79 step=17578     
                    WARNING  High grad norm: 893.40 at epoch=79 step=17579     
[04/21/26 23:39:05] WARNING  High grad norm: 865.04 at epoch=79 step=17580     
                    WARNING  High grad norm: 575.49 at epoch=79 step=17581     
                    WARNING  High grad norm: 727.79 at epoch=79 step=17582     
                    WARNING  High grad norm: 1781.23 at epoch=79 step=17583    
[04/21/26 23:39:06] WARNING  High grad norm: 634.45 at epoch=79 step=17584     
                    WARNING  High grad norm: 1497.14 at epoch=79 step=17585    
                    WARNING  High grad norm: 1546.45 at epoch=79 step=17586    
                    WARNING  High grad norm: 1484.91 at epoch=79 step=17587    
                    WARNING  High grad norm: 1561.18 at epoch=79 step=17588    
[04/21/26 23:39:07] WARNING  High grad norm: 1763.22 at epoch=79 step=17589    
                    WARNING  High grad norm: 729.21 at epoch=79 step=17590     
                    WARNING  High grad norm: 698.86 at epoch=79 step=17591     
                    WARNING  High grad norm: 1019.66 at epoch=79 step=17592    
[04/21/26 23:39:08] WARNING  High grad norm: 3067.89 at epoch=79 step=17593    
                    WARNING  High grad norm: 1091.11 at epoch=79 step=17594    
                    WARNING  High grad norm: 1543.56 at epoch=79 step=17595    
                    WARNING  High grad norm: 869.35 at epoch=79 step=17596     
                    WARNING  High grad norm: 788.03 at epoch=79 step=17597     
[04/21/26 23:39:09] WARNING  High grad norm: 2484.83 at epoch=79 step=17598    
                    WARNING  High grad norm: 761.77 at epoch=79 step=17599     
                    INFO     epoch=79 step=17600 loss=484.2088                 
                             grad_norm=761.7676 lr=1.00e-06                    
                    WARNING  High grad norm: 633.04 at epoch=79 step=17600     
                    WARNING  High grad norm: 1586.20 at epoch=79 step=17601    
[04/21/26 23:39:10] WARNING  High grad norm: 1760.50 at epoch=79 step=17602    
                    WARNING  High grad norm: 965.62 at epoch=79 step=17603     
                    WARNING  High grad norm: 474.93 at epoch=79 step=17604     
                    WARNING  High grad norm: 1035.79 at epoch=79 step=17605    
                    WARNING  High grad norm: 1337.51 at epoch=79 step=17606    
[04/21/26 23:39:11] WARNING  High grad norm: 2140.12 at epoch=79 step=17607    
                    WARNING  High grad norm: 691.08 at epoch=79 step=17608     
                    WARNING  High grad norm: 1484.43 at epoch=79 step=17609    
                    WARNING  High grad norm: 1862.08 at epoch=79 step=17610    
[04/21/26 23:39:12] WARNING  High grad norm: 1047.99 at epoch=79 step=17611    
                    WARNING  High grad norm: 589.62 at epoch=79 step=17612     
                    WARNING  High grad norm: 1182.99 at epoch=79 step=17613    
                    WARNING  High grad norm: 793.60 at epoch=79 step=17614     
                    WARNING  High grad norm: 1398.34 at epoch=79 step=17615    
[04/21/26 23:39:13] WARNING  High grad norm: 873.68 at epoch=79 step=17616     
                    INFO     epoch=79 avg_loss=484.3905 lr=1.00e-06            
[04/21/26 23:39:27] WARNING  High grad norm: 845.56 at epoch=80 step=17617     
                    WARNING  High grad norm: 1631.21 at epoch=80 step=17618    
                    WARNING  High grad norm: 610.16 at epoch=80 step=17619     
                    WARNING  High grad norm: 1965.15 at epoch=80 step=17620    
[04/21/26 23:39:28] WARNING  High grad norm: 976.88 at epoch=80 step=17621     
                    WARNING  High grad norm: 1615.87 at epoch=80 step=17622    
                    WARNING  High grad norm: 1464.07 at epoch=80 step=17623    
                    WARNING  High grad norm: 644.85 at epoch=80 step=17624     
[04/21/26 23:39:29] WARNING  High grad norm: 1650.42 at epoch=80 step=17625    
                    WARNING  High grad norm: 1203.58 at epoch=80 step=17626    
                    WARNING  High grad norm: 637.76 at epoch=80 step=17627     
                    WARNING  High grad norm: 687.99 at epoch=80 step=17628     
                    WARNING  High grad norm: 688.86 at epoch=80 step=17629     
[04/21/26 23:39:30] WARNING  High grad norm: 1023.76 at epoch=80 step=17630    
                    WARNING  High grad norm: 688.97 at epoch=80 step=17631     
                    WARNING  High grad norm: 810.79 at epoch=80 step=17632     
                    WARNING  High grad norm: 812.73 at epoch=80 step=17633     
[04/21/26 23:39:31] WARNING  High grad norm: 1301.37 at epoch=80 step=17634    
                    WARNING  High grad norm: 1096.59 at epoch=80 step=17635    
                    WARNING  High grad norm: 1061.65 at epoch=80 step=17636    
                    WARNING  High grad norm: 632.80 at epoch=80 step=17637     
                    WARNING  High grad norm: 962.56 at epoch=80 step=17638     
[04/21/26 23:39:32] WARNING  High grad norm: 1989.21 at epoch=80 step=17639    
                    WARNING  High grad norm: 1146.09 at epoch=80 step=17640    
                    WARNING  High grad norm: 1307.51 at epoch=80 step=17641    
                    WARNING  High grad norm: 1158.59 at epoch=80 step=17642    
[04/21/26 23:39:33] WARNING  High grad norm: 817.06 at epoch=80 step=17643     
                    WARNING  High grad norm: 871.67 at epoch=80 step=17644     
                    WARNING  High grad norm: 2222.73 at epoch=80 step=17645    
                    WARNING  High grad norm: 1394.87 at epoch=80 step=17646    
                    WARNING  High grad norm: 1047.41 at epoch=80 step=17647    
[04/21/26 23:39:34] WARNING  High grad norm: 979.48 at epoch=80 step=17648     
                    WARNING  High grad norm: 962.12 at epoch=80 step=17649     
                    WARNING  High grad norm: 1298.61 at epoch=80 step=17650    
                    WARNING  High grad norm: 955.85 at epoch=80 step=17651     
[04/21/26 23:39:35] WARNING  High grad norm: 597.65 at epoch=80 step=17652     
                    WARNING  High grad norm: 2264.97 at epoch=80 step=17653    
                    WARNING  High grad norm: 1455.20 at epoch=80 step=17654    
                    WARNING  High grad norm: 1188.98 at epoch=80 step=17655    
                    WARNING  High grad norm: 852.26 at epoch=80 step=17656     
[04/21/26 23:39:36] WARNING  High grad norm: 931.78 at epoch=80 step=17657     
                    WARNING  High grad norm: 971.85 at epoch=80 step=17658     
                    WARNING  High grad norm: 1494.21 at epoch=80 step=17659    
                    WARNING  High grad norm: 601.04 at epoch=80 step=17660     
[04/21/26 23:39:37] WARNING  High grad norm: 820.94 at epoch=80 step=17661     
                    WARNING  High grad norm: 679.41 at epoch=80 step=17662     
                    WARNING  High grad norm: 1555.67 at epoch=80 step=17663    
                    WARNING  High grad norm: 947.97 at epoch=80 step=17664     
                    WARNING  High grad norm: 896.16 at epoch=80 step=17665     
[04/21/26 23:39:38] WARNING  High grad norm: 1031.74 at epoch=80 step=17666    
                    WARNING  High grad norm: 814.96 at epoch=80 step=17667     
                    WARNING  High grad norm: 902.81 at epoch=80 step=17668     
                    WARNING  High grad norm: 495.56 at epoch=80 step=17669     
                    WARNING  High grad norm: 1092.83 at epoch=80 step=17670    
[04/21/26 23:39:39] WARNING  High grad norm: 725.13 at epoch=80 step=17671     
                    WARNING  High grad norm: 483.45 at epoch=80 step=17672     
                    WARNING  High grad norm: 1311.19 at epoch=80 step=17673    
                    WARNING  High grad norm: 2186.45 at epoch=80 step=17674    
[04/21/26 23:39:40] WARNING  High grad norm: 931.19 at epoch=80 step=17675     
                    WARNING  High grad norm: 956.19 at epoch=80 step=17676     
                    WARNING  High grad norm: 820.02 at epoch=80 step=17677     
                    WARNING  High grad norm: 1414.02 at epoch=80 step=17678    
                    WARNING  High grad norm: 988.02 at epoch=80 step=17679     
[04/21/26 23:39:41] WARNING  High grad norm: 1293.57 at epoch=80 step=17680    
                    WARNING  High grad norm: 553.68 at epoch=80 step=17681     
                    WARNING  High grad norm: 1261.39 at epoch=80 step=17682    
                    WARNING  High grad norm: 1088.47 at epoch=80 step=17683    
[04/21/26 23:39:42] WARNING  High grad norm: 877.98 at epoch=80 step=17684     
                    WARNING  High grad norm: 2451.67 at epoch=80 step=17685    
                    WARNING  High grad norm: 587.97 at epoch=80 step=17686     
                    WARNING  High grad norm: 753.32 at epoch=80 step=17687     
                    WARNING  High grad norm: 597.40 at epoch=80 step=17688     
[04/21/26 23:39:43] WARNING  High grad norm: 1088.37 at epoch=80 step=17689    
                    WARNING  High grad norm: 590.71 at epoch=80 step=17690     
                    WARNING  High grad norm: 673.31 at epoch=80 step=17691     
                    WARNING  High grad norm: 1464.53 at epoch=80 step=17692    
[04/21/26 23:39:44] WARNING  High grad norm: 1377.84 at epoch=80 step=17693    
                    WARNING  High grad norm: 1371.08 at epoch=80 step=17694    
                    WARNING  High grad norm: 1721.63 at epoch=80 step=17695    
                    WARNING  High grad norm: 1814.88 at epoch=80 step=17696    
[04/21/26 23:39:45] WARNING  High grad norm: 582.62 at epoch=80 step=17697     
                    WARNING  High grad norm: 860.91 at epoch=80 step=17698     
                    WARNING  High grad norm: 951.99 at epoch=80 step=17699     
                    INFO     epoch=80 step=17700 loss=480.3785                 
                             grad_norm=951.9864 lr=1.00e-06                    
                    WARNING  High grad norm: 528.69 at epoch=80 step=17700     
                    WARNING  High grad norm: 802.92 at epoch=80 step=17701     
[04/21/26 23:39:46] WARNING  High grad norm: 886.91 at epoch=80 step=17702     
                    WARNING  High grad norm: 710.31 at epoch=80 step=17703     
                    WARNING  High grad norm: 570.97 at epoch=80 step=17704     
                    WARNING  High grad norm: 2247.80 at epoch=80 step=17705    
[04/21/26 23:39:47] WARNING  High grad norm: 772.02 at epoch=80 step=17706     
                    WARNING  High grad norm: 1347.87 at epoch=80 step=17707    
                    WARNING  High grad norm: 1285.74 at epoch=80 step=17708    
                    WARNING  High grad norm: 716.25 at epoch=80 step=17709     
                    WARNING  High grad norm: 1090.23 at epoch=80 step=17710    
[04/21/26 23:39:48] WARNING  High grad norm: 1022.82 at epoch=80 step=17711    
                    WARNING  High grad norm: 821.44 at epoch=80 step=17712     
                    WARNING  High grad norm: 1139.30 at epoch=80 step=17713    
                    WARNING  High grad norm: 756.77 at epoch=80 step=17714     
                    WARNING  High grad norm: 1296.77 at epoch=80 step=17715    
[04/21/26 23:39:49] WARNING  High grad norm: 569.42 at epoch=80 step=17716     
                    WARNING  High grad norm: 890.93 at epoch=80 step=17717     
                    WARNING  High grad norm: 1235.83 at epoch=80 step=17718    
                    WARNING  High grad norm: 1589.28 at epoch=80 step=17719    
[04/21/26 23:39:50] WARNING  High grad norm: 760.27 at epoch=80 step=17720     
                    WARNING  High grad norm: 1061.32 at epoch=80 step=17721    
                    WARNING  High grad norm: 1156.40 at epoch=80 step=17722    
                    WARNING  High grad norm: 2506.05 at epoch=80 step=17723    
                    WARNING  High grad norm: 1223.80 at epoch=80 step=17724    
[04/21/26 23:39:51] WARNING  High grad norm: 1234.86 at epoch=80 step=17725    
                    WARNING  High grad norm: 1145.93 at epoch=80 step=17726    
                    WARNING  High grad norm: 1032.00 at epoch=80 step=17727    
                    WARNING  High grad norm: 1040.27 at epoch=80 step=17728    
[04/21/26 23:39:52] WARNING  High grad norm: 509.93 at epoch=80 step=17729     
                    WARNING  High grad norm: 548.27 at epoch=80 step=17730     
                    WARNING  High grad norm: 2103.36 at epoch=80 step=17731    
                    WARNING  High grad norm: 1821.57 at epoch=80 step=17732    
                    WARNING  High grad norm: 994.78 at epoch=80 step=17733     
[04/21/26 23:39:53] WARNING  High grad norm: 1037.08 at epoch=80 step=17734    
                    WARNING  High grad norm: 1112.23 at epoch=80 step=17735    
                    WARNING  High grad norm: 1369.97 at epoch=80 step=17736    
                    WARNING  High grad norm: 1025.51 at epoch=80 step=17737    
[04/21/26 23:39:54] WARNING  High grad norm: 982.81 at epoch=80 step=17738     
                    WARNING  High grad norm: 785.66 at epoch=80 step=17739     
                    WARNING  High grad norm: 1052.92 at epoch=80 step=17740    
                    WARNING  High grad norm: 1427.08 at epoch=80 step=17741    
                    WARNING  High grad norm: 731.78 at epoch=80 step=17742     
[04/21/26 23:39:55] WARNING  High grad norm: 1572.15 at epoch=80 step=17743    
                    WARNING  High grad norm: 745.36 at epoch=80 step=17744     
                    WARNING  High grad norm: 2015.70 at epoch=80 step=17745    
                    WARNING  High grad norm: 906.57 at epoch=80 step=17746     
[04/21/26 23:39:56] WARNING  High grad norm: 2009.23 at epoch=80 step=17747    
                    WARNING  High grad norm: 1907.46 at epoch=80 step=17748    
                    WARNING  High grad norm: 1042.60 at epoch=80 step=17749    
                    WARNING  High grad norm: 708.05 at epoch=80 step=17750     
[04/21/26 23:39:57] WARNING  High grad norm: 715.81 at epoch=80 step=17751     
                    WARNING  High grad norm: 1964.20 at epoch=80 step=17752    
                    WARNING  High grad norm: 852.58 at epoch=80 step=17753     
                    WARNING  High grad norm: 878.73 at epoch=80 step=17754     
                    WARNING  High grad norm: 1717.19 at epoch=80 step=17755    
[04/21/26 23:39:58] WARNING  High grad norm: 661.12 at epoch=80 step=17756     
                    WARNING  High grad norm: 1204.62 at epoch=80 step=17757    
                    WARNING  High grad norm: 961.69 at epoch=80 step=17758     
                    WARNING  High grad norm: 1236.28 at epoch=80 step=17759    
[04/21/26 23:39:59] WARNING  High grad norm: 775.94 at epoch=80 step=17760     
                    WARNING  High grad norm: 654.29 at epoch=80 step=17761     
                    WARNING  High grad norm: 671.75 at epoch=80 step=17762     
                    WARNING  High grad norm: 1313.49 at epoch=80 step=17763    
                    WARNING  High grad norm: 848.83 at epoch=80 step=17764     
[04/21/26 23:40:00] WARNING  High grad norm: 1022.75 at epoch=80 step=17765    
                    WARNING  High grad norm: 668.26 at epoch=80 step=17766     
                    WARNING  High grad norm: 871.64 at epoch=80 step=17767     
                    WARNING  High grad norm: 1291.00 at epoch=80 step=17768    
[04/21/26 23:40:01] WARNING  High grad norm: 1610.86 at epoch=80 step=17769    
                    WARNING  High grad norm: 589.62 at epoch=80 step=17770     
                    WARNING  High grad norm: 1300.64 at epoch=80 step=17771    
                    WARNING  High grad norm: 728.47 at epoch=80 step=17772     
                    WARNING  High grad norm: 843.10 at epoch=80 step=17773     
[04/21/26 23:40:02] WARNING  High grad norm: 819.36 at epoch=80 step=17774     
                    WARNING  High grad norm: 2375.16 at epoch=80 step=17775    
                    WARNING  High grad norm: 752.15 at epoch=80 step=17776     
                    WARNING  High grad norm: 748.70 at epoch=80 step=17777     
[04/21/26 23:40:03] WARNING  High grad norm: 1148.18 at epoch=80 step=17778    
                    WARNING  High grad norm: 846.57 at epoch=80 step=17779     
                    WARNING  High grad norm: 877.79 at epoch=80 step=17780     
                    WARNING  High grad norm: 900.07 at epoch=80 step=17781     
                    WARNING  High grad norm: 1235.39 at epoch=80 step=17782    
[04/21/26 23:40:04] WARNING  High grad norm: 900.63 at epoch=80 step=17783     
                    WARNING  High grad norm: 982.92 at epoch=80 step=17784     
                    WARNING  High grad norm: 2101.45 at epoch=80 step=17785    
                    WARNING  High grad norm: 829.09 at epoch=80 step=17786     
[04/21/26 23:40:05] WARNING  High grad norm: 888.79 at epoch=80 step=17787     
                    WARNING  High grad norm: 585.31 at epoch=80 step=17788     
                    WARNING  High grad norm: 917.15 at epoch=80 step=17789     
                    WARNING  High grad norm: 1091.01 at epoch=80 step=17790    
                    WARNING  High grad norm: 1039.92 at epoch=80 step=17791    
[04/21/26 23:40:06] WARNING  High grad norm: 1562.16 at epoch=80 step=17792    
                    WARNING  High grad norm: 909.34 at epoch=80 step=17793     
                    WARNING  High grad norm: 1121.57 at epoch=80 step=17794    
                    WARNING  High grad norm: 578.89 at epoch=80 step=17795     
[04/21/26 23:40:07] WARNING  High grad norm: 1252.04 at epoch=80 step=17796    
                    WARNING  High grad norm: 795.22 at epoch=80 step=17797     
                    WARNING  High grad norm: 665.86 at epoch=80 step=17798     
                    WARNING  High grad norm: 829.76 at epoch=80 step=17799     
                    INFO     epoch=80 step=17800 loss=484.1508                 
                             grad_norm=829.7643 lr=1.00e-06                    
                    WARNING  High grad norm: 637.49 at epoch=80 step=17800     
[04/21/26 23:40:08] WARNING  High grad norm: 697.85 at epoch=80 step=17801     
                    WARNING  High grad norm: 1602.07 at epoch=80 step=17802    
                    WARNING  High grad norm: 1406.87 at epoch=80 step=17803    
                    WARNING  High grad norm: 1521.43 at epoch=80 step=17804    
[04/21/26 23:40:09] WARNING  High grad norm: 2232.07 at epoch=80 step=17805    
                    WARNING  High grad norm: 766.19 at epoch=80 step=17806     
                    WARNING  High grad norm: 876.83 at epoch=80 step=17807     
                    WARNING  High grad norm: 690.75 at epoch=80 step=17808     
                    WARNING  High grad norm: 1110.70 at epoch=80 step=17809    
[04/21/26 23:40:10] WARNING  High grad norm: 862.10 at epoch=80 step=17810     
                    WARNING  High grad norm: 932.18 at epoch=80 step=17811     
                    WARNING  High grad norm: 634.61 at epoch=80 step=17812     
                    WARNING  High grad norm: 982.49 at epoch=80 step=17813     
[04/21/26 23:40:11] WARNING  High grad norm: 1296.05 at epoch=80 step=17814    
                    WARNING  High grad norm: 625.56 at epoch=80 step=17815     
                    WARNING  High grad norm: 1358.44 at epoch=80 step=17816    
                    WARNING  High grad norm: 642.77 at epoch=80 step=17817     
                    WARNING  High grad norm: 625.43 at epoch=80 step=17818     
[04/21/26 23:40:12] WARNING  High grad norm: 758.26 at epoch=80 step=17819     
                    WARNING  High grad norm: 710.71 at epoch=80 step=17820     
                    WARNING  High grad norm: 1392.26 at epoch=80 step=17821    
                    WARNING  High grad norm: 935.54 at epoch=80 step=17822     
[04/21/26 23:40:13] WARNING  High grad norm: 2286.36 at epoch=80 step=17823    
                    WARNING  High grad norm: 1598.14 at epoch=80 step=17824    
                    WARNING  High grad norm: 828.59 at epoch=80 step=17825     
                    WARNING  High grad norm: 1165.78 at epoch=80 step=17826    
                    WARNING  High grad norm: 946.58 at epoch=80 step=17827     
[04/21/26 23:40:14] WARNING  High grad norm: 636.91 at epoch=80 step=17828     
                    WARNING  High grad norm: 892.76 at epoch=80 step=17829     
                    WARNING  High grad norm: 1226.78 at epoch=80 step=17830    
                    WARNING  High grad norm: 858.17 at epoch=80 step=17831     
[04/21/26 23:40:15] WARNING  High grad norm: 879.55 at epoch=80 step=17832     
                    WARNING  High grad norm: 711.55 at epoch=80 step=17833     
                    WARNING  High grad norm: 703.12 at epoch=80 step=17834     
                    WARNING  High grad norm: 2010.98 at epoch=80 step=17835    
                    WARNING  High grad norm: 2052.67 at epoch=80 step=17836    
[04/21/26 23:40:16] WARNING  High grad norm: 960.46 at epoch=80 step=17837     
                    WARNING  High grad norm: 966.64 at epoch=80 step=17838     
                    WARNING  High grad norm: 1656.54 at epoch=80 step=17839    
[04/21/26 23:40:17] INFO     epoch=80 avg_loss=485.5937 lr=1.00e-06            
[04/21/26 23:40:23] INFO     Saved checkpoint to                               
                             C:\Users\artun\Desktop\ITS-project\checkpoints\sco
                             re_fmnist_v2\score_epoch_0080.pt                  
[04/21/26 23:40:37] WARNING  High grad norm: 924.42 at epoch=81 step=17840     
                    WARNING  High grad norm: 1081.88 at epoch=81 step=17841    
[04/21/26 23:40:38] WARNING  High grad norm: 1870.46 at epoch=81 step=17842    
                    WARNING  High grad norm: 892.81 at epoch=81 step=17843     
                    WARNING  High grad norm: 612.06 at epoch=81 step=17844     
                    WARNING  High grad norm: 1656.37 at epoch=81 step=17845    
                    WARNING  High grad norm: 1843.42 at epoch=81 step=17846    
[04/21/26 23:40:39] WARNING  High grad norm: 596.63 at epoch=81 step=17847     
                    WARNING  High grad norm: 832.56 at epoch=81 step=17848     
                    WARNING  High grad norm: 1004.09 at epoch=81 step=17849    
                    WARNING  High grad norm: 772.61 at epoch=81 step=17850     
[04/21/26 23:40:40] WARNING  High grad norm: 674.45 at epoch=81 step=17851     
                    WARNING  High grad norm: 843.60 at epoch=81 step=17852     
                    WARNING  High grad norm: 615.02 at epoch=81 step=17853     
                    WARNING  High grad norm: 982.24 at epoch=81 step=17854     
                    WARNING  High grad norm: 1951.10 at epoch=81 step=17855    
[04/21/26 23:40:41] WARNING  High grad norm: 1667.25 at epoch=81 step=17856    
                    WARNING  High grad norm: 1039.47 at epoch=81 step=17857    
                    WARNING  High grad norm: 1116.38 at epoch=81 step=17858    
                    WARNING  High grad norm: 928.28 at epoch=81 step=17859     
[04/21/26 23:40:42] WARNING  High grad norm: 591.28 at epoch=81 step=17860     
                    WARNING  High grad norm: 1401.35 at epoch=81 step=17861    
                    WARNING  High grad norm: 955.77 at epoch=81 step=17862     
                    WARNING  High grad norm: 1745.38 at epoch=81 step=17863    
                    WARNING  High grad norm: 877.50 at epoch=81 step=17864     
[04/21/26 23:40:43] WARNING  High grad norm: 949.02 at epoch=81 step=17865     
                    WARNING  High grad norm: 2067.36 at epoch=81 step=17866    
                    WARNING  High grad norm: 1065.11 at epoch=81 step=17867    
                    WARNING  High grad norm: 1479.15 at epoch=81 step=17868    
[04/21/26 23:40:44] WARNING  High grad norm: 648.41 at epoch=81 step=17869     
                    WARNING  High grad norm: 1086.91 at epoch=81 step=17870    
                    WARNING  High grad norm: 1055.64 at epoch=81 step=17871    
                    WARNING  High grad norm: 2562.69 at epoch=81 step=17872    
                    WARNING  High grad norm: 777.87 at epoch=81 step=17873     
[04/21/26 23:40:45] WARNING  High grad norm: 636.94 at epoch=81 step=17874     
                    WARNING  High grad norm: 742.17 at epoch=81 step=17875     
                    WARNING  High grad norm: 692.85 at epoch=81 step=17876     
                    WARNING  High grad norm: 879.00 at epoch=81 step=17877     
[04/21/26 23:40:46] WARNING  High grad norm: 1195.67 at epoch=81 step=17878    
                    WARNING  High grad norm: 2088.55 at epoch=81 step=17879    
                    WARNING  High grad norm: 2259.01 at epoch=81 step=17880    
                    WARNING  High grad norm: 2886.33 at epoch=81 step=17881    
                    WARNING  High grad norm: 1255.19 at epoch=81 step=17882    
[04/21/26 23:40:47] WARNING  High grad norm: 1089.08 at epoch=81 step=17883    
                    WARNING  High grad norm: 742.48 at epoch=81 step=17884     
                    WARNING  High grad norm: 982.45 at epoch=81 step=17885     
                    WARNING  High grad norm: 1077.77 at epoch=81 step=17886    
[04/21/26 23:40:48] WARNING  High grad norm: 1568.71 at epoch=81 step=17887    
                    WARNING  High grad norm: 823.11 at epoch=81 step=17888     
                    WARNING  High grad norm: 3573.09 at epoch=81 step=17889    
                    WARNING  High grad norm: 836.90 at epoch=81 step=17890     
                    WARNING  High grad norm: 768.98 at epoch=81 step=17891     
[04/21/26 23:40:49] WARNING  High grad norm: 747.68 at epoch=81 step=17892     
                    WARNING  High grad norm: 743.72 at epoch=81 step=17893     
                    WARNING  High grad norm: 780.27 at epoch=81 step=17894     
                    WARNING  High grad norm: 1206.61 at epoch=81 step=17895    
[04/21/26 23:40:50] WARNING  High grad norm: 1424.83 at epoch=81 step=17896    
                    WARNING  High grad norm: 2691.86 at epoch=81 step=17897    
                    WARNING  High grad norm: 697.14 at epoch=81 step=17898     
                    WARNING  High grad norm: 1643.33 at epoch=81 step=17899    
                    INFO     epoch=81 step=17900 loss=488.7076                 
                             grad_norm=1643.3348 lr=1.00e-06                   
                    WARNING  High grad norm: 816.97 at epoch=81 step=17900     
[04/21/26 23:40:51] WARNING  High grad norm: 1464.72 at epoch=81 step=17901    
                    WARNING  High grad norm: 1343.17 at epoch=81 step=17902    
                    WARNING  High grad norm: 776.75 at epoch=81 step=17903     
                    WARNING  High grad norm: 971.67 at epoch=81 step=17904     
[04/21/26 23:40:52] WARNING  High grad norm: 917.91 at epoch=81 step=17905     
                    WARNING  High grad norm: 1137.96 at epoch=81 step=17906    
                    WARNING  High grad norm: 1011.89 at epoch=81 step=17907    
                    WARNING  High grad norm: 1254.55 at epoch=81 step=17908    
                    WARNING  High grad norm: 1207.23 at epoch=81 step=17909    
[04/21/26 23:40:53] WARNING  High grad norm: 1123.08 at epoch=81 step=17910    
                    WARNING  High grad norm: 992.69 at epoch=81 step=17911     
                    WARNING  High grad norm: 698.28 at epoch=81 step=17912     
                    WARNING  High grad norm: 2364.12 at epoch=81 step=17913    
[04/21/26 23:40:54] WARNING  High grad norm: 1562.26 at epoch=81 step=17914    
                    WARNING  High grad norm: 615.22 at epoch=81 step=17915     
                    WARNING  High grad norm: 577.29 at epoch=81 step=17916     
                    WARNING  High grad norm: 1857.34 at epoch=81 step=17917    
                    WARNING  High grad norm: 893.45 at epoch=81 step=17918     
[04/21/26 23:40:55] WARNING  High grad norm: 622.85 at epoch=81 step=17919     
                    WARNING  High grad norm: 1399.18 at epoch=81 step=17920    
                    WARNING  High grad norm: 1069.11 at epoch=81 step=17921    
                    WARNING  High grad norm: 788.62 at epoch=81 step=17922     
[04/21/26 23:40:56] WARNING  High grad norm: 531.66 at epoch=81 step=17923     
                    WARNING  High grad norm: 1212.59 at epoch=81 step=17924    
                    WARNING  High grad norm: 1370.83 at epoch=81 step=17925    
                    WARNING  High grad norm: 1040.67 at epoch=81 step=17926    
                    WARNING  High grad norm: 935.51 at epoch=81 step=17927     
[04/21/26 23:40:57] WARNING  High grad norm: 1358.00 at epoch=81 step=17928    
                    WARNING  High grad norm: 891.57 at epoch=81 step=17929     
                    WARNING  High grad norm: 1642.58 at epoch=81 step=17930    
                    WARNING  High grad norm: 856.33 at epoch=81 step=17931     
[04/21/26 23:40:58] WARNING  High grad norm: 1121.95 at epoch=81 step=17932    
                    WARNING  High grad norm: 1090.73 at epoch=81 step=17933    
                    WARNING  High grad norm: 1266.21 at epoch=81 step=17934    
                    WARNING  High grad norm: 789.23 at epoch=81 step=17935     
                    WARNING  High grad norm: 1158.23 at epoch=81 step=17936    
[04/21/26 23:40:59] WARNING  High grad norm: 1667.19 at epoch=81 step=17937    
                    WARNING  High grad norm: 805.11 at epoch=81 step=17938     
                    WARNING  High grad norm: 684.38 at epoch=81 step=17939     
                    WARNING  High grad norm: 1140.57 at epoch=81 step=17940    
[04/21/26 23:41:00] WARNING  High grad norm: 566.10 at epoch=81 step=17941     
                    WARNING  High grad norm: 742.40 at epoch=81 step=17942     
                    WARNING  High grad norm: 1008.49 at epoch=81 step=17943    
                    WARNING  High grad norm: 1125.45 at epoch=81 step=17944    
                    WARNING  High grad norm: 955.63 at epoch=81 step=17945     
[04/21/26 23:41:01] WARNING  High grad norm: 1496.30 at epoch=81 step=17946    
                    WARNING  High grad norm: 1676.14 at epoch=81 step=17947    
                    WARNING  High grad norm: 765.88 at epoch=81 step=17948     
                    WARNING  High grad norm: 1525.38 at epoch=81 step=17949    
[04/21/26 23:41:02] WARNING  High grad norm: 916.36 at epoch=81 step=17950     
                    WARNING  High grad norm: 1099.96 at epoch=81 step=17951    
                    WARNING  High grad norm: 778.14 at epoch=81 step=17952     
                    WARNING  High grad norm: 973.58 at epoch=81 step=17953     
                    WARNING  High grad norm: 910.70 at epoch=81 step=17954     
[04/21/26 23:41:03] WARNING  High grad norm: 860.31 at epoch=81 step=17955     
                    WARNING  High grad norm: 1014.54 at epoch=81 step=17956    
                    WARNING  High grad norm: 624.44 at epoch=81 step=17957     
                    WARNING  High grad norm: 1032.57 at epoch=81 step=17958    
[04/21/26 23:41:04] WARNING  High grad norm: 2200.05 at epoch=81 step=17959    
                    WARNING  High grad norm: 1755.00 at epoch=81 step=17960    
                    WARNING  High grad norm: 1863.16 at epoch=81 step=17961    
                    WARNING  High grad norm: 2607.31 at epoch=81 step=17962    
                    WARNING  High grad norm: 680.87 at epoch=81 step=17963     
[04/21/26 23:41:05] WARNING  High grad norm: 1736.43 at epoch=81 step=17964    
                    WARNING  High grad norm: 2856.12 at epoch=81 step=17965    
                    WARNING  High grad norm: 1786.99 at epoch=81 step=17966    
                    WARNING  High grad norm: 1374.72 at epoch=81 step=17967    
[04/21/26 23:41:06] WARNING  High grad norm: 876.47 at epoch=81 step=17968     
                    WARNING  High grad norm: 1606.51 at epoch=81 step=17969    
                    WARNING  High grad norm: 1853.46 at epoch=81 step=17970    
                    WARNING  High grad norm: 1177.24 at epoch=81 step=17971    
                    WARNING  High grad norm: 1016.27 at epoch=81 step=17972    
[04/21/26 23:41:07] WARNING  High grad norm: 1188.45 at epoch=81 step=17973    
                    WARNING  High grad norm: 1202.47 at epoch=81 step=17974    
                    WARNING  High grad norm: 898.29 at epoch=81 step=17975     
                    WARNING  High grad norm: 945.95 at epoch=81 step=17976     
[04/21/26 23:41:08] WARNING  High grad norm: 1514.51 at epoch=81 step=17977    
                    WARNING  High grad norm: 828.32 at epoch=81 step=17978     
                    WARNING  High grad norm: 2074.09 at epoch=81 step=17979    
                    WARNING  High grad norm: 1179.20 at epoch=81 step=17980    
                    WARNING  High grad norm: 1090.41 at epoch=81 step=17981    
[04/21/26 23:41:09] WARNING  High grad norm: 1829.25 at epoch=81 step=17982    
                    WARNING  High grad norm: 824.47 at epoch=81 step=17983     
                    WARNING  High grad norm: 937.65 at epoch=81 step=17984     
                    WARNING  High grad norm: 506.70 at epoch=81 step=17985     
[04/21/26 23:41:10] WARNING  High grad norm: 2020.34 at epoch=81 step=17986    
                    WARNING  High grad norm: 1334.48 at epoch=81 step=17987    
                    WARNING  High grad norm: 1004.38 at epoch=81 step=17988    
                    WARNING  High grad norm: 680.38 at epoch=81 step=17989     
                    WARNING  High grad norm: 503.47 at epoch=81 step=17990     
[04/21/26 23:41:11] WARNING  High grad norm: 1175.40 at epoch=81 step=17991    
                    WARNING  High grad norm: 773.52 at epoch=81 step=17992     
                    WARNING  High grad norm: 1471.12 at epoch=81 step=17993    
                    WARNING  High grad norm: 895.88 at epoch=81 step=17994     
[04/21/26 23:41:12] WARNING  High grad norm: 993.11 at epoch=81 step=17995     
                    WARNING  High grad norm: 1612.00 at epoch=81 step=17996    
                    WARNING  High grad norm: 545.62 at epoch=81 step=17997     
                    WARNING  High grad norm: 1263.37 at epoch=81 step=17998    
                    WARNING  High grad norm: 1015.86 at epoch=81 step=17999    
                    INFO     epoch=81 step=18000 loss=482.8209                 
                             grad_norm=1015.8626 lr=1.00e-06                   
[04/21/26 23:41:13] WARNING  High grad norm: 932.54 at epoch=81 step=18000     
                    WARNING  High grad norm: 1244.26 at epoch=81 step=18001    
                    WARNING  High grad norm: 1123.29 at epoch=81 step=18002    
                    WARNING  High grad norm: 1903.33 at epoch=81 step=18003    
[04/21/26 23:41:14] WARNING  High grad norm: 1014.90 at epoch=81 step=18004    
                    WARNING  High grad norm: 1130.44 at epoch=81 step=18005    
                    WARNING  High grad norm: 1378.30 at epoch=81 step=18006    
                    WARNING  High grad norm: 1861.77 at epoch=81 step=18007    
                    WARNING  High grad norm: 1705.52 at epoch=81 step=18008    
[04/21/26 23:41:15] WARNING  High grad norm: 636.68 at epoch=81 step=18009     
                    WARNING  High grad norm: 857.10 at epoch=81 step=18010     
                    WARNING  High grad norm: 608.97 at epoch=81 step=18011     
                    WARNING  High grad norm: 697.65 at epoch=81 step=18012     
[04/21/26 23:41:16] WARNING  High grad norm: 1671.61 at epoch=81 step=18013    
                    WARNING  High grad norm: 1962.94 at epoch=81 step=18014    
                    WARNING  High grad norm: 1502.99 at epoch=81 step=18015    
                    WARNING  High grad norm: 1413.67 at epoch=81 step=18016    
[04/21/26 23:41:17] WARNING  High grad norm: 1592.71 at epoch=81 step=18017    
                    WARNING  High grad norm: 721.33 at epoch=81 step=18018     
                    WARNING  High grad norm: 1064.06 at epoch=81 step=18019    
                    WARNING  High grad norm: 1771.94 at epoch=81 step=18020    
                    WARNING  High grad norm: 827.83 at epoch=81 step=18021     
[04/21/26 23:41:18] WARNING  High grad norm: 898.60 at epoch=81 step=18022     
                    WARNING  High grad norm: 1626.55 at epoch=81 step=18023    
                    WARNING  High grad norm: 1182.56 at epoch=81 step=18024    
                    WARNING  High grad norm: 852.83 at epoch=81 step=18025     
[04/21/26 23:41:19] WARNING  High grad norm: 1425.70 at epoch=81 step=18026    
                    WARNING  High grad norm: 1176.25 at epoch=81 step=18027    
                    WARNING  High grad norm: 955.96 at epoch=81 step=18028     
                    WARNING  High grad norm: 956.59 at epoch=81 step=18029     
                    WARNING  High grad norm: 832.02 at epoch=81 step=18030     
[04/21/26 23:41:20] WARNING  High grad norm: 595.23 at epoch=81 step=18031     
                    WARNING  High grad norm: 1211.07 at epoch=81 step=18032    
                    WARNING  High grad norm: 1417.56 at epoch=81 step=18033    
                    WARNING  High grad norm: 2137.38 at epoch=81 step=18034    
[04/21/26 23:41:21] WARNING  High grad norm: 1451.36 at epoch=81 step=18035    
                    WARNING  High grad norm: 1003.94 at epoch=81 step=18036    
                    WARNING  High grad norm: 715.28 at epoch=81 step=18037     
                    WARNING  High grad norm: 1394.33 at epoch=81 step=18038    
                    WARNING  High grad norm: 3531.17 at epoch=81 step=18039    
[04/21/26 23:41:22] WARNING  High grad norm: 1941.51 at epoch=81 step=18040    
                    WARNING  High grad norm: 3102.73 at epoch=81 step=18041    
                    WARNING  High grad norm: 1281.49 at epoch=81 step=18042    
                    WARNING  High grad norm: 1073.22 at epoch=81 step=18043    
[04/21/26 23:41:23] WARNING  High grad norm: 873.26 at epoch=81 step=18044     
                    WARNING  High grad norm: 822.70 at epoch=81 step=18045     
                    WARNING  High grad norm: 516.64 at epoch=81 step=18046     
                    WARNING  High grad norm: 2445.06 at epoch=81 step=18047    
                    WARNING  High grad norm: 3714.50 at epoch=81 step=18048    
[04/21/26 23:41:24] WARNING  High grad norm: 1306.39 at epoch=81 step=18049    
                    WARNING  High grad norm: 702.29 at epoch=81 step=18050     
                    WARNING  High grad norm: 759.18 at epoch=81 step=18051     
                    WARNING  High grad norm: 763.64 at epoch=81 step=18052     
[04/21/26 23:41:25] WARNING  High grad norm: 2005.67 at epoch=81 step=18053    
                    WARNING  High grad norm: 1307.78 at epoch=81 step=18054    
                    WARNING  High grad norm: 1143.84 at epoch=81 step=18055    
                    WARNING  High grad norm: 1113.67 at epoch=81 step=18056    
                    WARNING  High grad norm: 971.60 at epoch=81 step=18057     
[04/21/26 23:41:26] WARNING  High grad norm: 948.41 at epoch=81 step=18058     
                    WARNING  High grad norm: 1058.71 at epoch=81 step=18059    
                    WARNING  High grad norm: 636.87 at epoch=81 step=18060     
                    WARNING  High grad norm: 1609.50 at epoch=81 step=18061    
                    WARNING  High grad norm: 1467.40 at epoch=81 step=18062    
[04/21/26 23:41:27] INFO     epoch=81 avg_loss=480.5297 lr=1.00e-06            
[04/21/26 23:41:41] WARNING  High grad norm: 1338.05 at epoch=82 step=18063    
                    WARNING  High grad norm: 1995.14 at epoch=82 step=18064    
                    WARNING  High grad norm: 684.73 at epoch=82 step=18065     
[04/21/26 23:41:42] WARNING  High grad norm: 1006.92 at epoch=82 step=18066    
                    WARNING  High grad norm: 960.58 at epoch=82 step=18067     
                    WARNING  High grad norm: 758.23 at epoch=82 step=18068     
                    WARNING  High grad norm: 1950.76 at epoch=82 step=18069    
[04/21/26 23:41:43] WARNING  High grad norm: 1458.74 at epoch=82 step=18070    
                    WARNING  High grad norm: 1512.16 at epoch=82 step=18071    
                    WARNING  High grad norm: 2285.00 at epoch=82 step=18072    
                    WARNING  High grad norm: 1096.97 at epoch=82 step=18073    
                    WARNING  High grad norm: 708.86 at epoch=82 step=18074     
[04/21/26 23:41:44] WARNING  High grad norm: 2273.57 at epoch=82 step=18075    
                    WARNING  High grad norm: 1777.34 at epoch=82 step=18076    
                    WARNING  High grad norm: 969.10 at epoch=82 step=18077     
                    WARNING  High grad norm: 1222.88 at epoch=82 step=18078    
[04/21/26 23:41:45] WARNING  High grad norm: 954.82 at epoch=82 step=18079     
                    WARNING  High grad norm: 1187.87 at epoch=82 step=18080    
                    WARNING  High grad norm: 1539.97 at epoch=82 step=18081    
                    WARNING  High grad norm: 645.34 at epoch=82 step=18082     
                    WARNING  High grad norm: 1125.93 at epoch=82 step=18083    
[04/21/26 23:41:46] WARNING  High grad norm: 835.61 at epoch=82 step=18084     
                    WARNING  High grad norm: 1033.03 at epoch=82 step=18085    
                    WARNING  High grad norm: 1159.24 at epoch=82 step=18086    
                    WARNING  High grad norm: 693.99 at epoch=82 step=18087     
[04/21/26 23:41:47] WARNING  High grad norm: 617.36 at epoch=82 step=18088     
                    WARNING  High grad norm: 1592.94 at epoch=82 step=18089    
                    WARNING  High grad norm: 1487.80 at epoch=82 step=18090    
                    WARNING  High grad norm: 898.38 at epoch=82 step=18091     
                    WARNING  High grad norm: 1323.28 at epoch=82 step=18092    
[04/21/26 23:41:48] WARNING  High grad norm: 974.18 at epoch=82 step=18093     
                    WARNING  High grad norm: 1537.43 at epoch=82 step=18094    
                    WARNING  High grad norm: 1429.48 at epoch=82 step=18095    
                    WARNING  High grad norm: 877.82 at epoch=82 step=18096     
[04/21/26 23:41:49] WARNING  High grad norm: 1767.36 at epoch=82 step=18097    
                    WARNING  High grad norm: 1997.89 at epoch=82 step=18098    
                    WARNING  High grad norm: 1165.41 at epoch=82 step=18099    
                    INFO     epoch=82 step=18100 loss=501.6817                 
                             grad_norm=1165.4143 lr=1.00e-06                   
                    WARNING  High grad norm: 650.60 at epoch=82 step=18100     
                    WARNING  High grad norm: 1071.70 at epoch=82 step=18101    
[04/21/26 23:41:50] WARNING  High grad norm: 1365.38 at epoch=82 step=18102    
                    WARNING  High grad norm: 1091.24 at epoch=82 step=18103    
                    WARNING  High grad norm: 1133.76 at epoch=82 step=18104    
                    WARNING  High grad norm: 581.45 at epoch=82 step=18105     
[04/21/26 23:41:51] WARNING  High grad norm: 792.30 at epoch=82 step=18106     
                    WARNING  High grad norm: 1078.19 at epoch=82 step=18107    
                    WARNING  High grad norm: 577.85 at epoch=82 step=18108     
                    WARNING  High grad norm: 1556.53 at epoch=82 step=18109    
                    WARNING  High grad norm: 798.84 at epoch=82 step=18110     
[04/21/26 23:41:52] WARNING  High grad norm: 578.15 at epoch=82 step=18111     
                    WARNING  High grad norm: 802.31 at epoch=82 step=18112     
                    WARNING  High grad norm: 1503.01 at epoch=82 step=18113    
                    WARNING  High grad norm: 886.71 at epoch=82 step=18114     
[04/21/26 23:41:53] WARNING  High grad norm: 783.44 at epoch=82 step=18115     
                    WARNING  High grad norm: 931.15 at epoch=82 step=18116     
                    WARNING  High grad norm: 689.54 at epoch=82 step=18117     
                    WARNING  High grad norm: 1318.82 at epoch=82 step=18118    
                    WARNING  High grad norm: 918.45 at epoch=82 step=18119     
[04/21/26 23:41:54] WARNING  High grad norm: 1357.72 at epoch=82 step=18120    
                    WARNING  High grad norm: 1561.48 at epoch=82 step=18121    
                    WARNING  High grad norm: 1546.34 at epoch=82 step=18122    
                    WARNING  High grad norm: 1537.37 at epoch=82 step=18123    
[04/21/26 23:41:55] WARNING  High grad norm: 676.78 at epoch=82 step=18124     
                    WARNING  High grad norm: 795.61 at epoch=82 step=18125     
                    WARNING  High grad norm: 664.21 at epoch=82 step=18126     
                    WARNING  High grad norm: 1695.93 at epoch=82 step=18127    
                    WARNING  High grad norm: 737.52 at epoch=82 step=18128     
[04/21/26 23:41:56] WARNING  High grad norm: 732.55 at epoch=82 step=18129     
                    WARNING  High grad norm: 846.13 at epoch=82 step=18130     
                    WARNING  High grad norm: 1137.86 at epoch=82 step=18131    
                    WARNING  High grad norm: 825.33 at epoch=82 step=18132     
[04/21/26 23:41:57] WARNING  High grad norm: 3015.25 at epoch=82 step=18133    
                    WARNING  High grad norm: 923.86 at epoch=82 step=18134     
                    WARNING  High grad norm: 981.38 at epoch=82 step=18135     
                    WARNING  High grad norm: 2053.00 at epoch=82 step=18136    
                    WARNING  High grad norm: 816.81 at epoch=82 step=18137     
[04/21/26 23:41:58] WARNING  High grad norm: 738.10 at epoch=82 step=18138     
                    WARNING  High grad norm: 1618.19 at epoch=82 step=18139    
                    WARNING  High grad norm: 2073.83 at epoch=82 step=18140    
                    WARNING  High grad norm: 928.28 at epoch=82 step=18141     
[04/21/26 23:41:59] WARNING  High grad norm: 802.74 at epoch=82 step=18142     
                    WARNING  High grad norm: 737.45 at epoch=82 step=18143     
                    WARNING  High grad norm: 789.72 at epoch=82 step=18144     
                    WARNING  High grad norm: 920.36 at epoch=82 step=18145     
                    WARNING  High grad norm: 665.65 at epoch=82 step=18146     
[04/21/26 23:42:00] WARNING  High grad norm: 865.29 at epoch=82 step=18147     
                    WARNING  High grad norm: 1338.34 at epoch=82 step=18148    
                    WARNING  High grad norm: 856.76 at epoch=82 step=18149     
                    WARNING  High grad norm: 1223.90 at epoch=82 step=18150    
[04/21/26 23:42:01] WARNING  High grad norm: 1438.51 at epoch=82 step=18151    
                    WARNING  High grad norm: 1075.84 at epoch=82 step=18152    
                    WARNING  High grad norm: 786.77 at epoch=82 step=18153     
                    WARNING  High grad norm: 2221.39 at epoch=82 step=18154    
                    WARNING  High grad norm: 622.53 at epoch=82 step=18155     
[04/21/26 23:42:02] WARNING  High grad norm: 988.35 at epoch=82 step=18156     
                    WARNING  High grad norm: 787.78 at epoch=82 step=18157     
                    WARNING  High grad norm: 1357.72 at epoch=82 step=18158    
                    WARNING  High grad norm: 956.15 at epoch=82 step=18159     
[04/21/26 23:42:03] WARNING  High grad norm: 2664.93 at epoch=82 step=18160    
                    WARNING  High grad norm: 555.88 at epoch=82 step=18161     
                    WARNING  High grad norm: 1360.88 at epoch=82 step=18162    
                    WARNING  High grad norm: 671.17 at epoch=82 step=18163     
                    WARNING  High grad norm: 680.92 at epoch=82 step=18164     
[04/21/26 23:42:04] WARNING  High grad norm: 947.93 at epoch=82 step=18165     
                    WARNING  High grad norm: 997.89 at epoch=82 step=18166     
                    WARNING  High grad norm: 1771.94 at epoch=82 step=18167    
                    WARNING  High grad norm: 1481.08 at epoch=82 step=18168    
[04/21/26 23:42:05] WARNING  High grad norm: 1321.04 at epoch=82 step=18169    
                    WARNING  High grad norm: 2085.92 at epoch=82 step=18170    
                    WARNING  High grad norm: 677.00 at epoch=82 step=18171     
                    WARNING  High grad norm: 1295.72 at epoch=82 step=18172    
                    WARNING  High grad norm: 853.07 at epoch=82 step=18173     
[04/21/26 23:42:06] WARNING  High grad norm: 1882.63 at epoch=82 step=18174    
                    WARNING  High grad norm: 1950.57 at epoch=82 step=18175    
                    WARNING  High grad norm: 1484.48 at epoch=82 step=18176    
                    WARNING  High grad norm: 1572.12 at epoch=82 step=18177    
[04/21/26 23:42:07] WARNING  High grad norm: 996.03 at epoch=82 step=18178     
                    WARNING  High grad norm: 1292.06 at epoch=82 step=18179    
                    WARNING  High grad norm: 1016.31 at epoch=82 step=18180    
                    WARNING  High grad norm: 538.18 at epoch=82 step=18181     
                    WARNING  High grad norm: 898.99 at epoch=82 step=18182     
[04/21/26 23:42:08] WARNING  High grad norm: 585.16 at epoch=82 step=18183     
                    WARNING  High grad norm: 1410.72 at epoch=82 step=18184    
                    WARNING  High grad norm: 2018.87 at epoch=82 step=18185    
                    WARNING  High grad norm: 908.43 at epoch=82 step=18186     
                    WARNING  High grad norm: 1138.27 at epoch=82 step=18187    
[04/21/26 23:42:09] WARNING  High grad norm: 2540.87 at epoch=82 step=18188    
                    WARNING  High grad norm: 1072.19 at epoch=82 step=18189    
                    WARNING  High grad norm: 1706.93 at epoch=82 step=18190    
                    WARNING  High grad norm: 1112.37 at epoch=82 step=18191    
[04/21/26 23:42:10] WARNING  High grad norm: 1031.75 at epoch=82 step=18192    
                    WARNING  High grad norm: 894.28 at epoch=82 step=18193     
                    WARNING  High grad norm: 2279.27 at epoch=82 step=18194    
                    WARNING  High grad norm: 982.27 at epoch=82 step=18195     
[04/21/26 23:42:11] WARNING  High grad norm: 761.41 at epoch=82 step=18196     
                    WARNING  High grad norm: 1061.13 at epoch=82 step=18197    
                    WARNING  High grad norm: 906.89 at epoch=82 step=18198     
                    WARNING  High grad norm: 697.52 at epoch=82 step=18199     
                    INFO     epoch=82 step=18200 loss=480.9400                 
                             grad_norm=697.5247 lr=1.00e-06                    
                    WARNING  High grad norm: 1528.22 at epoch=82 step=18200    
[04/21/26 23:42:12] WARNING  High grad norm: 720.81 at epoch=82 step=18201     
                    WARNING  High grad norm: 1162.53 at epoch=82 step=18202    
                    WARNING  High grad norm: 2337.36 at epoch=82 step=18203    
                    WARNING  High grad norm: 834.97 at epoch=82 step=18204     
                    WARNING  High grad norm: 1730.63 at epoch=82 step=18205    
[04/21/26 23:42:13] WARNING  High grad norm: 1932.24 at epoch=82 step=18206    
                    WARNING  High grad norm: 1970.85 at epoch=82 step=18207    
                    WARNING  High grad norm: 1095.81 at epoch=82 step=18208    
                    WARNING  High grad norm: 822.27 at epoch=82 step=18209     
[04/21/26 23:42:14] WARNING  High grad norm: 2017.19 at epoch=82 step=18210    
                    WARNING  High grad norm: 1448.77 at epoch=82 step=18211    
                    WARNING  High grad norm: 1020.31 at epoch=82 step=18212    
                    WARNING  High grad norm: 822.45 at epoch=82 step=18213     
[04/21/26 23:42:15] WARNING  High grad norm: 1558.96 at epoch=82 step=18214    
                    WARNING  High grad norm: 1195.11 at epoch=82 step=18215    
                    WARNING  High grad norm: 690.05 at epoch=82 step=18216     
                    WARNING  High grad norm: 894.67 at epoch=82 step=18217     
                    WARNING  High grad norm: 1860.13 at epoch=82 step=18218    
[04/21/26 23:42:16] WARNING  High grad norm: 1115.54 at epoch=82 step=18219    
                    WARNING  High grad norm: 1100.23 at epoch=82 step=18220    
                    WARNING  High grad norm: 922.84 at epoch=82 step=18221     
                    WARNING  High grad norm: 1345.10 at epoch=82 step=18222    
[04/21/26 23:42:17] WARNING  High grad norm: 929.36 at epoch=82 step=18223     
                    WARNING  High grad norm: 903.61 at epoch=82 step=18224     
                    WARNING  High grad norm: 787.93 at epoch=82 step=18225     
                    WARNING  High grad norm: 2102.46 at epoch=82 step=18226    
                    WARNING  High grad norm: 3830.31 at epoch=82 step=18227    
[04/21/26 23:42:18] WARNING  High grad norm: 2448.88 at epoch=82 step=18228    
                    WARNING  High grad norm: 810.22 at epoch=82 step=18229     
                    WARNING  High grad norm: 1039.60 at epoch=82 step=18230    
                    WARNING  High grad norm: 1817.57 at epoch=82 step=18231    
[04/21/26 23:42:19] WARNING  High grad norm: 878.65 at epoch=82 step=18232     
                    WARNING  High grad norm: 768.69 at epoch=82 step=18233     
                    WARNING  High grad norm: 798.08 at epoch=82 step=18234     
                    WARNING  High grad norm: 958.86 at epoch=82 step=18235     
                    WARNING  High grad norm: 643.68 at epoch=82 step=18236     
[04/21/26 23:42:20] WARNING  High grad norm: 1442.35 at epoch=82 step=18237    
                    WARNING  High grad norm: 1270.48 at epoch=82 step=18238    
                    WARNING  High grad norm: 1292.06 at epoch=82 step=18239    
                    WARNING  High grad norm: 1427.08 at epoch=82 step=18240    
[04/21/26 23:42:21] WARNING  High grad norm: 1946.90 at epoch=82 step=18241    
                    WARNING  High grad norm: 1331.16 at epoch=82 step=18242    
                    WARNING  High grad norm: 618.70 at epoch=82 step=18243     
                    WARNING  High grad norm: 957.89 at epoch=82 step=18244     
                    WARNING  High grad norm: 1670.79 at epoch=82 step=18245    
[04/21/26 23:42:22] WARNING  High grad norm: 2362.75 at epoch=82 step=18246    
                    WARNING  High grad norm: 1613.94 at epoch=82 step=18247    
                    WARNING  High grad norm: 714.06 at epoch=82 step=18248     
                    WARNING  High grad norm: 2093.20 at epoch=82 step=18249    
[04/21/26 23:42:23] WARNING  High grad norm: 2527.96 at epoch=82 step=18250    
                    WARNING  High grad norm: 865.77 at epoch=82 step=18251     
                    WARNING  High grad norm: 1986.45 at epoch=82 step=18252    
                    WARNING  High grad norm: 1693.26 at epoch=82 step=18253    
                    WARNING  High grad norm: 981.26 at epoch=82 step=18254     
[04/21/26 23:42:24] WARNING  High grad norm: 681.28 at epoch=82 step=18255     
                    WARNING  High grad norm: 1287.67 at epoch=82 step=18256    
                    WARNING  High grad norm: 851.73 at epoch=82 step=18257     
                    WARNING  High grad norm: 1961.26 at epoch=82 step=18258    
[04/21/26 23:42:25] WARNING  High grad norm: 1909.92 at epoch=82 step=18259    
                    WARNING  High grad norm: 815.10 at epoch=82 step=18260     
                    WARNING  High grad norm: 3172.39 at epoch=82 step=18261    
                    WARNING  High grad norm: 1623.48 at epoch=82 step=18262    
                    WARNING  High grad norm: 731.68 at epoch=82 step=18263     
[04/21/26 23:42:26] WARNING  High grad norm: 1274.08 at epoch=82 step=18264    
                    WARNING  High grad norm: 1721.51 at epoch=82 step=18265    
                    WARNING  High grad norm: 1209.46 at epoch=82 step=18266    
                    WARNING  High grad norm: 1017.43 at epoch=82 step=18267    
[04/21/26 23:42:27] WARNING  High grad norm: 1836.50 at epoch=82 step=18268    
                    WARNING  High grad norm: 2398.47 at epoch=82 step=18269    
                    WARNING  High grad norm: 573.71 at epoch=82 step=18270     
                    WARNING  High grad norm: 1615.27 at epoch=82 step=18271    
                    WARNING  High grad norm: 1211.31 at epoch=82 step=18272    
[04/21/26 23:42:28] WARNING  High grad norm: 1066.92 at epoch=82 step=18273    
                    WARNING  High grad norm: 612.57 at epoch=82 step=18274     
                    WARNING  High grad norm: 2414.41 at epoch=82 step=18275    
                    WARNING  High grad norm: 1029.22 at epoch=82 step=18276    
[04/21/26 23:42:29] WARNING  High grad norm: 615.72 at epoch=82 step=18277     
                    WARNING  High grad norm: 1096.48 at epoch=82 step=18278    
                    WARNING  High grad norm: 1304.40 at epoch=82 step=18279    
                    WARNING  High grad norm: 948.33 at epoch=82 step=18280     
                    WARNING  High grad norm: 1032.90 at epoch=82 step=18281    
[04/21/26 23:42:30] WARNING  High grad norm: 1053.99 at epoch=82 step=18282    
                    WARNING  High grad norm: 681.84 at epoch=82 step=18283     
                    WARNING  High grad norm: 756.02 at epoch=82 step=18284     
                    WARNING  High grad norm: 1481.20 at epoch=82 step=18285    
[04/21/26 23:42:31] INFO     epoch=82 avg_loss=484.7485 lr=1.00e-06            
[04/21/26 23:42:44] WARNING  High grad norm: 1570.97 at epoch=83 step=18286    
[04/21/26 23:42:45] WARNING  High grad norm: 1158.23 at epoch=83 step=18287    
                    WARNING  High grad norm: 761.53 at epoch=83 step=18288     
                    WARNING  High grad norm: 2278.45 at epoch=83 step=18289    
                    WARNING  High grad norm: 991.62 at epoch=83 step=18290     
                    WARNING  High grad norm: 892.14 at epoch=83 step=18291     
[04/21/26 23:42:46] WARNING  High grad norm: 1915.42 at epoch=83 step=18292    
                    WARNING  High grad norm: 1161.01 at epoch=83 step=18293    
                    WARNING  High grad norm: 1133.96 at epoch=83 step=18294    
                    WARNING  High grad norm: 831.69 at epoch=83 step=18295     
[04/21/26 23:42:47] WARNING  High grad norm: 1181.02 at epoch=83 step=18296    
                    WARNING  High grad norm: 662.16 at epoch=83 step=18297     
                    WARNING  High grad norm: 810.53 at epoch=83 step=18298     
                    WARNING  High grad norm: 729.67 at epoch=83 step=18299     
                    INFO     epoch=83 step=18300 loss=524.8515                 
                             grad_norm=729.6692 lr=1.00e-06                    
                    WARNING  High grad norm: 790.33 at epoch=83 step=18300     
[04/21/26 23:42:48] WARNING  High grad norm: 1105.71 at epoch=83 step=18301    
                    WARNING  High grad norm: 985.14 at epoch=83 step=18302     
                    WARNING  High grad norm: 974.58 at epoch=83 step=18303     
                    WARNING  High grad norm: 1237.61 at epoch=83 step=18304    
[04/21/26 23:42:49] WARNING  High grad norm: 377.37 at epoch=83 step=18305     
                    WARNING  High grad norm: 994.75 at epoch=83 step=18306     
                    WARNING  High grad norm: 851.59 at epoch=83 step=18307     
                    WARNING  High grad norm: 440.80 at epoch=83 step=18308     
                    WARNING  High grad norm: 636.97 at epoch=83 step=18309     
[04/21/26 23:42:50] WARNING  High grad norm: 1018.48 at epoch=83 step=18310    
                    WARNING  High grad norm: 708.35 at epoch=83 step=18311     
                    WARNING  High grad norm: 916.84 at epoch=83 step=18312     
                    WARNING  High grad norm: 1376.89 at epoch=83 step=18313    
[04/21/26 23:42:51] WARNING  High grad norm: 867.21 at epoch=83 step=18314     
                    WARNING  High grad norm: 1431.11 at epoch=83 step=18315    
                    WARNING  High grad norm: 713.63 at epoch=83 step=18316     
                    WARNING  High grad norm: 805.94 at epoch=83 step=18317     
                    WARNING  High grad norm: 850.87 at epoch=83 step=18318     
[04/21/26 23:42:52] WARNING  High grad norm: 932.10 at epoch=83 step=18319     
                    WARNING  High grad norm: 1379.29 at epoch=83 step=18320    
                    WARNING  High grad norm: 1662.89 at epoch=83 step=18321    
                    WARNING  High grad norm: 1383.30 at epoch=83 step=18322    
[04/21/26 23:42:53] WARNING  High grad norm: 1757.09 at epoch=83 step=18323    
                    WARNING  High grad norm: 1248.44 at epoch=83 step=18324    
                    WARNING  High grad norm: 933.29 at epoch=83 step=18325     
                    WARNING  High grad norm: 884.70 at epoch=83 step=18326     
                    WARNING  High grad norm: 483.66 at epoch=83 step=18327     
[04/21/26 23:42:54] WARNING  High grad norm: 950.28 at epoch=83 step=18328     
                    WARNING  High grad norm: 1339.07 at epoch=83 step=18329    
                    WARNING  High grad norm: 478.72 at epoch=83 step=18330     
                    WARNING  High grad norm: 1141.09 at epoch=83 step=18331    
[04/21/26 23:42:55] WARNING  High grad norm: 918.67 at epoch=83 step=18332     
                    WARNING  High grad norm: 1042.17 at epoch=83 step=18333    
                    WARNING  High grad norm: 586.07 at epoch=83 step=18334     
                    WARNING  High grad norm: 1432.65 at epoch=83 step=18335    
                    WARNING  High grad norm: 1505.11 at epoch=83 step=18336    
[04/21/26 23:42:56] WARNING  High grad norm: 829.06 at epoch=83 step=18337     
                    WARNING  High grad norm: 1049.43 at epoch=83 step=18338    
                    WARNING  High grad norm: 1008.01 at epoch=83 step=18339    
                    WARNING  High grad norm: 1125.22 at epoch=83 step=18340    
[04/21/26 23:42:57] WARNING  High grad norm: 838.85 at epoch=83 step=18341     
                    WARNING  High grad norm: 860.17 at epoch=83 step=18342     
                    WARNING  High grad norm: 680.19 at epoch=83 step=18343     
                    WARNING  High grad norm: 1518.02 at epoch=83 step=18344    
                    WARNING  High grad norm: 1269.52 at epoch=83 step=18345    
[04/21/26 23:42:58] WARNING  High grad norm: 706.54 at epoch=83 step=18346     
                    WARNING  High grad norm: 1090.52 at epoch=83 step=18347    
                    WARNING  High grad norm: 1309.56 at epoch=83 step=18348    
                    WARNING  High grad norm: 1501.43 at epoch=83 step=18349    
[04/21/26 23:42:59] WARNING  High grad norm: 2659.34 at epoch=83 step=18350    
                    WARNING  High grad norm: 1094.73 at epoch=83 step=18351    
                    WARNING  High grad norm: 1747.82 at epoch=83 step=18352    
                    WARNING  High grad norm: 1111.80 at epoch=83 step=18353    
                    WARNING  High grad norm: 2045.32 at epoch=83 step=18354    
[04/21/26 23:43:00] WARNING  High grad norm: 663.44 at epoch=83 step=18355     
                    WARNING  High grad norm: 842.50 at epoch=83 step=18356     
                    WARNING  High grad norm: 1301.74 at epoch=83 step=18357    
                    WARNING  High grad norm: 1640.22 at epoch=83 step=18358    
[04/21/26 23:43:01] WARNING  High grad norm: 1358.96 at epoch=83 step=18359    
                    WARNING  High grad norm: 988.01 at epoch=83 step=18360     
                    WARNING  High grad norm: 1260.25 at epoch=83 step=18361    
                    WARNING  High grad norm: 882.29 at epoch=83 step=18362     
                    WARNING  High grad norm: 1070.79 at epoch=83 step=18363    
[04/21/26 23:43:02] WARNING  High grad norm: 1053.35 at epoch=83 step=18364    
                    WARNING  High grad norm: 2794.10 at epoch=83 step=18365    
                    WARNING  High grad norm: 1465.47 at epoch=83 step=18366    
                    WARNING  High grad norm: 853.66 at epoch=83 step=18367     
[04/21/26 23:43:03] WARNING  High grad norm: 726.62 at epoch=83 step=18368     
                    WARNING  High grad norm: 1191.68 at epoch=83 step=18369    
                    WARNING  High grad norm: 1468.77 at epoch=83 step=18370    
                    WARNING  High grad norm: 1843.04 at epoch=83 step=18371    
                    WARNING  High grad norm: 800.02 at epoch=83 step=18372     
[04/21/26 23:43:04] WARNING  High grad norm: 1181.23 at epoch=83 step=18373    
                    WARNING  High grad norm: 1229.67 at epoch=83 step=18374    
                    WARNING  High grad norm: 1616.61 at epoch=83 step=18375    
                    WARNING  High grad norm: 745.44 at epoch=83 step=18376     
[04/21/26 23:43:05] WARNING  High grad norm: 1178.57 at epoch=83 step=18377    
                    WARNING  High grad norm: 730.65 at epoch=83 step=18378     
                    WARNING  High grad norm: 1210.71 at epoch=83 step=18379    
                    WARNING  High grad norm: 2303.04 at epoch=83 step=18380    
                    WARNING  High grad norm: 1285.07 at epoch=83 step=18381    
[04/21/26 23:43:06] WARNING  High grad norm: 1389.89 at epoch=83 step=18382    
                    WARNING  High grad norm: 721.89 at epoch=83 step=18383     
                    WARNING  High grad norm: 1505.60 at epoch=83 step=18384    
                    WARNING  High grad norm: 862.07 at epoch=83 step=18385     
[04/21/26 23:43:07] WARNING  High grad norm: 988.89 at epoch=83 step=18386     
                    WARNING  High grad norm: 1541.44 at epoch=83 step=18387    
                    WARNING  High grad norm: 1724.03 at epoch=83 step=18388    
                    WARNING  High grad norm: 1280.13 at epoch=83 step=18389    
                    WARNING  High grad norm: 2049.31 at epoch=83 step=18390    
[04/21/26 23:43:08] WARNING  High grad norm: 1232.07 at epoch=83 step=18391    
                    WARNING  High grad norm: 2019.15 at epoch=83 step=18392    
                    WARNING  High grad norm: 1840.36 at epoch=83 step=18393    
                    WARNING  High grad norm: 641.29 at epoch=83 step=18394     
[04/21/26 23:43:09] WARNING  High grad norm: 1875.03 at epoch=83 step=18395    
                    WARNING  High grad norm: 762.01 at epoch=83 step=18396     
                    WARNING  High grad norm: 1881.26 at epoch=83 step=18397    
                    WARNING  High grad norm: 1011.67 at epoch=83 step=18398    
                    WARNING  High grad norm: 788.82 at epoch=83 step=18399     
                    INFO     epoch=83 step=18400 loss=490.1808                 
                             grad_norm=788.8189 lr=1.00e-06                    
[04/21/26 23:43:10] WARNING  High grad norm: 946.04 at epoch=83 step=18400     
                    WARNING  High grad norm: 868.21 at epoch=83 step=18401     
                    WARNING  High grad norm: 816.21 at epoch=83 step=18402     
                    WARNING  High grad norm: 777.32 at epoch=83 step=18403     
[04/21/26 23:43:11] WARNING  High grad norm: 1177.93 at epoch=83 step=18404    
                    WARNING  High grad norm: 1609.74 at epoch=83 step=18405    
                    WARNING  High grad norm: 589.14 at epoch=83 step=18406     
                    WARNING  High grad norm: 1775.48 at epoch=83 step=18407    
                    WARNING  High grad norm: 1101.13 at epoch=83 step=18408    
[04/21/26 23:43:12] WARNING  High grad norm: 690.30 at epoch=83 step=18409     
                    WARNING  High grad norm: 746.98 at epoch=83 step=18410     
                    WARNING  High grad norm: 1008.35 at epoch=83 step=18411    
                    WARNING  High grad norm: 1440.17 at epoch=83 step=18412    
[04/21/26 23:43:13] WARNING  High grad norm: 982.24 at epoch=83 step=18413     
                    WARNING  High grad norm: 1209.61 at epoch=83 step=18414    
                    WARNING  High grad norm: 1853.78 at epoch=83 step=18415    
                    WARNING  High grad norm: 739.29 at epoch=83 step=18416     
                    WARNING  High grad norm: 979.45 at epoch=83 step=18417     
[04/21/26 23:43:14] WARNING  High grad norm: 1031.77 at epoch=83 step=18418    
                    WARNING  High grad norm: 1113.90 at epoch=83 step=18419    
                    WARNING  High grad norm: 944.53 at epoch=83 step=18420     
                    WARNING  High grad norm: 2035.69 at epoch=83 step=18421    
[04/21/26 23:43:15] WARNING  High grad norm: 568.07 at epoch=83 step=18422     
                    WARNING  High grad norm: 791.34 at epoch=83 step=18423     
                    WARNING  High grad norm: 2042.59 at epoch=83 step=18424    
                    WARNING  High grad norm: 576.89 at epoch=83 step=18425     
                    WARNING  High grad norm: 611.82 at epoch=83 step=18426     
[04/21/26 23:43:16] WARNING  High grad norm: 1096.27 at epoch=83 step=18427    
                    WARNING  High grad norm: 722.06 at epoch=83 step=18428     
                    WARNING  High grad norm: 2448.08 at epoch=83 step=18429    
                    WARNING  High grad norm: 803.74 at epoch=83 step=18430     
[04/21/26 23:43:17] WARNING  High grad norm: 1636.95 at epoch=83 step=18431    
                    WARNING  High grad norm: 2450.99 at epoch=83 step=18432    
                    WARNING  High grad norm: 1067.56 at epoch=83 step=18433    
                    WARNING  High grad norm: 609.54 at epoch=83 step=18434     
                    WARNING  High grad norm: 477.99 at epoch=83 step=18435     
[04/21/26 23:43:18] WARNING  High grad norm: 885.51 at epoch=83 step=18436     
                    WARNING  High grad norm: 739.02 at epoch=83 step=18437     
                    WARNING  High grad norm: 971.60 at epoch=83 step=18438     
                    WARNING  High grad norm: 1125.81 at epoch=83 step=18439    
[04/21/26 23:43:19] WARNING  High grad norm: 1669.51 at epoch=83 step=18440    
                    WARNING  High grad norm: 885.35 at epoch=83 step=18441     
                    WARNING  High grad norm: 864.74 at epoch=83 step=18442     
                    WARNING  High grad norm: 1187.92 at epoch=83 step=18443    
                    WARNING  High grad norm: 771.38 at epoch=83 step=18444     
[04/21/26 23:43:20] WARNING  High grad norm: 862.98 at epoch=83 step=18445     
                    WARNING  High grad norm: 1003.22 at epoch=83 step=18446    
                    WARNING  High grad norm: 2585.97 at epoch=83 step=18447    
                    WARNING  High grad norm: 918.07 at epoch=83 step=18448     
[04/21/26 23:43:21] WARNING  High grad norm: 1127.19 at epoch=83 step=18449    
                    WARNING  High grad norm: 1561.87 at epoch=83 step=18450    
                    WARNING  High grad norm: 1460.26 at epoch=83 step=18451    
                    WARNING  High grad norm: 1613.74 at epoch=83 step=18452    
                    WARNING  High grad norm: 843.66 at epoch=83 step=18453     
[04/21/26 23:43:22] WARNING  High grad norm: 1960.44 at epoch=83 step=18454    
                    WARNING  High grad norm: 2798.63 at epoch=83 step=18455    
                    WARNING  High grad norm: 954.47 at epoch=83 step=18456     
                    WARNING  High grad norm: 1171.06 at epoch=83 step=18457    
[04/21/26 23:43:23] WARNING  High grad norm: 840.32 at epoch=83 step=18458     
                    WARNING  High grad norm: 1031.31 at epoch=83 step=18459    
                    WARNING  High grad norm: 744.25 at epoch=83 step=18460     
                    WARNING  High grad norm: 855.04 at epoch=83 step=18461     
                    WARNING  High grad norm: 748.03 at epoch=83 step=18462     
[04/21/26 23:43:24] WARNING  High grad norm: 946.28 at epoch=83 step=18463     
                    WARNING  High grad norm: 708.09 at epoch=83 step=18464     
                    WARNING  High grad norm: 1875.60 at epoch=83 step=18465    
                    WARNING  High grad norm: 1670.17 at epoch=83 step=18466    
[04/21/26 23:43:25] WARNING  High grad norm: 875.59 at epoch=83 step=18467     
                    WARNING  High grad norm: 855.25 at epoch=83 step=18468     
                    WARNING  High grad norm: 1151.11 at epoch=83 step=18469    
                    WARNING  High grad norm: 784.67 at epoch=83 step=18470     
                    WARNING  High grad norm: 1401.94 at epoch=83 step=18471    
[04/21/26 23:43:26] WARNING  High grad norm: 1347.66 at epoch=83 step=18472    
                    WARNING  High grad norm: 835.88 at epoch=83 step=18473     
                    WARNING  High grad norm: 700.98 at epoch=83 step=18474     
                    WARNING  High grad norm: 2439.83 at epoch=83 step=18475    
[04/21/26 23:43:27] WARNING  High grad norm: 731.34 at epoch=83 step=18476     
                    WARNING  High grad norm: 1599.96 at epoch=83 step=18477    
                    WARNING  High grad norm: 555.33 at epoch=83 step=18478     
                    WARNING  High grad norm: 2612.77 at epoch=83 step=18479    
                    WARNING  High grad norm: 931.96 at epoch=83 step=18480     
[04/21/26 23:43:28] WARNING  High grad norm: 1819.69 at epoch=83 step=18481    
                    WARNING  High grad norm: 1108.27 at epoch=83 step=18482    
                    WARNING  High grad norm: 664.56 at epoch=83 step=18483     
                    WARNING  High grad norm: 655.63 at epoch=83 step=18484     
[04/21/26 23:43:29] WARNING  High grad norm: 1701.48 at epoch=83 step=18485    
                    WARNING  High grad norm: 741.35 at epoch=83 step=18486     
                    WARNING  High grad norm: 600.51 at epoch=83 step=18487     
                    WARNING  High grad norm: 1372.83 at epoch=83 step=18488    
                    WARNING  High grad norm: 2503.54 at epoch=83 step=18489    
[04/21/26 23:43:30] WARNING  High grad norm: 636.86 at epoch=83 step=18490     
                    WARNING  High grad norm: 913.91 at epoch=83 step=18491     
                    WARNING  High grad norm: 1480.55 at epoch=83 step=18492    
                    WARNING  High grad norm: 1797.20 at epoch=83 step=18493    
[04/21/26 23:43:31] WARNING  High grad norm: 807.02 at epoch=83 step=18494     
                    WARNING  High grad norm: 1350.87 at epoch=83 step=18495    
                    WARNING  High grad norm: 1127.70 at epoch=83 step=18496    
                    WARNING  High grad norm: 2243.00 at epoch=83 step=18497    
                    WARNING  High grad norm: 1220.00 at epoch=83 step=18498    
[04/21/26 23:43:32] WARNING  High grad norm: 1644.44 at epoch=83 step=18499    
                    INFO     epoch=83 step=18500 loss=486.6847                 
                             grad_norm=1644.4377 lr=1.00e-06                   
                    WARNING  High grad norm: 1108.35 at epoch=83 step=18500    
                    WARNING  High grad norm: 1296.53 at epoch=83 step=18501    
                    WARNING  High grad norm: 1014.33 at epoch=83 step=18502    
[04/21/26 23:43:33] WARNING  High grad norm: 1050.20 at epoch=83 step=18503    
                    WARNING  High grad norm: 586.66 at epoch=83 step=18504     
                    WARNING  High grad norm: 643.15 at epoch=83 step=18505     
                    WARNING  High grad norm: 1204.67 at epoch=83 step=18506    
                    WARNING  High grad norm: 1340.12 at epoch=83 step=18507    
[04/21/26 23:43:34] WARNING  High grad norm: 2053.10 at epoch=83 step=18508    
                    INFO     epoch=83 avg_loss=487.1489 lr=1.00e-06            
[04/21/26 23:43:48] WARNING  High grad norm: 1859.62 at epoch=84 step=18509    
                    WARNING  High grad norm: 1493.69 at epoch=84 step=18510    
                    WARNING  High grad norm: 795.05 at epoch=84 step=18511     
                    WARNING  High grad norm: 1018.30 at epoch=84 step=18512    
[04/21/26 23:43:49] WARNING  High grad norm: 684.07 at epoch=84 step=18513     
                    WARNING  High grad norm: 708.47 at epoch=84 step=18514     
                    WARNING  High grad norm: 1831.00 at epoch=84 step=18515    
                    WARNING  High grad norm: 1279.72 at epoch=84 step=18516    
[04/21/26 23:43:50] WARNING  High grad norm: 1335.04 at epoch=84 step=18517    
                    WARNING  High grad norm: 2628.64 at epoch=84 step=18518    
                    WARNING  High grad norm: 862.24 at epoch=84 step=18519     
                    WARNING  High grad norm: 1711.63 at epoch=84 step=18520    
                    WARNING  High grad norm: 1136.78 at epoch=84 step=18521    
[04/21/26 23:43:51] WARNING  High grad norm: 595.90 at epoch=84 step=18522     
                    WARNING  High grad norm: 775.15 at epoch=84 step=18523     
                    WARNING  High grad norm: 2934.27 at epoch=84 step=18524    
                    WARNING  High grad norm: 872.69 at epoch=84 step=18525     
[04/21/26 23:43:52] WARNING  High grad norm: 1648.64 at epoch=84 step=18526    
                    WARNING  High grad norm: 2102.33 at epoch=84 step=18527    
                    WARNING  High grad norm: 1309.34 at epoch=84 step=18528    
                    WARNING  High grad norm: 1495.22 at epoch=84 step=18529    
                    WARNING  High grad norm: 1501.64 at epoch=84 step=18530    
[04/21/26 23:43:53] WARNING  High grad norm: 806.47 at epoch=84 step=18531     
                    WARNING  High grad norm: 1163.21 at epoch=84 step=18532    
                    WARNING  High grad norm: 929.68 at epoch=84 step=18533     
                    WARNING  High grad norm: 1135.36 at epoch=84 step=18534    
[04/21/26 23:43:54] WARNING  High grad norm: 1482.89 at epoch=84 step=18535    
                    WARNING  High grad norm: 707.67 at epoch=84 step=18536     
                    WARNING  High grad norm: 897.24 at epoch=84 step=18537     
                    WARNING  High grad norm: 1617.87 at epoch=84 step=18538    
                    WARNING  High grad norm: 578.77 at epoch=84 step=18539     
[04/21/26 23:43:55] WARNING  High grad norm: 846.59 at epoch=84 step=18540     
                    WARNING  High grad norm: 494.42 at epoch=84 step=18541     
                    WARNING  High grad norm: 1529.63 at epoch=84 step=18542    
                    WARNING  High grad norm: 750.33 at epoch=84 step=18543     
[04/21/26 23:43:56] WARNING  High grad norm: 665.55 at epoch=84 step=18544     
                    WARNING  High grad norm: 662.63 at epoch=84 step=18545     
                    WARNING  High grad norm: 804.24 at epoch=84 step=18546     
                    WARNING  High grad norm: 940.58 at epoch=84 step=18547     
                    WARNING  High grad norm: 576.07 at epoch=84 step=18548     
[04/21/26 23:43:57] WARNING  High grad norm: 916.29 at epoch=84 step=18549     
                    WARNING  High grad norm: 1507.19 at epoch=84 step=18550    
                    WARNING  High grad norm: 1408.48 at epoch=84 step=18551    
                    WARNING  High grad norm: 887.95 at epoch=84 step=18552     
[04/21/26 23:43:58] WARNING  High grad norm: 800.37 at epoch=84 step=18553     
                    WARNING  High grad norm: 1736.43 at epoch=84 step=18554    
                    WARNING  High grad norm: 1212.12 at epoch=84 step=18555    
                    WARNING  High grad norm: 964.42 at epoch=84 step=18556     
                    WARNING  High grad norm: 739.27 at epoch=84 step=18557     
[04/21/26 23:43:59] WARNING  High grad norm: 938.71 at epoch=84 step=18558     
                    WARNING  High grad norm: 706.15 at epoch=84 step=18559     
                    WARNING  High grad norm: 829.22 at epoch=84 step=18560     
                    WARNING  High grad norm: 994.79 at epoch=84 step=18561     
[04/21/26 23:44:00] WARNING  High grad norm: 1582.42 at epoch=84 step=18562    
                    WARNING  High grad norm: 665.61 at epoch=84 step=18563     
                    WARNING  High grad norm: 564.78 at epoch=84 step=18564     
                    WARNING  High grad norm: 1477.19 at epoch=84 step=18565    
                    WARNING  High grad norm: 1094.43 at epoch=84 step=18566    
[04/21/26 23:44:01] WARNING  High grad norm: 1201.14 at epoch=84 step=18567    
                    WARNING  High grad norm: 969.35 at epoch=84 step=18568     
                    WARNING  High grad norm: 598.84 at epoch=84 step=18569     
                    WARNING  High grad norm: 1061.74 at epoch=84 step=18570    
[04/21/26 23:44:02] WARNING  High grad norm: 642.91 at epoch=84 step=18571     
                    WARNING  High grad norm: 757.07 at epoch=84 step=18572     
                    WARNING  High grad norm: 1168.95 at epoch=84 step=18573    
                    WARNING  High grad norm: 842.21 at epoch=84 step=18574     
                    WARNING  High grad norm: 1464.90 at epoch=84 step=18575    
[04/21/26 23:44:03] WARNING  High grad norm: 1243.46 at epoch=84 step=18576    
                    WARNING  High grad norm: 604.83 at epoch=84 step=18577     
                    WARNING  High grad norm: 1008.76 at epoch=84 step=18578    
                    WARNING  High grad norm: 1319.52 at epoch=84 step=18579    
[04/21/26 23:44:04] WARNING  High grad norm: 1056.01 at epoch=84 step=18580    
                    WARNING  High grad norm: 811.74 at epoch=84 step=18581     
                    WARNING  High grad norm: 1419.74 at epoch=84 step=18582    
                    WARNING  High grad norm: 1335.97 at epoch=84 step=18583    
                    WARNING  High grad norm: 570.91 at epoch=84 step=18584     
[04/21/26 23:44:05] WARNING  High grad norm: 677.80 at epoch=84 step=18585     
                    WARNING  High grad norm: 713.48 at epoch=84 step=18586     
                    WARNING  High grad norm: 1667.39 at epoch=84 step=18587    
                    WARNING  High grad norm: 2296.65 at epoch=84 step=18588    
[04/21/26 23:44:06] WARNING  High grad norm: 1403.13 at epoch=84 step=18589    
                    WARNING  High grad norm: 722.94 at epoch=84 step=18590     
                    WARNING  High grad norm: 792.24 at epoch=84 step=18591     
                    WARNING  High grad norm: 1008.84 at epoch=84 step=18592    
                    WARNING  High grad norm: 788.91 at epoch=84 step=18593     
[04/21/26 23:44:07] WARNING  High grad norm: 698.15 at epoch=84 step=18594     
                    WARNING  High grad norm: 1657.07 at epoch=84 step=18595    
                    WARNING  High grad norm: 1771.54 at epoch=84 step=18596    
                    WARNING  High grad norm: 1494.81 at epoch=84 step=18597    
[04/21/26 23:44:08] WARNING  High grad norm: 1541.06 at epoch=84 step=18598    
                    WARNING  High grad norm: 1278.32 at epoch=84 step=18599    
                    INFO     epoch=84 step=18600 loss=485.4203                 
                             grad_norm=1278.3220 lr=1.00e-06                   
                    WARNING  High grad norm: 1470.34 at epoch=84 step=18600    
                    WARNING  High grad norm: 901.97 at epoch=84 step=18601     
                    WARNING  High grad norm: 1243.43 at epoch=84 step=18602    
[04/21/26 23:44:09] WARNING  High grad norm: 604.80 at epoch=84 step=18603     
                    WARNING  High grad norm: 648.65 at epoch=84 step=18604     
                    WARNING  High grad norm: 3128.44 at epoch=84 step=18605    
                    WARNING  High grad norm: 1127.93 at epoch=84 step=18606    
[04/21/26 23:44:10] WARNING  High grad norm: 1430.75 at epoch=84 step=18607    
                    WARNING  High grad norm: 2599.05 at epoch=84 step=18608    
                    WARNING  High grad norm: 831.01 at epoch=84 step=18609     
                    WARNING  High grad norm: 1232.25 at epoch=84 step=18610    
                    WARNING  High grad norm: 1012.83 at epoch=84 step=18611    
[04/21/26 23:44:11] WARNING  High grad norm: 1444.96 at epoch=84 step=18612    
                    WARNING  High grad norm: 1006.88 at epoch=84 step=18613    
                    WARNING  High grad norm: 1468.99 at epoch=84 step=18614    
                    WARNING  High grad norm: 703.43 at epoch=84 step=18615     
[04/21/26 23:44:12] WARNING  High grad norm: 717.86 at epoch=84 step=18616     
                    WARNING  High grad norm: 1446.70 at epoch=84 step=18617    
                    WARNING  High grad norm: 1016.03 at epoch=84 step=18618    
                    WARNING  High grad norm: 603.49 at epoch=84 step=18619     
                    WARNING  High grad norm: 1593.49 at epoch=84 step=18620    
[04/21/26 23:44:13] WARNING  High grad norm: 2601.03 at epoch=84 step=18621    
                    WARNING  High grad norm: 949.23 at epoch=84 step=18622     
                    WARNING  High grad norm: 1468.80 at epoch=84 step=18623    
                    WARNING  High grad norm: 1075.61 at epoch=84 step=18624    
[04/21/26 23:44:14] WARNING  High grad norm: 1062.15 at epoch=84 step=18625    
                    WARNING  High grad norm: 1293.55 at epoch=84 step=18626    
                    WARNING  High grad norm: 940.71 at epoch=84 step=18627     
                    WARNING  High grad norm: 1365.32 at epoch=84 step=18628    
                    WARNING  High grad norm: 737.30 at epoch=84 step=18629     
[04/21/26 23:44:15] WARNING  High grad norm: 654.40 at epoch=84 step=18630     
                    WARNING  High grad norm: 594.55 at epoch=84 step=18631     
                    WARNING  High grad norm: 1797.37 at epoch=84 step=18632    
                    WARNING  High grad norm: 1677.93 at epoch=84 step=18633    
[04/21/26 23:44:16] WARNING  High grad norm: 909.59 at epoch=84 step=18634     
                    WARNING  High grad norm: 530.70 at epoch=84 step=18635     
                    WARNING  High grad norm: 848.47 at epoch=84 step=18636     
                    WARNING  High grad norm: 801.59 at epoch=84 step=18637     
                    WARNING  High grad norm: 717.41 at epoch=84 step=18638     
[04/21/26 23:44:17] WARNING  High grad norm: 891.29 at epoch=84 step=18639     
                    WARNING  High grad norm: 1484.52 at epoch=84 step=18640    
                    WARNING  High grad norm: 1319.73 at epoch=84 step=18641    
                    WARNING  High grad norm: 877.87 at epoch=84 step=18642     
[04/21/26 23:44:18] WARNING  High grad norm: 1947.34 at epoch=84 step=18643    
                    WARNING  High grad norm: 1675.15 at epoch=84 step=18644    
                    WARNING  High grad norm: 657.09 at epoch=84 step=18645     
                    WARNING  High grad norm: 905.88 at epoch=84 step=18646     
                    WARNING  High grad norm: 856.89 at epoch=84 step=18647     
[04/21/26 23:44:19] WARNING  High grad norm: 1413.75 at epoch=84 step=18648    
                    WARNING  High grad norm: 1120.79 at epoch=84 step=18649    
                    WARNING  High grad norm: 1404.44 at epoch=84 step=18650    
                    WARNING  High grad norm: 3368.49 at epoch=84 step=18651    
[04/21/26 23:44:20] WARNING  High grad norm: 1297.07 at epoch=84 step=18652    
                    WARNING  High grad norm: 2430.09 at epoch=84 step=18653    
                    WARNING  High grad norm: 2161.30 at epoch=84 step=18654    
                    WARNING  High grad norm: 1016.83 at epoch=84 step=18655    
                    WARNING  High grad norm: 1674.38 at epoch=84 step=18656    
[04/21/26 23:44:21] WARNING  High grad norm: 1048.63 at epoch=84 step=18657    
                    WARNING  High grad norm: 1780.71 at epoch=84 step=18658    
                    WARNING  High grad norm: 1088.70 at epoch=84 step=18659    
                    WARNING  High grad norm: 1358.73 at epoch=84 step=18660    
[04/21/26 23:44:22] WARNING  High grad norm: 810.21 at epoch=84 step=18661     
                    WARNING  High grad norm: 1739.60 at epoch=84 step=18662    
                    WARNING  High grad norm: 1016.94 at epoch=84 step=18663    
                    WARNING  High grad norm: 538.72 at epoch=84 step=18664     
                    WARNING  High grad norm: 1615.44 at epoch=84 step=18665    
[04/21/26 23:44:23] WARNING  High grad norm: 1049.52 at epoch=84 step=18666    
                    WARNING  High grad norm: 1200.21 at epoch=84 step=18667    
                    WARNING  High grad norm: 630.30 at epoch=84 step=18668     
                    WARNING  High grad norm: 1211.20 at epoch=84 step=18669    
[04/21/26 23:44:24] WARNING  High grad norm: 664.15 at epoch=84 step=18670     
                    WARNING  High grad norm: 981.74 at epoch=84 step=18671     
                    WARNING  High grad norm: 1650.56 at epoch=84 step=18672    
                    WARNING  High grad norm: 1385.30 at epoch=84 step=18673    
                    WARNING  High grad norm: 1123.33 at epoch=84 step=18674    
[04/21/26 23:44:25] WARNING  High grad norm: 1128.46 at epoch=84 step=18675    
                    WARNING  High grad norm: 833.29 at epoch=84 step=18676     
                    WARNING  High grad norm: 1270.15 at epoch=84 step=18677    
                    WARNING  High grad norm: 1296.69 at epoch=84 step=18678    
[04/21/26 23:44:26] WARNING  High grad norm: 1489.28 at epoch=84 step=18679    
                    WARNING  High grad norm: 801.56 at epoch=84 step=18680     
                    WARNING  High grad norm: 4257.37 at epoch=84 step=18681    
                    WARNING  High grad norm: 1065.46 at epoch=84 step=18682    
                    WARNING  High grad norm: 1118.69 at epoch=84 step=18683    
[04/21/26 23:44:27] WARNING  High grad norm: 638.01 at epoch=84 step=18684     
                    WARNING  High grad norm: 1204.80 at epoch=84 step=18685    
                    WARNING  High grad norm: 999.84 at epoch=84 step=18686     
                    WARNING  High grad norm: 769.04 at epoch=84 step=18687     
[04/21/26 23:44:28] WARNING  High grad norm: 483.65 at epoch=84 step=18688     
                    WARNING  High grad norm: 1496.50 at epoch=84 step=18689    
                    WARNING  High grad norm: 517.38 at epoch=84 step=18690     
                    WARNING  High grad norm: 1377.97 at epoch=84 step=18691    
                    WARNING  High grad norm: 914.02 at epoch=84 step=18692     
[04/21/26 23:44:29] WARNING  High grad norm: 1064.17 at epoch=84 step=18693    
                    WARNING  High grad norm: 1862.11 at epoch=84 step=18694    
                    WARNING  High grad norm: 817.79 at epoch=84 step=18695     
                    WARNING  High grad norm: 652.80 at epoch=84 step=18696     
[04/21/26 23:44:30] WARNING  High grad norm: 2822.22 at epoch=84 step=18697    
                    WARNING  High grad norm: 2494.73 at epoch=84 step=18698    
                    WARNING  High grad norm: 597.91 at epoch=84 step=18699     
                    INFO     epoch=84 step=18700 loss=482.6317                 
                             grad_norm=597.9080 lr=1.00e-06                    
                    WARNING  High grad norm: 636.25 at epoch=84 step=18700     
                    WARNING  High grad norm: 590.58 at epoch=84 step=18701     
[04/21/26 23:44:31] WARNING  High grad norm: 1381.65 at epoch=84 step=18702    
                    WARNING  High grad norm: 746.01 at epoch=84 step=18703     
                    WARNING  High grad norm: 915.36 at epoch=84 step=18704     
                    WARNING  High grad norm: 1668.74 at epoch=84 step=18705    
[04/21/26 23:44:32] WARNING  High grad norm: 834.10 at epoch=84 step=18706     
                    WARNING  High grad norm: 1652.63 at epoch=84 step=18707    
                    WARNING  High grad norm: 1514.13 at epoch=84 step=18708    
                    WARNING  High grad norm: 709.14 at epoch=84 step=18709     
                    WARNING  High grad norm: 1308.96 at epoch=84 step=18710    
[04/21/26 23:44:33] WARNING  High grad norm: 803.70 at epoch=84 step=18711     
                    WARNING  High grad norm: 1520.41 at epoch=84 step=18712    
                    WARNING  High grad norm: 1066.27 at epoch=84 step=18713    
                    WARNING  High grad norm: 746.78 at epoch=84 step=18714     
[04/21/26 23:44:34] WARNING  High grad norm: 1678.43 at epoch=84 step=18715    
                    WARNING  High grad norm: 948.17 at epoch=84 step=18716     
                    WARNING  High grad norm: 980.55 at epoch=84 step=18717     
                    WARNING  High grad norm: 879.67 at epoch=84 step=18718     
                    WARNING  High grad norm: 845.28 at epoch=84 step=18719     
[04/21/26 23:44:35] WARNING  High grad norm: 889.04 at epoch=84 step=18720     
                    WARNING  High grad norm: 815.17 at epoch=84 step=18721     
                    WARNING  High grad norm: 2237.39 at epoch=84 step=18722    
                    WARNING  High grad norm: 531.26 at epoch=84 step=18723     
[04/21/26 23:44:36] WARNING  High grad norm: 2354.14 at epoch=84 step=18724    
                    WARNING  High grad norm: 724.50 at epoch=84 step=18725     
                    WARNING  High grad norm: 2196.50 at epoch=84 step=18726    
                    WARNING  High grad norm: 1368.27 at epoch=84 step=18727    
                    WARNING  High grad norm: 818.15 at epoch=84 step=18728     
[04/21/26 23:44:37] WARNING  High grad norm: 1358.15 at epoch=84 step=18729    
                    WARNING  High grad norm: 1004.91 at epoch=84 step=18730    
                    WARNING  High grad norm: 2274.42 at epoch=84 step=18731    
[04/21/26 23:44:38] INFO     epoch=84 avg_loss=482.4541 lr=1.00e-06            
[04/21/26 23:44:51] WARNING  High grad norm: 2105.28 at epoch=85 step=18732    
                    WARNING  High grad norm: 2049.76 at epoch=85 step=18733    
[04/21/26 23:44:52] WARNING  High grad norm: 1245.78 at epoch=85 step=18734    
                    WARNING  High grad norm: 953.91 at epoch=85 step=18735     
                    WARNING  High grad norm: 697.24 at epoch=85 step=18736     
                    WARNING  High grad norm: 841.82 at epoch=85 step=18737     
                    WARNING  High grad norm: 954.24 at epoch=85 step=18738     
[04/21/26 23:44:53] WARNING  High grad norm: 1286.54 at epoch=85 step=18739    
                    WARNING  High grad norm: 482.73 at epoch=85 step=18740     
                    WARNING  High grad norm: 1822.99 at epoch=85 step=18741    
                    WARNING  High grad norm: 722.75 at epoch=85 step=18742     
[04/21/26 23:44:54] WARNING  High grad norm: 1349.66 at epoch=85 step=18743    
                    WARNING  High grad norm: 2808.20 at epoch=85 step=18744    
                    WARNING  High grad norm: 801.41 at epoch=85 step=18745     
                    WARNING  High grad norm: 723.96 at epoch=85 step=18746     
                    WARNING  High grad norm: 2226.03 at epoch=85 step=18747    
[04/21/26 23:44:55] WARNING  High grad norm: 704.09 at epoch=85 step=18748     
                    WARNING  High grad norm: 626.12 at epoch=85 step=18749     
                    WARNING  High grad norm: 1220.16 at epoch=85 step=18750    
                    WARNING  High grad norm: 813.63 at epoch=85 step=18751     
[04/21/26 23:44:56] WARNING  High grad norm: 2155.46 at epoch=85 step=18752    
                    WARNING  High grad norm: 683.84 at epoch=85 step=18753     
                    WARNING  High grad norm: 523.78 at epoch=85 step=18754     
                    WARNING  High grad norm: 835.11 at epoch=85 step=18755     
                    WARNING  High grad norm: 2520.46 at epoch=85 step=18756    
[04/21/26 23:44:57] WARNING  High grad norm: 1803.90 at epoch=85 step=18757    
                    WARNING  High grad norm: 1854.62 at epoch=85 step=18758    
                    WARNING  High grad norm: 1620.36 at epoch=85 step=18759    
                    WARNING  High grad norm: 1054.18 at epoch=85 step=18760    
[04/21/26 23:44:58] WARNING  High grad norm: 1406.13 at epoch=85 step=18761    
                    WARNING  High grad norm: 2165.29 at epoch=85 step=18762    
                    WARNING  High grad norm: 811.85 at epoch=85 step=18763     
                    WARNING  High grad norm: 1537.65 at epoch=85 step=18764    
                    WARNING  High grad norm: 1449.34 at epoch=85 step=18765    
[04/21/26 23:44:59] WARNING  High grad norm: 1021.71 at epoch=85 step=18766    
                    WARNING  High grad norm: 1695.05 at epoch=85 step=18767    
                    WARNING  High grad norm: 900.51 at epoch=85 step=18768     
                    WARNING  High grad norm: 3504.72 at epoch=85 step=18769    
[04/21/26 23:45:00] WARNING  High grad norm: 2698.72 at epoch=85 step=18770    
                    WARNING  High grad norm: 531.35 at epoch=85 step=18771     
                    WARNING  High grad norm: 695.03 at epoch=85 step=18772     
                    WARNING  High grad norm: 668.68 at epoch=85 step=18773     
                    WARNING  High grad norm: 1264.83 at epoch=85 step=18774    
[04/21/26 23:45:01] WARNING  High grad norm: 652.00 at epoch=85 step=18775     
                    WARNING  High grad norm: 2385.53 at epoch=85 step=18776    
                    WARNING  High grad norm: 943.67 at epoch=85 step=18777     
                    WARNING  High grad norm: 1389.56 at epoch=85 step=18778    
[04/21/26 23:45:02] WARNING  High grad norm: 593.62 at epoch=85 step=18779     
                    WARNING  High grad norm: 532.28 at epoch=85 step=18780     
                    WARNING  High grad norm: 562.21 at epoch=85 step=18781     
                    WARNING  High grad norm: 699.05 at epoch=85 step=18782     
                    WARNING  High grad norm: 923.20 at epoch=85 step=18783     
[04/21/26 23:45:03] WARNING  High grad norm: 2331.35 at epoch=85 step=18784    
                    WARNING  High grad norm: 1180.39 at epoch=85 step=18785    
                    WARNING  High grad norm: 490.45 at epoch=85 step=18786     
                    WARNING  High grad norm: 646.46 at epoch=85 step=18787     
[04/21/26 23:45:04] WARNING  High grad norm: 1013.34 at epoch=85 step=18788    
                    WARNING  High grad norm: 814.64 at epoch=85 step=18789     
                    WARNING  High grad norm: 2473.88 at epoch=85 step=18790    
                    WARNING  High grad norm: 983.44 at epoch=85 step=18791     
                    WARNING  High grad norm: 968.11 at epoch=85 step=18792     
[04/21/26 23:45:05] WARNING  High grad norm: 1027.50 at epoch=85 step=18793    
                    WARNING  High grad norm: 993.19 at epoch=85 step=18794     
                    WARNING  High grad norm: 871.34 at epoch=85 step=18795     
                    WARNING  High grad norm: 561.65 at epoch=85 step=18796     
[04/21/26 23:45:06] WARNING  High grad norm: 709.38 at epoch=85 step=18797     
                    WARNING  High grad norm: 1633.21 at epoch=85 step=18798    
                    WARNING  High grad norm: 1147.02 at epoch=85 step=18799    
                    INFO     epoch=85 step=18800 loss=476.3108                 
                             grad_norm=1147.0182 lr=1.00e-06                   
                    WARNING  High grad norm: 951.20 at epoch=85 step=18800     
                    WARNING  High grad norm: 1123.74 at epoch=85 step=18801    
[04/21/26 23:45:07] WARNING  High grad norm: 1809.79 at epoch=85 step=18802    
                    WARNING  High grad norm: 814.89 at epoch=85 step=18803     
                    WARNING  High grad norm: 871.96 at epoch=85 step=18804     
                    WARNING  High grad norm: 864.25 at epoch=85 step=18805     
[04/21/26 23:45:08] WARNING  High grad norm: 841.20 at epoch=85 step=18806     
                    WARNING  High grad norm: 2685.04 at epoch=85 step=18807    
                    WARNING  High grad norm: 1361.73 at epoch=85 step=18808    
                    WARNING  High grad norm: 846.01 at epoch=85 step=18809     
                    WARNING  High grad norm: 888.14 at epoch=85 step=18810     
[04/21/26 23:45:09] WARNING  High grad norm: 1086.34 at epoch=85 step=18811    
                    WARNING  High grad norm: 670.27 at epoch=85 step=18812     
                    WARNING  High grad norm: 973.18 at epoch=85 step=18813     
                    WARNING  High grad norm: 665.10 at epoch=85 step=18814     
[04/21/26 23:45:10] WARNING  High grad norm: 877.28 at epoch=85 step=18815     
                    WARNING  High grad norm: 1286.86 at epoch=85 step=18816    
                    WARNING  High grad norm: 1305.89 at epoch=85 step=18817    
                    WARNING  High grad norm: 594.67 at epoch=85 step=18818     
                    WARNING  High grad norm: 722.38 at epoch=85 step=18819     
[04/21/26 23:45:11] WARNING  High grad norm: 2795.07 at epoch=85 step=18820    
                    WARNING  High grad norm: 830.65 at epoch=85 step=18821     
                    WARNING  High grad norm: 2077.48 at epoch=85 step=18822    
                    WARNING  High grad norm: 928.07 at epoch=85 step=18823     
[04/21/26 23:45:12] WARNING  High grad norm: 823.09 at epoch=85 step=18824     
                    WARNING  High grad norm: 969.98 at epoch=85 step=18825     
                    WARNING  High grad norm: 833.76 at epoch=85 step=18826     
                    WARNING  High grad norm: 770.48 at epoch=85 step=18827     
                    WARNING  High grad norm: 598.41 at epoch=85 step=18828     
[04/21/26 23:45:13] WARNING  High grad norm: 1533.44 at epoch=85 step=18829    
                    WARNING  High grad norm: 619.54 at epoch=85 step=18830     
                    WARNING  High grad norm: 1010.99 at epoch=85 step=18831    
                    WARNING  High grad norm: 1264.47 at epoch=85 step=18832    
[04/21/26 23:45:14] WARNING  High grad norm: 872.63 at epoch=85 step=18833     
                    WARNING  High grad norm: 991.55 at epoch=85 step=18834     
                    WARNING  High grad norm: 676.29 at epoch=85 step=18835     
                    WARNING  High grad norm: 827.84 at epoch=85 step=18836     
                    WARNING  High grad norm: 1010.79 at epoch=85 step=18837    
[04/21/26 23:45:15] WARNING  High grad norm: 2034.32 at epoch=85 step=18838    
                    WARNING  High grad norm: 1657.39 at epoch=85 step=18839    
                    WARNING  High grad norm: 734.04 at epoch=85 step=18840     
                    WARNING  High grad norm: 3646.88 at epoch=85 step=18841    
[04/21/26 23:45:16] WARNING  High grad norm: 1592.91 at epoch=85 step=18842    
                    WARNING  High grad norm: 969.17 at epoch=85 step=18843     
                    WARNING  High grad norm: 665.92 at epoch=85 step=18844     
                    WARNING  High grad norm: 608.08 at epoch=85 step=18845     
                    WARNING  High grad norm: 653.77 at epoch=85 step=18846     
[04/21/26 23:45:17] WARNING  High grad norm: 575.94 at epoch=85 step=18847     
                    WARNING  High grad norm: 972.72 at epoch=85 step=18848     
                    WARNING  High grad norm: 1018.06 at epoch=85 step=18849    
                    WARNING  High grad norm: 1333.52 at epoch=85 step=18850    
[04/21/26 23:45:18] WARNING  High grad norm: 1584.43 at epoch=85 step=18851    
                    WARNING  High grad norm: 651.95 at epoch=85 step=18852     
                    WARNING  High grad norm: 1109.61 at epoch=85 step=18853    
                    WARNING  High grad norm: 3051.98 at epoch=85 step=18854    
                    WARNING  High grad norm: 924.70 at epoch=85 step=18855     
[04/21/26 23:45:19] WARNING  High grad norm: 725.65 at epoch=85 step=18856     
                    WARNING  High grad norm: 543.31 at epoch=85 step=18857     
                    WARNING  High grad norm: 2222.99 at epoch=85 step=18858    
                    WARNING  High grad norm: 679.50 at epoch=85 step=18859     
[04/21/26 23:45:20] WARNING  High grad norm: 1550.07 at epoch=85 step=18860    
                    WARNING  High grad norm: 1642.64 at epoch=85 step=18861    
                    WARNING  High grad norm: 848.94 at epoch=85 step=18862     
                    WARNING  High grad norm: 1444.03 at epoch=85 step=18863    
                    WARNING  High grad norm: 1626.48 at epoch=85 step=18864    
[04/21/26 23:45:21] WARNING  High grad norm: 1101.68 at epoch=85 step=18865    
                    WARNING  High grad norm: 975.25 at epoch=85 step=18866     
                    WARNING  High grad norm: 674.26 at epoch=85 step=18867     
                    WARNING  High grad norm: 1882.63 at epoch=85 step=18868    
[04/21/26 23:45:22] WARNING  High grad norm: 2473.88 at epoch=85 step=18869    
                    WARNING  High grad norm: 3821.06 at epoch=85 step=18870    
                    WARNING  High grad norm: 2543.64 at epoch=85 step=18871    
                    WARNING  High grad norm: 1189.97 at epoch=85 step=18872    
                    WARNING  High grad norm: 695.25 at epoch=85 step=18873     
[04/21/26 23:45:23] WARNING  High grad norm: 1504.67 at epoch=85 step=18874    
                    WARNING  High grad norm: 1022.92 at epoch=85 step=18875    
                    WARNING  High grad norm: 1229.87 at epoch=85 step=18876    
                    WARNING  High grad norm: 846.35 at epoch=85 step=18877     
[04/21/26 23:45:24] WARNING  High grad norm: 1891.21 at epoch=85 step=18878    
                    WARNING  High grad norm: 836.66 at epoch=85 step=18879     
                    WARNING  High grad norm: 2511.85 at epoch=85 step=18880    
                    WARNING  High grad norm: 727.81 at epoch=85 step=18881     
                    WARNING  High grad norm: 661.75 at epoch=85 step=18882     
[04/21/26 23:45:25] WARNING  High grad norm: 2146.51 at epoch=85 step=18883    
                    WARNING  High grad norm: 1779.17 at epoch=85 step=18884    
                    WARNING  High grad norm: 1029.66 at epoch=85 step=18885    
                    WARNING  High grad norm: 1033.30 at epoch=85 step=18886    
[04/21/26 23:45:26] WARNING  High grad norm: 967.81 at epoch=85 step=18887     
                    WARNING  High grad norm: 1058.71 at epoch=85 step=18888    
                    WARNING  High grad norm: 1739.53 at epoch=85 step=18889    
                    WARNING  High grad norm: 572.96 at epoch=85 step=18890     
                    WARNING  High grad norm: 1171.60 at epoch=85 step=18891    
[04/21/26 23:45:27] WARNING  High grad norm: 1008.51 at epoch=85 step=18892    
                    WARNING  High grad norm: 1437.81 at epoch=85 step=18893    
                    WARNING  High grad norm: 1106.21 at epoch=85 step=18894    
                    WARNING  High grad norm: 1607.15 at epoch=85 step=18895    
[04/21/26 23:45:28] WARNING  High grad norm: 1002.69 at epoch=85 step=18896    
                    WARNING  High grad norm: 745.74 at epoch=85 step=18897     
                    WARNING  High grad norm: 799.95 at epoch=85 step=18898     
                    WARNING  High grad norm: 828.68 at epoch=85 step=18899     
                    INFO     epoch=85 step=18900 loss=478.1925                 
                             grad_norm=828.6761 lr=1.00e-06                    
                    WARNING  High grad norm: 1035.29 at epoch=85 step=18900    
[04/21/26 23:45:29] WARNING  High grad norm: 688.33 at epoch=85 step=18901     
                    WARNING  High grad norm: 2099.43 at epoch=85 step=18902    
                    WARNING  High grad norm: 942.23 at epoch=85 step=18903     
                    WARNING  High grad norm: 611.76 at epoch=85 step=18904     
[04/21/26 23:45:30] WARNING  High grad norm: 823.47 at epoch=85 step=18905     
                    WARNING  High grad norm: 2328.27 at epoch=85 step=18906    
                    WARNING  High grad norm: 748.38 at epoch=85 step=18907     
                    WARNING  High grad norm: 1436.05 at epoch=85 step=18908    
                    WARNING  High grad norm: 1137.30 at epoch=85 step=18909    
[04/21/26 23:45:31] WARNING  High grad norm: 976.46 at epoch=85 step=18910     
                    WARNING  High grad norm: 592.06 at epoch=85 step=18911     
                    WARNING  High grad norm: 570.88 at epoch=85 step=18912     
                    WARNING  High grad norm: 2397.75 at epoch=85 step=18913    
[04/21/26 23:45:32] WARNING  High grad norm: 821.90 at epoch=85 step=18914     
                    WARNING  High grad norm: 804.53 at epoch=85 step=18915     
                    WARNING  High grad norm: 2781.57 at epoch=85 step=18916    
                    WARNING  High grad norm: 1722.25 at epoch=85 step=18917    
                    WARNING  High grad norm: 757.29 at epoch=85 step=18918     
[04/21/26 23:45:33] WARNING  High grad norm: 887.05 at epoch=85 step=18919     
                    WARNING  High grad norm: 1258.15 at epoch=85 step=18920    
                    WARNING  High grad norm: 947.30 at epoch=85 step=18921     
                    WARNING  High grad norm: 603.76 at epoch=85 step=18922     
[04/21/26 23:45:34] WARNING  High grad norm: 1136.99 at epoch=85 step=18923    
                    WARNING  High grad norm: 2218.91 at epoch=85 step=18924    
                    WARNING  High grad norm: 1410.01 at epoch=85 step=18925    
                    WARNING  High grad norm: 678.51 at epoch=85 step=18926     
                    WARNING  High grad norm: 777.77 at epoch=85 step=18927     
[04/21/26 23:45:35] WARNING  High grad norm: 1123.33 at epoch=85 step=18928    
                    WARNING  High grad norm: 1038.44 at epoch=85 step=18929    
                    WARNING  High grad norm: 1923.04 at epoch=85 step=18930    
                    WARNING  High grad norm: 664.25 at epoch=85 step=18931     
[04/21/26 23:45:36] WARNING  High grad norm: 876.79 at epoch=85 step=18932     
                    WARNING  High grad norm: 985.05 at epoch=85 step=18933     
                    WARNING  High grad norm: 2839.02 at epoch=85 step=18934    
                    WARNING  High grad norm: 1006.58 at epoch=85 step=18935    
                    WARNING  High grad norm: 1279.61 at epoch=85 step=18936    
[04/21/26 23:45:37] WARNING  High grad norm: 621.21 at epoch=85 step=18937     
                    WARNING  High grad norm: 733.74 at epoch=85 step=18938     
                    WARNING  High grad norm: 607.27 at epoch=85 step=18939     
                    WARNING  High grad norm: 554.05 at epoch=85 step=18940     
[04/21/26 23:45:38] WARNING  High grad norm: 754.12 at epoch=85 step=18941     
                    WARNING  High grad norm: 666.96 at epoch=85 step=18942     
                    WARNING  High grad norm: 1064.27 at epoch=85 step=18943    
                    WARNING  High grad norm: 1147.23 at epoch=85 step=18944    
                    WARNING  High grad norm: 1483.16 at epoch=85 step=18945    
[04/21/26 23:45:39] WARNING  High grad norm: 679.52 at epoch=85 step=18946     
                    WARNING  High grad norm: 1559.33 at epoch=85 step=18947    
                    WARNING  High grad norm: 905.59 at epoch=85 step=18948     
                    WARNING  High grad norm: 1694.12 at epoch=85 step=18949    
[04/21/26 23:45:40] WARNING  High grad norm: 1164.84 at epoch=85 step=18950    
                    WARNING  High grad norm: 1093.99 at epoch=85 step=18951    
                    WARNING  High grad norm: 1528.57 at epoch=85 step=18952    
                    WARNING  High grad norm: 1130.38 at epoch=85 step=18953    
                    WARNING  High grad norm: 830.50 at epoch=85 step=18954     
[04/21/26 23:45:41] INFO     epoch=85 avg_loss=478.2863 lr=1.00e-06            
[04/21/26 23:45:47] INFO     Saved checkpoint to                               
                             C:\Users\artun\Desktop\ITS-project\checkpoints\sco
                             re_fmnist_v2\score_epoch_0085.pt                  
[04/21/26 23:46:01] WARNING  High grad norm: 1730.06 at epoch=86 step=18955    
                    WARNING  High grad norm: 1424.90 at epoch=86 step=18956    
                    WARNING  High grad norm: 925.65 at epoch=86 step=18957     
[04/21/26 23:46:02] WARNING  High grad norm: 862.57 at epoch=86 step=18958     
                    WARNING  High grad norm: 1263.99 at epoch=86 step=18959    
                    WARNING  High grad norm: 874.01 at epoch=86 step=18960     
                    WARNING  High grad norm: 832.29 at epoch=86 step=18961     
                    WARNING  High grad norm: 596.97 at epoch=86 step=18962     
[04/21/26 23:46:03] WARNING  High grad norm: 2505.01 at epoch=86 step=18963    
                    WARNING  High grad norm: 846.26 at epoch=86 step=18964     
                    WARNING  High grad norm: 582.77 at epoch=86 step=18965     
                    WARNING  High grad norm: 803.03 at epoch=86 step=18966     
                    WARNING  High grad norm: 845.14 at epoch=86 step=18967     
[04/21/26 23:46:04] WARNING  High grad norm: 810.95 at epoch=86 step=18968     
                    WARNING  High grad norm: 902.79 at epoch=86 step=18969     
                    WARNING  High grad norm: 866.34 at epoch=86 step=18970     
                    WARNING  High grad norm: 771.76 at epoch=86 step=18971     
[04/21/26 23:46:05] WARNING  High grad norm: 1374.69 at epoch=86 step=18972    
                    WARNING  High grad norm: 798.17 at epoch=86 step=18973     
                    WARNING  High grad norm: 835.67 at epoch=86 step=18974     
                    WARNING  High grad norm: 1281.53 at epoch=86 step=18975    
                    WARNING  High grad norm: 647.83 at epoch=86 step=18976     
[04/21/26 23:46:06] WARNING  High grad norm: 567.00 at epoch=86 step=18977     
                    WARNING  High grad norm: 1813.97 at epoch=86 step=18978    
                    WARNING  High grad norm: 727.77 at epoch=86 step=18979     
                    WARNING  High grad norm: 1294.27 at epoch=86 step=18980    
[04/21/26 23:46:07] WARNING  High grad norm: 734.18 at epoch=86 step=18981     
                    WARNING  High grad norm: 1848.67 at epoch=86 step=18982    
                    WARNING  High grad norm: 759.04 at epoch=86 step=18983     
                    WARNING  High grad norm: 1154.37 at epoch=86 step=18984    
                    WARNING  High grad norm: 871.78 at epoch=86 step=18985     
[04/21/26 23:46:08] WARNING  High grad norm: 1787.34 at epoch=86 step=18986    
                    WARNING  High grad norm: 1114.97 at epoch=86 step=18987    
                    WARNING  High grad norm: 573.05 at epoch=86 step=18988     
                    WARNING  High grad norm: 536.88 at epoch=86 step=18989     
[04/21/26 23:46:09] WARNING  High grad norm: 2551.20 at epoch=86 step=18990    
                    WARNING  High grad norm: 595.42 at epoch=86 step=18991     
                    WARNING  High grad norm: 672.66 at epoch=86 step=18992     
                    WARNING  High grad norm: 814.88 at epoch=86 step=18993     
                    WARNING  High grad norm: 2158.82 at epoch=86 step=18994    
[04/21/26 23:46:10] WARNING  High grad norm: 2053.71 at epoch=86 step=18995    
                    WARNING  High grad norm: 1070.79 at epoch=86 step=18996    
                    WARNING  High grad norm: 1135.53 at epoch=86 step=18997    
                    WARNING  High grad norm: 1907.90 at epoch=86 step=18998    
[04/21/26 23:46:11] WARNING  High grad norm: 608.95 at epoch=86 step=18999     
                    INFO     epoch=86 step=19000 loss=492.8279                 
                             grad_norm=608.9521 lr=1.00e-06                    
                    WARNING  High grad norm: 1882.97 at epoch=86 step=19000    
                    WARNING  High grad norm: 1098.16 at epoch=86 step=19001    
                    WARNING  High grad norm: 1250.45 at epoch=86 step=19002    
                    WARNING  High grad norm: 1400.64 at epoch=86 step=19003    
[04/21/26 23:46:12] WARNING  High grad norm: 1267.39 at epoch=86 step=19004    
                    WARNING  High grad norm: 1136.62 at epoch=86 step=19005    
                    WARNING  High grad norm: 828.71 at epoch=86 step=19006     
                    WARNING  High grad norm: 1474.33 at epoch=86 step=19007    
[04/21/26 23:46:13] WARNING  High grad norm: 816.75 at epoch=86 step=19008     
                    WARNING  High grad norm: 935.35 at epoch=86 step=19009     
                    WARNING  High grad norm: 1493.39 at epoch=86 step=19010    
                    WARNING  High grad norm: 1074.48 at epoch=86 step=19011    
                    WARNING  High grad norm: 1417.04 at epoch=86 step=19012    
[04/21/26 23:46:14] WARNING  High grad norm: 887.55 at epoch=86 step=19013     
                    WARNING  High grad norm: 1279.37 at epoch=86 step=19014    
                    WARNING  High grad norm: 1074.33 at epoch=86 step=19015    
                    WARNING  High grad norm: 1105.06 at epoch=86 step=19016    
[04/21/26 23:46:15] WARNING  High grad norm: 693.63 at epoch=86 step=19017     
                    WARNING  High grad norm: 859.98 at epoch=86 step=19018     
                    WARNING  High grad norm: 1233.80 at epoch=86 step=19019    
                    WARNING  High grad norm: 1180.92 at epoch=86 step=19020    
                    WARNING  High grad norm: 848.11 at epoch=86 step=19021     
[04/21/26 23:46:16] WARNING  High grad norm: 819.65 at epoch=86 step=19022     
                    WARNING  High grad norm: 1462.94 at epoch=86 step=19023    
                    WARNING  High grad norm: 626.09 at epoch=86 step=19024     
                    WARNING  High grad norm: 1135.04 at epoch=86 step=19025    
[04/21/26 23:46:17] WARNING  High grad norm: 878.97 at epoch=86 step=19026     
                    WARNING  High grad norm: 1049.01 at epoch=86 step=19027    
                    WARNING  High grad norm: 1079.16 at epoch=86 step=19028    
                    WARNING  High grad norm: 1603.32 at epoch=86 step=19029    
                    WARNING  High grad norm: 1633.55 at epoch=86 step=19030    
[04/21/26 23:46:18] WARNING  High grad norm: 1117.36 at epoch=86 step=19031    
                    WARNING  High grad norm: 1865.13 at epoch=86 step=19032    
                    WARNING  High grad norm: 1920.82 at epoch=86 step=19033    
                    WARNING  High grad norm: 1857.41 at epoch=86 step=19034    
[04/21/26 23:46:19] WARNING  High grad norm: 936.07 at epoch=86 step=19035     
                    WARNING  High grad norm: 2312.63 at epoch=86 step=19036    
                    WARNING  High grad norm: 832.92 at epoch=86 step=19037     
                    WARNING  High grad norm: 982.78 at epoch=86 step=19038     
                    WARNING  High grad norm: 1535.39 at epoch=86 step=19039    
[04/21/26 23:46:20] WARNING  High grad norm: 578.45 at epoch=86 step=19040     
                    WARNING  High grad norm: 1114.52 at epoch=86 step=19041    
                    WARNING  High grad norm: 1063.40 at epoch=86 step=19042    
                    WARNING  High grad norm: 787.63 at epoch=86 step=19043     
[04/21/26 23:46:21] WARNING  High grad norm: 1027.12 at epoch=86 step=19044    
                    WARNING  High grad norm: 1423.76 at epoch=86 step=19045    
                    WARNING  High grad norm: 760.07 at epoch=86 step=19046     
                    WARNING  High grad norm: 1925.08 at epoch=86 step=19047    
                    WARNING  High grad norm: 1047.07 at epoch=86 step=19048    
[04/21/26 23:46:22] WARNING  High grad norm: 1926.85 at epoch=86 step=19049    
                    WARNING  High grad norm: 692.01 at epoch=86 step=19050     
                    WARNING  High grad norm: 681.30 at epoch=86 step=19051     
                    WARNING  High grad norm: 1817.49 at epoch=86 step=19052    
[04/21/26 23:46:23] WARNING  High grad norm: 976.74 at epoch=86 step=19053     
                    WARNING  High grad norm: 1426.66 at epoch=86 step=19054    
                    WARNING  High grad norm: 810.17 at epoch=86 step=19055     
                    WARNING  High grad norm: 2134.41 at epoch=86 step=19056    
                    WARNING  High grad norm: 2063.63 at epoch=86 step=19057    
[04/21/26 23:46:24] WARNING  High grad norm: 981.79 at epoch=86 step=19058     
                    WARNING  High grad norm: 1274.92 at epoch=86 step=19059    
                    WARNING  High grad norm: 543.32 at epoch=86 step=19060     
                    WARNING  High grad norm: 1864.97 at epoch=86 step=19061    
[04/21/26 23:46:25] WARNING  High grad norm: 816.69 at epoch=86 step=19062     
                    WARNING  High grad norm: 759.04 at epoch=86 step=19063     
                    WARNING  High grad norm: 833.26 at epoch=86 step=19064     
                    WARNING  High grad norm: 2234.69 at epoch=86 step=19065    
                    WARNING  High grad norm: 826.09 at epoch=86 step=19066     
[04/21/26 23:46:26] WARNING  High grad norm: 1124.12 at epoch=86 step=19067    
                    WARNING  High grad norm: 859.39 at epoch=86 step=19068     
                    WARNING  High grad norm: 730.08 at epoch=86 step=19069     
                    WARNING  High grad norm: 1305.41 at epoch=86 step=19070    
[04/21/26 23:46:27] WARNING  High grad norm: 617.05 at epoch=86 step=19071     
                    WARNING  High grad norm: 667.91 at epoch=86 step=19072     
                    WARNING  High grad norm: 1622.79 at epoch=86 step=19073    
                    WARNING  High grad norm: 635.58 at epoch=86 step=19074     
                    WARNING  High grad norm: 1404.95 at epoch=86 step=19075    
[04/21/26 23:46:28] WARNING  High grad norm: 1189.54 at epoch=86 step=19076    
                    WARNING  High grad norm: 2248.05 at epoch=86 step=19077    
                    WARNING  High grad norm: 768.38 at epoch=86 step=19078     
                    WARNING  High grad norm: 1055.09 at epoch=86 step=19079    
[04/21/26 23:46:29] WARNING  High grad norm: 660.03 at epoch=86 step=19080     
                    WARNING  High grad norm: 3393.90 at epoch=86 step=19081    
                    WARNING  High grad norm: 583.79 at epoch=86 step=19082     
                    WARNING  High grad norm: 966.10 at epoch=86 step=19083     
                    WARNING  High grad norm: 1017.12 at epoch=86 step=19084    
[04/21/26 23:46:30] WARNING  High grad norm: 1178.43 at epoch=86 step=19085    
                    WARNING  High grad norm: 820.77 at epoch=86 step=19086     
                    WARNING  High grad norm: 787.11 at epoch=86 step=19087     
                    WARNING  High grad norm: 657.96 at epoch=86 step=19088     
[04/21/26 23:46:31] WARNING  High grad norm: 801.73 at epoch=86 step=19089     
                    WARNING  High grad norm: 878.16 at epoch=86 step=19090     
                    WARNING  High grad norm: 1181.11 at epoch=86 step=19091    
                    WARNING  High grad norm: 495.78 at epoch=86 step=19092     
                    WARNING  High grad norm: 2248.68 at epoch=86 step=19093    
[04/21/26 23:46:32] WARNING  High grad norm: 1261.12 at epoch=86 step=19094    
                    WARNING  High grad norm: 597.79 at epoch=86 step=19095     
                    WARNING  High grad norm: 701.95 at epoch=86 step=19096     
                    WARNING  High grad norm: 1618.44 at epoch=86 step=19097    
[04/21/26 23:46:33] WARNING  High grad norm: 1553.05 at epoch=86 step=19098    
                    WARNING  High grad norm: 834.67 at epoch=86 step=19099     
                    INFO     epoch=86 step=19100 loss=480.3912                 
                             grad_norm=834.6667 lr=1.00e-06                    
                    WARNING  High grad norm: 1131.67 at epoch=86 step=19100    
                    WARNING  High grad norm: 953.27 at epoch=86 step=19101     
                    WARNING  High grad norm: 1066.29 at epoch=86 step=19102    
[04/21/26 23:46:34] WARNING  High grad norm: 1407.49 at epoch=86 step=19103    
                    WARNING  High grad norm: 1149.50 at epoch=86 step=19104    
                    WARNING  High grad norm: 946.47 at epoch=86 step=19105     
                    WARNING  High grad norm: 1506.59 at epoch=86 step=19106    
[04/21/26 23:46:35] WARNING  High grad norm: 947.67 at epoch=86 step=19107     
                    WARNING  High grad norm: 652.07 at epoch=86 step=19108     
                    WARNING  High grad norm: 741.44 at epoch=86 step=19109     
                    WARNING  High grad norm: 1404.44 at epoch=86 step=19110    
                    WARNING  High grad norm: 1171.01 at epoch=86 step=19111    
[04/21/26 23:46:36] WARNING  High grad norm: 693.21 at epoch=86 step=19112     
                    WARNING  High grad norm: 1533.29 at epoch=86 step=19113    
                    WARNING  High grad norm: 782.53 at epoch=86 step=19114     
                    WARNING  High grad norm: 742.85 at epoch=86 step=19115     
[04/21/26 23:46:37] WARNING  High grad norm: 1272.06 at epoch=86 step=19116    
                    WARNING  High grad norm: 1816.42 at epoch=86 step=19117    
                    WARNING  High grad norm: 1043.84 at epoch=86 step=19118    
                    WARNING  High grad norm: 1764.53 at epoch=86 step=19119    
                    WARNING  High grad norm: 922.52 at epoch=86 step=19120     
[04/21/26 23:46:38] WARNING  High grad norm: 1010.02 at epoch=86 step=19121    
                    WARNING  High grad norm: 858.85 at epoch=86 step=19122     
                    WARNING  High grad norm: 818.28 at epoch=86 step=19123     
                    WARNING  High grad norm: 911.75 at epoch=86 step=19124     
[04/21/26 23:46:39] WARNING  High grad norm: 1025.21 at epoch=86 step=19125    
                    WARNING  High grad norm: 1093.63 at epoch=86 step=19126    
                    WARNING  High grad norm: 744.27 at epoch=86 step=19127     
                    WARNING  High grad norm: 1730.75 at epoch=86 step=19128    
                    WARNING  High grad norm: 748.82 at epoch=86 step=19129     
[04/21/26 23:46:40] WARNING  High grad norm: 1474.24 at epoch=86 step=19130    
                    WARNING  High grad norm: 1257.94 at epoch=86 step=19131    
                    WARNING  High grad norm: 761.13 at epoch=86 step=19132     
                    WARNING  High grad norm: 906.80 at epoch=86 step=19133     
[04/21/26 23:46:41] WARNING  High grad norm: 565.42 at epoch=86 step=19134     
                    WARNING  High grad norm: 727.80 at epoch=86 step=19135     
                    WARNING  High grad norm: 1873.20 at epoch=86 step=19136    
                    WARNING  High grad norm: 528.57 at epoch=86 step=19137     
                    WARNING  High grad norm: 765.12 at epoch=86 step=19138     
[04/21/26 23:46:42] WARNING  High grad norm: 2231.91 at epoch=86 step=19139    
                    WARNING  High grad norm: 812.65 at epoch=86 step=19140     
                    WARNING  High grad norm: 772.45 at epoch=86 step=19141     
                    WARNING  High grad norm: 724.95 at epoch=86 step=19142     
[04/21/26 23:46:43] WARNING  High grad norm: 684.63 at epoch=86 step=19143     
                    WARNING  High grad norm: 835.38 at epoch=86 step=19144     
                    WARNING  High grad norm: 745.75 at epoch=86 step=19145     
                    WARNING  High grad norm: 645.23 at epoch=86 step=19146     
                    WARNING  High grad norm: 1515.99 at epoch=86 step=19147    
[04/21/26 23:46:44] WARNING  High grad norm: 766.77 at epoch=86 step=19148     
                    WARNING  High grad norm: 869.65 at epoch=86 step=19149     
                    WARNING  High grad norm: 1742.53 at epoch=86 step=19150    
                    WARNING  High grad norm: 1012.78 at epoch=86 step=19151    
[04/21/26 23:46:45] WARNING  High grad norm: 1134.18 at epoch=86 step=19152    
                    WARNING  High grad norm: 712.95 at epoch=86 step=19153     
                    WARNING  High grad norm: 1090.83 at epoch=86 step=19154    
                    WARNING  High grad norm: 624.83 at epoch=86 step=19155     
                    WARNING  High grad norm: 725.76 at epoch=86 step=19156     
[04/21/26 23:46:46] WARNING  High grad norm: 597.76 at epoch=86 step=19157     
                    WARNING  High grad norm: 1463.51 at epoch=86 step=19158    
                    WARNING  High grad norm: 542.70 at epoch=86 step=19159     
                    WARNING  High grad norm: 582.22 at epoch=86 step=19160     
[04/21/26 23:46:47] WARNING  High grad norm: 950.92 at epoch=86 step=19161     
                    WARNING  High grad norm: 766.70 at epoch=86 step=19162     
                    WARNING  High grad norm: 1347.69 at epoch=86 step=19163    
                    WARNING  High grad norm: 1212.21 at epoch=86 step=19164    
                    WARNING  High grad norm: 1784.84 at epoch=86 step=19165    
[04/21/26 23:46:48] WARNING  High grad norm: 1191.93 at epoch=86 step=19166    
                    WARNING  High grad norm: 2029.11 at epoch=86 step=19167    
                    WARNING  High grad norm: 868.03 at epoch=86 step=19168     
                    WARNING  High grad norm: 1023.66 at epoch=86 step=19169    
[04/21/26 23:46:49] WARNING  High grad norm: 865.08 at epoch=86 step=19170     
                    WARNING  High grad norm: 753.45 at epoch=86 step=19171     
                    WARNING  High grad norm: 1109.50 at epoch=86 step=19172    
                    WARNING  High grad norm: 885.24 at epoch=86 step=19173     
                    WARNING  High grad norm: 780.61 at epoch=86 step=19174     
[04/21/26 23:46:50] WARNING  High grad norm: 872.40 at epoch=86 step=19175     
                    WARNING  High grad norm: 1144.47 at epoch=86 step=19176    
                    WARNING  High grad norm: 2172.11 at epoch=86 step=19177    
[04/21/26 23:46:51] INFO     epoch=86 avg_loss=477.5060 lr=1.00e-06            
[04/21/26 23:47:05] WARNING  High grad norm: 739.18 at epoch=87 step=19178     
                    WARNING  High grad norm: 1896.54 at epoch=87 step=19179    
                    WARNING  High grad norm: 955.91 at epoch=87 step=19180     
                    WARNING  High grad norm: 779.13 at epoch=87 step=19181     
                    WARNING  High grad norm: 1175.60 at epoch=87 step=19182    
[04/21/26 23:47:06] WARNING  High grad norm: 825.10 at epoch=87 step=19183     
                    WARNING  High grad norm: 3328.60 at epoch=87 step=19184    
                    WARNING  High grad norm: 1168.68 at epoch=87 step=19185    
                    WARNING  High grad norm: 1798.64 at epoch=87 step=19186    
[04/21/26 23:47:07] WARNING  High grad norm: 1874.14 at epoch=87 step=19187    
                    WARNING  High grad norm: 1425.86 at epoch=87 step=19188    
                    WARNING  High grad norm: 1161.89 at epoch=87 step=19189    
                    WARNING  High grad norm: 929.65 at epoch=87 step=19190     
                    WARNING  High grad norm: 1257.39 at epoch=87 step=19191    
[04/21/26 23:47:08] WARNING  High grad norm: 526.94 at epoch=87 step=19192     
                    WARNING  High grad norm: 1077.79 at epoch=87 step=19193    
                    WARNING  High grad norm: 2446.71 at epoch=87 step=19194    
                    WARNING  High grad norm: 1052.09 at epoch=87 step=19195    
                    WARNING  High grad norm: 1335.22 at epoch=87 step=19196    
[04/21/26 23:47:09] WARNING  High grad norm: 1582.30 at epoch=87 step=19197    
                    WARNING  High grad norm: 772.04 at epoch=87 step=19198     
                    WARNING  High grad norm: 814.66 at epoch=87 step=19199     
                    INFO     epoch=87 step=19200 loss=479.7131                 
                             grad_norm=814.6602 lr=1.00e-06                    
                    WARNING  High grad norm: 1554.70 at epoch=87 step=19200    
[04/21/26 23:47:10] WARNING  High grad norm: 803.00 at epoch=87 step=19201     
                    WARNING  High grad norm: 2394.06 at epoch=87 step=19202    
                    WARNING  High grad norm: 777.02 at epoch=87 step=19203     
                    WARNING  High grad norm: 1084.34 at epoch=87 step=19204    
                    WARNING  High grad norm: 898.69 at epoch=87 step=19205     
[04/21/26 23:47:11] WARNING  High grad norm: 1058.72 at epoch=87 step=19206    
                    WARNING  High grad norm: 799.41 at epoch=87 step=19207     
                    WARNING  High grad norm: 1326.93 at epoch=87 step=19208    
                    WARNING  High grad norm: 1260.50 at epoch=87 step=19209    
[04/21/26 23:47:12] WARNING  High grad norm: 752.75 at epoch=87 step=19210     
                    WARNING  High grad norm: 1142.95 at epoch=87 step=19211    
                    WARNING  High grad norm: 1540.28 at epoch=87 step=19212    
                    WARNING  High grad norm: 1143.77 at epoch=87 step=19213    
                    WARNING  High grad norm: 794.56 at epoch=87 step=19214     
[04/21/26 23:47:13] WARNING  High grad norm: 1206.90 at epoch=87 step=19215    
                    WARNING  High grad norm: 1901.91 at epoch=87 step=19216    
                    WARNING  High grad norm: 1694.38 at epoch=87 step=19217    
                    WARNING  High grad norm: 1985.78 at epoch=87 step=19218    
[04/21/26 23:47:14] WARNING  High grad norm: 1891.18 at epoch=87 step=19219    
                    WARNING  High grad norm: 821.10 at epoch=87 step=19220     
                    WARNING  High grad norm: 1693.37 at epoch=87 step=19221    
                    WARNING  High grad norm: 651.57 at epoch=87 step=19222     
                    WARNING  High grad norm: 2101.14 at epoch=87 step=19223    
[04/21/26 23:47:15] WARNING  High grad norm: 1567.07 at epoch=87 step=19224    
                    WARNING  High grad norm: 1319.54 at epoch=87 step=19225    
                    WARNING  High grad norm: 956.44 at epoch=87 step=19226     
                    WARNING  High grad norm: 1083.87 at epoch=87 step=19227    
[04/21/26 23:47:16] WARNING  High grad norm: 1948.25 at epoch=87 step=19228    
                    WARNING  High grad norm: 1160.84 at epoch=87 step=19229    
                    WARNING  High grad norm: 1013.62 at epoch=87 step=19230    
                    WARNING  High grad norm: 990.45 at epoch=87 step=19231     
                    WARNING  High grad norm: 1015.40 at epoch=87 step=19232    
[04/21/26 23:47:17] WARNING  High grad norm: 1201.32 at epoch=87 step=19233    
                    WARNING  High grad norm: 1135.19 at epoch=87 step=19234    
                    WARNING  High grad norm: 1146.99 at epoch=87 step=19235    
                    WARNING  High grad norm: 929.52 at epoch=87 step=19236     
[04/21/26 23:47:18] WARNING  High grad norm: 1562.39 at epoch=87 step=19237    
                    WARNING  High grad norm: 690.13 at epoch=87 step=19238     
                    WARNING  High grad norm: 1067.13 at epoch=87 step=19239    
                    WARNING  High grad norm: 1116.37 at epoch=87 step=19240    
                    WARNING  High grad norm: 2048.72 at epoch=87 step=19241    
[04/21/26 23:47:19] WARNING  High grad norm: 649.75 at epoch=87 step=19242     
                    WARNING  High grad norm: 1733.31 at epoch=87 step=19243    
                    WARNING  High grad norm: 1748.79 at epoch=87 step=19244    
                    WARNING  High grad norm: 734.11 at epoch=87 step=19245     
[04/21/26 23:47:20] WARNING  High grad norm: 679.70 at epoch=87 step=19246     
                    WARNING  High grad norm: 1216.74 at epoch=87 step=19247    
                    WARNING  High grad norm: 771.36 at epoch=87 step=19248     
                    WARNING  High grad norm: 918.27 at epoch=87 step=19249     
                    WARNING  High grad norm: 846.89 at epoch=87 step=19250     
[04/21/26 23:47:21] WARNING  High grad norm: 2295.16 at epoch=87 step=19251    
                    WARNING  High grad norm: 2910.45 at epoch=87 step=19252    
                    WARNING  High grad norm: 1228.47 at epoch=87 step=19253    
                    WARNING  High grad norm: 1309.13 at epoch=87 step=19254    
[04/21/26 23:47:22] WARNING  High grad norm: 574.66 at epoch=87 step=19255     
                    WARNING  High grad norm: 702.95 at epoch=87 step=19256     
                    WARNING  High grad norm: 1515.02 at epoch=87 step=19257    
                    WARNING  High grad norm: 678.28 at epoch=87 step=19258     
                    WARNING  High grad norm: 684.06 at epoch=87 step=19259     
[04/21/26 23:47:23] WARNING  High grad norm: 1681.21 at epoch=87 step=19260    
                    WARNING  High grad norm: 1829.80 at epoch=87 step=19261    
                    WARNING  High grad norm: 2722.50 at epoch=87 step=19262    
                    WARNING  High grad norm: 2036.94 at epoch=87 step=19263    
[04/21/26 23:47:24] WARNING  High grad norm: 579.26 at epoch=87 step=19264     
                    WARNING  High grad norm: 979.29 at epoch=87 step=19265     
                    WARNING  High grad norm: 1293.38 at epoch=87 step=19266    
                    WARNING  High grad norm: 636.80 at epoch=87 step=19267     
                    WARNING  High grad norm: 1535.12 at epoch=87 step=19268    
[04/21/26 23:47:25] WARNING  High grad norm: 674.51 at epoch=87 step=19269     
                    WARNING  High grad norm: 813.98 at epoch=87 step=19270     
                    WARNING  High grad norm: 1470.48 at epoch=87 step=19271    
                    WARNING  High grad norm: 794.17 at epoch=87 step=19272     
[04/21/26 23:47:26] WARNING  High grad norm: 988.07 at epoch=87 step=19273     
                    WARNING  High grad norm: 1248.30 at epoch=87 step=19274    
                    WARNING  High grad norm: 981.07 at epoch=87 step=19275     
                    WARNING  High grad norm: 1037.35 at epoch=87 step=19276    
                    WARNING  High grad norm: 737.09 at epoch=87 step=19277     
[04/21/26 23:47:27] WARNING  High grad norm: 1427.80 at epoch=87 step=19278    
                    WARNING  High grad norm: 1354.10 at epoch=87 step=19279    
                    WARNING  High grad norm: 873.97 at epoch=87 step=19280     
                    WARNING  High grad norm: 714.72 at epoch=87 step=19281     
[04/21/26 23:47:28] WARNING  High grad norm: 865.63 at epoch=87 step=19282     
                    WARNING  High grad norm: 938.67 at epoch=87 step=19283     
                    WARNING  High grad norm: 1901.82 at epoch=87 step=19284    
                    WARNING  High grad norm: 2002.98 at epoch=87 step=19285    
                    WARNING  High grad norm: 1609.36 at epoch=87 step=19286    
[04/21/26 23:47:29] WARNING  High grad norm: 853.98 at epoch=87 step=19287     
                    WARNING  High grad norm: 954.66 at epoch=87 step=19288     
                    WARNING  High grad norm: 656.32 at epoch=87 step=19289     
                    WARNING  High grad norm: 1399.58 at epoch=87 step=19290    
[04/21/26 23:47:30] WARNING  High grad norm: 1892.67 at epoch=87 step=19291    
                    WARNING  High grad norm: 837.44 at epoch=87 step=19292     
                    WARNING  High grad norm: 2128.38 at epoch=87 step=19293    
                    WARNING  High grad norm: 1601.29 at epoch=87 step=19294    
                    WARNING  High grad norm: 1041.22 at epoch=87 step=19295    
[04/21/26 23:47:31] WARNING  High grad norm: 2014.92 at epoch=87 step=19296    
                    WARNING  High grad norm: 3939.71 at epoch=87 step=19297    
                    WARNING  High grad norm: 654.31 at epoch=87 step=19298     
                    WARNING  High grad norm: 1720.66 at epoch=87 step=19299    
                    INFO     epoch=87 step=19300 loss=486.4767                 
                             grad_norm=1720.6605 lr=1.00e-06                   
[04/21/26 23:47:32] WARNING  High grad norm: 1055.41 at epoch=87 step=19300    
                    WARNING  High grad norm: 804.76 at epoch=87 step=19301     
                    WARNING  High grad norm: 534.85 at epoch=87 step=19302     
                    WARNING  High grad norm: 1404.38 at epoch=87 step=19303    
                    WARNING  High grad norm: 841.55 at epoch=87 step=19304     
[04/21/26 23:47:33] WARNING  High grad norm: 856.43 at epoch=87 step=19305     
                    WARNING  High grad norm: 905.85 at epoch=87 step=19306     
                    WARNING  High grad norm: 847.68 at epoch=87 step=19307     
                    WARNING  High grad norm: 1920.34 at epoch=87 step=19308    
[04/21/26 23:47:34] WARNING  High grad norm: 1290.01 at epoch=87 step=19309    
                    WARNING  High grad norm: 1079.92 at epoch=87 step=19310    
                    WARNING  High grad norm: 700.40 at epoch=87 step=19311     
                    WARNING  High grad norm: 1796.17 at epoch=87 step=19312    
                    WARNING  High grad norm: 976.39 at epoch=87 step=19313     
[04/21/26 23:47:35] WARNING  High grad norm: 668.66 at epoch=87 step=19314     
                    WARNING  High grad norm: 795.48 at epoch=87 step=19315     
                    WARNING  High grad norm: 1191.27 at epoch=87 step=19316    
                    WARNING  High grad norm: 1047.32 at epoch=87 step=19317    
[04/21/26 23:47:36] WARNING  High grad norm: 1500.55 at epoch=87 step=19318    
                    WARNING  High grad norm: 1239.88 at epoch=87 step=19319    
                    WARNING  High grad norm: 2675.33 at epoch=87 step=19320    
                    WARNING  High grad norm: 1154.41 at epoch=87 step=19321    
                    WARNING  High grad norm: 745.43 at epoch=87 step=19322     
[04/21/26 23:47:37] WARNING  High grad norm: 2111.17 at epoch=87 step=19323    
                    WARNING  High grad norm: 722.02 at epoch=87 step=19324     
                    WARNING  High grad norm: 680.95 at epoch=87 step=19325     
                    WARNING  High grad norm: 838.91 at epoch=87 step=19326     
                    WARNING  High grad norm: 467.34 at epoch=87 step=19327     
[04/21/26 23:47:38] WARNING  High grad norm: 663.95 at epoch=87 step=19328     
                    WARNING  High grad norm: 818.49 at epoch=87 step=19329     
                    WARNING  High grad norm: 967.33 at epoch=87 step=19330     
                    WARNING  High grad norm: 1620.54 at epoch=87 step=19331    
[04/21/26 23:47:39] WARNING  High grad norm: 1425.45 at epoch=87 step=19332    
                    WARNING  High grad norm: 869.96 at epoch=87 step=19333     
                    WARNING  High grad norm: 2642.42 at epoch=87 step=19334    
                    WARNING  High grad norm: 719.01 at epoch=87 step=19335     
[04/21/26 23:47:40] WARNING  High grad norm: 1025.86 at epoch=87 step=19336    
                    WARNING  High grad norm: 2857.68 at epoch=87 step=19337    
                    WARNING  High grad norm: 3641.66 at epoch=87 step=19338    
                    WARNING  High grad norm: 547.13 at epoch=87 step=19339     
                    WARNING  High grad norm: 570.89 at epoch=87 step=19340     
[04/21/26 23:47:41] WARNING  High grad norm: 921.69 at epoch=87 step=19341     
                    WARNING  High grad norm: 873.35 at epoch=87 step=19342     
                    WARNING  High grad norm: 2093.63 at epoch=87 step=19343    
                    WARNING  High grad norm: 919.39 at epoch=87 step=19344     
[04/21/26 23:47:42] WARNING  High grad norm: 666.29 at epoch=87 step=19345     
                    WARNING  High grad norm: 1380.87 at epoch=87 step=19346    
                    WARNING  High grad norm: 1817.20 at epoch=87 step=19347    
                    WARNING  High grad norm: 1644.62 at epoch=87 step=19348    
                    WARNING  High grad norm: 2294.27 at epoch=87 step=19349    
[04/21/26 23:47:43] WARNING  High grad norm: 1782.43 at epoch=87 step=19350    
                    WARNING  High grad norm: 1426.92 at epoch=87 step=19351    
                    WARNING  High grad norm: 957.13 at epoch=87 step=19352     
                    WARNING  High grad norm: 868.12 at epoch=87 step=19353     
[04/21/26 23:47:44] WARNING  High grad norm: 841.30 at epoch=87 step=19354     
                    WARNING  High grad norm: 1063.12 at epoch=87 step=19355    
                    WARNING  High grad norm: 1033.58 at epoch=87 step=19356    
                    WARNING  High grad norm: 691.42 at epoch=87 step=19357     
                    WARNING  High grad norm: 791.98 at epoch=87 step=19358     
[04/21/26 23:47:45] WARNING  High grad norm: 987.29 at epoch=87 step=19359     
                    WARNING  High grad norm: 1202.50 at epoch=87 step=19360    
                    WARNING  High grad norm: 774.48 at epoch=87 step=19361     
                    WARNING  High grad norm: 2074.73 at epoch=87 step=19362    
[04/21/26 23:47:46] WARNING  High grad norm: 979.05 at epoch=87 step=19363     
                    WARNING  High grad norm: 813.00 at epoch=87 step=19364     
                    WARNING  High grad norm: 1910.22 at epoch=87 step=19365    
                    WARNING  High grad norm: 888.58 at epoch=87 step=19366     
                    WARNING  High grad norm: 916.50 at epoch=87 step=19367     
[04/21/26 23:47:47] WARNING  High grad norm: 923.81 at epoch=87 step=19368     
                    WARNING  High grad norm: 1383.57 at epoch=87 step=19369    
                    WARNING  High grad norm: 723.95 at epoch=87 step=19370     
                    WARNING  High grad norm: 865.17 at epoch=87 step=19371     
[04/21/26 23:47:48] WARNING  High grad norm: 1473.88 at epoch=87 step=19372    
                    WARNING  High grad norm: 918.38 at epoch=87 step=19373     
                    WARNING  High grad norm: 1034.67 at epoch=87 step=19374    
                    WARNING  High grad norm: 811.86 at epoch=87 step=19375     
                    WARNING  High grad norm: 1246.68 at epoch=87 step=19376    
[04/21/26 23:47:49] WARNING  High grad norm: 747.92 at epoch=87 step=19377     
                    WARNING  High grad norm: 703.95 at epoch=87 step=19378     
                    WARNING  High grad norm: 1420.77 at epoch=87 step=19379    
                    WARNING  High grad norm: 1308.96 at epoch=87 step=19380    
                    WARNING  High grad norm: 1214.73 at epoch=87 step=19381    
[04/21/26 23:47:50] WARNING  High grad norm: 707.21 at epoch=87 step=19382     
                    WARNING  High grad norm: 1635.93 at epoch=87 step=19383    
                    WARNING  High grad norm: 553.32 at epoch=87 step=19384     
                    WARNING  High grad norm: 2111.82 at epoch=87 step=19385    
[04/21/26 23:47:51] WARNING  High grad norm: 1335.29 at epoch=87 step=19386    
                    WARNING  High grad norm: 1258.77 at epoch=87 step=19387    
                    WARNING  High grad norm: 1849.72 at epoch=87 step=19388    
                    WARNING  High grad norm: 1371.62 at epoch=87 step=19389    
                    WARNING  High grad norm: 1808.89 at epoch=87 step=19390    
[04/21/26 23:47:52] WARNING  High grad norm: 1357.46 at epoch=87 step=19391    
                    WARNING  High grad norm: 1174.14 at epoch=87 step=19392    
                    WARNING  High grad norm: 1051.54 at epoch=87 step=19393    
                    WARNING  High grad norm: 1251.86 at epoch=87 step=19394    
[04/21/26 23:47:53] WARNING  High grad norm: 996.49 at epoch=87 step=19395     
                    WARNING  High grad norm: 1024.23 at epoch=87 step=19396    
                    WARNING  High grad norm: 680.69 at epoch=87 step=19397     
                    WARNING  High grad norm: 1156.11 at epoch=87 step=19398    
                    WARNING  High grad norm: 1472.22 at epoch=87 step=19399    
[04/21/26 23:47:54] INFO     epoch=87 step=19400 loss=486.9352                 
                             grad_norm=1472.2249 lr=1.00e-06                   
                    WARNING  High grad norm: 1026.96 at epoch=87 step=19400    
                    INFO     epoch=87 avg_loss=487.0265 lr=1.00e-06            
[04/21/26 23:48:08] WARNING  High grad norm: 645.08 at epoch=88 step=19401     
                    WARNING  High grad norm: 1335.79 at epoch=88 step=19402    
                    WARNING  High grad norm: 791.88 at epoch=88 step=19403     
[04/21/26 23:48:09] WARNING  High grad norm: 856.57 at epoch=88 step=19404     
                    WARNING  High grad norm: 1580.58 at epoch=88 step=19405    
                    WARNING  High grad norm: 920.75 at epoch=88 step=19406     
                    WARNING  High grad norm: 868.63 at epoch=88 step=19407     
                    WARNING  High grad norm: 1370.70 at epoch=88 step=19408    
[04/21/26 23:48:10] WARNING  High grad norm: 1220.21 at epoch=88 step=19409    
                    WARNING  High grad norm: 1646.90 at epoch=88 step=19410    
                    WARNING  High grad norm: 1135.92 at epoch=88 step=19411    
                    WARNING  High grad norm: 1175.85 at epoch=88 step=19412    
[04/21/26 23:48:11] WARNING  High grad norm: 1175.84 at epoch=88 step=19413    
                    WARNING  High grad norm: 1031.09 at epoch=88 step=19414    
                    WARNING  High grad norm: 474.96 at epoch=88 step=19415     
                    WARNING  High grad norm: 631.24 at epoch=88 step=19416     
                    WARNING  High grad norm: 926.23 at epoch=88 step=19417     
[04/21/26 23:48:12] WARNING  High grad norm: 792.68 at epoch=88 step=19418     
                    WARNING  High grad norm: 1786.64 at epoch=88 step=19419    
                    WARNING  High grad norm: 766.57 at epoch=88 step=19420     
                    WARNING  High grad norm: 859.24 at epoch=88 step=19421     
[04/21/26 23:48:13] WARNING  High grad norm: 1599.54 at epoch=88 step=19422    
                    WARNING  High grad norm: 1223.73 at epoch=88 step=19423    
                    WARNING  High grad norm: 2021.89 at epoch=88 step=19424    
                    WARNING  High grad norm: 1163.85 at epoch=88 step=19425    
                    WARNING  High grad norm: 896.50 at epoch=88 step=19426     
[04/21/26 23:48:14] WARNING  High grad norm: 695.91 at epoch=88 step=19427     
                    WARNING  High grad norm: 859.26 at epoch=88 step=19428     
                    WARNING  High grad norm: 1385.31 at epoch=88 step=19429    
                    WARNING  High grad norm: 896.00 at epoch=88 step=19430     
                    WARNING  High grad norm: 800.40 at epoch=88 step=19431     
[04/21/26 23:48:15] WARNING  High grad norm: 821.33 at epoch=88 step=19432     
                    WARNING  High grad norm: 810.52 at epoch=88 step=19433     
                    WARNING  High grad norm: 1044.29 at epoch=88 step=19434    
                    WARNING  High grad norm: 1762.63 at epoch=88 step=19435    
[04/21/26 23:48:16] WARNING  High grad norm: 1230.71 at epoch=88 step=19436    
                    WARNING  High grad norm: 715.97 at epoch=88 step=19437     
                    WARNING  High grad norm: 926.83 at epoch=88 step=19438     
                    WARNING  High grad norm: 1235.33 at epoch=88 step=19439    
                    WARNING  High grad norm: 1600.77 at epoch=88 step=19440    
[04/21/26 23:48:17] WARNING  High grad norm: 638.89 at epoch=88 step=19441     
                    WARNING  High grad norm: 864.38 at epoch=88 step=19442     
                    WARNING  High grad norm: 708.34 at epoch=88 step=19443     
                    WARNING  High grad norm: 548.54 at epoch=88 step=19444     
[04/21/26 23:48:18] WARNING  High grad norm: 3125.94 at epoch=88 step=19445    
                    WARNING  High grad norm: 1773.39 at epoch=88 step=19446    
                    WARNING  High grad norm: 1589.16 at epoch=88 step=19447    
                    WARNING  High grad norm: 2425.80 at epoch=88 step=19448    
                    WARNING  High grad norm: 1379.21 at epoch=88 step=19449    
[04/21/26 23:48:19] WARNING  High grad norm: 1500.64 at epoch=88 step=19450    
                    WARNING  High grad norm: 1585.82 at epoch=88 step=19451    
                    WARNING  High grad norm: 1510.05 at epoch=88 step=19452    
                    WARNING  High grad norm: 810.42 at epoch=88 step=19453     
[04/21/26 23:48:20] WARNING  High grad norm: 772.58 at epoch=88 step=19454     
                    WARNING  High grad norm: 856.16 at epoch=88 step=19455     
                    WARNING  High grad norm: 4702.27 at epoch=88 step=19456    
                    WARNING  High grad norm: 2541.12 at epoch=88 step=19457    
                    WARNING  High grad norm: 3242.20 at epoch=88 step=19458    
[04/21/26 23:48:21] WARNING  High grad norm: 777.75 at epoch=88 step=19459     
                    WARNING  High grad norm: 1970.47 at epoch=88 step=19460    
                    WARNING  High grad norm: 2027.48 at epoch=88 step=19461    
                    WARNING  High grad norm: 1939.76 at epoch=88 step=19462    
[04/21/26 23:48:22] WARNING  High grad norm: 2221.43 at epoch=88 step=19463    
                    WARNING  High grad norm: 1435.00 at epoch=88 step=19464    
                    WARNING  High grad norm: 1019.82 at epoch=88 step=19465    
                    WARNING  High grad norm: 1970.40 at epoch=88 step=19466    
                    WARNING  High grad norm: 980.94 at epoch=88 step=19467     
[04/21/26 23:48:23] WARNING  High grad norm: 876.02 at epoch=88 step=19468     
                    WARNING  High grad norm: 2387.66 at epoch=88 step=19469    
                    WARNING  High grad norm: 1342.17 at epoch=88 step=19470    
                    WARNING  High grad norm: 2815.57 at epoch=88 step=19471    
[04/21/26 23:48:24] WARNING  High grad norm: 902.39 at epoch=88 step=19472     
                    WARNING  High grad norm: 1339.82 at epoch=88 step=19473    
                    WARNING  High grad norm: 2189.81 at epoch=88 step=19474    
                    WARNING  High grad norm: 1047.28 at epoch=88 step=19475    
                    WARNING  High grad norm: 1837.73 at epoch=88 step=19476    
[04/21/26 23:48:25] WARNING  High grad norm: 699.65 at epoch=88 step=19477     
                    WARNING  High grad norm: 932.01 at epoch=88 step=19478     
                    WARNING  High grad norm: 1072.05 at epoch=88 step=19479    
                    WARNING  High grad norm: 1845.58 at epoch=88 step=19480    
[04/21/26 23:48:26] WARNING  High grad norm: 1498.19 at epoch=88 step=19481    
                    WARNING  High grad norm: 1498.94 at epoch=88 step=19482    
                    WARNING  High grad norm: 2368.94 at epoch=88 step=19483    
                    WARNING  High grad norm: 1661.03 at epoch=88 step=19484    
                    WARNING  High grad norm: 1229.51 at epoch=88 step=19485    
[04/21/26 23:48:27] WARNING  High grad norm: 1319.59 at epoch=88 step=19486    
                    WARNING  High grad norm: 970.13 at epoch=88 step=19487     
                    WARNING  High grad norm: 593.27 at epoch=88 step=19488     
                    WARNING  High grad norm: 3006.65 at epoch=88 step=19489    
[04/21/26 23:48:28] WARNING  High grad norm: 764.83 at epoch=88 step=19490     
                    WARNING  High grad norm: 793.96 at epoch=88 step=19491     
                    WARNING  High grad norm: 2854.46 at epoch=88 step=19492    
                    WARNING  High grad norm: 1473.83 at epoch=88 step=19493    
                    WARNING  High grad norm: 639.55 at epoch=88 step=19494     
[04/21/26 23:48:29] WARNING  High grad norm: 1466.50 at epoch=88 step=19495    
                    WARNING  High grad norm: 1466.49 at epoch=88 step=19496    
                    WARNING  High grad norm: 1065.89 at epoch=88 step=19497    
                    WARNING  High grad norm: 1532.57 at epoch=88 step=19498    
[04/21/26 23:48:30] WARNING  High grad norm: 1337.57 at epoch=88 step=19499    
                    INFO     epoch=88 step=19500 loss=486.6381                 
                             grad_norm=1337.5741 lr=1.00e-06                   
                    WARNING  High grad norm: 537.17 at epoch=88 step=19500     
                    WARNING  High grad norm: 606.96 at epoch=88 step=19501     
                    WARNING  High grad norm: 981.42 at epoch=88 step=19502     
                    WARNING  High grad norm: 1939.46 at epoch=88 step=19503    
[04/21/26 23:48:31] WARNING  High grad norm: 1069.83 at epoch=88 step=19504    
                    WARNING  High grad norm: 1358.13 at epoch=88 step=19505    
                    WARNING  High grad norm: 1480.95 at epoch=88 step=19506    
                    WARNING  High grad norm: 883.86 at epoch=88 step=19507     
[04/21/26 23:48:32] WARNING  High grad norm: 1065.23 at epoch=88 step=19508    
                    WARNING  High grad norm: 641.39 at epoch=88 step=19509     
                    WARNING  High grad norm: 1121.08 at epoch=88 step=19510    
                    WARNING  High grad norm: 1050.44 at epoch=88 step=19511    
                    WARNING  High grad norm: 837.47 at epoch=88 step=19512     
[04/21/26 23:48:33] WARNING  High grad norm: 1972.97 at epoch=88 step=19513    
                    WARNING  High grad norm: 579.07 at epoch=88 step=19514     
                    WARNING  High grad norm: 669.07 at epoch=88 step=19515     
                    WARNING  High grad norm: 884.45 at epoch=88 step=19516     
[04/21/26 23:48:34] WARNING  High grad norm: 1207.08 at epoch=88 step=19517    
                    WARNING  High grad norm: 1185.90 at epoch=88 step=19518    
                    WARNING  High grad norm: 1559.16 at epoch=88 step=19519    
                    WARNING  High grad norm: 2165.41 at epoch=88 step=19520    
                    WARNING  High grad norm: 1657.28 at epoch=88 step=19521    
[04/21/26 23:48:35] WARNING  High grad norm: 1001.58 at epoch=88 step=19522    
                    WARNING  High grad norm: 1501.41 at epoch=88 step=19523    
                    WARNING  High grad norm: 1301.43 at epoch=88 step=19524    
                    WARNING  High grad norm: 1284.81 at epoch=88 step=19525    
[04/21/26 23:48:36] WARNING  High grad norm: 1247.94 at epoch=88 step=19526    
                    WARNING  High grad norm: 1038.46 at epoch=88 step=19527    
                    WARNING  High grad norm: 2161.12 at epoch=88 step=19528    
                    WARNING  High grad norm: 1284.30 at epoch=88 step=19529    
                    WARNING  High grad norm: 1093.47 at epoch=88 step=19530    
[04/21/26 23:48:37] WARNING  High grad norm: 2029.02 at epoch=88 step=19531    
                    WARNING  High grad norm: 1101.97 at epoch=88 step=19532    
                    WARNING  High grad norm: 754.67 at epoch=88 step=19533     
                    WARNING  High grad norm: 1225.16 at epoch=88 step=19534    
[04/21/26 23:48:38] WARNING  High grad norm: 975.52 at epoch=88 step=19535     
                    WARNING  High grad norm: 1183.85 at epoch=88 step=19536    
                    WARNING  High grad norm: 842.74 at epoch=88 step=19537     
                    WARNING  High grad norm: 976.44 at epoch=88 step=19538     
                    WARNING  High grad norm: 1412.34 at epoch=88 step=19539    
[04/21/26 23:48:39] WARNING  High grad norm: 842.09 at epoch=88 step=19540     
                    WARNING  High grad norm: 2111.60 at epoch=88 step=19541    
                    WARNING  High grad norm: 1273.12 at epoch=88 step=19542    
                    WARNING  High grad norm: 565.17 at epoch=88 step=19543     
[04/21/26 23:48:40] WARNING  High grad norm: 562.25 at epoch=88 step=19544     
                    WARNING  High grad norm: 526.43 at epoch=88 step=19545     
                    WARNING  High grad norm: 860.09 at epoch=88 step=19546     
                    WARNING  High grad norm: 2618.08 at epoch=88 step=19547    
                    WARNING  High grad norm: 1211.64 at epoch=88 step=19548    
[04/21/26 23:48:41] WARNING  High grad norm: 888.81 at epoch=88 step=19549     
                    WARNING  High grad norm: 816.00 at epoch=88 step=19550     
                    WARNING  High grad norm: 1039.43 at epoch=88 step=19551    
                    WARNING  High grad norm: 1120.94 at epoch=88 step=19552    
[04/21/26 23:48:42] WARNING  High grad norm: 1156.52 at epoch=88 step=19553    
                    WARNING  High grad norm: 1670.23 at epoch=88 step=19554    
                    WARNING  High grad norm: 1015.29 at epoch=88 step=19555    
                    WARNING  High grad norm: 667.39 at epoch=88 step=19556     
                    WARNING  High grad norm: 643.00 at epoch=88 step=19557     
[04/21/26 23:48:43] WARNING  High grad norm: 2365.14 at epoch=88 step=19558    
                    WARNING  High grad norm: 1019.47 at epoch=88 step=19559    
                    WARNING  High grad norm: 1086.93 at epoch=88 step=19560    
                    WARNING  High grad norm: 2525.99 at epoch=88 step=19561    
[04/21/26 23:48:44] WARNING  High grad norm: 1879.78 at epoch=88 step=19562    
                    WARNING  High grad norm: 862.76 at epoch=88 step=19563     
                    WARNING  High grad norm: 1174.64 at epoch=88 step=19564    
                    WARNING  High grad norm: 858.72 at epoch=88 step=19565     
                    WARNING  High grad norm: 769.97 at epoch=88 step=19566     
[04/21/26 23:48:45] WARNING  High grad norm: 1182.26 at epoch=88 step=19567    
                    WARNING  High grad norm: 1169.31 at epoch=88 step=19568    
                    WARNING  High grad norm: 786.79 at epoch=88 step=19569     
                    WARNING  High grad norm: 2486.03 at epoch=88 step=19570    
[04/21/26 23:48:46] WARNING  High grad norm: 817.56 at epoch=88 step=19571     
                    WARNING  High grad norm: 932.34 at epoch=88 step=19572     
                    WARNING  High grad norm: 1146.34 at epoch=88 step=19573    
                    WARNING  High grad norm: 1350.16 at epoch=88 step=19574    
                    WARNING  High grad norm: 2229.82 at epoch=88 step=19575    
[04/21/26 23:48:47] WARNING  High grad norm: 961.89 at epoch=88 step=19576     
                    WARNING  High grad norm: 830.98 at epoch=88 step=19577     
                    WARNING  High grad norm: 1072.90 at epoch=88 step=19578    
                    WARNING  High grad norm: 2035.25 at epoch=88 step=19579    
[04/21/26 23:48:48] WARNING  High grad norm: 692.19 at epoch=88 step=19580     
                    WARNING  High grad norm: 956.85 at epoch=88 step=19581     
                    WARNING  High grad norm: 1484.53 at epoch=88 step=19582    
                    WARNING  High grad norm: 947.99 at epoch=88 step=19583     
                    WARNING  High grad norm: 1082.83 at epoch=88 step=19584    
[04/21/26 23:48:49] WARNING  High grad norm: 1371.92 at epoch=88 step=19585    
                    WARNING  High grad norm: 743.87 at epoch=88 step=19586     
                    WARNING  High grad norm: 1382.02 at epoch=88 step=19587    
                    WARNING  High grad norm: 956.54 at epoch=88 step=19588     
[04/21/26 23:48:50] WARNING  High grad norm: 2030.50 at epoch=88 step=19589    
                    WARNING  High grad norm: 1473.45 at epoch=88 step=19590    
                    WARNING  High grad norm: 805.65 at epoch=88 step=19591     
                    WARNING  High grad norm: 1593.32 at epoch=88 step=19592    
                    WARNING  High grad norm: 1182.81 at epoch=88 step=19593    
[04/21/26 23:48:51] WARNING  High grad norm: 1241.36 at epoch=88 step=19594    
                    WARNING  High grad norm: 1290.98 at epoch=88 step=19595    
                    WARNING  High grad norm: 1293.78 at epoch=88 step=19596    
                    WARNING  High grad norm: 1094.26 at epoch=88 step=19597    
[04/21/26 23:48:52] WARNING  High grad norm: 2128.08 at epoch=88 step=19598    
                    WARNING  High grad norm: 1118.37 at epoch=88 step=19599    
                    INFO     epoch=88 step=19600 loss=485.5985                 
                             grad_norm=1118.3694 lr=1.00e-06                   
                    WARNING  High grad norm: 650.61 at epoch=88 step=19600     
                    WARNING  High grad norm: 1225.19 at epoch=88 step=19601    
                    WARNING  High grad norm: 711.97 at epoch=88 step=19602     
[04/21/26 23:48:53] WARNING  High grad norm: 748.84 at epoch=88 step=19603     
                    WARNING  High grad norm: 825.35 at epoch=88 step=19604     
                    WARNING  High grad norm: 871.14 at epoch=88 step=19605     
                    WARNING  High grad norm: 956.25 at epoch=88 step=19606     
[04/21/26 23:48:54] WARNING  High grad norm: 634.68 at epoch=88 step=19607     
                    WARNING  High grad norm: 914.10 at epoch=88 step=19608     
                    WARNING  High grad norm: 1406.71 at epoch=88 step=19609    
                    WARNING  High grad norm: 831.00 at epoch=88 step=19610     
                    WARNING  High grad norm: 1059.92 at epoch=88 step=19611    
[04/21/26 23:48:55] WARNING  High grad norm: 817.09 at epoch=88 step=19612     
                    WARNING  High grad norm: 1105.02 at epoch=88 step=19613    
                    WARNING  High grad norm: 662.47 at epoch=88 step=19614     
                    WARNING  High grad norm: 734.62 at epoch=88 step=19615     
[04/21/26 23:48:56] WARNING  High grad norm: 1205.51 at epoch=88 step=19616    
                    WARNING  High grad norm: 1154.15 at epoch=88 step=19617    
                    WARNING  High grad norm: 1688.87 at epoch=88 step=19618    
                    WARNING  High grad norm: 692.82 at epoch=88 step=19619     
                    WARNING  High grad norm: 1064.88 at epoch=88 step=19620    
[04/21/26 23:48:57] WARNING  High grad norm: 499.84 at epoch=88 step=19621     
                    WARNING  High grad norm: 2316.61 at epoch=88 step=19622    
                    WARNING  High grad norm: 1462.44 at epoch=88 step=19623    
[04/21/26 23:48:58] INFO     epoch=88 avg_loss=482.9334 lr=1.00e-06            
[04/21/26 23:49:11] WARNING  High grad norm: 787.70 at epoch=89 step=19624     
                    WARNING  High grad norm: 1728.02 at epoch=89 step=19625    
[04/21/26 23:49:12] WARNING  High grad norm: 838.51 at epoch=89 step=19626     
                    WARNING  High grad norm: 744.45 at epoch=89 step=19627     
                    WARNING  High grad norm: 3160.38 at epoch=89 step=19628    
                    WARNING  High grad norm: 942.87 at epoch=89 step=19629     
                    WARNING  High grad norm: 2015.24 at epoch=89 step=19630    
[04/21/26 23:49:13] WARNING  High grad norm: 1208.89 at epoch=89 step=19631    
                    WARNING  High grad norm: 2406.18 at epoch=89 step=19632    
                    WARNING  High grad norm: 687.44 at epoch=89 step=19633     
                    WARNING  High grad norm: 1392.28 at epoch=89 step=19634    
[04/21/26 23:49:14] WARNING  High grad norm: 2429.33 at epoch=89 step=19635    
                    WARNING  High grad norm: 1085.60 at epoch=89 step=19636    
                    WARNING  High grad norm: 1031.17 at epoch=89 step=19637    
                    WARNING  High grad norm: 545.79 at epoch=89 step=19638     
                    WARNING  High grad norm: 998.01 at epoch=89 step=19639     
[04/21/26 23:49:15] WARNING  High grad norm: 1466.01 at epoch=89 step=19640    
                    WARNING  High grad norm: 981.11 at epoch=89 step=19641     
                    WARNING  High grad norm: 1790.74 at epoch=89 step=19642    
                    WARNING  High grad norm: 1917.76 at epoch=89 step=19643    
[04/21/26 23:49:16] WARNING  High grad norm: 1912.15 at epoch=89 step=19644    
                    WARNING  High grad norm: 899.92 at epoch=89 step=19645     
                    WARNING  High grad norm: 1470.73 at epoch=89 step=19646    
                    WARNING  High grad norm: 909.89 at epoch=89 step=19647     
                    WARNING  High grad norm: 1098.43 at epoch=89 step=19648    
[04/21/26 23:49:17] WARNING  High grad norm: 1192.24 at epoch=89 step=19649    
                    WARNING  High grad norm: 893.95 at epoch=89 step=19650     
                    WARNING  High grad norm: 1729.89 at epoch=89 step=19651    
                    WARNING  High grad norm: 1424.05 at epoch=89 step=19652    
[04/21/26 23:49:18] WARNING  High grad norm: 2116.74 at epoch=89 step=19653    
                    WARNING  High grad norm: 2210.69 at epoch=89 step=19654    
                    WARNING  High grad norm: 1624.43 at epoch=89 step=19655    
                    WARNING  High grad norm: 2171.80 at epoch=89 step=19656    
                    WARNING  High grad norm: 986.36 at epoch=89 step=19657     
[04/21/26 23:49:19] WARNING  High grad norm: 999.06 at epoch=89 step=19658     
                    WARNING  High grad norm: 891.14 at epoch=89 step=19659     
                    WARNING  High grad norm: 1341.85 at epoch=89 step=19660    
                    WARNING  High grad norm: 708.04 at epoch=89 step=19661     
[04/21/26 23:49:20] WARNING  High grad norm: 633.70 at epoch=89 step=19662     
                    WARNING  High grad norm: 466.52 at epoch=89 step=19663     
                    WARNING  High grad norm: 1367.53 at epoch=89 step=19664    
                    WARNING  High grad norm: 566.23 at epoch=89 step=19665     
                    WARNING  High grad norm: 791.57 at epoch=89 step=19666     
[04/21/26 23:49:21] WARNING  High grad norm: 710.15 at epoch=89 step=19667     
                    WARNING  High grad norm: 1064.21 at epoch=89 step=19668    
                    WARNING  High grad norm: 875.04 at epoch=89 step=19669     
                    WARNING  High grad norm: 1226.62 at epoch=89 step=19670    
[04/21/26 23:49:22] WARNING  High grad norm: 1116.46 at epoch=89 step=19671    
                    WARNING  High grad norm: 1382.84 at epoch=89 step=19672    
                    WARNING  High grad norm: 1315.06 at epoch=89 step=19673    
                    WARNING  High grad norm: 1129.43 at epoch=89 step=19674    
                    WARNING  High grad norm: 711.34 at epoch=89 step=19675     
[04/21/26 23:49:23] WARNING  High grad norm: 1230.10 at epoch=89 step=19676    
                    WARNING  High grad norm: 1525.34 at epoch=89 step=19677    
                    WARNING  High grad norm: 877.41 at epoch=89 step=19678     
                    WARNING  High grad norm: 616.12 at epoch=89 step=19679     
[04/21/26 23:49:24] WARNING  High grad norm: 1408.83 at epoch=89 step=19680    
                    WARNING  High grad norm: 1200.00 at epoch=89 step=19681    
                    WARNING  High grad norm: 2400.48 at epoch=89 step=19682    
                    WARNING  High grad norm: 1490.08 at epoch=89 step=19683    
                    WARNING  High grad norm: 2279.20 at epoch=89 step=19684    
[04/21/26 23:49:25] WARNING  High grad norm: 1429.13 at epoch=89 step=19685    
                    WARNING  High grad norm: 1163.65 at epoch=89 step=19686    
                    WARNING  High grad norm: 817.92 at epoch=89 step=19687     
                    WARNING  High grad norm: 1100.20 at epoch=89 step=19688    
[04/21/26 23:49:26] WARNING  High grad norm: 704.89 at epoch=89 step=19689     
                    WARNING  High grad norm: 554.47 at epoch=89 step=19690     
                    WARNING  High grad norm: 880.03 at epoch=89 step=19691     
                    WARNING  High grad norm: 2015.01 at epoch=89 step=19692    
                    WARNING  High grad norm: 546.00 at epoch=89 step=19693     
[04/21/26 23:49:27] WARNING  High grad norm: 1292.31 at epoch=89 step=19694    
                    WARNING  High grad norm: 1270.27 at epoch=89 step=19695    
                    WARNING  High grad norm: 1244.26 at epoch=89 step=19696    
                    WARNING  High grad norm: 1326.15 at epoch=89 step=19697    
[04/21/26 23:49:28] WARNING  High grad norm: 1356.50 at epoch=89 step=19698    
                    WARNING  High grad norm: 1065.45 at epoch=89 step=19699    
                    INFO     epoch=89 step=19700 loss=481.6690                 
                             grad_norm=1065.4460 lr=1.00e-06                   
                    WARNING  High grad norm: 618.60 at epoch=89 step=19700     
                    WARNING  High grad norm: 863.19 at epoch=89 step=19701     
                    WARNING  High grad norm: 1013.48 at epoch=89 step=19702    
[04/21/26 23:49:29] WARNING  High grad norm: 1779.85 at epoch=89 step=19703    
                    WARNING  High grad norm: 691.20 at epoch=89 step=19704     
                    WARNING  High grad norm: 1911.58 at epoch=89 step=19705    
                    WARNING  High grad norm: 789.27 at epoch=89 step=19706     
[04/21/26 23:49:30] WARNING  High grad norm: 714.22 at epoch=89 step=19707     
                    WARNING  High grad norm: 632.48 at epoch=89 step=19708     
                    WARNING  High grad norm: 1393.38 at epoch=89 step=19709    
                    WARNING  High grad norm: 787.08 at epoch=89 step=19710     
                    WARNING  High grad norm: 1096.95 at epoch=89 step=19711    
[04/21/26 23:49:31] WARNING  High grad norm: 701.29 at epoch=89 step=19712     
                    WARNING  High grad norm: 617.76 at epoch=89 step=19713     
                    WARNING  High grad norm: 1335.73 at epoch=89 step=19714    
                    WARNING  High grad norm: 713.36 at epoch=89 step=19715     
[04/21/26 23:49:32] WARNING  High grad norm: 1605.04 at epoch=89 step=19716    
                    WARNING  High grad norm: 2523.69 at epoch=89 step=19717    
                    WARNING  High grad norm: 1237.94 at epoch=89 step=19718    
                    WARNING  High grad norm: 1975.08 at epoch=89 step=19719    
                    WARNING  High grad norm: 864.60 at epoch=89 step=19720     
[04/21/26 23:49:33] WARNING  High grad norm: 602.08 at epoch=89 step=19721     
                    WARNING  High grad norm: 1033.96 at epoch=89 step=19722    
                    WARNING  High grad norm: 2559.24 at epoch=89 step=19723    
                    WARNING  High grad norm: 1155.30 at epoch=89 step=19724    
[04/21/26 23:49:34] WARNING  High grad norm: 1053.70 at epoch=89 step=19725    
                    WARNING  High grad norm: 729.03 at epoch=89 step=19726     
                    WARNING  High grad norm: 712.22 at epoch=89 step=19727     
                    WARNING  High grad norm: 807.27 at epoch=89 step=19728     
                    WARNING  High grad norm: 587.79 at epoch=89 step=19729     
[04/21/26 23:49:35] WARNING  High grad norm: 754.33 at epoch=89 step=19730     
                    WARNING  High grad norm: 1166.57 at epoch=89 step=19731    
                    WARNING  High grad norm: 700.61 at epoch=89 step=19732     
                    WARNING  High grad norm: 986.88 at epoch=89 step=19733     
[04/21/26 23:49:36] WARNING  High grad norm: 730.77 at epoch=89 step=19734     
                    WARNING  High grad norm: 817.85 at epoch=89 step=19735     
                    WARNING  High grad norm: 558.53 at epoch=89 step=19736     
                    WARNING  High grad norm: 966.06 at epoch=89 step=19737     
                    WARNING  High grad norm: 580.27 at epoch=89 step=19738     
[04/21/26 23:49:37] WARNING  High grad norm: 1246.10 at epoch=89 step=19739    
                    WARNING  High grad norm: 603.79 at epoch=89 step=19740     
                    WARNING  High grad norm: 1102.38 at epoch=89 step=19741    
                    WARNING  High grad norm: 921.22 at epoch=89 step=19742     
[04/21/26 23:49:38] WARNING  High grad norm: 742.92 at epoch=89 step=19743     
                    WARNING  High grad norm: 1260.46 at epoch=89 step=19744    
                    WARNING  High grad norm: 2192.34 at epoch=89 step=19745    
                    WARNING  High grad norm: 1023.57 at epoch=89 step=19746    
                    WARNING  High grad norm: 951.92 at epoch=89 step=19747     
[04/21/26 23:49:39] WARNING  High grad norm: 893.32 at epoch=89 step=19748     
                    WARNING  High grad norm: 806.90 at epoch=89 step=19749     
                    WARNING  High grad norm: 2319.71 at epoch=89 step=19750    
                    WARNING  High grad norm: 1343.05 at epoch=89 step=19751    
[04/21/26 23:49:40] WARNING  High grad norm: 731.46 at epoch=89 step=19752     
                    WARNING  High grad norm: 1605.39 at epoch=89 step=19753    
                    WARNING  High grad norm: 1142.52 at epoch=89 step=19754    
                    WARNING  High grad norm: 1151.89 at epoch=89 step=19755    
                    WARNING  High grad norm: 584.20 at epoch=89 step=19756     
[04/21/26 23:49:41] WARNING  High grad norm: 1046.57 at epoch=89 step=19757    
                    WARNING  High grad norm: 1928.89 at epoch=89 step=19758    
                    WARNING  High grad norm: 736.61 at epoch=89 step=19759     
                    WARNING  High grad norm: 836.41 at epoch=89 step=19760     
[04/21/26 23:49:42] WARNING  High grad norm: 1516.94 at epoch=89 step=19761    
                    WARNING  High grad norm: 1231.60 at epoch=89 step=19762    
                    WARNING  High grad norm: 790.24 at epoch=89 step=19763     
                    WARNING  High grad norm: 1003.84 at epoch=89 step=19764    
                    WARNING  High grad norm: 849.40 at epoch=89 step=19765     
[04/21/26 23:49:43] WARNING  High grad norm: 870.70 at epoch=89 step=19766     
                    WARNING  High grad norm: 1081.23 at epoch=89 step=19767    
                    WARNING  High grad norm: 2323.84 at epoch=89 step=19768    
                    WARNING  High grad norm: 754.38 at epoch=89 step=19769     
[04/21/26 23:49:44] WARNING  High grad norm: 812.08 at epoch=89 step=19770     
                    WARNING  High grad norm: 1255.78 at epoch=89 step=19771    
                    WARNING  High grad norm: 1138.93 at epoch=89 step=19772    
                    WARNING  High grad norm: 1434.10 at epoch=89 step=19773    
                    WARNING  High grad norm: 934.98 at epoch=89 step=19774     
[04/21/26 23:49:45] WARNING  High grad norm: 1351.48 at epoch=89 step=19775    
                    WARNING  High grad norm: 580.70 at epoch=89 step=19776     
                    WARNING  High grad norm: 934.58 at epoch=89 step=19777     
                    WARNING  High grad norm: 1015.37 at epoch=89 step=19778    
                    WARNING  High grad norm: 1765.20 at epoch=89 step=19779    
[04/21/26 23:49:46] WARNING  High grad norm: 989.10 at epoch=89 step=19780     
                    WARNING  High grad norm: 1639.36 at epoch=89 step=19781    
                    WARNING  High grad norm: 2279.22 at epoch=89 step=19782    
                    WARNING  High grad norm: 975.92 at epoch=89 step=19783     
[04/21/26 23:49:47] WARNING  High grad norm: 787.86 at epoch=89 step=19784     
                    WARNING  High grad norm: 1347.26 at epoch=89 step=19785    
                    WARNING  High grad norm: 1650.85 at epoch=89 step=19786    
                    WARNING  High grad norm: 1285.09 at epoch=89 step=19787    
                    WARNING  High grad norm: 787.81 at epoch=89 step=19788     
[04/21/26 23:49:48] WARNING  High grad norm: 1045.58 at epoch=89 step=19789    
                    WARNING  High grad norm: 1626.99 at epoch=89 step=19790    
                    WARNING  High grad norm: 965.31 at epoch=89 step=19791     
                    WARNING  High grad norm: 973.09 at epoch=89 step=19792     
[04/21/26 23:49:49] WARNING  High grad norm: 1071.19 at epoch=89 step=19793    
                    WARNING  High grad norm: 1179.94 at epoch=89 step=19794    
                    WARNING  High grad norm: 1447.65 at epoch=89 step=19795    
                    WARNING  High grad norm: 1456.61 at epoch=89 step=19796    
[04/21/26 23:49:50] WARNING  High grad norm: 840.35 at epoch=89 step=19797     
                    WARNING  High grad norm: 754.40 at epoch=89 step=19798     
                    WARNING  High grad norm: 2257.67 at epoch=89 step=19799    
                    INFO     epoch=89 step=19800 loss=478.5477                 
                             grad_norm=2257.6743 lr=1.00e-06                   
                    WARNING  High grad norm: 1368.04 at epoch=89 step=19800    
                    WARNING  High grad norm: 2127.38 at epoch=89 step=19801    
[04/21/26 23:49:51] WARNING  High grad norm: 2421.98 at epoch=89 step=19802    
                    WARNING  High grad norm: 714.35 at epoch=89 step=19803     
                    WARNING  High grad norm: 1785.40 at epoch=89 step=19804    
                    WARNING  High grad norm: 1531.57 at epoch=89 step=19805    
[04/21/26 23:49:52] WARNING  High grad norm: 2111.83 at epoch=89 step=19806    
                    WARNING  High grad norm: 941.17 at epoch=89 step=19807     
                    WARNING  High grad norm: 574.06 at epoch=89 step=19808     
                    WARNING  High grad norm: 929.18 at epoch=89 step=19809     
                    WARNING  High grad norm: 1072.00 at epoch=89 step=19810    
[04/21/26 23:49:53] WARNING  High grad norm: 2187.65 at epoch=89 step=19811    
                    WARNING  High grad norm: 1682.77 at epoch=89 step=19812    
                    WARNING  High grad norm: 1691.09 at epoch=89 step=19813    
                    WARNING  High grad norm: 617.38 at epoch=89 step=19814     
[04/21/26 23:49:54] WARNING  High grad norm: 1021.14 at epoch=89 step=19815    
                    WARNING  High grad norm: 689.33 at epoch=89 step=19816     
                    WARNING  High grad norm: 547.33 at epoch=89 step=19817     
                    WARNING  High grad norm: 1196.14 at epoch=89 step=19818    
                    WARNING  High grad norm: 669.49 at epoch=89 step=19819     
[04/21/26 23:49:55] WARNING  High grad norm: 1045.62 at epoch=89 step=19820    
                    WARNING  High grad norm: 902.64 at epoch=89 step=19821     
                    WARNING  High grad norm: 1233.93 at epoch=89 step=19822    
                    WARNING  High grad norm: 948.84 at epoch=89 step=19823     
[04/21/26 23:49:56] WARNING  High grad norm: 807.16 at epoch=89 step=19824     
                    WARNING  High grad norm: 1044.15 at epoch=89 step=19825    
                    WARNING  High grad norm: 914.73 at epoch=89 step=19826     
                    WARNING  High grad norm: 1930.89 at epoch=89 step=19827    
                    WARNING  High grad norm: 1484.14 at epoch=89 step=19828    
[04/21/26 23:49:57] WARNING  High grad norm: 1804.89 at epoch=89 step=19829    
                    WARNING  High grad norm: 595.36 at epoch=89 step=19830     
                    WARNING  High grad norm: 791.92 at epoch=89 step=19831     
                    WARNING  High grad norm: 1207.81 at epoch=89 step=19832    
                    WARNING  High grad norm: 1529.05 at epoch=89 step=19833    
[04/21/26 23:49:58] WARNING  High grad norm: 804.26 at epoch=89 step=19834     
                    WARNING  High grad norm: 969.57 at epoch=89 step=19835     
                    WARNING  High grad norm: 579.07 at epoch=89 step=19836     
                    WARNING  High grad norm: 885.39 at epoch=89 step=19837     
[04/21/26 23:49:59] WARNING  High grad norm: 1384.72 at epoch=89 step=19838    
                    WARNING  High grad norm: 1363.08 at epoch=89 step=19839    
                    WARNING  High grad norm: 1932.84 at epoch=89 step=19840    
                    WARNING  High grad norm: 1220.15 at epoch=89 step=19841    
                    WARNING  High grad norm: 954.33 at epoch=89 step=19842     
[04/21/26 23:50:00] WARNING  High grad norm: 1539.83 at epoch=89 step=19843    
                    WARNING  High grad norm: 1154.20 at epoch=89 step=19844    
                    WARNING  High grad norm: 1234.87 at epoch=89 step=19845    
                    WARNING  High grad norm: 2943.60 at epoch=89 step=19846    
[04/21/26 23:50:01] INFO     epoch=89 avg_loss=480.4550 lr=1.00e-06            
[04/21/26 23:50:14] WARNING  High grad norm: 1633.38 at epoch=90 step=19847    
[04/21/26 23:50:15] WARNING  High grad norm: 635.11 at epoch=90 step=19848     
                    WARNING  High grad norm: 700.18 at epoch=90 step=19849     
                    WARNING  High grad norm: 1069.87 at epoch=90 step=19850    
                    WARNING  High grad norm: 1539.35 at epoch=90 step=19851    
[04/21/26 23:50:16] WARNING  High grad norm: 860.78 at epoch=90 step=19852     
                    WARNING  High grad norm: 1150.14 at epoch=90 step=19853    
                    WARNING  High grad norm: 2851.95 at epoch=90 step=19854    
                    WARNING  High grad norm: 593.20 at epoch=90 step=19855     
                    WARNING  High grad norm: 1616.81 at epoch=90 step=19856    
[04/21/26 23:50:17] WARNING  High grad norm: 1385.38 at epoch=90 step=19857    
                    WARNING  High grad norm: 773.70 at epoch=90 step=19858     
                    WARNING  High grad norm: 764.23 at epoch=90 step=19859     
                    WARNING  High grad norm: 731.65 at epoch=90 step=19860     
[04/21/26 23:50:18] WARNING  High grad norm: 806.29 at epoch=90 step=19861     
                    WARNING  High grad norm: 818.56 at epoch=90 step=19862     
                    WARNING  High grad norm: 603.14 at epoch=90 step=19863     
                    WARNING  High grad norm: 939.80 at epoch=90 step=19864     
                    WARNING  High grad norm: 1320.68 at epoch=90 step=19865    
[04/21/26 23:50:19] WARNING  High grad norm: 700.67 at epoch=90 step=19866     
                    WARNING  High grad norm: 857.57 at epoch=90 step=19867     
                    WARNING  High grad norm: 1134.63 at epoch=90 step=19868    
                    WARNING  High grad norm: 1560.45 at epoch=90 step=19869    
[04/21/26 23:50:20] WARNING  High grad norm: 1685.22 at epoch=90 step=19870    
                    WARNING  High grad norm: 842.58 at epoch=90 step=19871     
                    WARNING  High grad norm: 1334.56 at epoch=90 step=19872    
                    WARNING  High grad norm: 986.08 at epoch=90 step=19873     
                    WARNING  High grad norm: 1454.96 at epoch=90 step=19874    
[04/21/26 23:50:21] WARNING  High grad norm: 1346.65 at epoch=90 step=19875    
                    WARNING  High grad norm: 1553.08 at epoch=90 step=19876    
                    WARNING  High grad norm: 982.99 at epoch=90 step=19877     
                    WARNING  High grad norm: 1254.56 at epoch=90 step=19878    
[04/21/26 23:50:22] WARNING  High grad norm: 2354.07 at epoch=90 step=19879    
                    WARNING  High grad norm: 820.15 at epoch=90 step=19880     
                    WARNING  High grad norm: 637.33 at epoch=90 step=19881     
                    WARNING  High grad norm: 644.39 at epoch=90 step=19882     
                    WARNING  High grad norm: 836.46 at epoch=90 step=19883     
[04/21/26 23:50:23] WARNING  High grad norm: 1438.68 at epoch=90 step=19884    
                    WARNING  High grad norm: 618.03 at epoch=90 step=19885     
                    WARNING  High grad norm: 722.67 at epoch=90 step=19886     
                    WARNING  High grad norm: 669.40 at epoch=90 step=19887     
[04/21/26 23:50:24] WARNING  High grad norm: 1138.02 at epoch=90 step=19888    
                    WARNING  High grad norm: 760.27 at epoch=90 step=19889     
                    WARNING  High grad norm: 924.37 at epoch=90 step=19890     
                    WARNING  High grad norm: 898.20 at epoch=90 step=19891     
                    WARNING  High grad norm: 1136.31 at epoch=90 step=19892    
[04/21/26 23:50:25] WARNING  High grad norm: 1301.83 at epoch=90 step=19893    
                    WARNING  High grad norm: 620.38 at epoch=90 step=19894     
                    WARNING  High grad norm: 854.78 at epoch=90 step=19895     
                    WARNING  High grad norm: 618.46 at epoch=90 step=19896     
                    WARNING  High grad norm: 1102.15 at epoch=90 step=19897    
[04/21/26 23:50:26] WARNING  High grad norm: 2239.37 at epoch=90 step=19898    
                    WARNING  High grad norm: 963.59 at epoch=90 step=19899     
                    INFO     epoch=90 step=19900 loss=481.4185                 
                             grad_norm=963.5928 lr=1.00e-06                    
                    WARNING  High grad norm: 1287.46 at epoch=90 step=19900    
                    WARNING  High grad norm: 1300.76 at epoch=90 step=19901    
[04/21/26 23:50:27] WARNING  High grad norm: 1338.80 at epoch=90 step=19902    
                    WARNING  High grad norm: 556.25 at epoch=90 step=19903     
                    WARNING  High grad norm: 1488.24 at epoch=90 step=19904    
                    WARNING  High grad norm: 875.98 at epoch=90 step=19905     
                    WARNING  High grad norm: 1278.66 at epoch=90 step=19906    
[04/21/26 23:50:28] WARNING  High grad norm: 791.43 at epoch=90 step=19907     
                    WARNING  High grad norm: 1619.81 at epoch=90 step=19908    
                    WARNING  High grad norm: 1446.12 at epoch=90 step=19909    
                    WARNING  High grad norm: 1048.32 at epoch=90 step=19910    
[04/21/26 23:50:29] WARNING  High grad norm: 2894.80 at epoch=90 step=19911    
                    WARNING  High grad norm: 919.57 at epoch=90 step=19912     
                    WARNING  High grad norm: 860.89 at epoch=90 step=19913     
                    WARNING  High grad norm: 701.58 at epoch=90 step=19914     
                    WARNING  High grad norm: 974.24 at epoch=90 step=19915     
[04/21/26 23:50:30] WARNING  High grad norm: 1279.20 at epoch=90 step=19916    
                    WARNING  High grad norm: 1339.26 at epoch=90 step=19917    
                    WARNING  High grad norm: 1292.49 at epoch=90 step=19918    
                    WARNING  High grad norm: 3590.32 at epoch=90 step=19919    
[04/21/26 23:50:31] WARNING  High grad norm: 1094.94 at epoch=90 step=19920    
                    WARNING  High grad norm: 1550.34 at epoch=90 step=19921    
                    WARNING  High grad norm: 1964.60 at epoch=90 step=19922    
                    WARNING  High grad norm: 745.74 at epoch=90 step=19923     
                    WARNING  High grad norm: 878.20 at epoch=90 step=19924     
[04/21/26 23:50:32] WARNING  High grad norm: 884.41 at epoch=90 step=19925     
                    WARNING  High grad norm: 786.00 at epoch=90 step=19926     
                    WARNING  High grad norm: 2092.76 at epoch=90 step=19927    
                    WARNING  High grad norm: 2010.99 at epoch=90 step=19928    
[04/21/26 23:50:33] WARNING  High grad norm: 1052.68 at epoch=90 step=19929    
                    WARNING  High grad norm: 2133.47 at epoch=90 step=19930    
                    WARNING  High grad norm: 1538.89 at epoch=90 step=19931    
                    WARNING  High grad norm: 1967.64 at epoch=90 step=19932    
                    WARNING  High grad norm: 1207.90 at epoch=90 step=19933    
[04/21/26 23:50:34] WARNING  High grad norm: 573.54 at epoch=90 step=19934     
                    WARNING  High grad norm: 1094.97 at epoch=90 step=19935    
                    WARNING  High grad norm: 673.41 at epoch=90 step=19936     
                    WARNING  High grad norm: 1230.76 at epoch=90 step=19937    
[04/21/26 23:50:35] WARNING  High grad norm: 2685.16 at epoch=90 step=19938    
                    WARNING  High grad norm: 2533.38 at epoch=90 step=19939    
                    WARNING  High grad norm: 842.72 at epoch=90 step=19940     
                    WARNING  High grad norm: 2536.88 at epoch=90 step=19941    
                    WARNING  High grad norm: 1120.40 at epoch=90 step=19942    
[04/21/26 23:50:36] WARNING  High grad norm: 2175.34 at epoch=90 step=19943    
                    WARNING  High grad norm: 514.56 at epoch=90 step=19944     
                    WARNING  High grad norm: 737.64 at epoch=90 step=19945     
                    WARNING  High grad norm: 1426.59 at epoch=90 step=19946    
[04/21/26 23:50:37] WARNING  High grad norm: 592.92 at epoch=90 step=19947     
                    WARNING  High grad norm: 986.88 at epoch=90 step=19948     
                    WARNING  High grad norm: 768.63 at epoch=90 step=19949     
                    WARNING  High grad norm: 1593.27 at epoch=90 step=19950    
                    WARNING  High grad norm: 944.95 at epoch=90 step=19951     
[04/21/26 23:50:38] WARNING  High grad norm: 1759.66 at epoch=90 step=19952    
                    WARNING  High grad norm: 784.86 at epoch=90 step=19953     
                    WARNING  High grad norm: 625.70 at epoch=90 step=19954     
                    WARNING  High grad norm: 923.75 at epoch=90 step=19955     
[04/21/26 23:50:39] WARNING  High grad norm: 933.50 at epoch=90 step=19956     
                    WARNING  High grad norm: 1214.63 at epoch=90 step=19957    
                    WARNING  High grad norm: 933.24 at epoch=90 step=19958     
                    WARNING  High grad norm: 1302.25 at epoch=90 step=19959    
                    WARNING  High grad norm: 710.65 at epoch=90 step=19960     
[04/21/26 23:50:40] WARNING  High grad norm: 943.91 at epoch=90 step=19961     
                    WARNING  High grad norm: 729.86 at epoch=90 step=19962     
                    WARNING  High grad norm: 1406.87 at epoch=90 step=19963    
                    WARNING  High grad norm: 2125.77 at epoch=90 step=19964    
[04/21/26 23:50:41] WARNING  High grad norm: 1636.78 at epoch=90 step=19965    
                    WARNING  High grad norm: 2083.11 at epoch=90 step=19966    
                    WARNING  High grad norm: 940.05 at epoch=90 step=19967     
                    WARNING  High grad norm: 1636.12 at epoch=90 step=19968    
                    WARNING  High grad norm: 1200.33 at epoch=90 step=19969    
[04/21/26 23:50:42] WARNING  High grad norm: 1217.31 at epoch=90 step=19970    
                    WARNING  High grad norm: 2041.10 at epoch=90 step=19971    
                    WARNING  High grad norm: 796.72 at epoch=90 step=19972     
                    WARNING  High grad norm: 831.20 at epoch=90 step=19973     
[04/21/26 23:50:43] WARNING  High grad norm: 1225.02 at epoch=90 step=19974    
                    WARNING  High grad norm: 773.76 at epoch=90 step=19975     
                    WARNING  High grad norm: 976.49 at epoch=90 step=19976     
                    WARNING  High grad norm: 914.76 at epoch=90 step=19977     
                    WARNING  High grad norm: 1279.54 at epoch=90 step=19978    
[04/21/26 23:50:44] WARNING  High grad norm: 1443.71 at epoch=90 step=19979    
                    WARNING  High grad norm: 750.04 at epoch=90 step=19980     
                    WARNING  High grad norm: 906.23 at epoch=90 step=19981     
                    WARNING  High grad norm: 1764.21 at epoch=90 step=19982    
[04/21/26 23:50:45] WARNING  High grad norm: 608.83 at epoch=90 step=19983     
                    WARNING  High grad norm: 1066.98 at epoch=90 step=19984    
                    WARNING  High grad norm: 1131.40 at epoch=90 step=19985    
                    WARNING  High grad norm: 2557.47 at epoch=90 step=19986    
                    WARNING  High grad norm: 1592.61 at epoch=90 step=19987    
[04/21/26 23:50:46] WARNING  High grad norm: 979.44 at epoch=90 step=19988     
                    WARNING  High grad norm: 786.97 at epoch=90 step=19989     
                    WARNING  High grad norm: 1440.04 at epoch=90 step=19990    
                    WARNING  High grad norm: 1020.72 at epoch=90 step=19991    
[04/21/26 23:50:47] WARNING  High grad norm: 1059.87 at epoch=90 step=19992    
                    WARNING  High grad norm: 838.54 at epoch=90 step=19993     
                    WARNING  High grad norm: 1178.51 at epoch=90 step=19994    
                    WARNING  High grad norm: 1520.79 at epoch=90 step=19995    
                    WARNING  High grad norm: 1028.73 at epoch=90 step=19996    
[04/21/26 23:50:48] WARNING  High grad norm: 1667.29 at epoch=90 step=19997    
                    WARNING  High grad norm: 1308.37 at epoch=90 step=19998    
                    WARNING  High grad norm: 1620.55 at epoch=90 step=19999    
                    INFO     epoch=90 step=20000 loss=488.7538                 
                             grad_norm=1620.5477 lr=1.00e-06                   
                    WARNING  High grad norm: 993.10 at epoch=90 step=20000     
[04/21/26 23:50:49] WARNING  High grad norm: 981.96 at epoch=90 step=20001     
                    WARNING  High grad norm: 1139.17 at epoch=90 step=20002    
                    WARNING  High grad norm: 1701.87 at epoch=90 step=20003    
                    WARNING  High grad norm: 1023.58 at epoch=90 step=20004    
                    WARNING  High grad norm: 1103.54 at epoch=90 step=20005    
[04/21/26 23:50:50] WARNING  High grad norm: 977.31 at epoch=90 step=20006     
                    WARNING  High grad norm: 789.05 at epoch=90 step=20007     
                    WARNING  High grad norm: 892.28 at epoch=90 step=20008     
                    WARNING  High grad norm: 1382.27 at epoch=90 step=20009    
[04/21/26 23:50:51] WARNING  High grad norm: 933.61 at epoch=90 step=20010     
                    WARNING  High grad norm: 1895.33 at epoch=90 step=20011    
                    WARNING  High grad norm: 719.74 at epoch=90 step=20012     
                    WARNING  High grad norm: 773.89 at epoch=90 step=20013     
                    WARNING  High grad norm: 905.35 at epoch=90 step=20014     
[04/21/26 23:50:52] WARNING  High grad norm: 1439.00 at epoch=90 step=20015    
                    WARNING  High grad norm: 893.42 at epoch=90 step=20016     
                    WARNING  High grad norm: 1217.09 at epoch=90 step=20017    
                    WARNING  High grad norm: 1821.84 at epoch=90 step=20018    
[04/21/26 23:50:53] WARNING  High grad norm: 914.81 at epoch=90 step=20019     
                    WARNING  High grad norm: 1057.76 at epoch=90 step=20020    
                    WARNING  High grad norm: 683.33 at epoch=90 step=20021     
                    WARNING  High grad norm: 747.52 at epoch=90 step=20022     
                    WARNING  High grad norm: 1574.07 at epoch=90 step=20023    
[04/21/26 23:50:54] WARNING  High grad norm: 2126.86 at epoch=90 step=20024    
                    WARNING  High grad norm: 685.43 at epoch=90 step=20025     
                    WARNING  High grad norm: 1319.37 at epoch=90 step=20026    
                    WARNING  High grad norm: 746.43 at epoch=90 step=20027     
[04/21/26 23:50:55] WARNING  High grad norm: 908.98 at epoch=90 step=20028     
                    WARNING  High grad norm: 1159.45 at epoch=90 step=20029    
                    WARNING  High grad norm: 976.73 at epoch=90 step=20030     
                    WARNING  High grad norm: 1304.85 at epoch=90 step=20031    
                    WARNING  High grad norm: 1224.14 at epoch=90 step=20032    
[04/21/26 23:50:56] WARNING  High grad norm: 975.18 at epoch=90 step=20033     
                    WARNING  High grad norm: 667.86 at epoch=90 step=20034     
                    WARNING  High grad norm: 1892.41 at epoch=90 step=20035    
                    WARNING  High grad norm: 2009.09 at epoch=90 step=20036    
[04/21/26 23:50:57] WARNING  High grad norm: 1414.03 at epoch=90 step=20037    
                    WARNING  High grad norm: 843.21 at epoch=90 step=20038     
                    WARNING  High grad norm: 2751.98 at epoch=90 step=20039    
                    WARNING  High grad norm: 1586.37 at epoch=90 step=20040    
                    WARNING  High grad norm: 1667.32 at epoch=90 step=20041    
[04/21/26 23:50:58] WARNING  High grad norm: 733.92 at epoch=90 step=20042     
                    WARNING  High grad norm: 1204.22 at epoch=90 step=20043    
                    WARNING  High grad norm: 1444.14 at epoch=90 step=20044    
                    WARNING  High grad norm: 954.19 at epoch=90 step=20045     
[04/21/26 23:50:59] WARNING  High grad norm: 1806.15 at epoch=90 step=20046    
                    WARNING  High grad norm: 2309.16 at epoch=90 step=20047    
                    WARNING  High grad norm: 2429.58 at epoch=90 step=20048    
                    WARNING  High grad norm: 2564.88 at epoch=90 step=20049    
                    WARNING  High grad norm: 775.03 at epoch=90 step=20050     
[04/21/26 23:51:00] WARNING  High grad norm: 920.47 at epoch=90 step=20051     
                    WARNING  High grad norm: 1006.45 at epoch=90 step=20052    
                    WARNING  High grad norm: 668.56 at epoch=90 step=20053     
                    WARNING  High grad norm: 601.08 at epoch=90 step=20054     
[04/21/26 23:51:01] WARNING  High grad norm: 990.66 at epoch=90 step=20055     
                    WARNING  High grad norm: 725.58 at epoch=90 step=20056     
                    WARNING  High grad norm: 1564.57 at epoch=90 step=20057    
                    WARNING  High grad norm: 842.20 at epoch=90 step=20058     
                    WARNING  High grad norm: 1501.88 at epoch=90 step=20059    
[04/21/26 23:51:02] WARNING  High grad norm: 1191.10 at epoch=90 step=20060    
                    WARNING  High grad norm: 644.05 at epoch=90 step=20061     
                    WARNING  High grad norm: 870.85 at epoch=90 step=20062     
                    WARNING  High grad norm: 731.85 at epoch=90 step=20063     
[04/21/26 23:51:03] WARNING  High grad norm: 1612.18 at epoch=90 step=20064    
                    WARNING  High grad norm: 643.86 at epoch=90 step=20065     
                    WARNING  High grad norm: 911.09 at epoch=90 step=20066     
                    WARNING  High grad norm: 2136.21 at epoch=90 step=20067    
                    WARNING  High grad norm: 1050.58 at epoch=90 step=20068    
[04/21/26 23:51:04] WARNING  High grad norm: 977.95 at epoch=90 step=20069     
                    INFO     epoch=90 avg_loss=488.7244 lr=1.00e-06            
[04/21/26 23:51:11] INFO     Saved checkpoint to                               
                             C:\Users\artun\Desktop\ITS-project\checkpoints\sco
                             re_fmnist_v2\score_epoch_0090.pt                  
[04/21/26 23:51:25] WARNING  High grad norm: 1586.08 at epoch=91 step=20070    
                    WARNING  High grad norm: 739.02 at epoch=91 step=20071     
                    WARNING  High grad norm: 905.12 at epoch=91 step=20072     
                    WARNING  High grad norm: 1128.64 at epoch=91 step=20073    
                    WARNING  High grad norm: 890.34 at epoch=91 step=20074     
[04/21/26 23:51:26] WARNING  High grad norm: 2227.37 at epoch=91 step=20075    
                    WARNING  High grad norm: 1354.40 at epoch=91 step=20076    
                    WARNING  High grad norm: 2260.81 at epoch=91 step=20077    
                    WARNING  High grad norm: 972.35 at epoch=91 step=20078     
[04/21/26 23:51:27] WARNING  High grad norm: 616.68 at epoch=91 step=20079     
                    WARNING  High grad norm: 649.84 at epoch=91 step=20080     
                    WARNING  High grad norm: 884.17 at epoch=91 step=20081     
                    WARNING  High grad norm: 1180.16 at epoch=91 step=20082    
                    WARNING  High grad norm: 985.71 at epoch=91 step=20083     
[04/21/26 23:51:28] WARNING  High grad norm: 1166.04 at epoch=91 step=20084    
                    WARNING  High grad norm: 1126.47 at epoch=91 step=20085    
                    WARNING  High grad norm: 963.80 at epoch=91 step=20086     
                    WARNING  High grad norm: 1040.01 at epoch=91 step=20087    
[04/21/26 23:51:29] WARNING  High grad norm: 1204.07 at epoch=91 step=20088    
                    WARNING  High grad norm: 1351.80 at epoch=91 step=20089    
                    WARNING  High grad norm: 1070.76 at epoch=91 step=20090    
                    WARNING  High grad norm: 531.47 at epoch=91 step=20091     
                    WARNING  High grad norm: 1475.83 at epoch=91 step=20092    
[04/21/26 23:51:30] WARNING  High grad norm: 779.86 at epoch=91 step=20093     
                    WARNING  High grad norm: 814.13 at epoch=91 step=20094     
                    WARNING  High grad norm: 633.35 at epoch=91 step=20095     
                    WARNING  High grad norm: 3915.87 at epoch=91 step=20096    
[04/21/26 23:51:31] WARNING  High grad norm: 2203.08 at epoch=91 step=20097    
                    WARNING  High grad norm: 1071.02 at epoch=91 step=20098    
                    WARNING  High grad norm: 1750.58 at epoch=91 step=20099    
                    INFO     epoch=91 step=20100 loss=484.5568                 
                             grad_norm=1750.5759 lr=1.00e-06                   
                    WARNING  High grad norm: 928.04 at epoch=91 step=20100     
                    WARNING  High grad norm: 1164.85 at epoch=91 step=20101    
[04/21/26 23:51:32] WARNING  High grad norm: 591.96 at epoch=91 step=20102     
                    WARNING  High grad norm: 1242.69 at epoch=91 step=20103    
                    WARNING  High grad norm: 1936.77 at epoch=91 step=20104    
                    WARNING  High grad norm: 853.52 at epoch=91 step=20105     
[04/21/26 23:51:33] WARNING  High grad norm: 2673.36 at epoch=91 step=20106    
                    WARNING  High grad norm: 1958.79 at epoch=91 step=20107    
                    WARNING  High grad norm: 819.46 at epoch=91 step=20108     
                    WARNING  High grad norm: 1775.23 at epoch=91 step=20109    
                    WARNING  High grad norm: 1281.29 at epoch=91 step=20110    
[04/21/26 23:51:34] WARNING  High grad norm: 1875.46 at epoch=91 step=20111    
                    WARNING  High grad norm: 1467.69 at epoch=91 step=20112    
                    WARNING  High grad norm: 833.32 at epoch=91 step=20113     
                    WARNING  High grad norm: 830.61 at epoch=91 step=20114     
[04/21/26 23:51:35] WARNING  High grad norm: 2179.60 at epoch=91 step=20115    
                    WARNING  High grad norm: 847.22 at epoch=91 step=20116     
                    WARNING  High grad norm: 946.65 at epoch=91 step=20117     
                    WARNING  High grad norm: 561.83 at epoch=91 step=20118     
                    WARNING  High grad norm: 1229.53 at epoch=91 step=20119    
[04/21/26 23:51:36] WARNING  High grad norm: 1799.80 at epoch=91 step=20120    
                    WARNING  High grad norm: 1842.09 at epoch=91 step=20121    
                    WARNING  High grad norm: 1452.52 at epoch=91 step=20122    
                    WARNING  High grad norm: 1690.75 at epoch=91 step=20123    
[04/21/26 23:51:37] WARNING  High grad norm: 760.97 at epoch=91 step=20124     
                    WARNING  High grad norm: 1220.45 at epoch=91 step=20125    
                    WARNING  High grad norm: 785.11 at epoch=91 step=20126     
                    WARNING  High grad norm: 1174.20 at epoch=91 step=20127    
                    WARNING  High grad norm: 638.79 at epoch=91 step=20128     
[04/21/26 23:51:38] WARNING  High grad norm: 1786.75 at epoch=91 step=20129    
                    WARNING  High grad norm: 763.48 at epoch=91 step=20130     
                    WARNING  High grad norm: 1411.11 at epoch=91 step=20131    
                    WARNING  High grad norm: 1255.51 at epoch=91 step=20132    
[04/21/26 23:51:39] WARNING  High grad norm: 473.04 at epoch=91 step=20133     
                    WARNING  High grad norm: 696.82 at epoch=91 step=20134     
                    WARNING  High grad norm: 1759.90 at epoch=91 step=20135    
                    WARNING  High grad norm: 965.85 at epoch=91 step=20136     
                    WARNING  High grad norm: 744.69 at epoch=91 step=20137     
[04/21/26 23:51:40] WARNING  High grad norm: 958.87 at epoch=91 step=20138     
                    WARNING  High grad norm: 892.56 at epoch=91 step=20139     
                    WARNING  High grad norm: 2086.39 at epoch=91 step=20140    
                    WARNING  High grad norm: 2243.56 at epoch=91 step=20141    
[04/21/26 23:51:41] WARNING  High grad norm: 1159.54 at epoch=91 step=20142    
                    WARNING  High grad norm: 524.02 at epoch=91 step=20143     
                    WARNING  High grad norm: 777.61 at epoch=91 step=20144     
                    WARNING  High grad norm: 1274.99 at epoch=91 step=20145    
                    WARNING  High grad norm: 586.36 at epoch=91 step=20146     
[04/21/26 23:51:42] WARNING  High grad norm: 1317.55 at epoch=91 step=20147    
                    WARNING  High grad norm: 806.87 at epoch=91 step=20148     
                    WARNING  High grad norm: 903.88 at epoch=91 step=20149     
                    WARNING  High grad norm: 991.73 at epoch=91 step=20150     
[04/21/26 23:51:43] WARNING  High grad norm: 757.89 at epoch=91 step=20151     
                    WARNING  High grad norm: 1783.48 at epoch=91 step=20152    
                    WARNING  High grad norm: 615.29 at epoch=91 step=20153     
                    WARNING  High grad norm: 1192.54 at epoch=91 step=20154    
                    WARNING  High grad norm: 722.07 at epoch=91 step=20155     
[04/21/26 23:51:44] WARNING  High grad norm: 820.29 at epoch=91 step=20156     
                    WARNING  High grad norm: 612.28 at epoch=91 step=20157     
                    WARNING  High grad norm: 648.69 at epoch=91 step=20158     
                    WARNING  High grad norm: 1408.68 at epoch=91 step=20159    
                    WARNING  High grad norm: 2692.40 at epoch=91 step=20160    
[04/21/26 23:51:45] WARNING  High grad norm: 646.10 at epoch=91 step=20161     
                    WARNING  High grad norm: 985.60 at epoch=91 step=20162     
                    WARNING  High grad norm: 1130.25 at epoch=91 step=20163    
                    WARNING  High grad norm: 1190.12 at epoch=91 step=20164    
[04/21/26 23:51:46] WARNING  High grad norm: 843.70 at epoch=91 step=20165     
                    WARNING  High grad norm: 754.03 at epoch=91 step=20166     
                    WARNING  High grad norm: 672.03 at epoch=91 step=20167     
                    WARNING  High grad norm: 1303.57 at epoch=91 step=20168    
                    WARNING  High grad norm: 2711.18 at epoch=91 step=20169    
[04/21/26 23:51:47] WARNING  High grad norm: 1488.79 at epoch=91 step=20170    
                    WARNING  High grad norm: 1411.66 at epoch=91 step=20171    
                    WARNING  High grad norm: 1068.35 at epoch=91 step=20172    
                    WARNING  High grad norm: 703.70 at epoch=91 step=20173     
[04/21/26 23:51:48] WARNING  High grad norm: 467.03 at epoch=91 step=20174     
                    WARNING  High grad norm: 1491.54 at epoch=91 step=20175    
                    WARNING  High grad norm: 1688.61 at epoch=91 step=20176    
                    WARNING  High grad norm: 1552.64 at epoch=91 step=20177    
[04/21/26 23:51:49] WARNING  High grad norm: 1038.75 at epoch=91 step=20178    
                    WARNING  High grad norm: 1357.97 at epoch=91 step=20179    
                    WARNING  High grad norm: 688.65 at epoch=91 step=20180     
                    WARNING  High grad norm: 1273.88 at epoch=91 step=20181    
                    WARNING  High grad norm: 1643.06 at epoch=91 step=20182    
[04/21/26 23:51:50] WARNING  High grad norm: 843.42 at epoch=91 step=20183     
                    WARNING  High grad norm: 639.51 at epoch=91 step=20184     
                    WARNING  High grad norm: 1161.55 at epoch=91 step=20185    
                    WARNING  High grad norm: 1943.00 at epoch=91 step=20186    
[04/21/26 23:51:51] WARNING  High grad norm: 959.91 at epoch=91 step=20187     
                    WARNING  High grad norm: 1304.78 at epoch=91 step=20188    
                    WARNING  High grad norm: 1491.45 at epoch=91 step=20189    
                    WARNING  High grad norm: 2390.37 at epoch=91 step=20190    
                    WARNING  High grad norm: 805.51 at epoch=91 step=20191     
[04/21/26 23:51:52] WARNING  High grad norm: 966.88 at epoch=91 step=20192     
                    WARNING  High grad norm: 940.62 at epoch=91 step=20193     
                    WARNING  High grad norm: 1545.01 at epoch=91 step=20194    
                    WARNING  High grad norm: 1396.85 at epoch=91 step=20195    
[04/21/26 23:51:53] WARNING  High grad norm: 669.96 at epoch=91 step=20196     
                    WARNING  High grad norm: 1194.94 at epoch=91 step=20197    
                    WARNING  High grad norm: 1160.76 at epoch=91 step=20198    
                    WARNING  High grad norm: 2564.06 at epoch=91 step=20199    
                    INFO     epoch=91 step=20200 loss=482.0121                 
                             grad_norm=2564.0635 lr=1.00e-06                   
                    WARNING  High grad norm: 584.39 at epoch=91 step=20200     
[04/21/26 23:51:54] WARNING  High grad norm: 789.93 at epoch=91 step=20201     
                    WARNING  High grad norm: 827.96 at epoch=91 step=20202     
                    WARNING  High grad norm: 850.05 at epoch=91 step=20203     
                    WARNING  High grad norm: 527.21 at epoch=91 step=20204     
[04/21/26 23:51:55] WARNING  High grad norm: 599.16 at epoch=91 step=20205     
                    WARNING  High grad norm: 616.92 at epoch=91 step=20206     
                    WARNING  High grad norm: 727.47 at epoch=91 step=20207     
                    WARNING  High grad norm: 1073.72 at epoch=91 step=20208    
                    WARNING  High grad norm: 1607.71 at epoch=91 step=20209    
[04/21/26 23:51:56] WARNING  High grad norm: 1059.48 at epoch=91 step=20210    
                    WARNING  High grad norm: 724.10 at epoch=91 step=20211     
                    WARNING  High grad norm: 695.23 at epoch=91 step=20212     
                    WARNING  High grad norm: 928.90 at epoch=91 step=20213     
[04/21/26 23:51:57] WARNING  High grad norm: 1103.15 at epoch=91 step=20214    
                    WARNING  High grad norm: 1642.80 at epoch=91 step=20215    
                    WARNING  High grad norm: 2357.00 at epoch=91 step=20216    
                    WARNING  High grad norm: 710.07 at epoch=91 step=20217     
                    WARNING  High grad norm: 659.21 at epoch=91 step=20218     
[04/21/26 23:51:58] WARNING  High grad norm: 560.60 at epoch=91 step=20219     
                    WARNING  High grad norm: 764.73 at epoch=91 step=20220     
                    WARNING  High grad norm: 574.18 at epoch=91 step=20221     
                    WARNING  High grad norm: 713.39 at epoch=91 step=20222     
[04/21/26 23:51:59] WARNING  High grad norm: 842.66 at epoch=91 step=20223     
                    WARNING  High grad norm: 997.16 at epoch=91 step=20224     
                    WARNING  High grad norm: 735.98 at epoch=91 step=20225     
                    WARNING  High grad norm: 977.05 at epoch=91 step=20226     
                    WARNING  High grad norm: 647.83 at epoch=91 step=20227     
[04/21/26 23:52:00] WARNING  High grad norm: 762.98 at epoch=91 step=20228     
                    WARNING  High grad norm: 1955.73 at epoch=91 step=20229    
                    WARNING  High grad norm: 1203.35 at epoch=91 step=20230    
                    WARNING  High grad norm: 801.05 at epoch=91 step=20231     
[04/21/26 23:52:01] WARNING  High grad norm: 720.86 at epoch=91 step=20232     
                    WARNING  High grad norm: 840.52 at epoch=91 step=20233     
                    WARNING  High grad norm: 815.17 at epoch=91 step=20234     
                    WARNING  High grad norm: 1397.60 at epoch=91 step=20235    
                    WARNING  High grad norm: 734.19 at epoch=91 step=20236     
[04/21/26 23:52:02] WARNING  High grad norm: 719.05 at epoch=91 step=20237     
                    WARNING  High grad norm: 733.66 at epoch=91 step=20238     
                    WARNING  High grad norm: 853.68 at epoch=91 step=20239     
                    WARNING  High grad norm: 1266.58 at epoch=91 step=20240    
[04/21/26 23:52:03] WARNING  High grad norm: 910.38 at epoch=91 step=20241     
                    WARNING  High grad norm: 1685.70 at epoch=91 step=20242    
                    WARNING  High grad norm: 628.07 at epoch=91 step=20243     
                    WARNING  High grad norm: 2540.03 at epoch=91 step=20244    
                    WARNING  High grad norm: 1196.04 at epoch=91 step=20245    
[04/21/26 23:52:04] WARNING  High grad norm: 1075.15 at epoch=91 step=20246    
                    WARNING  High grad norm: 947.42 at epoch=91 step=20247     
                    WARNING  High grad norm: 1244.46 at epoch=91 step=20248    
                    WARNING  High grad norm: 581.29 at epoch=91 step=20249     
[04/21/26 23:52:05] WARNING  High grad norm: 1122.55 at epoch=91 step=20250    
                    WARNING  High grad norm: 1595.19 at epoch=91 step=20251    
                    WARNING  High grad norm: 656.27 at epoch=91 step=20252     
                    WARNING  High grad norm: 692.15 at epoch=91 step=20253     
                    WARNING  High grad norm: 951.94 at epoch=91 step=20254     
[04/21/26 23:52:06] WARNING  High grad norm: 830.26 at epoch=91 step=20255     
                    WARNING  High grad norm: 658.45 at epoch=91 step=20256     
                    WARNING  High grad norm: 1069.00 at epoch=91 step=20257    
                    WARNING  High grad norm: 753.73 at epoch=91 step=20258     
[04/21/26 23:52:07] WARNING  High grad norm: 795.15 at epoch=91 step=20259     
                    WARNING  High grad norm: 774.10 at epoch=91 step=20260     
                    WARNING  High grad norm: 892.59 at epoch=91 step=20261     
                    WARNING  High grad norm: 982.72 at epoch=91 step=20262     
                    WARNING  High grad norm: 708.23 at epoch=91 step=20263     
[04/21/26 23:52:08] WARNING  High grad norm: 815.87 at epoch=91 step=20264     
                    WARNING  High grad norm: 1017.45 at epoch=91 step=20265    
                    WARNING  High grad norm: 1239.92 at epoch=91 step=20266    
                    WARNING  High grad norm: 1683.64 at epoch=91 step=20267    
[04/21/26 23:52:09] WARNING  High grad norm: 828.68 at epoch=91 step=20268     
                    WARNING  High grad norm: 1532.25 at epoch=91 step=20269    
                    WARNING  High grad norm: 1284.41 at epoch=91 step=20270    
                    WARNING  High grad norm: 732.36 at epoch=91 step=20271     
                    WARNING  High grad norm: 868.95 at epoch=91 step=20272     
[04/21/26 23:52:10] WARNING  High grad norm: 1673.09 at epoch=91 step=20273    
                    WARNING  High grad norm: 553.87 at epoch=91 step=20274     
                    WARNING  High grad norm: 1035.65 at epoch=91 step=20275    
                    WARNING  High grad norm: 1282.92 at epoch=91 step=20276    
[04/21/26 23:52:11] WARNING  High grad norm: 967.21 at epoch=91 step=20277     
                    WARNING  High grad norm: 1740.89 at epoch=91 step=20278    
                    WARNING  High grad norm: 1506.22 at epoch=91 step=20279    
                    WARNING  High grad norm: 713.30 at epoch=91 step=20280     
                    WARNING  High grad norm: 1540.46 at epoch=91 step=20281    
[04/21/26 23:52:12] WARNING  High grad norm: 1199.15 at epoch=91 step=20282    
                    WARNING  High grad norm: 763.19 at epoch=91 step=20283     
                    WARNING  High grad norm: 1767.59 at epoch=91 step=20284    
                    WARNING  High grad norm: 706.78 at epoch=91 step=20285     
                    WARNING  High grad norm: 926.98 at epoch=91 step=20286     
[04/21/26 23:52:13] WARNING  High grad norm: 765.76 at epoch=91 step=20287     
                    WARNING  High grad norm: 1262.90 at epoch=91 step=20288    
                    WARNING  High grad norm: 1159.94 at epoch=91 step=20289    
                    WARNING  High grad norm: 840.11 at epoch=91 step=20290     
[04/21/26 23:52:14] WARNING  High grad norm: 1191.85 at epoch=91 step=20291    
                    WARNING  High grad norm: 1395.30 at epoch=91 step=20292    
                    INFO     epoch=91 avg_loss=481.4396 lr=1.00e-06            
[04/21/26 23:52:28] WARNING  High grad norm: 907.66 at epoch=92 step=20293     
                    WARNING  High grad norm: 1343.78 at epoch=92 step=20294    
[04/21/26 23:52:29] WARNING  High grad norm: 957.04 at epoch=92 step=20295     
                    WARNING  High grad norm: 630.14 at epoch=92 step=20296     
                    WARNING  High grad norm: 836.54 at epoch=92 step=20297     
                    WARNING  High grad norm: 1360.42 at epoch=92 step=20298    
                    WARNING  High grad norm: 1489.91 at epoch=92 step=20299    
                    INFO     epoch=92 step=20300 loss=528.5737                 
                             grad_norm=1489.9050 lr=1.00e-06                   
[04/21/26 23:52:30] WARNING  High grad norm: 699.73 at epoch=92 step=20300     
                    WARNING  High grad norm: 627.05 at epoch=92 step=20301     
                    WARNING  High grad norm: 964.24 at epoch=92 step=20302     
                    WARNING  High grad norm: 1558.51 at epoch=92 step=20303    
[04/21/26 23:52:31] WARNING  High grad norm: 1032.25 at epoch=92 step=20304    
                    WARNING  High grad norm: 1457.30 at epoch=92 step=20305    
                    WARNING  High grad norm: 2236.60 at epoch=92 step=20306    
                    WARNING  High grad norm: 776.14 at epoch=92 step=20307     
                    WARNING  High grad norm: 831.91 at epoch=92 step=20308     
[04/21/26 23:52:32] WARNING  High grad norm: 877.37 at epoch=92 step=20309     
                    WARNING  High grad norm: 1054.48 at epoch=92 step=20310    
                    WARNING  High grad norm: 680.37 at epoch=92 step=20311     
                    WARNING  High grad norm: 1180.08 at epoch=92 step=20312    
[04/21/26 23:52:33] WARNING  High grad norm: 1112.30 at epoch=92 step=20313    
                    WARNING  High grad norm: 1642.51 at epoch=92 step=20314    
                    WARNING  High grad norm: 2732.45 at epoch=92 step=20315    
                    WARNING  High grad norm: 695.27 at epoch=92 step=20316     
                    WARNING  High grad norm: 2052.10 at epoch=92 step=20317    
[04/21/26 23:52:34] WARNING  High grad norm: 890.57 at epoch=92 step=20318     
                    WARNING  High grad norm: 1533.07 at epoch=92 step=20319    
                    WARNING  High grad norm: 750.44 at epoch=92 step=20320     
                    WARNING  High grad norm: 1115.63 at epoch=92 step=20321    
                    WARNING  High grad norm: 1983.19 at epoch=92 step=20322    
[04/21/26 23:52:35] WARNING  High grad norm: 661.48 at epoch=92 step=20323     
                    WARNING  High grad norm: 1616.44 at epoch=92 step=20324    
                    WARNING  High grad norm: 1092.83 at epoch=92 step=20325    
                    WARNING  High grad norm: 885.83 at epoch=92 step=20326     
[04/21/26 23:52:36] WARNING  High grad norm: 644.21 at epoch=92 step=20327     
                    WARNING  High grad norm: 978.41 at epoch=92 step=20328     
                    WARNING  High grad norm: 911.07 at epoch=92 step=20329     
                    WARNING  High grad norm: 1567.80 at epoch=92 step=20330    
                    WARNING  High grad norm: 689.26 at epoch=92 step=20331     
[04/21/26 23:52:37] WARNING  High grad norm: 619.20 at epoch=92 step=20332     
                    WARNING  High grad norm: 700.89 at epoch=92 step=20333     
                    WARNING  High grad norm: 739.39 at epoch=92 step=20334     
                    WARNING  High grad norm: 838.81 at epoch=92 step=20335     
[04/21/26 23:52:38] WARNING  High grad norm: 941.04 at epoch=92 step=20336     
                    WARNING  High grad norm: 816.62 at epoch=92 step=20337     
                    WARNING  High grad norm: 430.71 at epoch=92 step=20338     
                    WARNING  High grad norm: 1644.87 at epoch=92 step=20339    
[04/21/26 23:52:39] WARNING  High grad norm: 956.74 at epoch=92 step=20340     
                    WARNING  High grad norm: 622.27 at epoch=92 step=20341     
                    WARNING  High grad norm: 1537.17 at epoch=92 step=20342    
                    WARNING  High grad norm: 1374.32 at epoch=92 step=20343    
                    WARNING  High grad norm: 1104.23 at epoch=92 step=20344    
[04/21/26 23:52:40] WARNING  High grad norm: 1479.89 at epoch=92 step=20345    
                    WARNING  High grad norm: 817.12 at epoch=92 step=20346     
                    WARNING  High grad norm: 1082.91 at epoch=92 step=20347    
                    WARNING  High grad norm: 1482.36 at epoch=92 step=20348    
[04/21/26 23:52:41] WARNING  High grad norm: 1224.06 at epoch=92 step=20349    
                    WARNING  High grad norm: 1706.35 at epoch=92 step=20350    
                    WARNING  High grad norm: 1469.53 at epoch=92 step=20351    
                    WARNING  High grad norm: 3189.43 at epoch=92 step=20352    
                    WARNING  High grad norm: 1255.24 at epoch=92 step=20353    
[04/21/26 23:52:42] WARNING  High grad norm: 1761.69 at epoch=92 step=20354    
                    WARNING  High grad norm: 2465.87 at epoch=92 step=20355    
                    WARNING  High grad norm: 1841.16 at epoch=92 step=20356    
                    WARNING  High grad norm: 734.59 at epoch=92 step=20357     
                    WARNING  High grad norm: 1003.16 at epoch=92 step=20358    
[04/21/26 23:52:43] WARNING  High grad norm: 1439.81 at epoch=92 step=20359    
                    WARNING  High grad norm: 747.49 at epoch=92 step=20360     
                    WARNING  High grad norm: 1495.81 at epoch=92 step=20361    
                    WARNING  High grad norm: 2101.91 at epoch=92 step=20362    
[04/21/26 23:52:44] WARNING  High grad norm: 990.71 at epoch=92 step=20363     
                    WARNING  High grad norm: 932.16 at epoch=92 step=20364     
                    WARNING  High grad norm: 813.24 at epoch=92 step=20365     
                    WARNING  High grad norm: 924.75 at epoch=92 step=20366     
                    WARNING  High grad norm: 869.87 at epoch=92 step=20367     
[04/21/26 23:52:45] WARNING  High grad norm: 787.10 at epoch=92 step=20368     
                    WARNING  High grad norm: 660.93 at epoch=92 step=20369     
                    WARNING  High grad norm: 1468.81 at epoch=92 step=20370    
                    WARNING  High grad norm: 1024.93 at epoch=92 step=20371    
[04/21/26 23:52:46] WARNING  High grad norm: 513.22 at epoch=92 step=20372     
                    WARNING  High grad norm: 1372.20 at epoch=92 step=20373    
                    WARNING  High grad norm: 806.86 at epoch=92 step=20374     
                    WARNING  High grad norm: 1402.35 at epoch=92 step=20375    
                    WARNING  High grad norm: 1240.38 at epoch=92 step=20376    
[04/21/26 23:52:47] WARNING  High grad norm: 834.94 at epoch=92 step=20377     
                    WARNING  High grad norm: 696.02 at epoch=92 step=20378     
                    WARNING  High grad norm: 2148.60 at epoch=92 step=20379    
                    WARNING  High grad norm: 1714.54 at epoch=92 step=20380    
[04/21/26 23:52:48] WARNING  High grad norm: 1086.93 at epoch=92 step=20381    
                    WARNING  High grad norm: 857.11 at epoch=92 step=20382     
                    WARNING  High grad norm: 1176.72 at epoch=92 step=20383    
                    WARNING  High grad norm: 644.08 at epoch=92 step=20384     
                    WARNING  High grad norm: 885.07 at epoch=92 step=20385     
[04/21/26 23:52:49] WARNING  High grad norm: 1398.63 at epoch=92 step=20386    
                    WARNING  High grad norm: 948.51 at epoch=92 step=20387     
                    WARNING  High grad norm: 1233.13 at epoch=92 step=20388    
                    WARNING  High grad norm: 1097.55 at epoch=92 step=20389    
[04/21/26 23:52:50] WARNING  High grad norm: 950.15 at epoch=92 step=20390     
                    WARNING  High grad norm: 1385.95 at epoch=92 step=20391    
                    WARNING  High grad norm: 2140.56 at epoch=92 step=20392    
                    WARNING  High grad norm: 1121.58 at epoch=92 step=20393    
                    WARNING  High grad norm: 870.26 at epoch=92 step=20394     
[04/21/26 23:52:51] WARNING  High grad norm: 965.47 at epoch=92 step=20395     
                    WARNING  High grad norm: 754.61 at epoch=92 step=20396     
                    WARNING  High grad norm: 718.63 at epoch=92 step=20397     
                    WARNING  High grad norm: 2124.30 at epoch=92 step=20398    
[04/21/26 23:52:52] WARNING  High grad norm: 809.03 at epoch=92 step=20399     
                    INFO     epoch=92 step=20400 loss=477.5968                 
                             grad_norm=809.0298 lr=1.00e-06                    
                    WARNING  High grad norm: 2968.78 at epoch=92 step=20400    
                    WARNING  High grad norm: 784.33 at epoch=92 step=20401     
                    WARNING  High grad norm: 1778.86 at epoch=92 step=20402    
                    WARNING  High grad norm: 1156.38 at epoch=92 step=20403    
[04/21/26 23:52:53] WARNING  High grad norm: 969.75 at epoch=92 step=20404     
                    WARNING  High grad norm: 2290.19 at epoch=92 step=20405    
                    WARNING  High grad norm: 1601.93 at epoch=92 step=20406    
                    WARNING  High grad norm: 866.18 at epoch=92 step=20407     
[04/21/26 23:52:54] WARNING  High grad norm: 1467.06 at epoch=92 step=20408    
                    WARNING  High grad norm: 1724.73 at epoch=92 step=20409    
                    WARNING  High grad norm: 1816.50 at epoch=92 step=20410    
                    WARNING  High grad norm: 1705.88 at epoch=92 step=20411    
                    WARNING  High grad norm: 1464.86 at epoch=92 step=20412    
[04/21/26 23:52:55] WARNING  High grad norm: 846.55 at epoch=92 step=20413     
                    WARNING  High grad norm: 1218.42 at epoch=92 step=20414    
                    WARNING  High grad norm: 628.09 at epoch=92 step=20415     
                    WARNING  High grad norm: 979.79 at epoch=92 step=20416     
[04/21/26 23:52:56] WARNING  High grad norm: 1297.57 at epoch=92 step=20417    
                    WARNING  High grad norm: 1162.97 at epoch=92 step=20418    
                    WARNING  High grad norm: 1312.76 at epoch=92 step=20419    
                    WARNING  High grad norm: 799.62 at epoch=92 step=20420     
                    WARNING  High grad norm: 563.96 at epoch=92 step=20421     
[04/21/26 23:52:57] WARNING  High grad norm: 1680.82 at epoch=92 step=20422    
                    WARNING  High grad norm: 1625.54 at epoch=92 step=20423    
                    WARNING  High grad norm: 758.79 at epoch=92 step=20424     
                    WARNING  High grad norm: 604.28 at epoch=92 step=20425     
[04/21/26 23:52:58] WARNING  High grad norm: 1038.08 at epoch=92 step=20426    
                    WARNING  High grad norm: 1526.27 at epoch=92 step=20427    
                    WARNING  High grad norm: 866.72 at epoch=92 step=20428     
                    WARNING  High grad norm: 2568.72 at epoch=92 step=20429    
                    WARNING  High grad norm: 678.46 at epoch=92 step=20430     
[04/21/26 23:52:59] WARNING  High grad norm: 1764.18 at epoch=92 step=20431    
                    WARNING  High grad norm: 1307.62 at epoch=92 step=20432    
                    WARNING  High grad norm: 1919.54 at epoch=92 step=20433    
                    WARNING  High grad norm: 2293.25 at epoch=92 step=20434    
[04/21/26 23:53:00] WARNING  High grad norm: 1339.59 at epoch=92 step=20435    
                    WARNING  High grad norm: 1009.17 at epoch=92 step=20436    
                    WARNING  High grad norm: 863.15 at epoch=92 step=20437     
                    WARNING  High grad norm: 811.36 at epoch=92 step=20438     
                    WARNING  High grad norm: 728.32 at epoch=92 step=20439     
[04/21/26 23:53:01] WARNING  High grad norm: 819.65 at epoch=92 step=20440     
                    WARNING  High grad norm: 630.43 at epoch=92 step=20441     
                    WARNING  High grad norm: 808.94 at epoch=92 step=20442     
                    WARNING  High grad norm: 1406.00 at epoch=92 step=20443    
[04/21/26 23:53:02] WARNING  High grad norm: 1417.04 at epoch=92 step=20444    
                    WARNING  High grad norm: 1196.27 at epoch=92 step=20445    
                    WARNING  High grad norm: 1104.11 at epoch=92 step=20446    
                    WARNING  High grad norm: 606.68 at epoch=92 step=20447     
                    WARNING  High grad norm: 959.70 at epoch=92 step=20448     
[04/21/26 23:53:03] WARNING  High grad norm: 1133.69 at epoch=92 step=20449    
                    WARNING  High grad norm: 1210.28 at epoch=92 step=20450    
                    WARNING  High grad norm: 1400.38 at epoch=92 step=20451    
                    WARNING  High grad norm: 1004.21 at epoch=92 step=20452    
[04/21/26 23:53:04] WARNING  High grad norm: 1750.16 at epoch=92 step=20453    
                    WARNING  High grad norm: 1313.49 at epoch=92 step=20454    
                    WARNING  High grad norm: 965.69 at epoch=92 step=20455     
                    WARNING  High grad norm: 1511.19 at epoch=92 step=20456    
                    WARNING  High grad norm: 1725.45 at epoch=92 step=20457    
[04/21/26 23:53:05] WARNING  High grad norm: 1082.26 at epoch=92 step=20458    
                    WARNING  High grad norm: 784.35 at epoch=92 step=20459     
                    WARNING  High grad norm: 1537.04 at epoch=92 step=20460    
                    WARNING  High grad norm: 886.44 at epoch=92 step=20461     
[04/21/26 23:53:06] WARNING  High grad norm: 1129.82 at epoch=92 step=20462    
                    WARNING  High grad norm: 491.58 at epoch=92 step=20463     
                    WARNING  High grad norm: 892.26 at epoch=92 step=20464     
                    WARNING  High grad norm: 1900.63 at epoch=92 step=20465    
                    WARNING  High grad norm: 1165.11 at epoch=92 step=20466    
[04/21/26 23:53:07] WARNING  High grad norm: 724.05 at epoch=92 step=20467     
                    WARNING  High grad norm: 644.73 at epoch=92 step=20468     
                    WARNING  High grad norm: 639.27 at epoch=92 step=20469     
                    WARNING  High grad norm: 1220.37 at epoch=92 step=20470    
[04/21/26 23:53:08] WARNING  High grad norm: 1132.00 at epoch=92 step=20471    
                    WARNING  High grad norm: 1885.50 at epoch=92 step=20472    
                    WARNING  High grad norm: 719.75 at epoch=92 step=20473     
                    WARNING  High grad norm: 1271.23 at epoch=92 step=20474    
                    WARNING  High grad norm: 1047.09 at epoch=92 step=20475    
[04/21/26 23:53:09] WARNING  High grad norm: 641.39 at epoch=92 step=20476     
                    WARNING  High grad norm: 1542.35 at epoch=92 step=20477    
                    WARNING  High grad norm: 1157.56 at epoch=92 step=20478    
                    WARNING  High grad norm: 1317.18 at epoch=92 step=20479    
[04/21/26 23:53:10] WARNING  High grad norm: 1283.60 at epoch=92 step=20480    
                    WARNING  High grad norm: 2438.86 at epoch=92 step=20481    
                    WARNING  High grad norm: 845.51 at epoch=92 step=20482     
                    WARNING  High grad norm: 572.56 at epoch=92 step=20483     
                    WARNING  High grad norm: 614.94 at epoch=92 step=20484     
[04/21/26 23:53:11] WARNING  High grad norm: 796.56 at epoch=92 step=20485     
                    WARNING  High grad norm: 2294.58 at epoch=92 step=20486    
                    WARNING  High grad norm: 1005.43 at epoch=92 step=20487    
                    WARNING  High grad norm: 771.43 at epoch=92 step=20488     
[04/21/26 23:53:12] WARNING  High grad norm: 678.23 at epoch=92 step=20489     
                    WARNING  High grad norm: 743.84 at epoch=92 step=20490     
                    WARNING  High grad norm: 706.32 at epoch=92 step=20491     
                    WARNING  High grad norm: 1730.49 at epoch=92 step=20492    
                    WARNING  High grad norm: 1874.48 at epoch=92 step=20493    
[04/21/26 23:53:13] WARNING  High grad norm: 1067.95 at epoch=92 step=20494    
                    WARNING  High grad norm: 835.76 at epoch=92 step=20495     
                    WARNING  High grad norm: 1440.30 at epoch=92 step=20496    
                    WARNING  High grad norm: 1354.89 at epoch=92 step=20497    
[04/21/26 23:53:14] WARNING  High grad norm: 609.21 at epoch=92 step=20498     
                    WARNING  High grad norm: 880.75 at epoch=92 step=20499     
                    INFO     epoch=92 step=20500 loss=479.3057                 
                             grad_norm=880.7455 lr=1.00e-06                    
                    WARNING  High grad norm: 931.78 at epoch=92 step=20500     
                    WARNING  High grad norm: 1242.33 at epoch=92 step=20501    
                    WARNING  High grad norm: 1680.80 at epoch=92 step=20502    
[04/21/26 23:53:15] WARNING  High grad norm: 987.66 at epoch=92 step=20503     
                    WARNING  High grad norm: 1235.79 at epoch=92 step=20504    
                    WARNING  High grad norm: 1245.60 at epoch=92 step=20505    
                    WARNING  High grad norm: 517.69 at epoch=92 step=20506     
[04/21/26 23:53:16] WARNING  High grad norm: 742.10 at epoch=92 step=20507     
                    WARNING  High grad norm: 1375.95 at epoch=92 step=20508    
                    WARNING  High grad norm: 1489.90 at epoch=92 step=20509    
                    WARNING  High grad norm: 1278.47 at epoch=92 step=20510    
                    WARNING  High grad norm: 1524.38 at epoch=92 step=20511    
[04/21/26 23:53:17] WARNING  High grad norm: 1435.33 at epoch=92 step=20512    
                    WARNING  High grad norm: 1052.76 at epoch=92 step=20513    
                    WARNING  High grad norm: 1381.62 at epoch=92 step=20514    
                    WARNING  High grad norm: 761.69 at epoch=92 step=20515     
[04/21/26 23:53:18] INFO     epoch=92 avg_loss=479.1462 lr=1.00e-06            
[04/21/26 23:53:31] WARNING  High grad norm: 1972.63 at epoch=93 step=20516    
[04/21/26 23:53:32] WARNING  High grad norm: 2157.18 at epoch=93 step=20517    
                    WARNING  High grad norm: 1146.90 at epoch=93 step=20518    
                    WARNING  High grad norm: 947.01 at epoch=93 step=20519     
                    WARNING  High grad norm: 2172.36 at epoch=93 step=20520    
                    WARNING  High grad norm: 1751.27 at epoch=93 step=20521    
[04/21/26 23:53:33] WARNING  High grad norm: 862.97 at epoch=93 step=20522     
                    WARNING  High grad norm: 1217.80 at epoch=93 step=20523    
                    WARNING  High grad norm: 686.88 at epoch=93 step=20524     
                    WARNING  High grad norm: 1275.25 at epoch=93 step=20525    
[04/21/26 23:53:34] WARNING  High grad norm: 705.58 at epoch=93 step=20526     
                    WARNING  High grad norm: 702.88 at epoch=93 step=20527     
                    WARNING  High grad norm: 1905.68 at epoch=93 step=20528    
                    WARNING  High grad norm: 949.39 at epoch=93 step=20529     
                    WARNING  High grad norm: 1250.16 at epoch=93 step=20530    
[04/21/26 23:53:35] WARNING  High grad norm: 634.02 at epoch=93 step=20531     
                    WARNING  High grad norm: 558.84 at epoch=93 step=20532     
                    WARNING  High grad norm: 733.54 at epoch=93 step=20533     
                    WARNING  High grad norm: 758.41 at epoch=93 step=20534     
[04/21/26 23:53:36] WARNING  High grad norm: 1223.64 at epoch=93 step=20535    
                    WARNING  High grad norm: 725.04 at epoch=93 step=20536     
                    WARNING  High grad norm: 795.19 at epoch=93 step=20537     
                    WARNING  High grad norm: 880.70 at epoch=93 step=20538     
                    WARNING  High grad norm: 1939.62 at epoch=93 step=20539    
[04/21/26 23:53:37] WARNING  High grad norm: 1681.13 at epoch=93 step=20540    
                    WARNING  High grad norm: 945.66 at epoch=93 step=20541     
                    WARNING  High grad norm: 656.04 at epoch=93 step=20542     
                    WARNING  High grad norm: 1365.17 at epoch=93 step=20543    
[04/21/26 23:53:38] WARNING  High grad norm: 1453.07 at epoch=93 step=20544    
                    WARNING  High grad norm: 1347.38 at epoch=93 step=20545    
                    WARNING  High grad norm: 1376.43 at epoch=93 step=20546    
                    WARNING  High grad norm: 1166.33 at epoch=93 step=20547    
                    WARNING  High grad norm: 1130.23 at epoch=93 step=20548    
[04/21/26 23:53:39] WARNING  High grad norm: 1124.41 at epoch=93 step=20549    
                    WARNING  High grad norm: 775.34 at epoch=93 step=20550     
                    WARNING  High grad norm: 991.05 at epoch=93 step=20551     
                    WARNING  High grad norm: 705.23 at epoch=93 step=20552     
[04/21/26 23:53:40] WARNING  High grad norm: 2056.68 at epoch=93 step=20553    
                    WARNING  High grad norm: 1239.37 at epoch=93 step=20554    
                    WARNING  High grad norm: 1369.28 at epoch=93 step=20555    
                    WARNING  High grad norm: 751.05 at epoch=93 step=20556     
                    WARNING  High grad norm: 1855.90 at epoch=93 step=20557    
[04/21/26 23:53:41] WARNING  High grad norm: 1076.07 at epoch=93 step=20558    
                    WARNING  High grad norm: 752.18 at epoch=93 step=20559     
                    WARNING  High grad norm: 1285.41 at epoch=93 step=20560    
                    WARNING  High grad norm: 2759.10 at epoch=93 step=20561    
[04/21/26 23:53:42] WARNING  High grad norm: 3597.27 at epoch=93 step=20562    
                    WARNING  High grad norm: 1667.05 at epoch=93 step=20563    
                    WARNING  High grad norm: 1784.73 at epoch=93 step=20564    
                    WARNING  High grad norm: 1536.11 at epoch=93 step=20565    
                    WARNING  High grad norm: 585.19 at epoch=93 step=20566     
[04/21/26 23:53:43] WARNING  High grad norm: 862.12 at epoch=93 step=20567     
                    WARNING  High grad norm: 1108.95 at epoch=93 step=20568    
                    WARNING  High grad norm: 877.65 at epoch=93 step=20569     
                    WARNING  High grad norm: 1699.99 at epoch=93 step=20570    
[04/21/26 23:53:44] WARNING  High grad norm: 734.92 at epoch=93 step=20571     
                    WARNING  High grad norm: 1003.80 at epoch=93 step=20572    
                    WARNING  High grad norm: 1457.09 at epoch=93 step=20573    
                    WARNING  High grad norm: 619.35 at epoch=93 step=20574     
                    WARNING  High grad norm: 839.70 at epoch=93 step=20575     
[04/21/26 23:53:45] WARNING  High grad norm: 659.36 at epoch=93 step=20576     
                    WARNING  High grad norm: 1121.57 at epoch=93 step=20577    
                    WARNING  High grad norm: 1025.81 at epoch=93 step=20578    
                    WARNING  High grad norm: 1132.10 at epoch=93 step=20579    
[04/21/26 23:53:46] WARNING  High grad norm: 2193.44 at epoch=93 step=20580    
                    WARNING  High grad norm: 753.99 at epoch=93 step=20581     
                    WARNING  High grad norm: 2801.18 at epoch=93 step=20582    
                    WARNING  High grad norm: 729.89 at epoch=93 step=20583     
                    WARNING  High grad norm: 708.72 at epoch=93 step=20584     
[04/21/26 23:53:47] WARNING  High grad norm: 784.35 at epoch=93 step=20585     
                    WARNING  High grad norm: 1060.87 at epoch=93 step=20586    
                    WARNING  High grad norm: 930.51 at epoch=93 step=20587     
                    WARNING  High grad norm: 12083.38 at epoch=93 step=20588   
[04/21/26 23:53:48] WARNING  High grad norm: 1048.73 at epoch=93 step=20589    
                    WARNING  High grad norm: 853.76 at epoch=93 step=20590     
                    WARNING  High grad norm: 966.50 at epoch=93 step=20591     
                    WARNING  High grad norm: 1761.05 at epoch=93 step=20592    
                    WARNING  High grad norm: 661.51 at epoch=93 step=20593     
[04/21/26 23:53:49] WARNING  High grad norm: 786.65 at epoch=93 step=20594     
                    WARNING  High grad norm: 1217.45 at epoch=93 step=20595    
                    WARNING  High grad norm: 1937.04 at epoch=93 step=20596    
                    WARNING  High grad norm: 826.74 at epoch=93 step=20597     
[04/21/26 23:53:50] WARNING  High grad norm: 787.24 at epoch=93 step=20598     
                    WARNING  High grad norm: 516.39 at epoch=93 step=20599     
                    INFO     epoch=93 step=20600 loss=478.2066                 
                             grad_norm=516.3903 lr=1.00e-06                    
                    WARNING  High grad norm: 751.22 at epoch=93 step=20600     
                    WARNING  High grad norm: 2412.92 at epoch=93 step=20601    
                    WARNING  High grad norm: 1723.75 at epoch=93 step=20602    
[04/21/26 23:53:51] WARNING  High grad norm: 856.21 at epoch=93 step=20603     
                    WARNING  High grad norm: 1128.43 at epoch=93 step=20604    
                    WARNING  High grad norm: 889.47 at epoch=93 step=20605     
                    WARNING  High grad norm: 1108.91 at epoch=93 step=20606    
                    WARNING  High grad norm: 923.24 at epoch=93 step=20607     
[04/21/26 23:53:52] WARNING  High grad norm: 644.78 at epoch=93 step=20608     
                    WARNING  High grad norm: 2269.69 at epoch=93 step=20609    
                    WARNING  High grad norm: 777.80 at epoch=93 step=20610     
                    WARNING  High grad norm: 1248.02 at epoch=93 step=20611    
[04/21/26 23:53:53] WARNING  High grad norm: 572.51 at epoch=93 step=20612     
                    WARNING  High grad norm: 1062.06 at epoch=93 step=20613    
                    WARNING  High grad norm: 1135.65 at epoch=93 step=20614    
                    WARNING  High grad norm: 679.78 at epoch=93 step=20615     
                    WARNING  High grad norm: 855.14 at epoch=93 step=20616     
[04/21/26 23:53:54] WARNING  High grad norm: 835.88 at epoch=93 step=20617     
                    WARNING  High grad norm: 1183.77 at epoch=93 step=20618    
                    WARNING  High grad norm: 881.61 at epoch=93 step=20619     
                    WARNING  High grad norm: 2329.68 at epoch=93 step=20620    
[04/21/26 23:53:55] WARNING  High grad norm: 2155.60 at epoch=93 step=20621    
                    WARNING  High grad norm: 1107.44 at epoch=93 step=20622    
                    WARNING  High grad norm: 992.47 at epoch=93 step=20623     
                    WARNING  High grad norm: 697.40 at epoch=93 step=20624     
                    WARNING  High grad norm: 778.50 at epoch=93 step=20625     
[04/21/26 23:53:56] WARNING  High grad norm: 621.11 at epoch=93 step=20626     
                    WARNING  High grad norm: 1273.40 at epoch=93 step=20627    
                    WARNING  High grad norm: 630.65 at epoch=93 step=20628     
                    WARNING  High grad norm: 1347.65 at epoch=93 step=20629    
[04/21/26 23:53:57] WARNING  High grad norm: 800.71 at epoch=93 step=20630     
                    WARNING  High grad norm: 1152.94 at epoch=93 step=20631    
                    WARNING  High grad norm: 1401.74 at epoch=93 step=20632    
                    WARNING  High grad norm: 1132.92 at epoch=93 step=20633    
                    WARNING  High grad norm: 1272.33 at epoch=93 step=20634    
[04/21/26 23:53:58] WARNING  High grad norm: 1614.31 at epoch=93 step=20635    
                    WARNING  High grad norm: 1099.83 at epoch=93 step=20636    
                    WARNING  High grad norm: 1701.40 at epoch=93 step=20637    
                    WARNING  High grad norm: 579.30 at epoch=93 step=20638     
[04/21/26 23:53:59] WARNING  High grad norm: 1861.85 at epoch=93 step=20639    
                    WARNING  High grad norm: 1040.04 at epoch=93 step=20640    
                    WARNING  High grad norm: 962.62 at epoch=93 step=20641     
                    WARNING  High grad norm: 1027.13 at epoch=93 step=20642    
                    WARNING  High grad norm: 1643.66 at epoch=93 step=20643    
[04/21/26 23:54:00] WARNING  High grad norm: 668.96 at epoch=93 step=20644     
                    WARNING  High grad norm: 1517.50 at epoch=93 step=20645    
                    WARNING  High grad norm: 1641.81 at epoch=93 step=20646    
                    WARNING  High grad norm: 1211.46 at epoch=93 step=20647    
[04/21/26 23:54:01] WARNING  High grad norm: 564.76 at epoch=93 step=20648     
                    WARNING  High grad norm: 765.90 at epoch=93 step=20649     
                    WARNING  High grad norm: 768.61 at epoch=93 step=20650     
                    WARNING  High grad norm: 830.05 at epoch=93 step=20651     
                    WARNING  High grad norm: 1067.21 at epoch=93 step=20652    
[04/21/26 23:54:02] WARNING  High grad norm: 943.06 at epoch=93 step=20653     
                    WARNING  High grad norm: 966.75 at epoch=93 step=20654     
                    WARNING  High grad norm: 766.67 at epoch=93 step=20655     
                    WARNING  High grad norm: 857.29 at epoch=93 step=20656     
[04/21/26 23:54:03] WARNING  High grad norm: 1005.27 at epoch=93 step=20657    
                    WARNING  High grad norm: 1485.24 at epoch=93 step=20658    
                    WARNING  High grad norm: 970.88 at epoch=93 step=20659     
                    WARNING  High grad norm: 798.69 at epoch=93 step=20660     
                    WARNING  High grad norm: 619.04 at epoch=93 step=20661     
[04/21/26 23:54:04] WARNING  High grad norm: 1374.24 at epoch=93 step=20662    
                    WARNING  High grad norm: 920.08 at epoch=93 step=20663     
                    WARNING  High grad norm: 756.41 at epoch=93 step=20664     
                    WARNING  High grad norm: 655.15 at epoch=93 step=20665     
[04/21/26 23:54:05] WARNING  High grad norm: 840.50 at epoch=93 step=20666     
                    WARNING  High grad norm: 634.08 at epoch=93 step=20667     
                    WARNING  High grad norm: 949.59 at epoch=93 step=20668     
                    WARNING  High grad norm: 1839.01 at epoch=93 step=20669    
                    WARNING  High grad norm: 1645.63 at epoch=93 step=20670    
[04/21/26 23:54:06] WARNING  High grad norm: 589.38 at epoch=93 step=20671     
                    WARNING  High grad norm: 1233.06 at epoch=93 step=20672    
                    WARNING  High grad norm: 636.64 at epoch=93 step=20673     
                    WARNING  High grad norm: 1728.20 at epoch=93 step=20674    
[04/21/26 23:54:07] WARNING  High grad norm: 951.76 at epoch=93 step=20675     
                    WARNING  High grad norm: 1023.24 at epoch=93 step=20676    
                    WARNING  High grad norm: 1572.16 at epoch=93 step=20677    
                    WARNING  High grad norm: 1206.92 at epoch=93 step=20678    
                    WARNING  High grad norm: 2942.99 at epoch=93 step=20679    
[04/21/26 23:54:08] WARNING  High grad norm: 2169.28 at epoch=93 step=20680    
                    WARNING  High grad norm: 1767.80 at epoch=93 step=20681    
                    WARNING  High grad norm: 1383.91 at epoch=93 step=20682    
                    WARNING  High grad norm: 1526.95 at epoch=93 step=20683    
[04/21/26 23:54:09] WARNING  High grad norm: 599.82 at epoch=93 step=20684     
                    WARNING  High grad norm: 1194.62 at epoch=93 step=20685    
                    WARNING  High grad norm: 1176.52 at epoch=93 step=20686    
                    WARNING  High grad norm: 1130.09 at epoch=93 step=20687    
                    WARNING  High grad norm: 779.32 at epoch=93 step=20688     
[04/21/26 23:54:10] WARNING  High grad norm: 950.60 at epoch=93 step=20689     
                    WARNING  High grad norm: 865.86 at epoch=93 step=20690     
                    WARNING  High grad norm: 797.16 at epoch=93 step=20691     
                    WARNING  High grad norm: 1001.81 at epoch=93 step=20692    
[04/21/26 23:54:11] WARNING  High grad norm: 801.60 at epoch=93 step=20693     
                    WARNING  High grad norm: 1579.87 at epoch=93 step=20694    
                    WARNING  High grad norm: 2482.33 at epoch=93 step=20695    
                    WARNING  High grad norm: 1355.37 at epoch=93 step=20696    
                    WARNING  High grad norm: 866.11 at epoch=93 step=20697     
[04/21/26 23:54:12] WARNING  High grad norm: 598.63 at epoch=93 step=20698     
                    WARNING  High grad norm: 1556.06 at epoch=93 step=20699    
                    INFO     epoch=93 step=20700 loss=481.9040                 
                             grad_norm=1556.0648 lr=1.00e-06                   
                    WARNING  High grad norm: 1244.42 at epoch=93 step=20700    
                    WARNING  High grad norm: 1115.83 at epoch=93 step=20701    
[04/21/26 23:54:13] WARNING  High grad norm: 1160.06 at epoch=93 step=20702    
                    WARNING  High grad norm: 1309.73 at epoch=93 step=20703    
                    WARNING  High grad norm: 1481.40 at epoch=93 step=20704    
                    WARNING  High grad norm: 803.61 at epoch=93 step=20705     
                    WARNING  High grad norm: 826.13 at epoch=93 step=20706     
[04/21/26 23:54:14] WARNING  High grad norm: 1642.43 at epoch=93 step=20707    
                    WARNING  High grad norm: 838.89 at epoch=93 step=20708     
                    WARNING  High grad norm: 1202.35 at epoch=93 step=20709    
                    WARNING  High grad norm: 1160.11 at epoch=93 step=20710    
[04/21/26 23:54:15] WARNING  High grad norm: 1079.92 at epoch=93 step=20711    
                    WARNING  High grad norm: 1082.79 at epoch=93 step=20712    
                    WARNING  High grad norm: 908.03 at epoch=93 step=20713     
                    WARNING  High grad norm: 987.91 at epoch=93 step=20714     
                    WARNING  High grad norm: 992.90 at epoch=93 step=20715     
[04/21/26 23:54:16] WARNING  High grad norm: 1084.69 at epoch=93 step=20716    
                    WARNING  High grad norm: 638.35 at epoch=93 step=20717     
                    WARNING  High grad norm: 1182.40 at epoch=93 step=20718    
                    WARNING  High grad norm: 1466.69 at epoch=93 step=20719    
[04/21/26 23:54:17] WARNING  High grad norm: 651.00 at epoch=93 step=20720     
                    WARNING  High grad norm: 2156.40 at epoch=93 step=20721    
                    WARNING  High grad norm: 895.27 at epoch=93 step=20722     
                    WARNING  High grad norm: 1337.90 at epoch=93 step=20723    
                    WARNING  High grad norm: 887.46 at epoch=93 step=20724     
[04/21/26 23:54:18] WARNING  High grad norm: 1047.79 at epoch=93 step=20725    
                    WARNING  High grad norm: 2161.83 at epoch=93 step=20726    
                    WARNING  High grad norm: 589.48 at epoch=93 step=20727     
                    WARNING  High grad norm: 579.60 at epoch=93 step=20728     
[04/21/26 23:54:19] WARNING  High grad norm: 1231.68 at epoch=93 step=20729    
                    WARNING  High grad norm: 1149.69 at epoch=93 step=20730    
                    WARNING  High grad norm: 1274.45 at epoch=93 step=20731    
                    WARNING  High grad norm: 2061.90 at epoch=93 step=20732    
                    WARNING  High grad norm: 722.54 at epoch=93 step=20733     
[04/21/26 23:54:20] WARNING  High grad norm: 715.18 at epoch=93 step=20734     
                    WARNING  High grad norm: 1714.09 at epoch=93 step=20735    
                    WARNING  High grad norm: 2205.30 at epoch=93 step=20736    
                    WARNING  High grad norm: 1536.90 at epoch=93 step=20737    
                    WARNING  High grad norm: 1088.00 at epoch=93 step=20738    
[04/21/26 23:54:21] INFO     epoch=93 avg_loss=487.7534 lr=1.00e-06            
[04/21/26 23:54:35] WARNING  High grad norm: 545.70 at epoch=94 step=20739     
                    WARNING  High grad norm: 688.48 at epoch=94 step=20740     
                    WARNING  High grad norm: 2677.31 at epoch=94 step=20741    
                    WARNING  High grad norm: 1458.08 at epoch=94 step=20742    
[04/21/26 23:54:36] WARNING  High grad norm: 1114.43 at epoch=94 step=20743    
                    WARNING  High grad norm: 786.13 at epoch=94 step=20744     
                    WARNING  High grad norm: 1011.34 at epoch=94 step=20745    
                    WARNING  High grad norm: 1024.36 at epoch=94 step=20746    
                    WARNING  High grad norm: 562.13 at epoch=94 step=20747     
[04/21/26 23:54:37] WARNING  High grad norm: 904.20 at epoch=94 step=20748     
                    WARNING  High grad norm: 1792.15 at epoch=94 step=20749    
                    WARNING  High grad norm: 2201.80 at epoch=94 step=20750    
                    WARNING  High grad norm: 1061.50 at epoch=94 step=20751    
[04/21/26 23:54:38] WARNING  High grad norm: 1106.68 at epoch=94 step=20752    
                    WARNING  High grad norm: 1096.16 at epoch=94 step=20753    
                    WARNING  High grad norm: 799.11 at epoch=94 step=20754     
                    WARNING  High grad norm: 729.24 at epoch=94 step=20755     
                    WARNING  High grad norm: 709.77 at epoch=94 step=20756     
[04/21/26 23:54:39] WARNING  High grad norm: 704.27 at epoch=94 step=20757     
                    WARNING  High grad norm: 900.99 at epoch=94 step=20758     
                    WARNING  High grad norm: 1231.23 at epoch=94 step=20759    
                    WARNING  High grad norm: 1451.79 at epoch=94 step=20760    
[04/21/26 23:54:40] WARNING  High grad norm: 1439.10 at epoch=94 step=20761    
                    WARNING  High grad norm: 1091.76 at epoch=94 step=20762    
                    WARNING  High grad norm: 681.35 at epoch=94 step=20763     
                    WARNING  High grad norm: 1142.26 at epoch=94 step=20764    
                    WARNING  High grad norm: 616.58 at epoch=94 step=20765     
[04/21/26 23:54:41] WARNING  High grad norm: 1442.75 at epoch=94 step=20766    
                    WARNING  High grad norm: 1233.02 at epoch=94 step=20767    
                    WARNING  High grad norm: 2375.56 at epoch=94 step=20768    
                    WARNING  High grad norm: 931.06 at epoch=94 step=20769     
[04/21/26 23:54:42] WARNING  High grad norm: 622.07 at epoch=94 step=20770     
                    WARNING  High grad norm: 734.37 at epoch=94 step=20771     
                    WARNING  High grad norm: 1080.55 at epoch=94 step=20772    
                    WARNING  High grad norm: 972.47 at epoch=94 step=20773     
                    WARNING  High grad norm: 617.57 at epoch=94 step=20774     
[04/21/26 23:54:43] WARNING  High grad norm: 951.18 at epoch=94 step=20775     
                    WARNING  High grad norm: 718.25 at epoch=94 step=20776     
                    WARNING  High grad norm: 704.85 at epoch=94 step=20777     
                    WARNING  High grad norm: 1406.13 at epoch=94 step=20778    
[04/21/26 23:54:44] WARNING  High grad norm: 947.91 at epoch=94 step=20779     
                    WARNING  High grad norm: 2553.27 at epoch=94 step=20780    
                    WARNING  High grad norm: 830.80 at epoch=94 step=20781     
                    WARNING  High grad norm: 899.70 at epoch=94 step=20782     
                    WARNING  High grad norm: 1133.74 at epoch=94 step=20783    
[04/21/26 23:54:45] WARNING  High grad norm: 750.49 at epoch=94 step=20784     
                    WARNING  High grad norm: 2537.35 at epoch=94 step=20785    
                    WARNING  High grad norm: 1063.08 at epoch=94 step=20786    
                    WARNING  High grad norm: 1138.96 at epoch=94 step=20787    
[04/21/26 23:54:46] WARNING  High grad norm: 946.02 at epoch=94 step=20788     
                    WARNING  High grad norm: 823.99 at epoch=94 step=20789     
                    WARNING  High grad norm: 1324.17 at epoch=94 step=20790    
                    WARNING  High grad norm: 926.07 at epoch=94 step=20791     
                    WARNING  High grad norm: 1383.52 at epoch=94 step=20792    
[04/21/26 23:54:47] WARNING  High grad norm: 932.34 at epoch=94 step=20793     
                    WARNING  High grad norm: 528.10 at epoch=94 step=20794     
                    WARNING  High grad norm: 896.51 at epoch=94 step=20795     
                    WARNING  High grad norm: 721.94 at epoch=94 step=20796     
[04/21/26 23:54:48] WARNING  High grad norm: 689.64 at epoch=94 step=20797     
                    WARNING  High grad norm: 843.98 at epoch=94 step=20798     
                    WARNING  High grad norm: 689.42 at epoch=94 step=20799     
                    INFO     epoch=94 step=20800 loss=479.4935                 
                             grad_norm=689.4203 lr=1.00e-06                    
                    WARNING  High grad norm: 1579.32 at epoch=94 step=20800    
                    WARNING  High grad norm: 1270.40 at epoch=94 step=20801    
[04/21/26 23:54:49] WARNING  High grad norm: 813.43 at epoch=94 step=20802     
                    WARNING  High grad norm: 1377.54 at epoch=94 step=20803    
                    WARNING  High grad norm: 717.23 at epoch=94 step=20804     
                    WARNING  High grad norm: 1058.43 at epoch=94 step=20805    
[04/21/26 23:54:50] WARNING  High grad norm: 2521.45 at epoch=94 step=20806    
                    WARNING  High grad norm: 935.93 at epoch=94 step=20807     
                    WARNING  High grad norm: 1185.11 at epoch=94 step=20808    
                    WARNING  High grad norm: 637.26 at epoch=94 step=20809     
                    WARNING  High grad norm: 586.79 at epoch=94 step=20810     
[04/21/26 23:54:51] WARNING  High grad norm: 925.34 at epoch=94 step=20811     
                    WARNING  High grad norm: 699.29 at epoch=94 step=20812     
                    WARNING  High grad norm: 864.44 at epoch=94 step=20813     
                    WARNING  High grad norm: 898.33 at epoch=94 step=20814     
[04/21/26 23:54:52] WARNING  High grad norm: 805.40 at epoch=94 step=20815     
                    WARNING  High grad norm: 901.64 at epoch=94 step=20816     
                    WARNING  High grad norm: 772.96 at epoch=94 step=20817     
                    WARNING  High grad norm: 1275.42 at epoch=94 step=20818    
                    WARNING  High grad norm: 713.32 at epoch=94 step=20819     
[04/21/26 23:54:53] WARNING  High grad norm: 1032.62 at epoch=94 step=20820    
                    WARNING  High grad norm: 713.12 at epoch=94 step=20821     
                    WARNING  High grad norm: 1438.27 at epoch=94 step=20822    
                    WARNING  High grad norm: 928.79 at epoch=94 step=20823     
[04/21/26 23:54:54] WARNING  High grad norm: 2012.99 at epoch=94 step=20824    
                    WARNING  High grad norm: 691.57 at epoch=94 step=20825     
                    WARNING  High grad norm: 1647.67 at epoch=94 step=20826    
                    WARNING  High grad norm: 772.89 at epoch=94 step=20827     
                    WARNING  High grad norm: 1585.88 at epoch=94 step=20828    
[04/21/26 23:54:55] WARNING  High grad norm: 741.40 at epoch=94 step=20829     
                    WARNING  High grad norm: 2118.52 at epoch=94 step=20830    
                    WARNING  High grad norm: 1134.84 at epoch=94 step=20831    
                    WARNING  High grad norm: 2044.88 at epoch=94 step=20832    
[04/21/26 23:54:56] WARNING  High grad norm: 2011.51 at epoch=94 step=20833    
                    WARNING  High grad norm: 684.95 at epoch=94 step=20834     
                    WARNING  High grad norm: 716.84 at epoch=94 step=20835     
                    WARNING  High grad norm: 1673.59 at epoch=94 step=20836    
                    WARNING  High grad norm: 1114.26 at epoch=94 step=20837    
[04/21/26 23:54:57] WARNING  High grad norm: 1562.49 at epoch=94 step=20838    
                    WARNING  High grad norm: 773.02 at epoch=94 step=20839     
                    WARNING  High grad norm: 1445.60 at epoch=94 step=20840    
                    WARNING  High grad norm: 2099.04 at epoch=94 step=20841    
[04/21/26 23:54:58] WARNING  High grad norm: 698.92 at epoch=94 step=20842     
                    WARNING  High grad norm: 782.15 at epoch=94 step=20843     
                    WARNING  High grad norm: 1539.52 at epoch=94 step=20844    
                    WARNING  High grad norm: 768.00 at epoch=94 step=20845     
                    WARNING  High grad norm: 2681.10 at epoch=94 step=20846    
[04/21/26 23:54:59] WARNING  High grad norm: 1284.13 at epoch=94 step=20847    
                    WARNING  High grad norm: 2083.40 at epoch=94 step=20848    
                    WARNING  High grad norm: 754.15 at epoch=94 step=20849     
                    WARNING  High grad norm: 2019.58 at epoch=94 step=20850    
[04/21/26 23:55:00] WARNING  High grad norm: 968.07 at epoch=94 step=20851     
                    WARNING  High grad norm: 495.37 at epoch=94 step=20852     
                    WARNING  High grad norm: 664.43 at epoch=94 step=20853     
                    WARNING  High grad norm: 657.18 at epoch=94 step=20854     
                    WARNING  High grad norm: 1067.22 at epoch=94 step=20855    
[04/21/26 23:55:01] WARNING  High grad norm: 860.37 at epoch=94 step=20856     
                    WARNING  High grad norm: 817.49 at epoch=94 step=20857     
                    WARNING  High grad norm: 1253.36 at epoch=94 step=20858    
                    WARNING  High grad norm: 756.50 at epoch=94 step=20859     
[04/21/26 23:55:02] WARNING  High grad norm: 607.12 at epoch=94 step=20860     
                    WARNING  High grad norm: 1125.45 at epoch=94 step=20861    
                    WARNING  High grad norm: 594.98 at epoch=94 step=20862     
                    WARNING  High grad norm: 5697.38 at epoch=94 step=20863    
                    WARNING  High grad norm: 1218.96 at epoch=94 step=20864    
[04/21/26 23:55:03] WARNING  High grad norm: 796.20 at epoch=94 step=20865     
                    WARNING  High grad norm: 1158.92 at epoch=94 step=20866    
                    WARNING  High grad norm: 687.00 at epoch=94 step=20867     
                    WARNING  High grad norm: 983.33 at epoch=94 step=20868     
                    WARNING  High grad norm: 1059.11 at epoch=94 step=20869    
[04/21/26 23:55:04] WARNING  High grad norm: 1508.73 at epoch=94 step=20870    
                    WARNING  High grad norm: 1206.67 at epoch=94 step=20871    
                    WARNING  High grad norm: 1807.79 at epoch=94 step=20872    
                    WARNING  High grad norm: 790.42 at epoch=94 step=20873     
[04/21/26 23:55:05] WARNING  High grad norm: 1261.22 at epoch=94 step=20874    
                    WARNING  High grad norm: 1088.32 at epoch=94 step=20875    
                    WARNING  High grad norm: 1660.42 at epoch=94 step=20876    
                    WARNING  High grad norm: 1001.40 at epoch=94 step=20877    
[04/21/26 23:55:06] WARNING  High grad norm: 493.00 at epoch=94 step=20878     
                    WARNING  High grad norm: 1700.60 at epoch=94 step=20879    
                    WARNING  High grad norm: 999.53 at epoch=94 step=20880     
                    WARNING  High grad norm: 718.86 at epoch=94 step=20881     
                    WARNING  High grad norm: 2055.59 at epoch=94 step=20882    
[04/21/26 23:55:07] WARNING  High grad norm: 696.19 at epoch=94 step=20883     
                    WARNING  High grad norm: 531.99 at epoch=94 step=20884     
                    WARNING  High grad norm: 1569.32 at epoch=94 step=20885    
                    WARNING  High grad norm: 1003.33 at epoch=94 step=20886    
[04/21/26 23:55:08] WARNING  High grad norm: 517.72 at epoch=94 step=20887     
                    WARNING  High grad norm: 624.86 at epoch=94 step=20888     
                    WARNING  High grad norm: 1235.45 at epoch=94 step=20889    
                    WARNING  High grad norm: 860.64 at epoch=94 step=20890     
                    WARNING  High grad norm: 822.43 at epoch=94 step=20891     
[04/21/26 23:55:09] WARNING  High grad norm: 1110.57 at epoch=94 step=20892    
                    WARNING  High grad norm: 750.94 at epoch=94 step=20893     
                    WARNING  High grad norm: 609.97 at epoch=94 step=20894     
                    WARNING  High grad norm: 740.82 at epoch=94 step=20895     
[04/21/26 23:55:10] WARNING  High grad norm: 843.55 at epoch=94 step=20896     
                    WARNING  High grad norm: 7244.23 at epoch=94 step=20897    
                    WARNING  High grad norm: 1357.95 at epoch=94 step=20898    
                    WARNING  High grad norm: 1824.90 at epoch=94 step=20899    
                    INFO     epoch=94 step=20900 loss=483.5807                 
                             grad_norm=1824.9038 lr=1.00e-06                   
                    WARNING  High grad norm: 994.19 at epoch=94 step=20900     
[04/21/26 23:55:11] WARNING  High grad norm: 686.14 at epoch=94 step=20901     
                    WARNING  High grad norm: 611.24 at epoch=94 step=20902     
                    WARNING  High grad norm: 1080.25 at epoch=94 step=20903    
                    WARNING  High grad norm: 1477.73 at epoch=94 step=20904    
[04/21/26 23:55:12] WARNING  High grad norm: 1032.57 at epoch=94 step=20905    
                    WARNING  High grad norm: 1064.29 at epoch=94 step=20906    
                    WARNING  High grad norm: 1159.95 at epoch=94 step=20907    
                    WARNING  High grad norm: 2702.92 at epoch=94 step=20908    
                    WARNING  High grad norm: 1096.00 at epoch=94 step=20909    
[04/21/26 23:55:13] WARNING  High grad norm: 1228.64 at epoch=94 step=20910    
                    WARNING  High grad norm: 1402.69 at epoch=94 step=20911    
                    WARNING  High grad norm: 755.18 at epoch=94 step=20912     
                    WARNING  High grad norm: 2501.62 at epoch=94 step=20913    
[04/21/26 23:55:14] WARNING  High grad norm: 1080.67 at epoch=94 step=20914    
                    WARNING  High grad norm: 1207.62 at epoch=94 step=20915    
                    WARNING  High grad norm: 1295.31 at epoch=94 step=20916    
                    WARNING  High grad norm: 786.85 at epoch=94 step=20917     
                    WARNING  High grad norm: 1315.94 at epoch=94 step=20918    
[04/21/26 23:55:15] WARNING  High grad norm: 649.63 at epoch=94 step=20919     
                    WARNING  High grad norm: 580.06 at epoch=94 step=20920     
                    WARNING  High grad norm: 720.87 at epoch=94 step=20921     
                    WARNING  High grad norm: 955.84 at epoch=94 step=20922     
[04/21/26 23:55:16] WARNING  High grad norm: 1174.06 at epoch=94 step=20923    
                    WARNING  High grad norm: 2021.98 at epoch=94 step=20924    
                    WARNING  High grad norm: 662.10 at epoch=94 step=20925     
                    WARNING  High grad norm: 1005.57 at epoch=94 step=20926    
                    WARNING  High grad norm: 2155.62 at epoch=94 step=20927    
[04/21/26 23:55:17] WARNING  High grad norm: 1651.91 at epoch=94 step=20928    
                    WARNING  High grad norm: 1638.07 at epoch=94 step=20929    
                    WARNING  High grad norm: 1034.47 at epoch=94 step=20930    
                    WARNING  High grad norm: 1250.34 at epoch=94 step=20931    
                    WARNING  High grad norm: 702.20 at epoch=94 step=20932     
[04/21/26 23:55:18] WARNING  High grad norm: 1566.37 at epoch=94 step=20933    
                    WARNING  High grad norm: 1480.32 at epoch=94 step=20934    
                    WARNING  High grad norm: 3082.09 at epoch=94 step=20935    
                    WARNING  High grad norm: 881.95 at epoch=94 step=20936     
[04/21/26 23:55:19] WARNING  High grad norm: 785.28 at epoch=94 step=20937     
                    WARNING  High grad norm: 646.73 at epoch=94 step=20938     
                    WARNING  High grad norm: 683.70 at epoch=94 step=20939     
                    WARNING  High grad norm: 650.59 at epoch=94 step=20940     
[04/21/26 23:55:20] WARNING  High grad norm: 1713.37 at epoch=94 step=20941    
                    WARNING  High grad norm: 1798.19 at epoch=94 step=20942    
                    WARNING  High grad norm: 1352.02 at epoch=94 step=20943    
                    WARNING  High grad norm: 1812.71 at epoch=94 step=20944    
                    WARNING  High grad norm: 1295.93 at epoch=94 step=20945    
[04/21/26 23:55:21] WARNING  High grad norm: 675.76 at epoch=94 step=20946     
                    WARNING  High grad norm: 1322.63 at epoch=94 step=20947    
                    WARNING  High grad norm: 1350.85 at epoch=94 step=20948    
                    WARNING  High grad norm: 980.77 at epoch=94 step=20949     
[04/21/26 23:55:22] WARNING  High grad norm: 928.23 at epoch=94 step=20950     
                    WARNING  High grad norm: 1098.80 at epoch=94 step=20951    
                    WARNING  High grad norm: 2255.78 at epoch=94 step=20952    
                    WARNING  High grad norm: 666.06 at epoch=94 step=20953     
                    WARNING  High grad norm: 522.92 at epoch=94 step=20954     
[04/21/26 23:55:23] WARNING  High grad norm: 1842.76 at epoch=94 step=20955    
                    WARNING  High grad norm: 1197.47 at epoch=94 step=20956    
                    WARNING  High grad norm: 876.19 at epoch=94 step=20957     
                    WARNING  High grad norm: 788.36 at epoch=94 step=20958     
[04/21/26 23:55:24] WARNING  High grad norm: 1810.07 at epoch=94 step=20959    
                    WARNING  High grad norm: 1628.85 at epoch=94 step=20960    
                    WARNING  High grad norm: 961.70 at epoch=94 step=20961     
                    INFO     epoch=94 avg_loss=481.4529 lr=1.00e-06            
[04/21/26 23:55:38] WARNING  High grad norm: 868.39 at epoch=95 step=20962     
                    WARNING  High grad norm: 1179.10 at epoch=95 step=20963    
                    WARNING  High grad norm: 1527.26 at epoch=95 step=20964    
[04/21/26 23:55:39] WARNING  High grad norm: 1152.53 at epoch=95 step=20965    
                    WARNING  High grad norm: 1048.37 at epoch=95 step=20966    
                    WARNING  High grad norm: 808.34 at epoch=95 step=20967     
                    WARNING  High grad norm: 593.68 at epoch=95 step=20968     
[04/21/26 23:55:40] WARNING  High grad norm: 1025.84 at epoch=95 step=20969    
                    WARNING  High grad norm: 494.10 at epoch=95 step=20970     
                    WARNING  High grad norm: 1153.60 at epoch=95 step=20971    
                    WARNING  High grad norm: 1083.07 at epoch=95 step=20972    
                    WARNING  High grad norm: 1086.16 at epoch=95 step=20973    
[04/21/26 23:55:41] WARNING  High grad norm: 709.77 at epoch=95 step=20974     
                    WARNING  High grad norm: 1079.61 at epoch=95 step=20975    
                    WARNING  High grad norm: 973.71 at epoch=95 step=20976     
                    WARNING  High grad norm: 694.33 at epoch=95 step=20977     
[04/21/26 23:55:42] WARNING  High grad norm: 869.68 at epoch=95 step=20978     
                    WARNING  High grad norm: 1672.26 at epoch=95 step=20979    
                    WARNING  High grad norm: 1009.07 at epoch=95 step=20980    
                    WARNING  High grad norm: 1899.65 at epoch=95 step=20981    
                    WARNING  High grad norm: 1543.23 at epoch=95 step=20982    
[04/21/26 23:55:43] WARNING  High grad norm: 733.10 at epoch=95 step=20983     
                    WARNING  High grad norm: 1089.75 at epoch=95 step=20984    
                    WARNING  High grad norm: 1955.30 at epoch=95 step=20985    
                    WARNING  High grad norm: 967.80 at epoch=95 step=20986     
[04/21/26 23:55:44] WARNING  High grad norm: 1843.99 at epoch=95 step=20987    
                    WARNING  High grad norm: 591.46 at epoch=95 step=20988     
                    WARNING  High grad norm: 709.46 at epoch=95 step=20989     
                    WARNING  High grad norm: 891.44 at epoch=95 step=20990     
                    WARNING  High grad norm: 1073.90 at epoch=95 step=20991    
[04/21/26 23:55:45] WARNING  High grad norm: 874.19 at epoch=95 step=20992     
                    WARNING  High grad norm: 1400.85 at epoch=95 step=20993    
                    WARNING  High grad norm: 1343.36 at epoch=95 step=20994    
                    WARNING  High grad norm: 821.74 at epoch=95 step=20995     
[04/21/26 23:55:46] WARNING  High grad norm: 728.94 at epoch=95 step=20996     
                    WARNING  High grad norm: 1221.75 at epoch=95 step=20997    
                    WARNING  High grad norm: 988.84 at epoch=95 step=20998     
                    WARNING  High grad norm: 1575.68 at epoch=95 step=20999    
                    INFO     epoch=95 step=21000 loss=484.9970                 
                             grad_norm=1575.6793 lr=1.00e-06                   
                    WARNING  High grad norm: 695.34 at epoch=95 step=21000     
[04/21/26 23:55:47] WARNING  High grad norm: 1676.21 at epoch=95 step=21001    
                    WARNING  High grad norm: 700.32 at epoch=95 step=21002     
                    WARNING  High grad norm: 1106.85 at epoch=95 step=21003    
                    WARNING  High grad norm: 773.59 at epoch=95 step=21004     
                    WARNING  High grad norm: 1015.85 at epoch=95 step=21005    
[04/21/26 23:55:48] WARNING  High grad norm: 542.35 at epoch=95 step=21006     
                    WARNING  High grad norm: 931.74 at epoch=95 step=21007     
                    WARNING  High grad norm: 837.82 at epoch=95 step=21008     
                    WARNING  High grad norm: 589.83 at epoch=95 step=21009     
[04/21/26 23:55:49] WARNING  High grad norm: 723.13 at epoch=95 step=21010     
                    WARNING  High grad norm: 764.87 at epoch=95 step=21011     
                    WARNING  High grad norm: 738.16 at epoch=95 step=21012     
                    WARNING  High grad norm: 1843.61 at epoch=95 step=21013    
                    WARNING  High grad norm: 876.68 at epoch=95 step=21014     
[04/21/26 23:55:50] WARNING  High grad norm: 1280.97 at epoch=95 step=21015    
                    WARNING  High grad norm: 1147.99 at epoch=95 step=21016    
                    WARNING  High grad norm: 1032.82 at epoch=95 step=21017    
                    WARNING  High grad norm: 1421.03 at epoch=95 step=21018    
[04/21/26 23:55:51] WARNING  High grad norm: 1273.77 at epoch=95 step=21019    
                    WARNING  High grad norm: 841.98 at epoch=95 step=21020     
                    WARNING  High grad norm: 1150.34 at epoch=95 step=21021    
                    WARNING  High grad norm: 942.39 at epoch=95 step=21022     
[04/21/26 23:55:52] WARNING  High grad norm: 1179.80 at epoch=95 step=21023    
                    WARNING  High grad norm: 715.86 at epoch=95 step=21024     
                    WARNING  High grad norm: 802.95 at epoch=95 step=21025     
                    WARNING  High grad norm: 658.29 at epoch=95 step=21026     
                    WARNING  High grad norm: 422.64 at epoch=95 step=21027     
[04/21/26 23:55:53] WARNING  High grad norm: 1484.22 at epoch=95 step=21028    
                    WARNING  High grad norm: 937.16 at epoch=95 step=21029     
                    WARNING  High grad norm: 746.17 at epoch=95 step=21030     
                    WARNING  High grad norm: 940.28 at epoch=95 step=21031     
                    WARNING  High grad norm: 1001.33 at epoch=95 step=21032    
[04/21/26 23:55:54] WARNING  High grad norm: 1096.66 at epoch=95 step=21033    
                    WARNING  High grad norm: 1022.24 at epoch=95 step=21034    
                    WARNING  High grad norm: 1081.83 at epoch=95 step=21035    
                    WARNING  High grad norm: 727.92 at epoch=95 step=21036     
[04/21/26 23:55:55] WARNING  High grad norm: 773.72 at epoch=95 step=21037     
                    WARNING  High grad norm: 810.61 at epoch=95 step=21038     
                    WARNING  High grad norm: 2543.62 at epoch=95 step=21039    
                    WARNING  High grad norm: 1058.41 at epoch=95 step=21040    
                    WARNING  High grad norm: 1394.05 at epoch=95 step=21041    
[04/21/26 23:55:56] WARNING  High grad norm: 756.82 at epoch=95 step=21042     
                    WARNING  High grad norm: 866.48 at epoch=95 step=21043     
                    WARNING  High grad norm: 2343.22 at epoch=95 step=21044    
                    WARNING  High grad norm: 1294.48 at epoch=95 step=21045    
[04/21/26 23:55:57] WARNING  High grad norm: 948.60 at epoch=95 step=21046     
                    WARNING  High grad norm: 619.28 at epoch=95 step=21047     
                    WARNING  High grad norm: 2021.83 at epoch=95 step=21048    
                    WARNING  High grad norm: 1660.60 at epoch=95 step=21049    
                    WARNING  High grad norm: 1537.40 at epoch=95 step=21050    
[04/21/26 23:55:58] WARNING  High grad norm: 1049.21 at epoch=95 step=21051    
                    WARNING  High grad norm: 750.02 at epoch=95 step=21052     
                    WARNING  High grad norm: 1469.09 at epoch=95 step=21053    
                    WARNING  High grad norm: 1877.41 at epoch=95 step=21054    
[04/21/26 23:55:59] WARNING  High grad norm: 657.65 at epoch=95 step=21055     
                    WARNING  High grad norm: 2155.94 at epoch=95 step=21056    
                    WARNING  High grad norm: 1065.25 at epoch=95 step=21057    
                    WARNING  High grad norm: 682.01 at epoch=95 step=21058     
                    WARNING  High grad norm: 543.40 at epoch=95 step=21059     
[04/21/26 23:56:00] WARNING  High grad norm: 826.17 at epoch=95 step=21060     
                    WARNING  High grad norm: 1001.86 at epoch=95 step=21061    
                    WARNING  High grad norm: 595.98 at epoch=95 step=21062     
                    WARNING  High grad norm: 669.78 at epoch=95 step=21063     
[04/21/26 23:56:01] WARNING  High grad norm: 1376.10 at epoch=95 step=21064    
                    WARNING  High grad norm: 2208.42 at epoch=95 step=21065    
                    WARNING  High grad norm: 905.96 at epoch=95 step=21066     
                    WARNING  High grad norm: 2040.01 at epoch=95 step=21067    
                    WARNING  High grad norm: 952.95 at epoch=95 step=21068     
[04/21/26 23:56:02] WARNING  High grad norm: 1416.27 at epoch=95 step=21069    
                    WARNING  High grad norm: 1031.04 at epoch=95 step=21070    
                    WARNING  High grad norm: 2038.50 at epoch=95 step=21071    
                    WARNING  High grad norm: 1197.68 at epoch=95 step=21072    
[04/21/26 23:56:03] WARNING  High grad norm: 1671.81 at epoch=95 step=21073    
                    WARNING  High grad norm: 585.94 at epoch=95 step=21074     
                    WARNING  High grad norm: 968.67 at epoch=95 step=21075     
                    WARNING  High grad norm: 802.36 at epoch=95 step=21076     
                    WARNING  High grad norm: 792.43 at epoch=95 step=21077     
[04/21/26 23:56:04] WARNING  High grad norm: 554.56 at epoch=95 step=21078     
                    WARNING  High grad norm: 1038.17 at epoch=95 step=21079    
                    WARNING  High grad norm: 1632.88 at epoch=95 step=21080    
                    WARNING  High grad norm: 933.59 at epoch=95 step=21081     
[04/21/26 23:56:05] WARNING  High grad norm: 619.20 at epoch=95 step=21082     
                    WARNING  High grad norm: 1298.96 at epoch=95 step=21083    
                    WARNING  High grad norm: 1267.19 at epoch=95 step=21084    
                    WARNING  High grad norm: 832.38 at epoch=95 step=21085     
                    WARNING  High grad norm: 1224.41 at epoch=95 step=21086    
[04/21/26 23:56:06] WARNING  High grad norm: 895.30 at epoch=95 step=21087     
                    WARNING  High grad norm: 808.97 at epoch=95 step=21088     
                    WARNING  High grad norm: 921.67 at epoch=95 step=21089     
                    WARNING  High grad norm: 1066.90 at epoch=95 step=21090    
[04/21/26 23:56:07] WARNING  High grad norm: 920.60 at epoch=95 step=21091     
                    WARNING  High grad norm: 1293.63 at epoch=95 step=21092    
                    WARNING  High grad norm: 741.70 at epoch=95 step=21093     
                    WARNING  High grad norm: 1242.72 at epoch=95 step=21094    
                    WARNING  High grad norm: 1155.46 at epoch=95 step=21095    
[04/21/26 23:56:08] WARNING  High grad norm: 1170.14 at epoch=95 step=21096    
                    WARNING  High grad norm: 723.33 at epoch=95 step=21097     
                    WARNING  High grad norm: 712.78 at epoch=95 step=21098     
                    WARNING  High grad norm: 993.57 at epoch=95 step=21099     
                    INFO     epoch=95 step=21100 loss=484.7238                 
                             grad_norm=993.5721 lr=1.00e-06                    
[04/21/26 23:56:09] WARNING  High grad norm: 845.67 at epoch=95 step=21100     
                    WARNING  High grad norm: 707.84 at epoch=95 step=21101     
                    WARNING  High grad norm: 2138.02 at epoch=95 step=21102    
                    WARNING  High grad norm: 1343.65 at epoch=95 step=21103    
                    WARNING  High grad norm: 1893.13 at epoch=95 step=21104    
[04/21/26 23:56:10] WARNING  High grad norm: 665.15 at epoch=95 step=21105     
                    WARNING  High grad norm: 1401.15 at epoch=95 step=21106    
                    WARNING  High grad norm: 1146.65 at epoch=95 step=21107    
                    WARNING  High grad norm: 686.54 at epoch=95 step=21108     
[04/21/26 23:56:11] WARNING  High grad norm: 816.55 at epoch=95 step=21109     
                    WARNING  High grad norm: 560.54 at epoch=95 step=21110     
                    WARNING  High grad norm: 1073.71 at epoch=95 step=21111    
                    WARNING  High grad norm: 919.99 at epoch=95 step=21112     
                    WARNING  High grad norm: 956.77 at epoch=95 step=21113     
[04/21/26 23:56:12] WARNING  High grad norm: 3026.82 at epoch=95 step=21114    
                    WARNING  High grad norm: 1609.77 at epoch=95 step=21115    
                    WARNING  High grad norm: 1239.43 at epoch=95 step=21116    
                    WARNING  High grad norm: 1957.74 at epoch=95 step=21117    
[04/21/26 23:56:13] WARNING  High grad norm: 2146.04 at epoch=95 step=21118    
                    WARNING  High grad norm: 681.07 at epoch=95 step=21119     
                    WARNING  High grad norm: 1168.27 at epoch=95 step=21120    
                    WARNING  High grad norm: 510.14 at epoch=95 step=21121     
                    WARNING  High grad norm: 1644.66 at epoch=95 step=21122    
[04/21/26 23:56:14] WARNING  High grad norm: 684.24 at epoch=95 step=21123     
                    WARNING  High grad norm: 576.10 at epoch=95 step=21124     
                    WARNING  High grad norm: 1852.20 at epoch=95 step=21125    
                    WARNING  High grad norm: 635.83 at epoch=95 step=21126     
[04/21/26 23:56:15] WARNING  High grad norm: 462.49 at epoch=95 step=21127     
                    WARNING  High grad norm: 819.28 at epoch=95 step=21128     
                    WARNING  High grad norm: 1582.05 at epoch=95 step=21129    
                    WARNING  High grad norm: 1173.33 at epoch=95 step=21130    
                    WARNING  High grad norm: 1719.00 at epoch=95 step=21131    
[04/21/26 23:56:16] WARNING  High grad norm: 862.49 at epoch=95 step=21132     
                    WARNING  High grad norm: 1679.59 at epoch=95 step=21133    
                    WARNING  High grad norm: 830.45 at epoch=95 step=21134     
                    WARNING  High grad norm: 794.17 at epoch=95 step=21135     
[04/21/26 23:56:17] WARNING  High grad norm: 950.33 at epoch=95 step=21136     
                    WARNING  High grad norm: 957.50 at epoch=95 step=21137     
                    WARNING  High grad norm: 930.11 at epoch=95 step=21138     
                    WARNING  High grad norm: 751.07 at epoch=95 step=21139     
                    WARNING  High grad norm: 631.30 at epoch=95 step=21140     
[04/21/26 23:56:18] WARNING  High grad norm: 979.68 at epoch=95 step=21141     
                    WARNING  High grad norm: 928.61 at epoch=95 step=21142     
                    WARNING  High grad norm: 1424.13 at epoch=95 step=21143    
                    WARNING  High grad norm: 2812.57 at epoch=95 step=21144    
[04/21/26 23:56:19] WARNING  High grad norm: 1066.16 at epoch=95 step=21145    
                    WARNING  High grad norm: 695.50 at epoch=95 step=21146     
                    WARNING  High grad norm: 680.98 at epoch=95 step=21147     
                    WARNING  High grad norm: 873.07 at epoch=95 step=21148     
                    WARNING  High grad norm: 866.13 at epoch=95 step=21149     
[04/21/26 23:56:20] WARNING  High grad norm: 447.42 at epoch=95 step=21150     
                    WARNING  High grad norm: 1257.05 at epoch=95 step=21151    
                    WARNING  High grad norm: 673.00 at epoch=95 step=21152     
                    WARNING  High grad norm: 1008.59 at epoch=95 step=21153    
[04/21/26 23:56:21] WARNING  High grad norm: 963.86 at epoch=95 step=21154     
                    WARNING  High grad norm: 1931.37 at epoch=95 step=21155    
                    WARNING  High grad norm: 886.02 at epoch=95 step=21156     
                    WARNING  High grad norm: 562.95 at epoch=95 step=21157     
                    WARNING  High grad norm: 738.71 at epoch=95 step=21158     
[04/21/26 23:56:22] WARNING  High grad norm: 629.79 at epoch=95 step=21159     
                    WARNING  High grad norm: 828.22 at epoch=95 step=21160     
                    WARNING  High grad norm: 884.01 at epoch=95 step=21161     
                    WARNING  High grad norm: 1218.84 at epoch=95 step=21162    
[04/21/26 23:56:23] WARNING  High grad norm: 739.45 at epoch=95 step=21163     
                    WARNING  High grad norm: 805.25 at epoch=95 step=21164     
                    WARNING  High grad norm: 1189.83 at epoch=95 step=21165    
                    WARNING  High grad norm: 1351.17 at epoch=95 step=21166    
                    WARNING  High grad norm: 555.00 at epoch=95 step=21167     
[04/21/26 23:56:24] WARNING  High grad norm: 1664.10 at epoch=95 step=21168    
                    WARNING  High grad norm: 944.35 at epoch=95 step=21169     
                    WARNING  High grad norm: 848.84 at epoch=95 step=21170     
                    WARNING  High grad norm: 952.56 at epoch=95 step=21171     
[04/21/26 23:56:25] WARNING  High grad norm: 1320.72 at epoch=95 step=21172    
                    WARNING  High grad norm: 1031.48 at epoch=95 step=21173    
                    WARNING  High grad norm: 2046.95 at epoch=95 step=21174    
                    WARNING  High grad norm: 777.89 at epoch=95 step=21175     
                    WARNING  High grad norm: 1301.98 at epoch=95 step=21176    
[04/21/26 23:56:26] WARNING  High grad norm: 702.55 at epoch=95 step=21177     
                    WARNING  High grad norm: 884.10 at epoch=95 step=21178     
                    WARNING  High grad norm: 1590.68 at epoch=95 step=21179    
                    WARNING  High grad norm: 715.77 at epoch=95 step=21180     
[04/21/26 23:56:27] WARNING  High grad norm: 839.98 at epoch=95 step=21181     
                    WARNING  High grad norm: 1058.49 at epoch=95 step=21182    
                    WARNING  High grad norm: 1009.97 at epoch=95 step=21183    
                    WARNING  High grad norm: 944.06 at epoch=95 step=21184     
[04/21/26 23:56:28] INFO     epoch=95 avg_loss=485.1738 lr=1.00e-06            
[04/21/26 23:56:34] INFO     Saved checkpoint to                               
                             C:\Users\artun\Desktop\ITS-project\checkpoints\sco
                             re_fmnist_v2\score_epoch_0095.pt                  
[04/21/26 23:56:48] WARNING  High grad norm: 3552.80 at epoch=96 step=21185    
                    WARNING  High grad norm: 1497.99 at epoch=96 step=21186    
[04/21/26 23:56:49] WARNING  High grad norm: 766.92 at epoch=96 step=21187     
                    WARNING  High grad norm: 1894.89 at epoch=96 step=21188    
                    WARNING  High grad norm: 1277.54 at epoch=96 step=21189    
                    WARNING  High grad norm: 1723.50 at epoch=96 step=21190    
                    WARNING  High grad norm: 916.39 at epoch=96 step=21191     
[04/21/26 23:56:50] WARNING  High grad norm: 524.63 at epoch=96 step=21192     
                    WARNING  High grad norm: 663.08 at epoch=96 step=21193     
                    WARNING  High grad norm: 1510.68 at epoch=96 step=21194    
                    WARNING  High grad norm: 743.99 at epoch=96 step=21195     
[04/21/26 23:56:51] WARNING  High grad norm: 1112.75 at epoch=96 step=21196    
                    WARNING  High grad norm: 938.37 at epoch=96 step=21197     
                    WARNING  High grad norm: 745.39 at epoch=96 step=21198     
                    WARNING  High grad norm: 977.97 at epoch=96 step=21199     
                    INFO     epoch=96 step=21200 loss=485.0004                 
                             grad_norm=977.9712 lr=1.00e-06                    
                    WARNING  High grad norm: 1212.94 at epoch=96 step=21200    
[04/21/26 23:56:52] WARNING  High grad norm: 1173.82 at epoch=96 step=21201    
                    WARNING  High grad norm: 915.31 at epoch=96 step=21202     
                    WARNING  High grad norm: 583.71 at epoch=96 step=21203     
                    WARNING  High grad norm: 1244.34 at epoch=96 step=21204    
[04/21/26 23:56:53] WARNING  High grad norm: 1612.84 at epoch=96 step=21205    
                    WARNING  High grad norm: 1014.27 at epoch=96 step=21206    
                    WARNING  High grad norm: 1211.27 at epoch=96 step=21207    
                    WARNING  High grad norm: 717.98 at epoch=96 step=21208     
                    WARNING  High grad norm: 1565.08 at epoch=96 step=21209    
[04/21/26 23:56:54] WARNING  High grad norm: 600.59 at epoch=96 step=21210     
                    WARNING  High grad norm: 759.09 at epoch=96 step=21211     
                    WARNING  High grad norm: 1325.43 at epoch=96 step=21212    
                    WARNING  High grad norm: 747.65 at epoch=96 step=21213     
[04/21/26 23:56:55] WARNING  High grad norm: 691.45 at epoch=96 step=21214     
                    WARNING  High grad norm: 1032.14 at epoch=96 step=21215    
                    WARNING  High grad norm: 910.61 at epoch=96 step=21216     
                    WARNING  High grad norm: 1242.79 at epoch=96 step=21217    
                    WARNING  High grad norm: 775.92 at epoch=96 step=21218     
[04/21/26 23:56:56] WARNING  High grad norm: 663.19 at epoch=96 step=21219     
                    WARNING  High grad norm: 2037.08 at epoch=96 step=21220    
                    WARNING  High grad norm: 819.93 at epoch=96 step=21221     
                    WARNING  High grad norm: 1024.98 at epoch=96 step=21222    
[04/21/26 23:56:57] WARNING  High grad norm: 679.75 at epoch=96 step=21223     
                    WARNING  High grad norm: 593.36 at epoch=96 step=21224     
                    WARNING  High grad norm: 908.57 at epoch=96 step=21225     
                    WARNING  High grad norm: 644.58 at epoch=96 step=21226     
                    WARNING  High grad norm: 1982.97 at epoch=96 step=21227    
[04/21/26 23:56:58] WARNING  High grad norm: 804.63 at epoch=96 step=21228     
                    WARNING  High grad norm: 697.06 at epoch=96 step=21229     
                    WARNING  High grad norm: 1005.38 at epoch=96 step=21230    
                    WARNING  High grad norm: 603.96 at epoch=96 step=21231     
[04/21/26 23:56:59] WARNING  High grad norm: 1405.58 at epoch=96 step=21232    
                    WARNING  High grad norm: 780.02 at epoch=96 step=21233     
                    WARNING  High grad norm: 628.62 at epoch=96 step=21234     
                    WARNING  High grad norm: 764.03 at epoch=96 step=21235     
                    WARNING  High grad norm: 746.31 at epoch=96 step=21236     
[04/21/26 23:57:00] WARNING  High grad norm: 888.10 at epoch=96 step=21237     
                    WARNING  High grad norm: 1681.51 at epoch=96 step=21238    
                    WARNING  High grad norm: 759.58 at epoch=96 step=21239     
                    WARNING  High grad norm: 1594.21 at epoch=96 step=21240    
[04/21/26 23:57:01] WARNING  High grad norm: 927.94 at epoch=96 step=21241     
                    WARNING  High grad norm: 754.11 at epoch=96 step=21242     
                    WARNING  High grad norm: 929.55 at epoch=96 step=21243     
                    WARNING  High grad norm: 769.49 at epoch=96 step=21244     
                    WARNING  High grad norm: 1670.75 at epoch=96 step=21245    
[04/21/26 23:57:02] WARNING  High grad norm: 832.10 at epoch=96 step=21246     
                    WARNING  High grad norm: 918.51 at epoch=96 step=21247     
                    WARNING  High grad norm: 828.33 at epoch=96 step=21248     
                    WARNING  High grad norm: 1673.30 at epoch=96 step=21249    
                    WARNING  High grad norm: 1586.62 at epoch=96 step=21250    
[04/21/26 23:57:03] WARNING  High grad norm: 1576.93 at epoch=96 step=21251    
                    WARNING  High grad norm: 3875.96 at epoch=96 step=21252    
                    WARNING  High grad norm: 4111.75 at epoch=96 step=21253    
                    WARNING  High grad norm: 2184.43 at epoch=96 step=21254    
[04/21/26 23:57:04] WARNING  High grad norm: 988.75 at epoch=96 step=21255     
                    WARNING  High grad norm: 921.78 at epoch=96 step=21256     
                    WARNING  High grad norm: 1506.63 at epoch=96 step=21257    
                    WARNING  High grad norm: 1206.06 at epoch=96 step=21258    
                    WARNING  High grad norm: 1435.21 at epoch=96 step=21259    
[04/21/26 23:57:05] WARNING  High grad norm: 877.39 at epoch=96 step=21260     
                    WARNING  High grad norm: 1068.03 at epoch=96 step=21261    
                    WARNING  High grad norm: 1669.50 at epoch=96 step=21262    
                    WARNING  High grad norm: 1009.28 at epoch=96 step=21263    
[04/21/26 23:57:06] WARNING  High grad norm: 1270.37 at epoch=96 step=21264    
                    WARNING  High grad norm: 1424.19 at epoch=96 step=21265    
                    WARNING  High grad norm: 817.47 at epoch=96 step=21266     
                    WARNING  High grad norm: 1610.28 at epoch=96 step=21267    
                    WARNING  High grad norm: 2041.49 at epoch=96 step=21268    
[04/21/26 23:57:07] WARNING  High grad norm: 1419.23 at epoch=96 step=21269    
                    WARNING  High grad norm: 1540.05 at epoch=96 step=21270    
                    WARNING  High grad norm: 1755.16 at epoch=96 step=21271    
                    WARNING  High grad norm: 1419.00 at epoch=96 step=21272    
[04/21/26 23:57:08] WARNING  High grad norm: 732.34 at epoch=96 step=21273     
                    WARNING  High grad norm: 553.86 at epoch=96 step=21274     
                    WARNING  High grad norm: 828.35 at epoch=96 step=21275     
                    WARNING  High grad norm: 1177.78 at epoch=96 step=21276    
                    WARNING  High grad norm: 639.79 at epoch=96 step=21277     
[04/21/26 23:57:09] WARNING  High grad norm: 810.90 at epoch=96 step=21278     
                    WARNING  High grad norm: 974.39 at epoch=96 step=21279     
                    WARNING  High grad norm: 1597.88 at epoch=96 step=21280    
                    WARNING  High grad norm: 689.75 at epoch=96 step=21281     
[04/21/26 23:57:10] WARNING  High grad norm: 812.99 at epoch=96 step=21282     
                    WARNING  High grad norm: 791.44 at epoch=96 step=21283     
                    WARNING  High grad norm: 1560.52 at epoch=96 step=21284    
                    WARNING  High grad norm: 3006.79 at epoch=96 step=21285    
                    WARNING  High grad norm: 1196.43 at epoch=96 step=21286    
[04/21/26 23:57:11] WARNING  High grad norm: 1002.21 at epoch=96 step=21287    
                    WARNING  High grad norm: 858.02 at epoch=96 step=21288     
                    WARNING  High grad norm: 1116.03 at epoch=96 step=21289    
                    WARNING  High grad norm: 1160.44 at epoch=96 step=21290    
[04/21/26 23:57:12] WARNING  High grad norm: 1056.34 at epoch=96 step=21291    
                    WARNING  High grad norm: 642.80 at epoch=96 step=21292     
                    WARNING  High grad norm: 2090.10 at epoch=96 step=21293    
                    WARNING  High grad norm: 2622.62 at epoch=96 step=21294    
                    WARNING  High grad norm: 756.22 at epoch=96 step=21295     
[04/21/26 23:57:13] WARNING  High grad norm: 1505.67 at epoch=96 step=21296    
                    WARNING  High grad norm: 1386.78 at epoch=96 step=21297    
                    WARNING  High grad norm: 1368.04 at epoch=96 step=21298    
                    WARNING  High grad norm: 968.78 at epoch=96 step=21299     
                    INFO     epoch=96 step=21300 loss=484.7190                 
                             grad_norm=968.7766 lr=1.00e-06                    
[04/21/26 23:57:14] WARNING  High grad norm: 1397.05 at epoch=96 step=21300    
                    WARNING  High grad norm: 1328.39 at epoch=96 step=21301    
                    WARNING  High grad norm: 1213.16 at epoch=96 step=21302    
                    WARNING  High grad norm: 1299.19 at epoch=96 step=21303    
                    WARNING  High grad norm: 2217.54 at epoch=96 step=21304    
[04/21/26 23:57:15] WARNING  High grad norm: 2262.07 at epoch=96 step=21305    
                    WARNING  High grad norm: 883.32 at epoch=96 step=21306     
                    WARNING  High grad norm: 1518.55 at epoch=96 step=21307    
                    WARNING  High grad norm: 866.71 at epoch=96 step=21308     
[04/21/26 23:57:16] WARNING  High grad norm: 872.21 at epoch=96 step=21309     
                    WARNING  High grad norm: 707.98 at epoch=96 step=21310     
                    WARNING  High grad norm: 934.67 at epoch=96 step=21311     
                    WARNING  High grad norm: 1540.69 at epoch=96 step=21312    
                    WARNING  High grad norm: 1289.65 at epoch=96 step=21313    
[04/21/26 23:57:17] WARNING  High grad norm: 2023.33 at epoch=96 step=21314    
                    WARNING  High grad norm: 2178.89 at epoch=96 step=21315    
                    WARNING  High grad norm: 1090.48 at epoch=96 step=21316    
                    WARNING  High grad norm: 1721.72 at epoch=96 step=21317    
[04/21/26 23:57:18] WARNING  High grad norm: 803.82 at epoch=96 step=21318     
                    WARNING  High grad norm: 1279.26 at epoch=96 step=21319    
                    WARNING  High grad norm: 726.48 at epoch=96 step=21320     
                    WARNING  High grad norm: 861.90 at epoch=96 step=21321     
                    WARNING  High grad norm: 1835.88 at epoch=96 step=21322    
[04/21/26 23:57:19] WARNING  High grad norm: 1572.58 at epoch=96 step=21323    
                    WARNING  High grad norm: 632.42 at epoch=96 step=21324     
                    WARNING  High grad norm: 1018.52 at epoch=96 step=21325    
                    WARNING  High grad norm: 803.09 at epoch=96 step=21326     
[04/21/26 23:57:20] WARNING  High grad norm: 623.54 at epoch=96 step=21327     
                    WARNING  High grad norm: 514.86 at epoch=96 step=21328     
                    WARNING  High grad norm: 1363.29 at epoch=96 step=21329    
                    WARNING  High grad norm: 941.98 at epoch=96 step=21330     
                    WARNING  High grad norm: 1870.14 at epoch=96 step=21331    
[04/21/26 23:57:21] WARNING  High grad norm: 1048.62 at epoch=96 step=21332    
                    WARNING  High grad norm: 660.00 at epoch=96 step=21333     
                    WARNING  High grad norm: 890.44 at epoch=96 step=21334     
                    WARNING  High grad norm: 1175.99 at epoch=96 step=21335    
[04/21/26 23:57:22] WARNING  High grad norm: 623.10 at epoch=96 step=21336     
                    WARNING  High grad norm: 3388.04 at epoch=96 step=21337    
                    WARNING  High grad norm: 672.26 at epoch=96 step=21338     
                    WARNING  High grad norm: 893.86 at epoch=96 step=21339     
                    WARNING  High grad norm: 1035.61 at epoch=96 step=21340    
[04/21/26 23:57:23] WARNING  High grad norm: 1023.61 at epoch=96 step=21341    
                    WARNING  High grad norm: 942.02 at epoch=96 step=21342     
                    WARNING  High grad norm: 920.32 at epoch=96 step=21343     
                    WARNING  High grad norm: 888.56 at epoch=96 step=21344     
[04/21/26 23:57:24] WARNING  High grad norm: 1455.77 at epoch=96 step=21345    
                    WARNING  High grad norm: 1430.28 at epoch=96 step=21346    
                    WARNING  High grad norm: 1579.28 at epoch=96 step=21347    
                    WARNING  High grad norm: 2073.42 at epoch=96 step=21348    
                    WARNING  High grad norm: 1181.78 at epoch=96 step=21349    
[04/21/26 23:57:25] WARNING  High grad norm: 1239.75 at epoch=96 step=21350    
                    WARNING  High grad norm: 1947.47 at epoch=96 step=21351    
                    WARNING  High grad norm: 2082.23 at epoch=96 step=21352    
                    WARNING  High grad norm: 732.73 at epoch=96 step=21353     
[04/21/26 23:57:26] WARNING  High grad norm: 781.83 at epoch=96 step=21354     
                    WARNING  High grad norm: 1088.50 at epoch=96 step=21355    
                    WARNING  High grad norm: 686.17 at epoch=96 step=21356     
                    WARNING  High grad norm: 1369.31 at epoch=96 step=21357    
                    WARNING  High grad norm: 1565.72 at epoch=96 step=21358    
[04/21/26 23:57:27] WARNING  High grad norm: 1088.70 at epoch=96 step=21359    
                    WARNING  High grad norm: 801.37 at epoch=96 step=21360     
                    WARNING  High grad norm: 649.26 at epoch=96 step=21361     
                    WARNING  High grad norm: 2820.79 at epoch=96 step=21362    
[04/21/26 23:57:28] WARNING  High grad norm: 720.66 at epoch=96 step=21363     
                    WARNING  High grad norm: 823.75 at epoch=96 step=21364     
                    WARNING  High grad norm: 1043.37 at epoch=96 step=21365    
                    WARNING  High grad norm: 748.71 at epoch=96 step=21366     
                    WARNING  High grad norm: 965.54 at epoch=96 step=21367     
[04/21/26 23:57:29] WARNING  High grad norm: 1201.96 at epoch=96 step=21368    
                    WARNING  High grad norm: 646.35 at epoch=96 step=21369     
                    WARNING  High grad norm: 807.04 at epoch=96 step=21370     
                    WARNING  High grad norm: 1348.26 at epoch=96 step=21371    
[04/21/26 23:57:30] WARNING  High grad norm: 1029.35 at epoch=96 step=21372    
                    WARNING  High grad norm: 859.48 at epoch=96 step=21373     
                    WARNING  High grad norm: 1201.73 at epoch=96 step=21374    
                    WARNING  High grad norm: 783.09 at epoch=96 step=21375     
                    WARNING  High grad norm: 1855.79 at epoch=96 step=21376    
[04/21/26 23:57:31] WARNING  High grad norm: 1490.53 at epoch=96 step=21377    
                    WARNING  High grad norm: 896.51 at epoch=96 step=21378     
                    WARNING  High grad norm: 1056.87 at epoch=96 step=21379    
                    WARNING  High grad norm: 953.12 at epoch=96 step=21380     
[04/21/26 23:57:32] WARNING  High grad norm: 2824.87 at epoch=96 step=21381    
                    WARNING  High grad norm: 1364.40 at epoch=96 step=21382    
                    WARNING  High grad norm: 1610.67 at epoch=96 step=21383    
                    WARNING  High grad norm: 935.01 at epoch=96 step=21384     
                    WARNING  High grad norm: 783.30 at epoch=96 step=21385     
[04/21/26 23:57:33] WARNING  High grad norm: 1833.57 at epoch=96 step=21386    
                    WARNING  High grad norm: 830.28 at epoch=96 step=21387     
                    WARNING  High grad norm: 688.84 at epoch=96 step=21388     
                    WARNING  High grad norm: 1326.67 at epoch=96 step=21389    
[04/21/26 23:57:34] WARNING  High grad norm: 643.77 at epoch=96 step=21390     
                    WARNING  High grad norm: 1263.55 at epoch=96 step=21391    
                    WARNING  High grad norm: 2053.05 at epoch=96 step=21392    
                    WARNING  High grad norm: 784.15 at epoch=96 step=21393     
                    WARNING  High grad norm: 1561.68 at epoch=96 step=21394    
[04/21/26 23:57:35] WARNING  High grad norm: 499.43 at epoch=96 step=21395     
                    WARNING  High grad norm: 795.62 at epoch=96 step=21396     
                    WARNING  High grad norm: 793.08 at epoch=96 step=21397     
                    WARNING  High grad norm: 958.37 at epoch=96 step=21398     
[04/21/26 23:57:36] WARNING  High grad norm: 1174.75 at epoch=96 step=21399    
                    INFO     epoch=96 step=21400 loss=483.1874                 
                             grad_norm=1174.7520 lr=1.00e-06                   
                    WARNING  High grad norm: 907.27 at epoch=96 step=21400     
                    WARNING  High grad norm: 2170.56 at epoch=96 step=21401    
                    WARNING  High grad norm: 774.83 at epoch=96 step=21402     
                    WARNING  High grad norm: 1610.58 at epoch=96 step=21403    
[04/21/26 23:57:37] WARNING  High grad norm: 1110.75 at epoch=96 step=21404    
                    WARNING  High grad norm: 985.23 at epoch=96 step=21405     
                    WARNING  High grad norm: 1183.46 at epoch=96 step=21406    
                    WARNING  High grad norm: 831.78 at epoch=96 step=21407     
[04/21/26 23:57:38] INFO     epoch=96 avg_loss=482.0581 lr=1.00e-06            
[04/21/26 23:57:52] WARNING  High grad norm: 1774.97 at epoch=97 step=21408    
                    WARNING  High grad norm: 548.15 at epoch=97 step=21409     
                    WARNING  High grad norm: 1154.98 at epoch=97 step=21410    
                    WARNING  High grad norm: 728.66 at epoch=97 step=21411     
                    WARNING  High grad norm: 1073.69 at epoch=97 step=21412    
[04/21/26 23:57:53] WARNING  High grad norm: 748.09 at epoch=97 step=21413     
                    WARNING  High grad norm: 827.70 at epoch=97 step=21414     
                    WARNING  High grad norm: 1513.20 at epoch=97 step=21415    
                    WARNING  High grad norm: 872.52 at epoch=97 step=21416     
[04/21/26 23:57:54] WARNING  High grad norm: 700.03 at epoch=97 step=21417     
                    WARNING  High grad norm: 1084.51 at epoch=97 step=21418    
                    WARNING  High grad norm: 810.76 at epoch=97 step=21419     
                    WARNING  High grad norm: 935.28 at epoch=97 step=21420     
                    WARNING  High grad norm: 593.43 at epoch=97 step=21421     
[04/21/26 23:57:55] WARNING  High grad norm: 1438.97 at epoch=97 step=21422    
                    WARNING  High grad norm: 752.95 at epoch=97 step=21423     
                    WARNING  High grad norm: 616.94 at epoch=97 step=21424     
                    WARNING  High grad norm: 1007.82 at epoch=97 step=21425    
[04/21/26 23:57:56] WARNING  High grad norm: 869.71 at epoch=97 step=21426     
                    WARNING  High grad norm: 653.25 at epoch=97 step=21427     
                    WARNING  High grad norm: 1151.39 at epoch=97 step=21428    
                    WARNING  High grad norm: 793.54 at epoch=97 step=21429     
                    WARNING  High grad norm: 1574.11 at epoch=97 step=21430    
[04/21/26 23:57:57] WARNING  High grad norm: 652.65 at epoch=97 step=21431     
                    WARNING  High grad norm: 663.27 at epoch=97 step=21432     
                    WARNING  High grad norm: 887.24 at epoch=97 step=21433     
                    WARNING  High grad norm: 1518.42 at epoch=97 step=21434    
[04/21/26 23:57:58] WARNING  High grad norm: 1580.15 at epoch=97 step=21435    
                    WARNING  High grad norm: 873.62 at epoch=97 step=21436     
                    WARNING  High grad norm: 741.55 at epoch=97 step=21437     
                    WARNING  High grad norm: 1676.09 at epoch=97 step=21438    
                    WARNING  High grad norm: 2232.83 at epoch=97 step=21439    
[04/21/26 23:57:59] WARNING  High grad norm: 1242.21 at epoch=97 step=21440    
                    WARNING  High grad norm: 1127.03 at epoch=97 step=21441    
                    WARNING  High grad norm: 1439.89 at epoch=97 step=21442    
                    WARNING  High grad norm: 792.12 at epoch=97 step=21443     
[04/21/26 23:58:00] WARNING  High grad norm: 645.12 at epoch=97 step=21444     
                    WARNING  High grad norm: 1183.91 at epoch=97 step=21445    
                    WARNING  High grad norm: 3617.69 at epoch=97 step=21446    
                    WARNING  High grad norm: 1985.15 at epoch=97 step=21447    
                    WARNING  High grad norm: 832.31 at epoch=97 step=21448     
[04/21/26 23:58:01] WARNING  High grad norm: 668.93 at epoch=97 step=21449     
                    WARNING  High grad norm: 2100.77 at epoch=97 step=21450    
                    WARNING  High grad norm: 1031.62 at epoch=97 step=21451    
                    WARNING  High grad norm: 1097.74 at epoch=97 step=21452    
[04/21/26 23:58:02] WARNING  High grad norm: 1447.45 at epoch=97 step=21453    
                    WARNING  High grad norm: 1876.29 at epoch=97 step=21454    
                    WARNING  High grad norm: 2098.65 at epoch=97 step=21455    
                    WARNING  High grad norm: 1034.72 at epoch=97 step=21456    
                    WARNING  High grad norm: 968.25 at epoch=97 step=21457     
[04/21/26 23:58:03] WARNING  High grad norm: 995.89 at epoch=97 step=21458     
                    WARNING  High grad norm: 626.68 at epoch=97 step=21459     
                    WARNING  High grad norm: 1203.49 at epoch=97 step=21460    
                    WARNING  High grad norm: 1981.85 at epoch=97 step=21461    
[04/21/26 23:58:04] WARNING  High grad norm: 2373.46 at epoch=97 step=21462    
                    WARNING  High grad norm: 567.67 at epoch=97 step=21463     
                    WARNING  High grad norm: 1330.68 at epoch=97 step=21464    
                    WARNING  High grad norm: 702.81 at epoch=97 step=21465     
                    WARNING  High grad norm: 1322.09 at epoch=97 step=21466    
[04/21/26 23:58:05] WARNING  High grad norm: 1147.47 at epoch=97 step=21467    
                    WARNING  High grad norm: 2188.05 at epoch=97 step=21468    
                    WARNING  High grad norm: 819.68 at epoch=97 step=21469     
                    WARNING  High grad norm: 1374.55 at epoch=97 step=21470    
[04/21/26 23:58:06] WARNING  High grad norm: 944.08 at epoch=97 step=21471     
                    WARNING  High grad norm: 743.22 at epoch=97 step=21472     
                    WARNING  High grad norm: 1721.64 at epoch=97 step=21473    
                    WARNING  High grad norm: 887.99 at epoch=97 step=21474     
                    WARNING  High grad norm: 1570.20 at epoch=97 step=21475    
[04/21/26 23:58:07] WARNING  High grad norm: 2384.88 at epoch=97 step=21476    
                    WARNING  High grad norm: 788.28 at epoch=97 step=21477     
                    WARNING  High grad norm: 782.00 at epoch=97 step=21478     
                    WARNING  High grad norm: 783.65 at epoch=97 step=21479     
[04/21/26 23:58:08] WARNING  High grad norm: 1129.57 at epoch=97 step=21480    
                    WARNING  High grad norm: 2294.53 at epoch=97 step=21481    
                    WARNING  High grad norm: 722.43 at epoch=97 step=21482     
                    WARNING  High grad norm: 1550.57 at epoch=97 step=21483    
                    WARNING  High grad norm: 995.23 at epoch=97 step=21484     
[04/21/26 23:58:09] WARNING  High grad norm: 1227.64 at epoch=97 step=21485    
                    WARNING  High grad norm: 565.75 at epoch=97 step=21486     
                    WARNING  High grad norm: 1031.66 at epoch=97 step=21487    
                    WARNING  High grad norm: 1676.13 at epoch=97 step=21488    
[04/21/26 23:58:10] WARNING  High grad norm: 1202.59 at epoch=97 step=21489    
                    WARNING  High grad norm: 624.80 at epoch=97 step=21490     
                    WARNING  High grad norm: 1031.40 at epoch=97 step=21491    
                    WARNING  High grad norm: 3561.50 at epoch=97 step=21492    
                    WARNING  High grad norm: 1751.64 at epoch=97 step=21493    
[04/21/26 23:58:11] WARNING  High grad norm: 3376.42 at epoch=97 step=21494    
                    WARNING  High grad norm: 2944.02 at epoch=97 step=21495    
                    WARNING  High grad norm: 1944.17 at epoch=97 step=21496    
                    WARNING  High grad norm: 960.49 at epoch=97 step=21497     
[04/21/26 23:58:12] WARNING  High grad norm: 2301.90 at epoch=97 step=21498    
                    WARNING  High grad norm: 1050.67 at epoch=97 step=21499    
                    INFO     epoch=97 step=21500 loss=480.0999                 
                             grad_norm=1050.6678 lr=1.00e-06                   
                    WARNING  High grad norm: 2645.07 at epoch=97 step=21500    
                    WARNING  High grad norm: 1151.54 at epoch=97 step=21501    
                    WARNING  High grad norm: 907.67 at epoch=97 step=21502     
[04/21/26 23:58:13] WARNING  High grad norm: 669.15 at epoch=97 step=21503     
                    WARNING  High grad norm: 1902.91 at epoch=97 step=21504    
                    WARNING  High grad norm: 761.13 at epoch=97 step=21505     
                    WARNING  High grad norm: 928.76 at epoch=97 step=21506     
[04/21/26 23:58:14] WARNING  High grad norm: 1266.06 at epoch=97 step=21507    
                    WARNING  High grad norm: 1044.61 at epoch=97 step=21508    
                    WARNING  High grad norm: 666.50 at epoch=97 step=21509     
                    WARNING  High grad norm: 727.29 at epoch=97 step=21510     
                    WARNING  High grad norm: 1088.49 at epoch=97 step=21511    
[04/21/26 23:58:15] WARNING  High grad norm: 843.07 at epoch=97 step=21512     
                    WARNING  High grad norm: 1294.47 at epoch=97 step=21513    
                    WARNING  High grad norm: 2138.43 at epoch=97 step=21514    
                    WARNING  High grad norm: 2252.08 at epoch=97 step=21515    
[04/21/26 23:58:16] WARNING  High grad norm: 877.82 at epoch=97 step=21516     
                    WARNING  High grad norm: 1203.54 at epoch=97 step=21517    
                    WARNING  High grad norm: 887.83 at epoch=97 step=21518     
                    WARNING  High grad norm: 1345.42 at epoch=97 step=21519    
                    WARNING  High grad norm: 1011.51 at epoch=97 step=21520    
[04/21/26 23:58:17] WARNING  High grad norm: 516.71 at epoch=97 step=21521     
                    WARNING  High grad norm: 770.21 at epoch=97 step=21522     
                    WARNING  High grad norm: 781.45 at epoch=97 step=21523     
                    WARNING  High grad norm: 3186.40 at epoch=97 step=21524    
[04/21/26 23:58:18] WARNING  High grad norm: 655.01 at epoch=97 step=21525     
                    WARNING  High grad norm: 777.67 at epoch=97 step=21526     
                    WARNING  High grad norm: 1037.66 at epoch=97 step=21527    
                    WARNING  High grad norm: 1115.54 at epoch=97 step=21528    
                    WARNING  High grad norm: 661.28 at epoch=97 step=21529     
[04/21/26 23:58:19] WARNING  High grad norm: 1215.98 at epoch=97 step=21530    
                    WARNING  High grad norm: 599.98 at epoch=97 step=21531     
                    WARNING  High grad norm: 909.80 at epoch=97 step=21532     
                    WARNING  High grad norm: 937.73 at epoch=97 step=21533     
[04/21/26 23:58:20] WARNING  High grad norm: 902.07 at epoch=97 step=21534     
                    WARNING  High grad norm: 1151.28 at epoch=97 step=21535    
                    WARNING  High grad norm: 1088.04 at epoch=97 step=21536    
                    WARNING  High grad norm: 1346.89 at epoch=97 step=21537    
                    WARNING  High grad norm: 1879.09 at epoch=97 step=21538    
[04/21/26 23:58:21] WARNING  High grad norm: 1044.04 at epoch=97 step=21539    
                    WARNING  High grad norm: 1019.49 at epoch=97 step=21540    
                    WARNING  High grad norm: 1282.82 at epoch=97 step=21541    
                    WARNING  High grad norm: 719.07 at epoch=97 step=21542     
[04/21/26 23:58:22] WARNING  High grad norm: 918.51 at epoch=97 step=21543     
                    WARNING  High grad norm: 860.63 at epoch=97 step=21544     
                    WARNING  High grad norm: 1506.12 at epoch=97 step=21545    
                    WARNING  High grad norm: 847.12 at epoch=97 step=21546     
                    WARNING  High grad norm: 1001.10 at epoch=97 step=21547    
[04/21/26 23:58:23] WARNING  High grad norm: 836.65 at epoch=97 step=21548     
                    WARNING  High grad norm: 1573.44 at epoch=97 step=21549    
                    WARNING  High grad norm: 940.73 at epoch=97 step=21550     
                    WARNING  High grad norm: 781.57 at epoch=97 step=21551     
[04/21/26 23:58:24] WARNING  High grad norm: 1117.35 at epoch=97 step=21552    
                    WARNING  High grad norm: 697.18 at epoch=97 step=21553     
                    WARNING  High grad norm: 2470.92 at epoch=97 step=21554    
                    WARNING  High grad norm: 1479.89 at epoch=97 step=21555    
                    WARNING  High grad norm: 873.68 at epoch=97 step=21556     
[04/21/26 23:58:25] WARNING  High grad norm: 1538.01 at epoch=97 step=21557    
                    WARNING  High grad norm: 748.23 at epoch=97 step=21558     
                    WARNING  High grad norm: 1426.43 at epoch=97 step=21559    
                    WARNING  High grad norm: 668.89 at epoch=97 step=21560     
[04/21/26 23:58:26] WARNING  High grad norm: 558.37 at epoch=97 step=21561     
                    WARNING  High grad norm: 895.69 at epoch=97 step=21562     
                    WARNING  High grad norm: 773.30 at epoch=97 step=21563     
                    WARNING  High grad norm: 724.40 at epoch=97 step=21564     
                    WARNING  High grad norm: 592.00 at epoch=97 step=21565     
[04/21/26 23:58:27] WARNING  High grad norm: 1092.17 at epoch=97 step=21566    
                    WARNING  High grad norm: 660.11 at epoch=97 step=21567     
                    WARNING  High grad norm: 1376.74 at epoch=97 step=21568    
                    WARNING  High grad norm: 923.76 at epoch=97 step=21569     
[04/21/26 23:58:28] WARNING  High grad norm: 837.03 at epoch=97 step=21570     
                    WARNING  High grad norm: 1453.83 at epoch=97 step=21571    
                    WARNING  High grad norm: 1212.64 at epoch=97 step=21572    
                    WARNING  High grad norm: 931.32 at epoch=97 step=21573     
                    WARNING  High grad norm: 742.32 at epoch=97 step=21574     
[04/21/26 23:58:29] WARNING  High grad norm: 2298.10 at epoch=97 step=21575    
                    WARNING  High grad norm: 1037.48 at epoch=97 step=21576    
                    WARNING  High grad norm: 1410.30 at epoch=97 step=21577    
                    WARNING  High grad norm: 663.06 at epoch=97 step=21578     
[04/21/26 23:58:30] WARNING  High grad norm: 1276.95 at epoch=97 step=21579    
                    WARNING  High grad norm: 666.83 at epoch=97 step=21580     
                    WARNING  High grad norm: 603.18 at epoch=97 step=21581     
                    WARNING  High grad norm: 686.08 at epoch=97 step=21582     
                    WARNING  High grad norm: 1027.70 at epoch=97 step=21583    
[04/21/26 23:58:31] WARNING  High grad norm: 1186.94 at epoch=97 step=21584    
                    WARNING  High grad norm: 838.98 at epoch=97 step=21585     
                    WARNING  High grad norm: 1948.57 at epoch=97 step=21586    
                    WARNING  High grad norm: 2775.40 at epoch=97 step=21587    
[04/21/26 23:58:32] WARNING  High grad norm: 1231.06 at epoch=97 step=21588    
                    WARNING  High grad norm: 1191.98 at epoch=97 step=21589    
                    WARNING  High grad norm: 866.08 at epoch=97 step=21590     
                    WARNING  High grad norm: 773.25 at epoch=97 step=21591     
                    WARNING  High grad norm: 1842.96 at epoch=97 step=21592    
[04/21/26 23:58:33] WARNING  High grad norm: 1204.96 at epoch=97 step=21593    
                    WARNING  High grad norm: 1503.39 at epoch=97 step=21594    
                    WARNING  High grad norm: 1174.82 at epoch=97 step=21595    
                    WARNING  High grad norm: 546.49 at epoch=97 step=21596     
[04/21/26 23:58:34] WARNING  High grad norm: 1296.46 at epoch=97 step=21597    
                    WARNING  High grad norm: 1017.50 at epoch=97 step=21598    
                    WARNING  High grad norm: 1950.69 at epoch=97 step=21599    
                    INFO     epoch=97 step=21600 loss=481.5426                 
                             grad_norm=1950.6947 lr=1.00e-06                   
                    WARNING  High grad norm: 1686.21 at epoch=97 step=21600    
                    WARNING  High grad norm: 2456.46 at epoch=97 step=21601    
[04/21/26 23:58:35] WARNING  High grad norm: 795.04 at epoch=97 step=21602     
                    WARNING  High grad norm: 1760.85 at epoch=97 step=21603    
                    WARNING  High grad norm: 743.10 at epoch=97 step=21604     
                    WARNING  High grad norm: 1087.35 at epoch=97 step=21605    
[04/21/26 23:58:36] WARNING  High grad norm: 1257.67 at epoch=97 step=21606    
                    WARNING  High grad norm: 706.93 at epoch=97 step=21607     
                    WARNING  High grad norm: 583.38 at epoch=97 step=21608     
                    WARNING  High grad norm: 1132.84 at epoch=97 step=21609    
                    WARNING  High grad norm: 1125.81 at epoch=97 step=21610    
[04/21/26 23:58:37] WARNING  High grad norm: 680.63 at epoch=97 step=21611     
                    WARNING  High grad norm: 654.39 at epoch=97 step=21612     
                    WARNING  High grad norm: 817.06 at epoch=97 step=21613     
                    WARNING  High grad norm: 1149.47 at epoch=97 step=21614    
[04/21/26 23:58:38] WARNING  High grad norm: 821.20 at epoch=97 step=21615     
                    WARNING  High grad norm: 961.31 at epoch=97 step=21616     
                    WARNING  High grad norm: 1850.68 at epoch=97 step=21617    
                    WARNING  High grad norm: 635.28 at epoch=97 step=21618     
                    WARNING  High grad norm: 1436.18 at epoch=97 step=21619    
[04/21/26 23:58:39] WARNING  High grad norm: 770.19 at epoch=97 step=21620     
                    WARNING  High grad norm: 1968.17 at epoch=97 step=21621    
                    WARNING  High grad norm: 1105.82 at epoch=97 step=21622    
                    WARNING  High grad norm: 1525.46 at epoch=97 step=21623    
[04/21/26 23:58:40] WARNING  High grad norm: 696.82 at epoch=97 step=21624     
                    WARNING  High grad norm: 638.98 at epoch=97 step=21625     
                    WARNING  High grad norm: 1450.67 at epoch=97 step=21626    
                    WARNING  High grad norm: 1900.64 at epoch=97 step=21627    
                    WARNING  High grad norm: 487.30 at epoch=97 step=21628     
[04/21/26 23:58:41] WARNING  High grad norm: 649.98 at epoch=97 step=21629     
                    WARNING  High grad norm: 1363.12 at epoch=97 step=21630    
                    INFO     epoch=97 avg_loss=478.8396 lr=1.00e-06            
[04/21/26 23:58:55] WARNING  High grad norm: 1541.33 at epoch=98 step=21631    
                    WARNING  High grad norm: 448.18 at epoch=98 step=21632     
                    WARNING  High grad norm: 2160.67 at epoch=98 step=21633    
[04/21/26 23:58:56] WARNING  High grad norm: 3041.66 at epoch=98 step=21634    
                    WARNING  High grad norm: 878.10 at epoch=98 step=21635     
                    WARNING  High grad norm: 1270.66 at epoch=98 step=21636    
                    WARNING  High grad norm: 1409.34 at epoch=98 step=21637    
                    WARNING  High grad norm: 936.97 at epoch=98 step=21638     
[04/21/26 23:58:57] WARNING  High grad norm: 1302.80 at epoch=98 step=21639    
                    WARNING  High grad norm: 2687.07 at epoch=98 step=21640    
                    WARNING  High grad norm: 1403.46 at epoch=98 step=21641    
                    WARNING  High grad norm: 1038.98 at epoch=98 step=21642    
[04/21/26 23:58:58] WARNING  High grad norm: 856.22 at epoch=98 step=21643     
                    WARNING  High grad norm: 815.62 at epoch=98 step=21644     
                    WARNING  High grad norm: 525.69 at epoch=98 step=21645     
                    WARNING  High grad norm: 1733.84 at epoch=98 step=21646    
                    WARNING  High grad norm: 865.17 at epoch=98 step=21647     
[04/21/26 23:58:59] WARNING  High grad norm: 748.93 at epoch=98 step=21648     
                    WARNING  High grad norm: 1106.46 at epoch=98 step=21649    
                    WARNING  High grad norm: 831.16 at epoch=98 step=21650     
                    WARNING  High grad norm: 851.49 at epoch=98 step=21651     
[04/21/26 23:59:00] WARNING  High grad norm: 804.73 at epoch=98 step=21652     
                    WARNING  High grad norm: 2326.44 at epoch=98 step=21653    
                    WARNING  High grad norm: 1228.17 at epoch=98 step=21654    
                    WARNING  High grad norm: 979.35 at epoch=98 step=21655     
                    WARNING  High grad norm: 687.88 at epoch=98 step=21656     
[04/21/26 23:59:01] WARNING  High grad norm: 923.97 at epoch=98 step=21657     
                    WARNING  High grad norm: 842.94 at epoch=98 step=21658     
                    WARNING  High grad norm: 1493.40 at epoch=98 step=21659    
                    WARNING  High grad norm: 602.84 at epoch=98 step=21660     
[04/21/26 23:59:02] WARNING  High grad norm: 878.58 at epoch=98 step=21661     
                    WARNING  High grad norm: 911.86 at epoch=98 step=21662     
                    WARNING  High grad norm: 1189.91 at epoch=98 step=21663    
                    WARNING  High grad norm: 1392.65 at epoch=98 step=21664    
                    WARNING  High grad norm: 1887.05 at epoch=98 step=21665    
[04/21/26 23:59:03] WARNING  High grad norm: 761.99 at epoch=98 step=21666     
                    WARNING  High grad norm: 911.11 at epoch=98 step=21667     
                    WARNING  High grad norm: 790.09 at epoch=98 step=21668     
                    WARNING  High grad norm: 785.70 at epoch=98 step=21669     
[04/21/26 23:59:04] WARNING  High grad norm: 2242.65 at epoch=98 step=21670    
                    WARNING  High grad norm: 1719.19 at epoch=98 step=21671    
                    WARNING  High grad norm: 1598.74 at epoch=98 step=21672    
                    WARNING  High grad norm: 926.61 at epoch=98 step=21673     
                    WARNING  High grad norm: 781.72 at epoch=98 step=21674     
[04/21/26 23:59:05] WARNING  High grad norm: 870.30 at epoch=98 step=21675     
                    WARNING  High grad norm: 1182.71 at epoch=98 step=21676    
                    WARNING  High grad norm: 974.27 at epoch=98 step=21677     
                    WARNING  High grad norm: 888.74 at epoch=98 step=21678     
[04/21/26 23:59:06] WARNING  High grad norm: 1425.67 at epoch=98 step=21679    
                    WARNING  High grad norm: 902.10 at epoch=98 step=21680     
                    WARNING  High grad norm: 1479.37 at epoch=98 step=21681    
                    WARNING  High grad norm: 614.53 at epoch=98 step=21682     
                    WARNING  High grad norm: 965.41 at epoch=98 step=21683     
[04/21/26 23:59:07] WARNING  High grad norm: 1439.96 at epoch=98 step=21684    
                    WARNING  High grad norm: 2464.98 at epoch=98 step=21685    
                    WARNING  High grad norm: 484.25 at epoch=98 step=21686     
                    WARNING  High grad norm: 1125.43 at epoch=98 step=21687    
[04/21/26 23:59:08] WARNING  High grad norm: 1261.41 at epoch=98 step=21688    
                    WARNING  High grad norm: 921.83 at epoch=98 step=21689     
                    WARNING  High grad norm: 751.05 at epoch=98 step=21690     
                    WARNING  High grad norm: 884.31 at epoch=98 step=21691     
                    WARNING  High grad norm: 907.06 at epoch=98 step=21692     
[04/21/26 23:59:09] WARNING  High grad norm: 1975.26 at epoch=98 step=21693    
                    WARNING  High grad norm: 1675.83 at epoch=98 step=21694    
                    WARNING  High grad norm: 1107.70 at epoch=98 step=21695    
                    WARNING  High grad norm: 981.54 at epoch=98 step=21696     
[04/21/26 23:59:10] WARNING  High grad norm: 858.28 at epoch=98 step=21697     
                    WARNING  High grad norm: 800.81 at epoch=98 step=21698     
                    WARNING  High grad norm: 2696.99 at epoch=98 step=21699    
                    INFO     epoch=98 step=21700 loss=486.7781                 
                             grad_norm=2696.9854 lr=1.00e-06                   
                    WARNING  High grad norm: 2661.88 at epoch=98 step=21700    
                    WARNING  High grad norm: 727.89 at epoch=98 step=21701     
[04/21/26 23:59:11] WARNING  High grad norm: 2402.04 at epoch=98 step=21702    
                    WARNING  High grad norm: 980.05 at epoch=98 step=21703     
                    WARNING  High grad norm: 921.75 at epoch=98 step=21704     
                    WARNING  High grad norm: 1273.99 at epoch=98 step=21705    
[04/21/26 23:59:12] WARNING  High grad norm: 1105.66 at epoch=98 step=21706    
                    WARNING  High grad norm: 693.93 at epoch=98 step=21707     
                    WARNING  High grad norm: 750.58 at epoch=98 step=21708     
                    WARNING  High grad norm: 1911.85 at epoch=98 step=21709    
                    WARNING  High grad norm: 1829.12 at epoch=98 step=21710    
[04/21/26 23:59:13] WARNING  High grad norm: 1726.56 at epoch=98 step=21711    
                    WARNING  High grad norm: 999.24 at epoch=98 step=21712     
                    WARNING  High grad norm: 631.59 at epoch=98 step=21713     
                    WARNING  High grad norm: 1197.36 at epoch=98 step=21714    
[04/21/26 23:59:14] WARNING  High grad norm: 806.15 at epoch=98 step=21715     
                    WARNING  High grad norm: 1247.11 at epoch=98 step=21716    
                    WARNING  High grad norm: 1089.11 at epoch=98 step=21717    
                    WARNING  High grad norm: 976.76 at epoch=98 step=21718     
                    WARNING  High grad norm: 943.03 at epoch=98 step=21719     
[04/21/26 23:59:15] WARNING  High grad norm: 1000.44 at epoch=98 step=21720    
                    WARNING  High grad norm: 2247.78 at epoch=98 step=21721    
                    WARNING  High grad norm: 1359.33 at epoch=98 step=21722    
                    WARNING  High grad norm: 1276.16 at epoch=98 step=21723    
[04/21/26 23:59:16] WARNING  High grad norm: 978.55 at epoch=98 step=21724     
                    WARNING  High grad norm: 1505.66 at epoch=98 step=21725    
                    WARNING  High grad norm: 1059.94 at epoch=98 step=21726    
                    WARNING  High grad norm: 722.07 at epoch=98 step=21727     
                    WARNING  High grad norm: 2897.56 at epoch=98 step=21728    
[04/21/26 23:59:17] WARNING  High grad norm: 1836.09 at epoch=98 step=21729    
                    WARNING  High grad norm: 897.17 at epoch=98 step=21730     
                    WARNING  High grad norm: 1003.03 at epoch=98 step=21731    
                    WARNING  High grad norm: 939.61 at epoch=98 step=21732     
[04/21/26 23:59:18] WARNING  High grad norm: 980.42 at epoch=98 step=21733     
                    WARNING  High grad norm: 1463.50 at epoch=98 step=21734    
                    WARNING  High grad norm: 774.54 at epoch=98 step=21735     
                    WARNING  High grad norm: 1094.53 at epoch=98 step=21736    
                    WARNING  High grad norm: 1315.17 at epoch=98 step=21737    
[04/21/26 23:59:19] WARNING  High grad norm: 2392.14 at epoch=98 step=21738    
                    WARNING  High grad norm: 1223.92 at epoch=98 step=21739    
                    WARNING  High grad norm: 817.65 at epoch=98 step=21740     
                    WARNING  High grad norm: 801.63 at epoch=98 step=21741     
[04/21/26 23:59:20] WARNING  High grad norm: 1104.73 at epoch=98 step=21742    
                    WARNING  High grad norm: 664.36 at epoch=98 step=21743     
                    WARNING  High grad norm: 2208.24 at epoch=98 step=21744    
                    WARNING  High grad norm: 1920.37 at epoch=98 step=21745    
                    WARNING  High grad norm: 1230.31 at epoch=98 step=21746    
[04/21/26 23:59:21] WARNING  High grad norm: 1483.30 at epoch=98 step=21747    
                    WARNING  High grad norm: 598.06 at epoch=98 step=21748     
                    WARNING  High grad norm: 1012.96 at epoch=98 step=21749    
                    WARNING  High grad norm: 893.65 at epoch=98 step=21750     
[04/21/26 23:59:22] WARNING  High grad norm: 691.59 at epoch=98 step=21751     
                    WARNING  High grad norm: 964.12 at epoch=98 step=21752     
                    WARNING  High grad norm: 887.34 at epoch=98 step=21753     
                    WARNING  High grad norm: 1047.91 at epoch=98 step=21754    
                    WARNING  High grad norm: 1019.15 at epoch=98 step=21755    
[04/21/26 23:59:23] WARNING  High grad norm: 767.30 at epoch=98 step=21756     
                    WARNING  High grad norm: 1071.10 at epoch=98 step=21757    
                    WARNING  High grad norm: 606.61 at epoch=98 step=21758     
                    WARNING  High grad norm: 1251.63 at epoch=98 step=21759    
[04/21/26 23:59:24] WARNING  High grad norm: 1872.99 at epoch=98 step=21760    
                    WARNING  High grad norm: 688.46 at epoch=98 step=21761     
                    WARNING  High grad norm: 1010.43 at epoch=98 step=21762    
                    WARNING  High grad norm: 791.46 at epoch=98 step=21763     
                    WARNING  High grad norm: 1001.04 at epoch=98 step=21764    
[04/21/26 23:59:25] WARNING  High grad norm: 1343.45 at epoch=98 step=21765    
                    WARNING  High grad norm: 835.10 at epoch=98 step=21766     
                    WARNING  High grad norm: 909.84 at epoch=98 step=21767     
                    WARNING  High grad norm: 765.10 at epoch=98 step=21768     
[04/21/26 23:59:26] WARNING  High grad norm: 2241.72 at epoch=98 step=21769    
                    WARNING  High grad norm: 1190.72 at epoch=98 step=21770    
                    WARNING  High grad norm: 949.44 at epoch=98 step=21771     
                    WARNING  High grad norm: 2297.95 at epoch=98 step=21772    
                    WARNING  High grad norm: 2848.39 at epoch=98 step=21773    
[04/21/26 23:59:27] WARNING  High grad norm: 999.07 at epoch=98 step=21774     
                    WARNING  High grad norm: 1171.12 at epoch=98 step=21775    
                    WARNING  High grad norm: 2529.38 at epoch=98 step=21776    
                    WARNING  High grad norm: 851.34 at epoch=98 step=21777     
[04/21/26 23:59:28] WARNING  High grad norm: 929.73 at epoch=98 step=21778     
                    WARNING  High grad norm: 996.83 at epoch=98 step=21779     
                    WARNING  High grad norm: 2088.26 at epoch=98 step=21780    
                    WARNING  High grad norm: 1222.07 at epoch=98 step=21781    
                    WARNING  High grad norm: 1048.96 at epoch=98 step=21782    
[04/21/26 23:59:29] WARNING  High grad norm: 1609.61 at epoch=98 step=21783    
                    WARNING  High grad norm: 826.67 at epoch=98 step=21784     
                    WARNING  High grad norm: 1155.26 at epoch=98 step=21785    
                    WARNING  High grad norm: 621.09 at epoch=98 step=21786     
[04/21/26 23:59:30] WARNING  High grad norm: 980.53 at epoch=98 step=21787     
                    WARNING  High grad norm: 1558.33 at epoch=98 step=21788    
                    WARNING  High grad norm: 865.62 at epoch=98 step=21789     
                    WARNING  High grad norm: 1054.89 at epoch=98 step=21790    
                    WARNING  High grad norm: 507.51 at epoch=98 step=21791     
[04/21/26 23:59:31] WARNING  High grad norm: 839.01 at epoch=98 step=21792     
                    WARNING  High grad norm: 2132.00 at epoch=98 step=21793    
                    WARNING  High grad norm: 752.13 at epoch=98 step=21794     
                    WARNING  High grad norm: 1409.21 at epoch=98 step=21795    
[04/21/26 23:59:32] WARNING  High grad norm: 720.97 at epoch=98 step=21796     
                    WARNING  High grad norm: 1945.02 at epoch=98 step=21797    
                    WARNING  High grad norm: 621.82 at epoch=98 step=21798     
                    WARNING  High grad norm: 506.62 at epoch=98 step=21799     
                    INFO     epoch=98 step=21800 loss=487.3351                 
                             grad_norm=506.6195 lr=1.00e-06                    
                    WARNING  High grad norm: 846.56 at epoch=98 step=21800     
[04/21/26 23:59:33] WARNING  High grad norm: 729.93 at epoch=98 step=21801     
                    WARNING  High grad norm: 1262.70 at epoch=98 step=21802    
                    WARNING  High grad norm: 1407.49 at epoch=98 step=21803    
                    WARNING  High grad norm: 773.69 at epoch=98 step=21804     
[04/21/26 23:59:34] WARNING  High grad norm: 1659.03 at epoch=98 step=21805    
                    WARNING  High grad norm: 872.78 at epoch=98 step=21806     
                    WARNING  High grad norm: 788.30 at epoch=98 step=21807     
                    WARNING  High grad norm: 1050.39 at epoch=98 step=21808    
                    WARNING  High grad norm: 841.83 at epoch=98 step=21809     
[04/21/26 23:59:35] WARNING  High grad norm: 874.57 at epoch=98 step=21810     
                    WARNING  High grad norm: 641.71 at epoch=98 step=21811     
                    WARNING  High grad norm: 1353.97 at epoch=98 step=21812    
                    WARNING  High grad norm: 1076.34 at epoch=98 step=21813    
[04/21/26 23:59:36] WARNING  High grad norm: 1085.19 at epoch=98 step=21814    
                    WARNING  High grad norm: 716.33 at epoch=98 step=21815     
                    WARNING  High grad norm: 1353.35 at epoch=98 step=21816    
                    WARNING  High grad norm: 1832.67 at epoch=98 step=21817    
                    WARNING  High grad norm: 853.85 at epoch=98 step=21818     
[04/21/26 23:59:37] WARNING  High grad norm: 1127.49 at epoch=98 step=21819    
                    WARNING  High grad norm: 853.66 at epoch=98 step=21820     
                    WARNING  High grad norm: 1207.89 at epoch=98 step=21821    
                    WARNING  High grad norm: 1039.44 at epoch=98 step=21822    
[04/21/26 23:59:38] WARNING  High grad norm: 628.37 at epoch=98 step=21823     
                    WARNING  High grad norm: 841.74 at epoch=98 step=21824     
                    WARNING  High grad norm: 917.40 at epoch=98 step=21825     
                    WARNING  High grad norm: 1042.68 at epoch=98 step=21826    
                    WARNING  High grad norm: 976.69 at epoch=98 step=21827     
[04/21/26 23:59:39] WARNING  High grad norm: 585.59 at epoch=98 step=21828     
                    WARNING  High grad norm: 732.39 at epoch=98 step=21829     
                    WARNING  High grad norm: 588.55 at epoch=98 step=21830     
                    WARNING  High grad norm: 845.38 at epoch=98 step=21831     
[04/21/26 23:59:40] WARNING  High grad norm: 1324.02 at epoch=98 step=21832    
                    WARNING  High grad norm: 2128.42 at epoch=98 step=21833    
                    WARNING  High grad norm: 843.83 at epoch=98 step=21834     
                    WARNING  High grad norm: 963.02 at epoch=98 step=21835     
                    WARNING  High grad norm: 532.82 at epoch=98 step=21836     
[04/21/26 23:59:41] WARNING  High grad norm: 1605.23 at epoch=98 step=21837    
                    WARNING  High grad norm: 1128.20 at epoch=98 step=21838    
                    WARNING  High grad norm: 2944.94 at epoch=98 step=21839    
                    WARNING  High grad norm: 889.74 at epoch=98 step=21840     
[04/21/26 23:59:42] WARNING  High grad norm: 1114.22 at epoch=98 step=21841    
                    WARNING  High grad norm: 1362.72 at epoch=98 step=21842    
                    WARNING  High grad norm: 895.65 at epoch=98 step=21843     
                    WARNING  High grad norm: 1125.48 at epoch=98 step=21844    
                    WARNING  High grad norm: 1076.76 at epoch=98 step=21845    
[04/21/26 23:59:43] WARNING  High grad norm: 1013.01 at epoch=98 step=21846    
                    WARNING  High grad norm: 2565.98 at epoch=98 step=21847    
                    WARNING  High grad norm: 690.09 at epoch=98 step=21848     
                    WARNING  High grad norm: 920.53 at epoch=98 step=21849     
[04/21/26 23:59:44] WARNING  High grad norm: 1707.30 at epoch=98 step=21850    
                    WARNING  High grad norm: 751.52 at epoch=98 step=21851     
                    WARNING  High grad norm: 878.24 at epoch=98 step=21852     
                    WARNING  High grad norm: 1865.90 at epoch=98 step=21853    
[04/21/26 23:59:45] INFO     epoch=98 avg_loss=485.9525 lr=1.00e-06            
[04/21/26 23:59:58] WARNING  High grad norm: 1263.66 at epoch=99 step=21854    
[04/21/26 23:59:59] WARNING  High grad norm: 721.60 at epoch=99 step=21855     
                    WARNING  High grad norm: 2233.28 at epoch=99 step=21856    
                    WARNING  High grad norm: 1814.04 at epoch=99 step=21857    
                    WARNING  High grad norm: 2908.19 at epoch=99 step=21858    
[04/22/26 00:00:00] WARNING  High grad norm: 557.30 at epoch=99 step=21859     
                    WARNING  High grad norm: 1517.23 at epoch=99 step=21860    
                    WARNING  High grad norm: 2524.43 at epoch=99 step=21861    
                    WARNING  High grad norm: 1051.41 at epoch=99 step=21862    
                    WARNING  High grad norm: 1422.15 at epoch=99 step=21863    
[04/22/26 00:00:01] WARNING  High grad norm: 1526.83 at epoch=99 step=21864    
                    WARNING  High grad norm: 2417.25 at epoch=99 step=21865    
                    WARNING  High grad norm: 4866.15 at epoch=99 step=21866    
                    WARNING  High grad norm: 1053.16 at epoch=99 step=21867    
[04/22/26 00:00:02] WARNING  High grad norm: 690.39 at epoch=99 step=21868     
                    WARNING  High grad norm: 4101.57 at epoch=99 step=21869    
                    WARNING  High grad norm: 3030.74 at epoch=99 step=21870    
                    WARNING  High grad norm: 1753.56 at epoch=99 step=21871    
                    WARNING  High grad norm: 6532.64 at epoch=99 step=21872    
[04/22/26 00:00:03] WARNING  High grad norm: 1058.72 at epoch=99 step=21873    
                    WARNING  High grad norm: 1486.41 at epoch=99 step=21874    
                    WARNING  High grad norm: 572.78 at epoch=99 step=21875     
                    WARNING  High grad norm: 1256.26 at epoch=99 step=21876    
[04/22/26 00:00:04] WARNING  High grad norm: 618.91 at epoch=99 step=21877     
                    WARNING  High grad norm: 1062.10 at epoch=99 step=21878    
                    WARNING  High grad norm: 1102.38 at epoch=99 step=21879    
                    WARNING  High grad norm: 903.71 at epoch=99 step=21880     
                    WARNING  High grad norm: 594.23 at epoch=99 step=21881     
[04/22/26 00:00:05] WARNING  High grad norm: 688.66 at epoch=99 step=21882     
                    WARNING  High grad norm: 713.97 at epoch=99 step=21883     
                    WARNING  High grad norm: 758.95 at epoch=99 step=21884     
                    WARNING  High grad norm: 770.98 at epoch=99 step=21885     
                    WARNING  High grad norm: 665.40 at epoch=99 step=21886     
[04/22/26 00:00:06] WARNING  High grad norm: 830.55 at epoch=99 step=21887     
                    WARNING  High grad norm: 1070.97 at epoch=99 step=21888    
                    WARNING  High grad norm: 1316.80 at epoch=99 step=21889    
                    WARNING  High grad norm: 905.63 at epoch=99 step=21890     
[04/22/26 00:00:07] WARNING  High grad norm: 1788.02 at epoch=99 step=21891    
                    WARNING  High grad norm: 515.51 at epoch=99 step=21892     
                    WARNING  High grad norm: 983.09 at epoch=99 step=21893     
                    WARNING  High grad norm: 1352.49 at epoch=99 step=21894    
                    WARNING  High grad norm: 903.67 at epoch=99 step=21895     
[04/22/26 00:00:08] WARNING  High grad norm: 1034.39 at epoch=99 step=21896    
                    WARNING  High grad norm: 920.88 at epoch=99 step=21897     
                    WARNING  High grad norm: 1184.70 at epoch=99 step=21898    
                    WARNING  High grad norm: 1143.62 at epoch=99 step=21899    
                    INFO     epoch=99 step=21900 loss=488.7723                 
                             grad_norm=1143.6222 lr=1.00e-06                   
[04/22/26 00:00:09] WARNING  High grad norm: 1078.19 at epoch=99 step=21900    
                    WARNING  High grad norm: 1414.78 at epoch=99 step=21901    
                    WARNING  High grad norm: 991.45 at epoch=99 step=21902     
                    WARNING  High grad norm: 808.88 at epoch=99 step=21903     
                    WARNING  High grad norm: 559.35 at epoch=99 step=21904     
[04/22/26 00:00:10] WARNING  High grad norm: 1114.53 at epoch=99 step=21905    
                    WARNING  High grad norm: 882.69 at epoch=99 step=21906     
                    WARNING  High grad norm: 2210.38 at epoch=99 step=21907    
                    WARNING  High grad norm: 1505.12 at epoch=99 step=21908    
[04/22/26 00:00:11] WARNING  High grad norm: 1543.93 at epoch=99 step=21909    
                    WARNING  High grad norm: 931.31 at epoch=99 step=21910     
                    WARNING  High grad norm: 715.58 at epoch=99 step=21911     
                    WARNING  High grad norm: 892.00 at epoch=99 step=21912     
                    WARNING  High grad norm: 1300.13 at epoch=99 step=21913    
[04/22/26 00:00:12] WARNING  High grad norm: 820.98 at epoch=99 step=21914     
                    WARNING  High grad norm: 736.60 at epoch=99 step=21915     
                    WARNING  High grad norm: 757.58 at epoch=99 step=21916     
                    WARNING  High grad norm: 1924.04 at epoch=99 step=21917    
[04/22/26 00:00:13] WARNING  High grad norm: 1095.72 at epoch=99 step=21918    
                    WARNING  High grad norm: 1017.08 at epoch=99 step=21919    
                    WARNING  High grad norm: 734.97 at epoch=99 step=21920     
                    WARNING  High grad norm: 1289.65 at epoch=99 step=21921    
                    WARNING  High grad norm: 614.41 at epoch=99 step=21922     
[04/22/26 00:00:14] WARNING  High grad norm: 692.26 at epoch=99 step=21923     
                    WARNING  High grad norm: 1035.47 at epoch=99 step=21924    
                    WARNING  High grad norm: 858.48 at epoch=99 step=21925     
                    WARNING  High grad norm: 2103.42 at epoch=99 step=21926    
[04/22/26 00:00:15] WARNING  High grad norm: 836.70 at epoch=99 step=21927     
                    WARNING  High grad norm: 1056.28 at epoch=99 step=21928    
                    WARNING  High grad norm: 2543.39 at epoch=99 step=21929    
                    WARNING  High grad norm: 2979.08 at epoch=99 step=21930    
                    WARNING  High grad norm: 1129.92 at epoch=99 step=21931    
[04/22/26 00:00:16] WARNING  High grad norm: 926.39 at epoch=99 step=21932     
                    WARNING  High grad norm: 758.88 at epoch=99 step=21933     
                    WARNING  High grad norm: 2463.49 at epoch=99 step=21934    
                    WARNING  High grad norm: 1729.79 at epoch=99 step=21935    
[04/22/26 00:00:17] WARNING  High grad norm: 1571.46 at epoch=99 step=21936    
                    WARNING  High grad norm: 645.59 at epoch=99 step=21937     
                    WARNING  High grad norm: 981.58 at epoch=99 step=21938     
                    WARNING  High grad norm: 701.93 at epoch=99 step=21939     
                    WARNING  High grad norm: 1169.17 at epoch=99 step=21940    
[04/22/26 00:00:18] WARNING  High grad norm: 652.40 at epoch=99 step=21941     
                    WARNING  High grad norm: 1220.44 at epoch=99 step=21942    
                    WARNING  High grad norm: 1258.10 at epoch=99 step=21943    
                    WARNING  High grad norm: 1901.83 at epoch=99 step=21944    
[04/22/26 00:00:19] WARNING  High grad norm: 1925.20 at epoch=99 step=21945    
                    WARNING  High grad norm: 775.97 at epoch=99 step=21946     
                    WARNING  High grad norm: 900.54 at epoch=99 step=21947     
                    WARNING  High grad norm: 644.53 at epoch=99 step=21948     
                    WARNING  High grad norm: 944.54 at epoch=99 step=21949     
[04/22/26 00:00:20] WARNING  High grad norm: 1554.05 at epoch=99 step=21950    
                    WARNING  High grad norm: 577.09 at epoch=99 step=21951     
                    WARNING  High grad norm: 737.66 at epoch=99 step=21952     
                    WARNING  High grad norm: 1139.39 at epoch=99 step=21953    
[04/22/26 00:00:21] WARNING  High grad norm: 938.83 at epoch=99 step=21954     
                    WARNING  High grad norm: 1713.51 at epoch=99 step=21955    
                    WARNING  High grad norm: 471.53 at epoch=99 step=21956     
                    WARNING  High grad norm: 852.08 at epoch=99 step=21957     
                    WARNING  High grad norm: 1033.01 at epoch=99 step=21958    
[04/22/26 00:00:22] WARNING  High grad norm: 1032.92 at epoch=99 step=21959    
                    WARNING  High grad norm: 860.55 at epoch=99 step=21960     
                    WARNING  High grad norm: 1062.89 at epoch=99 step=21961    
                    WARNING  High grad norm: 754.45 at epoch=99 step=21962     
[04/22/26 00:00:23] WARNING  High grad norm: 1153.83 at epoch=99 step=21963    
                    WARNING  High grad norm: 1530.22 at epoch=99 step=21964    
                    WARNING  High grad norm: 1693.54 at epoch=99 step=21965    
                    WARNING  High grad norm: 597.04 at epoch=99 step=21966     
                    WARNING  High grad norm: 724.13 at epoch=99 step=21967     
[04/22/26 00:00:24] WARNING  High grad norm: 1554.33 at epoch=99 step=21968    
                    WARNING  High grad norm: 742.57 at epoch=99 step=21969     
                    WARNING  High grad norm: 1838.57 at epoch=99 step=21970    
                    WARNING  High grad norm: 798.77 at epoch=99 step=21971     
[04/22/26 00:00:25] WARNING  High grad norm: 964.41 at epoch=99 step=21972     
                    WARNING  High grad norm: 956.61 at epoch=99 step=21973     
                    WARNING  High grad norm: 693.24 at epoch=99 step=21974     
                    WARNING  High grad norm: 1181.57 at epoch=99 step=21975    
                    WARNING  High grad norm: 2419.67 at epoch=99 step=21976    
[04/22/26 00:00:26] WARNING  High grad norm: 1763.41 at epoch=99 step=21977    
                    WARNING  High grad norm: 891.52 at epoch=99 step=21978     
                    WARNING  High grad norm: 1547.47 at epoch=99 step=21979    
                    WARNING  High grad norm: 1111.79 at epoch=99 step=21980    
[04/22/26 00:00:27] WARNING  High grad norm: 1483.68 at epoch=99 step=21981    
                    WARNING  High grad norm: 1295.70 at epoch=99 step=21982    
                    WARNING  High grad norm: 1031.51 at epoch=99 step=21983    
                    WARNING  High grad norm: 1005.49 at epoch=99 step=21984    
                    WARNING  High grad norm: 1263.80 at epoch=99 step=21985    
[04/22/26 00:00:28] WARNING  High grad norm: 1356.81 at epoch=99 step=21986    
                    WARNING  High grad norm: 1081.16 at epoch=99 step=21987    
                    WARNING  High grad norm: 1176.13 at epoch=99 step=21988    
                    WARNING  High grad norm: 830.00 at epoch=99 step=21989     
[04/22/26 00:00:29] WARNING  High grad norm: 981.11 at epoch=99 step=21990     
                    WARNING  High grad norm: 613.82 at epoch=99 step=21991     
                    WARNING  High grad norm: 1982.60 at epoch=99 step=21992    
                    WARNING  High grad norm: 831.68 at epoch=99 step=21993     
                    WARNING  High grad norm: 895.61 at epoch=99 step=21994     
[04/22/26 00:00:30] WARNING  High grad norm: 692.80 at epoch=99 step=21995     
                    WARNING  High grad norm: 679.28 at epoch=99 step=21996     
                    WARNING  High grad norm: 1096.22 at epoch=99 step=21997    
                    WARNING  High grad norm: 680.61 at epoch=99 step=21998     
[04/22/26 00:00:31] WARNING  High grad norm: 672.54 at epoch=99 step=21999     
                    INFO     epoch=99 step=22000 loss=492.0518                 
                             grad_norm=672.5381 lr=1.00e-06                    
                    WARNING  High grad norm: 876.25 at epoch=99 step=22000     
                    WARNING  High grad norm: 2927.01 at epoch=99 step=22001    
                    WARNING  High grad norm: 1312.30 at epoch=99 step=22002    
                    WARNING  High grad norm: 1580.39 at epoch=99 step=22003    
[04/22/26 00:00:32] WARNING  High grad norm: 793.82 at epoch=99 step=22004     
                    WARNING  High grad norm: 2318.95 at epoch=99 step=22005    
                    WARNING  High grad norm: 951.42 at epoch=99 step=22006     
                    WARNING  High grad norm: 1345.62 at epoch=99 step=22007    
[04/22/26 00:00:33] WARNING  High grad norm: 925.54 at epoch=99 step=22008     
                    WARNING  High grad norm: 1533.88 at epoch=99 step=22009    
                    WARNING  High grad norm: 1150.50 at epoch=99 step=22010    
                    WARNING  High grad norm: 1031.08 at epoch=99 step=22011    
                    WARNING  High grad norm: 1520.55 at epoch=99 step=22012    
[04/22/26 00:00:34] WARNING  High grad norm: 1480.73 at epoch=99 step=22013    
                    WARNING  High grad norm: 1112.02 at epoch=99 step=22014    
                    WARNING  High grad norm: 865.09 at epoch=99 step=22015     
                    WARNING  High grad norm: 927.94 at epoch=99 step=22016     
[04/22/26 00:00:35] WARNING  High grad norm: 1143.76 at epoch=99 step=22017    
                    WARNING  High grad norm: 1653.13 at epoch=99 step=22018    
                    WARNING  High grad norm: 1172.11 at epoch=99 step=22019    
                    WARNING  High grad norm: 757.18 at epoch=99 step=22020     
                    WARNING  High grad norm: 844.88 at epoch=99 step=22021     
[04/22/26 00:00:36] WARNING  High grad norm: 1577.32 at epoch=99 step=22022    
                    WARNING  High grad norm: 704.96 at epoch=99 step=22023     
                    WARNING  High grad norm: 661.90 at epoch=99 step=22024     
                    WARNING  High grad norm: 1732.20 at epoch=99 step=22025    
[04/22/26 00:00:37] WARNING  High grad norm: 1404.44 at epoch=99 step=22026    
                    WARNING  High grad norm: 2748.64 at epoch=99 step=22027    
                    WARNING  High grad norm: 809.37 at epoch=99 step=22028     
                    WARNING  High grad norm: 822.46 at epoch=99 step=22029     
                    WARNING  High grad norm: 1129.66 at epoch=99 step=22030    
[04/22/26 00:00:38] WARNING  High grad norm: 1620.02 at epoch=99 step=22031    
                    WARNING  High grad norm: 871.68 at epoch=99 step=22032     
                    WARNING  High grad norm: 1636.03 at epoch=99 step=22033    
                    WARNING  High grad norm: 757.43 at epoch=99 step=22034     
[04/22/26 00:00:39] WARNING  High grad norm: 605.66 at epoch=99 step=22035     
                    WARNING  High grad norm: 690.64 at epoch=99 step=22036     
                    WARNING  High grad norm: 1616.36 at epoch=99 step=22037    
                    WARNING  High grad norm: 624.16 at epoch=99 step=22038     
                    WARNING  High grad norm: 771.98 at epoch=99 step=22039     
[04/22/26 00:00:40] WARNING  High grad norm: 911.59 at epoch=99 step=22040     
                    WARNING  High grad norm: 815.47 at epoch=99 step=22041     
                    WARNING  High grad norm: 876.12 at epoch=99 step=22042     
                    WARNING  High grad norm: 1415.20 at epoch=99 step=22043    
[04/22/26 00:00:41] WARNING  High grad norm: 1204.88 at epoch=99 step=22044    
                    WARNING  High grad norm: 2002.07 at epoch=99 step=22045    
                    WARNING  High grad norm: 1044.06 at epoch=99 step=22046    
                    WARNING  High grad norm: 1253.88 at epoch=99 step=22047    
                    WARNING  High grad norm: 1028.04 at epoch=99 step=22048    
[04/22/26 00:00:42] WARNING  High grad norm: 1492.59 at epoch=99 step=22049    
                    WARNING  High grad norm: 1740.71 at epoch=99 step=22050    
                    WARNING  High grad norm: 940.46 at epoch=99 step=22051     
                    WARNING  High grad norm: 1172.37 at epoch=99 step=22052    
[04/22/26 00:00:43] WARNING  High grad norm: 655.61 at epoch=99 step=22053     
                    WARNING  High grad norm: 659.62 at epoch=99 step=22054     
                    WARNING  High grad norm: 1163.85 at epoch=99 step=22055    
                    WARNING  High grad norm: 1165.05 at epoch=99 step=22056    
                    WARNING  High grad norm: 1092.72 at epoch=99 step=22057    
[04/22/26 00:00:44] WARNING  High grad norm: 1353.35 at epoch=99 step=22058    
                    WARNING  High grad norm: 1195.10 at epoch=99 step=22059    
                    WARNING  High grad norm: 1896.19 at epoch=99 step=22060    
                    WARNING  High grad norm: 799.47 at epoch=99 step=22061     
[04/22/26 00:00:45] WARNING  High grad norm: 771.67 at epoch=99 step=22062     
                    WARNING  High grad norm: 1099.90 at epoch=99 step=22063    
                    WARNING  High grad norm: 1432.67 at epoch=99 step=22064    
                    WARNING  High grad norm: 1039.65 at epoch=99 step=22065    
                    WARNING  High grad norm: 1187.00 at epoch=99 step=22066    
[04/22/26 00:00:46] WARNING  High grad norm: 2136.37 at epoch=99 step=22067    
                    WARNING  High grad norm: 858.47 at epoch=99 step=22068     
                    WARNING  High grad norm: 1276.42 at epoch=99 step=22069    
                    WARNING  High grad norm: 786.46 at epoch=99 step=22070     
[04/22/26 00:00:47] WARNING  High grad norm: 1570.51 at epoch=99 step=22071    
                    WARNING  High grad norm: 863.79 at epoch=99 step=22072     
                    WARNING  High grad norm: 585.42 at epoch=99 step=22073     
                    WARNING  High grad norm: 942.37 at epoch=99 step=22074     
                    WARNING  High grad norm: 1081.34 at epoch=99 step=22075    
[04/22/26 00:00:48] WARNING  High grad norm: 1688.90 at epoch=99 step=22076    
                    INFO     epoch=99 avg_loss=492.3553 lr=1.00e-06            
[04/22/26 00:01:02] WARNING  High grad norm: 2544.53 at epoch=100 step=22077   
                    WARNING  High grad norm: 1411.71 at epoch=100 step=22078   
                    WARNING  High grad norm: 1055.84 at epoch=100 step=22079   
[04/22/26 00:01:03] WARNING  High grad norm: 1024.52 at epoch=100 step=22080   
                    WARNING  High grad norm: 681.80 at epoch=100 step=22081    
                    WARNING  High grad norm: 1294.40 at epoch=100 step=22082   
                    WARNING  High grad norm: 827.16 at epoch=100 step=22083    
                    WARNING  High grad norm: 1892.96 at epoch=100 step=22084   
[04/22/26 00:01:04] WARNING  High grad norm: 715.90 at epoch=100 step=22085    
                    WARNING  High grad norm: 681.35 at epoch=100 step=22086    
                    WARNING  High grad norm: 542.53 at epoch=100 step=22087    
                    WARNING  High grad norm: 621.43 at epoch=100 step=22088    
[04/22/26 00:01:05] WARNING  High grad norm: 984.75 at epoch=100 step=22089    
                    WARNING  High grad norm: 969.37 at epoch=100 step=22090    
                    WARNING  High grad norm: 2637.62 at epoch=100 step=22091   
                    WARNING  High grad norm: 854.55 at epoch=100 step=22092    
                    WARNING  High grad norm: 836.00 at epoch=100 step=22093    
[04/22/26 00:01:06] WARNING  High grad norm: 1447.16 at epoch=100 step=22094   
                    WARNING  High grad norm: 677.87 at epoch=100 step=22095    
                    WARNING  High grad norm: 1297.68 at epoch=100 step=22096   
                    WARNING  High grad norm: 1257.21 at epoch=100 step=22097   
[04/22/26 00:01:07] WARNING  High grad norm: 1956.82 at epoch=100 step=22098   
                    WARNING  High grad norm: 1852.20 at epoch=100 step=22099   
                    INFO     epoch=100 step=22100 loss=441.4524                
                             grad_norm=1852.1998 lr=1.00e-06                   
                    WARNING  High grad norm: 737.44 at epoch=100 step=22100    
                    WARNING  High grad norm: 695.68 at epoch=100 step=22101    
                    WARNING  High grad norm: 583.71 at epoch=100 step=22102    
[04/22/26 00:01:08] WARNING  High grad norm: 809.40 at epoch=100 step=22103    
                    WARNING  High grad norm: 734.76 at epoch=100 step=22104    
                    WARNING  High grad norm: 963.25 at epoch=100 step=22105    
                    WARNING  High grad norm: 1454.03 at epoch=100 step=22106   
[04/22/26 00:01:09] WARNING  High grad norm: 1578.25 at epoch=100 step=22107   
                    WARNING  High grad norm: 845.19 at epoch=100 step=22108    
                    WARNING  High grad norm: 752.71 at epoch=100 step=22109    
                    WARNING  High grad norm: 950.59 at epoch=100 step=22110    
                    WARNING  High grad norm: 1005.05 at epoch=100 step=22111   
[04/22/26 00:01:10] WARNING  High grad norm: 1325.43 at epoch=100 step=22112   
                    WARNING  High grad norm: 1206.51 at epoch=100 step=22113   
                    WARNING  High grad norm: 2826.99 at epoch=100 step=22114   
                    WARNING  High grad norm: 3284.81 at epoch=100 step=22115   
[04/22/26 00:01:11] WARNING  High grad norm: 1246.46 at epoch=100 step=22116   
                    WARNING  High grad norm: 2192.62 at epoch=100 step=22117   
                    WARNING  High grad norm: 776.16 at epoch=100 step=22118    
                    WARNING  High grad norm: 1133.64 at epoch=100 step=22119   
                    WARNING  High grad norm: 1413.91 at epoch=100 step=22120   
[04/22/26 00:01:12] WARNING  High grad norm: 603.28 at epoch=100 step=22121    
                    WARNING  High grad norm: 921.05 at epoch=100 step=22122    
                    WARNING  High grad norm: 654.63 at epoch=100 step=22123    
                    WARNING  High grad norm: 1354.80 at epoch=100 step=22124   
[04/22/26 00:01:13] WARNING  High grad norm: 720.01 at epoch=100 step=22125    
                    WARNING  High grad norm: 665.70 at epoch=100 step=22126    
                    WARNING  High grad norm: 1273.86 at epoch=100 step=22127   
                    WARNING  High grad norm: 1156.62 at epoch=100 step=22128   
                    WARNING  High grad norm: 704.20 at epoch=100 step=22129    
[04/22/26 00:01:14] WARNING  High grad norm: 679.97 at epoch=100 step=22130    
                    WARNING  High grad norm: 1509.10 at epoch=100 step=22131   
                    WARNING  High grad norm: 732.70 at epoch=100 step=22132    
                    WARNING  High grad norm: 626.40 at epoch=100 step=22133    
[04/22/26 00:01:15] WARNING  High grad norm: 986.51 at epoch=100 step=22134    
                    WARNING  High grad norm: 624.77 at epoch=100 step=22135    
                    WARNING  High grad norm: 925.66 at epoch=100 step=22136    
                    WARNING  High grad norm: 1493.78 at epoch=100 step=22137   
                    WARNING  High grad norm: 1476.23 at epoch=100 step=22138   
[04/22/26 00:01:16] WARNING  High grad norm: 839.17 at epoch=100 step=22139    
                    WARNING  High grad norm: 1220.69 at epoch=100 step=22140   
                    WARNING  High grad norm: 1007.79 at epoch=100 step=22141   
                    WARNING  High grad norm: 961.30 at epoch=100 step=22142    
[04/22/26 00:01:17] WARNING  High grad norm: 1221.47 at epoch=100 step=22143   
                    WARNING  High grad norm: 998.45 at epoch=100 step=22144    
                    WARNING  High grad norm: 747.70 at epoch=100 step=22145    
                    WARNING  High grad norm: 819.71 at epoch=100 step=22146    
                    WARNING  High grad norm: 1599.12 at epoch=100 step=22147   
[04/22/26 00:01:18] WARNING  High grad norm: 2410.83 at epoch=100 step=22148   
                    WARNING  High grad norm: 1137.56 at epoch=100 step=22149   
                    WARNING  High grad norm: 756.48 at epoch=100 step=22150    
                    WARNING  High grad norm: 1869.80 at epoch=100 step=22151   
                    WARNING  High grad norm: 1240.86 at epoch=100 step=22152   
[04/22/26 00:01:19] WARNING  High grad norm: 1648.94 at epoch=100 step=22153   
                    WARNING  High grad norm: 778.52 at epoch=100 step=22154    
                    WARNING  High grad norm: 949.01 at epoch=100 step=22155    
                    WARNING  High grad norm: 819.94 at epoch=100 step=22156    
[04/22/26 00:01:20] WARNING  High grad norm: 1392.92 at epoch=100 step=22157   
                    WARNING  High grad norm: 601.72 at epoch=100 step=22158    
                    WARNING  High grad norm: 659.09 at epoch=100 step=22159    
                    WARNING  High grad norm: 738.02 at epoch=100 step=22160    
                    WARNING  High grad norm: 1933.81 at epoch=100 step=22161   
[04/22/26 00:01:21] WARNING  High grad norm: 637.62 at epoch=100 step=22162    
                    WARNING  High grad norm: 1401.94 at epoch=100 step=22163   
                    WARNING  High grad norm: 942.83 at epoch=100 step=22164    
                    WARNING  High grad norm: 1158.55 at epoch=100 step=22165   
[04/22/26 00:01:22] WARNING  High grad norm: 877.43 at epoch=100 step=22166    
                    WARNING  High grad norm: 961.94 at epoch=100 step=22167    
                    WARNING  High grad norm: 1270.80 at epoch=100 step=22168   
                    WARNING  High grad norm: 753.72 at epoch=100 step=22169    
                    WARNING  High grad norm: 1067.41 at epoch=100 step=22170   
[04/22/26 00:01:23] WARNING  High grad norm: 834.13 at epoch=100 step=22171    
                    WARNING  High grad norm: 891.03 at epoch=100 step=22172    
                    WARNING  High grad norm: 832.88 at epoch=100 step=22173    
                    WARNING  High grad norm: 1184.38 at epoch=100 step=22174   
[04/22/26 00:01:24] WARNING  High grad norm: 1286.84 at epoch=100 step=22175   
                    WARNING  High grad norm: 784.71 at epoch=100 step=22176    
                    WARNING  High grad norm: 894.98 at epoch=100 step=22177    
                    WARNING  High grad norm: 663.86 at epoch=100 step=22178    
                    WARNING  High grad norm: 825.94 at epoch=100 step=22179    
[04/22/26 00:01:25] WARNING  High grad norm: 754.47 at epoch=100 step=22180    
                    WARNING  High grad norm: 587.73 at epoch=100 step=22181    
                    WARNING  High grad norm: 1048.10 at epoch=100 step=22182   
                    WARNING  High grad norm: 1395.99 at epoch=100 step=22183   
[04/22/26 00:01:26] WARNING  High grad norm: 1002.17 at epoch=100 step=22184   
                    WARNING  High grad norm: 715.69 at epoch=100 step=22185    
                    WARNING  High grad norm: 736.82 at epoch=100 step=22186    
                    WARNING  High grad norm: 1568.18 at epoch=100 step=22187   
                    WARNING  High grad norm: 914.44 at epoch=100 step=22188    
[04/22/26 00:01:27] WARNING  High grad norm: 848.24 at epoch=100 step=22189    
                    WARNING  High grad norm: 798.47 at epoch=100 step=22190    
                    WARNING  High grad norm: 1034.23 at epoch=100 step=22191   
                    WARNING  High grad norm: 903.27 at epoch=100 step=22192    
[04/22/26 00:01:28] WARNING  High grad norm: 1100.23 at epoch=100 step=22193   
                    WARNING  High grad norm: 636.05 at epoch=100 step=22194    
                    WARNING  High grad norm: 950.10 at epoch=100 step=22195    
                    WARNING  High grad norm: 1028.11 at epoch=100 step=22196   
                    WARNING  High grad norm: 1265.41 at epoch=100 step=22197   
[04/22/26 00:01:29] WARNING  High grad norm: 894.40 at epoch=100 step=22198    
                    WARNING  High grad norm: 704.68 at epoch=100 step=22199    
                    INFO     epoch=100 step=22200 loss=465.4584                
                             grad_norm=704.6794 lr=1.00e-06                    
                    WARNING  High grad norm: 680.44 at epoch=100 step=22200    
                    WARNING  High grad norm: 1378.18 at epoch=100 step=22201   
[04/22/26 00:01:30] WARNING  High grad norm: 1125.78 at epoch=100 step=22202   
                    WARNING  High grad norm: 827.98 at epoch=100 step=22203    
                    WARNING  High grad norm: 1577.86 at epoch=100 step=22204   
                    WARNING  High grad norm: 2069.83 at epoch=100 step=22205   
                    WARNING  High grad norm: 612.49 at epoch=100 step=22206    
[04/22/26 00:01:31] WARNING  High grad norm: 622.18 at epoch=100 step=22207    
                    WARNING  High grad norm: 1390.25 at epoch=100 step=22208   
                    WARNING  High grad norm: 1255.67 at epoch=100 step=22209   
                    WARNING  High grad norm: 1065.44 at epoch=100 step=22210   
[04/22/26 00:01:32] WARNING  High grad norm: 2231.18 at epoch=100 step=22211   
                    WARNING  High grad norm: 2936.37 at epoch=100 step=22212   
                    WARNING  High grad norm: 1141.29 at epoch=100 step=22213   
                    WARNING  High grad norm: 763.83 at epoch=100 step=22214    
                    WARNING  High grad norm: 2028.14 at epoch=100 step=22215   
[04/22/26 00:01:33] WARNING  High grad norm: 3495.47 at epoch=100 step=22216   
                    WARNING  High grad norm: 1243.78 at epoch=100 step=22217   
                    WARNING  High grad norm: 1904.87 at epoch=100 step=22218   
                    WARNING  High grad norm: 862.93 at epoch=100 step=22219    
[04/22/26 00:01:34] WARNING  High grad norm: 2227.30 at epoch=100 step=22220   
                    WARNING  High grad norm: 1690.22 at epoch=100 step=22221   
                    WARNING  High grad norm: 1084.18 at epoch=100 step=22222   
                    WARNING  High grad norm: 1033.42 at epoch=100 step=22223   
                    WARNING  High grad norm: 1184.36 at epoch=100 step=22224   
[04/22/26 00:01:35] WARNING  High grad norm: 2597.07 at epoch=100 step=22225   
                    WARNING  High grad norm: 846.19 at epoch=100 step=22226    
                    WARNING  High grad norm: 845.87 at epoch=100 step=22227    
                    WARNING  High grad norm: 1670.61 at epoch=100 step=22228   
[04/22/26 00:01:36] WARNING  High grad norm: 1403.72 at epoch=100 step=22229   
                    WARNING  High grad norm: 1683.32 at epoch=100 step=22230   
                    WARNING  High grad norm: 1138.15 at epoch=100 step=22231   
                    WARNING  High grad norm: 1662.75 at epoch=100 step=22232   
                    WARNING  High grad norm: 1113.96 at epoch=100 step=22233   
[04/22/26 00:01:37] WARNING  High grad norm: 752.20 at epoch=100 step=22234    
                    WARNING  High grad norm: 3203.35 at epoch=100 step=22235   
                    WARNING  High grad norm: 2543.75 at epoch=100 step=22236   
                    WARNING  High grad norm: 1618.80 at epoch=100 step=22237   
[04/22/26 00:01:38] WARNING  High grad norm: 1089.27 at epoch=100 step=22238   
                    WARNING  High grad norm: 965.52 at epoch=100 step=22239    
                    WARNING  High grad norm: 683.99 at epoch=100 step=22240    
                    WARNING  High grad norm: 1618.55 at epoch=100 step=22241   
                    WARNING  High grad norm: 1702.29 at epoch=100 step=22242   
[04/22/26 00:01:39] WARNING  High grad norm: 1184.03 at epoch=100 step=22243   
                    WARNING  High grad norm: 675.90 at epoch=100 step=22244    
                    WARNING  High grad norm: 1193.96 at epoch=100 step=22245   
                    WARNING  High grad norm: 636.59 at epoch=100 step=22246    
[04/22/26 00:01:40] WARNING  High grad norm: 1051.47 at epoch=100 step=22247   
                    WARNING  High grad norm: 1658.59 at epoch=100 step=22248   
                    WARNING  High grad norm: 1236.76 at epoch=100 step=22249   
                    WARNING  High grad norm: 1274.78 at epoch=100 step=22250   
                    WARNING  High grad norm: 790.83 at epoch=100 step=22251    
[04/22/26 00:01:41] WARNING  High grad norm: 1133.72 at epoch=100 step=22252   
                    WARNING  High grad norm: 887.20 at epoch=100 step=22253    
                    WARNING  High grad norm: 940.46 at epoch=100 step=22254    
                    WARNING  High grad norm: 981.99 at epoch=100 step=22255    
[04/22/26 00:01:42] WARNING  High grad norm: 819.65 at epoch=100 step=22256    
                    WARNING  High grad norm: 930.88 at epoch=100 step=22257    
                    WARNING  High grad norm: 1823.92 at epoch=100 step=22258   
                    WARNING  High grad norm: 852.36 at epoch=100 step=22259    
                    WARNING  High grad norm: 2028.64 at epoch=100 step=22260   
[04/22/26 00:01:43] WARNING  High grad norm: 1364.94 at epoch=100 step=22261   
                    WARNING  High grad norm: 909.20 at epoch=100 step=22262    
                    WARNING  High grad norm: 1520.56 at epoch=100 step=22263   
                    WARNING  High grad norm: 662.95 at epoch=100 step=22264    
[04/22/26 00:01:44] WARNING  High grad norm: 817.98 at epoch=100 step=22265    
                    WARNING  High grad norm: 890.78 at epoch=100 step=22266    
                    WARNING  High grad norm: 918.63 at epoch=100 step=22267    
                    WARNING  High grad norm: 620.79 at epoch=100 step=22268    
                    WARNING  High grad norm: 1116.57 at epoch=100 step=22269   
[04/22/26 00:01:45] WARNING  High grad norm: 1370.76 at epoch=100 step=22270   
                    WARNING  High grad norm: 1136.93 at epoch=100 step=22271   
                    WARNING  High grad norm: 1585.73 at epoch=100 step=22272   
                    WARNING  High grad norm: 1144.45 at epoch=100 step=22273   
[04/22/26 00:01:46] WARNING  High grad norm: 1359.12 at epoch=100 step=22274   
                    WARNING  High grad norm: 1064.66 at epoch=100 step=22275   
                    WARNING  High grad norm: 1547.13 at epoch=100 step=22276   
                    WARNING  High grad norm: 628.21 at epoch=100 step=22277    
                    WARNING  High grad norm: 552.80 at epoch=100 step=22278    
[04/22/26 00:01:47] WARNING  High grad norm: 1712.93 at epoch=100 step=22279   
                    WARNING  High grad norm: 951.63 at epoch=100 step=22280    
                    WARNING  High grad norm: 1022.59 at epoch=100 step=22281   
                    WARNING  High grad norm: 1637.79 at epoch=100 step=22282   
[04/22/26 00:01:48] WARNING  High grad norm: 1959.59 at epoch=100 step=22283   
                    WARNING  High grad norm: 770.67 at epoch=100 step=22284    
                    WARNING  High grad norm: 1006.46 at epoch=100 step=22285   
                    WARNING  High grad norm: 1438.22 at epoch=100 step=22286   
                    WARNING  High grad norm: 735.50 at epoch=100 step=22287    
[04/22/26 00:01:49] WARNING  High grad norm: 1656.23 at epoch=100 step=22288   
                    WARNING  High grad norm: 944.82 at epoch=100 step=22289    
                    WARNING  High grad norm: 895.24 at epoch=100 step=22290    
                    WARNING  High grad norm: 798.66 at epoch=100 step=22291    
[04/22/26 00:01:50] WARNING  High grad norm: 1437.14 at epoch=100 step=22292   
                    WARNING  High grad norm: 1098.09 at epoch=100 step=22293   
                    WARNING  High grad norm: 1083.08 at epoch=100 step=22294   
                    WARNING  High grad norm: 1362.36 at epoch=100 step=22295   
                    WARNING  High grad norm: 919.92 at epoch=100 step=22296    
[04/22/26 00:01:51] WARNING  High grad norm: 767.76 at epoch=100 step=22297    
                    WARNING  High grad norm: 1133.86 at epoch=100 step=22298   
                    WARNING  High grad norm: 1488.71 at epoch=100 step=22299   
                    INFO     epoch=100 step=22300 loss=470.6686                
                             grad_norm=1488.7145 lr=1.00e-06                   
[04/22/26 00:01:52] INFO     epoch=100 avg_loss=470.6686 lr=1.00e-06           
[04/22/26 00:01:59] INFO     Saved checkpoint to                               
                             C:\Users\artun\Desktop\ITS-project\checkpoints\sco
                             re_fmnist_v2\score_epoch_0100.pt                  

Training complete. Metrics: {'final_avg_loss': 470.6685791015625, 'best_avg_loss': 470.6685791015625, 'epochs': 50, 'device': 'cuda'}
Metrics saved -> C:\Users\artun\Desktop\ITS-project\data\results\fmnist_score_v2_metrics.json
