Training FashionMNIST score v2: 50 epochs, batch=256, device=cuda
Checkpoints -> C:\Users\artun\Desktop\ITS-project\checkpoints\score_fmnist_v2
JSONL log    -> C:\Users\artun\Desktop\ITS-project\logs\fmnist_score_v2.jsonl
[04/19/26 17:10:20] WARNING  High grad norm: 1867642.62 at epoch=1 step=0      
[04/19/26 17:10:21] WARNING  High grad norm: 748130.31 at epoch=1 step=1       
                    WARNING  High grad norm: 432714.34 at epoch=1 step=2       
                    WARNING  High grad norm: 712477.31 at epoch=1 step=3       
                    WARNING  High grad norm: 522672.50 at epoch=1 step=4       
                    WARNING  High grad norm: 76217.53 at epoch=1 step=5        
[04/19/26 17:10:22] WARNING  High grad norm: 638794.69 at epoch=1 step=6       
                    WARNING  High grad norm: 956893.06 at epoch=1 step=7       
                    WARNING  High grad norm: 877492.50 at epoch=1 step=8       
                    WARNING  High grad norm: 815847.00 at epoch=1 step=9       
                    WARNING  High grad norm: 441372.50 at epoch=1 step=10      
[04/19/26 17:10:23] WARNING  High grad norm: 5717.65 at epoch=1 step=11        
                    WARNING  High grad norm: 321056.66 at epoch=1 step=12      
                    WARNING  High grad norm: 409865.12 at epoch=1 step=13      
                    WARNING  High grad norm: 541475.69 at epoch=1 step=14      
                    WARNING  High grad norm: 507805.03 at epoch=1 step=15      
[04/19/26 17:10:24] WARNING  High grad norm: 326974.72 at epoch=1 step=16      
                    WARNING  High grad norm: 15130.34 at epoch=1 step=17       
                    WARNING  High grad norm: 227985.31 at epoch=1 step=18      
                    WARNING  High grad norm: 269617.69 at epoch=1 step=19      
[04/19/26 17:10:25] WARNING  High grad norm: 256566.17 at epoch=1 step=20      
                    WARNING  High grad norm: 122491.39 at epoch=1 step=21      
                    WARNING  High grad norm: 63880.49 at epoch=1 step=22       
                    WARNING  High grad norm: 130873.59 at epoch=1 step=23      
                    WARNING  High grad norm: 202284.25 at epoch=1 step=24      
[04/19/26 17:10:26] WARNING  High grad norm: 44565.68 at epoch=1 step=25       
                    WARNING  High grad norm: 140504.64 at epoch=1 step=26      
                    WARNING  High grad norm: 170183.56 at epoch=1 step=27      
                    WARNING  High grad norm: 198916.55 at epoch=1 step=28      
                    WARNING  High grad norm: 66557.35 at epoch=1 step=29       
[04/19/26 17:10:27] WARNING  High grad norm: 162862.88 at epoch=1 step=30      
                    WARNING  High grad norm: 268040.47 at epoch=1 step=31      
                    WARNING  High grad norm: 167096.92 at epoch=1 step=32      
                    WARNING  High grad norm: 113017.40 at epoch=1 step=33      
[04/19/26 17:10:28] WARNING  High grad norm: 88904.52 at epoch=1 step=34       
                    WARNING  High grad norm: 134817.14 at epoch=1 step=35      
                    WARNING  High grad norm: 157967.22 at epoch=1 step=36      
                    WARNING  High grad norm: 45959.89 at epoch=1 step=37       
                    WARNING  High grad norm: 129995.78 at epoch=1 step=38      
[04/19/26 17:10:29] WARNING  High grad norm: 204795.70 at epoch=1 step=39      
                    WARNING  High grad norm: 249282.34 at epoch=1 step=40      
                    WARNING  High grad norm: 92901.78 at epoch=1 step=41       
                    WARNING  High grad norm: 71451.82 at epoch=1 step=42       
                    WARNING  High grad norm: 160401.41 at epoch=1 step=43      
[04/19/26 17:10:30] WARNING  High grad norm: 106108.30 at epoch=1 step=44      
                    WARNING  High grad norm: 18242.06 at epoch=1 step=45       
                    WARNING  High grad norm: 91387.65 at epoch=1 step=46       
                    WARNING  High grad norm: 274938.25 at epoch=1 step=47      
[04/19/26 17:10:31] WARNING  High grad norm: 298394.47 at epoch=1 step=48      
                    WARNING  High grad norm: 140320.72 at epoch=1 step=49      
                    WARNING  High grad norm: 56430.11 at epoch=1 step=50       
                    WARNING  High grad norm: 137058.83 at epoch=1 step=51      
                    WARNING  High grad norm: 99297.22 at epoch=1 step=52       
[04/19/26 17:10:32] WARNING  High grad norm: 27590.23 at epoch=1 step=53       
                    WARNING  High grad norm: 172507.02 at epoch=1 step=54      
                    WARNING  High grad norm: 198772.88 at epoch=1 step=55      
                    WARNING  High grad norm: 174614.47 at epoch=1 step=56      
                    WARNING  High grad norm: 116323.74 at epoch=1 step=57      
[04/19/26 17:10:33] WARNING  High grad norm: 57842.39 at epoch=1 step=58       
                    WARNING  High grad norm: 129705.20 at epoch=1 step=59      
                    WARNING  High grad norm: 122386.02 at epoch=1 step=60      
                    WARNING  High grad norm: 20936.89 at epoch=1 step=61       
                    WARNING  High grad norm: 139341.86 at epoch=1 step=62      
[04/19/26 17:10:34] WARNING  High grad norm: 193552.41 at epoch=1 step=63      
                    WARNING  High grad norm: 156261.73 at epoch=1 step=64      
                    WARNING  High grad norm: 97359.92 at epoch=1 step=65       
                    WARNING  High grad norm: 105563.92 at epoch=1 step=66      
[04/19/26 17:10:35] WARNING  High grad norm: 147362.38 at epoch=1 step=67      
                    WARNING  High grad norm: 140921.59 at epoch=1 step=68      
                    WARNING  High grad norm: 48342.80 at epoch=1 step=69       
                    WARNING  High grad norm: 150428.39 at epoch=1 step=70      
                    WARNING  High grad norm: 201403.45 at epoch=1 step=71      
[04/19/26 17:10:36] WARNING  High grad norm: 167591.48 at epoch=1 step=72      
                    WARNING  High grad norm: 75761.34 at epoch=1 step=73       
                    WARNING  High grad norm: 112072.48 at epoch=1 step=74      
                    WARNING  High grad norm: 181239.66 at epoch=1 step=75      
                    WARNING  High grad norm: 158043.00 at epoch=1 step=76      
[04/19/26 17:10:37] WARNING  High grad norm: 55890.82 at epoch=1 step=77       
                    WARNING  High grad norm: 86956.63 at epoch=1 step=78       
                    WARNING  High grad norm: 142829.50 at epoch=1 step=79      
                    WARNING  High grad norm: 188564.30 at epoch=1 step=80      
[04/19/26 17:10:38] WARNING  High grad norm: 68145.15 at epoch=1 step=81       
                    WARNING  High grad norm: 93805.72 at epoch=1 step=82       
                    WARNING  High grad norm: 144170.16 at epoch=1 step=83      
                    WARNING  High grad norm: 109372.31 at epoch=1 step=84      
                    WARNING  High grad norm: 40384.80 at epoch=1 step=85       
[04/19/26 17:10:39] WARNING  High grad norm: 135250.56 at epoch=1 step=86      
                    WARNING  High grad norm: 162084.31 at epoch=1 step=87      
                    WARNING  High grad norm: 145753.44 at epoch=1 step=88      
                    WARNING  High grad norm: 79646.50 at epoch=1 step=89       
                    WARNING  High grad norm: 106686.66 at epoch=1 step=90      
[04/19/26 17:10:40] WARNING  High grad norm: 126688.05 at epoch=1 step=91      
                    WARNING  High grad norm: 125265.75 at epoch=1 step=92      
                    WARNING  High grad norm: 70514.30 at epoch=1 step=93       
                    WARNING  High grad norm: 103491.50 at epoch=1 step=94      
[04/19/26 17:10:41] WARNING  High grad norm: 221060.19 at epoch=1 step=95      
                    WARNING  High grad norm: 167018.52 at epoch=1 step=96      
                    WARNING  High grad norm: 66469.77 at epoch=1 step=97       
                    WARNING  High grad norm: 93293.48 at epoch=1 step=98       
                    WARNING  High grad norm: 199622.20 at epoch=1 step=99      
                    INFO     epoch=1 step=100 loss=1869.1840                   
                             grad_norm=199622.2031 lr=2.00e-04                 
[04/19/26 17:10:42] WARNING  High grad norm: 144247.72 at epoch=1 step=100     
                    WARNING  High grad norm: 50036.33 at epoch=1 step=101      
                    WARNING  High grad norm: 91023.02 at epoch=1 step=102      
                    WARNING  High grad norm: 108909.90 at epoch=1 step=103     
                    WARNING  High grad norm: 189011.58 at epoch=1 step=104     
[04/19/26 17:10:43] WARNING  High grad norm: 50579.21 at epoch=1 step=105      
                    WARNING  High grad norm: 69390.93 at epoch=1 step=106      
                    WARNING  High grad norm: 245576.48 at epoch=1 step=107     
                    WARNING  High grad norm: 162730.09 at epoch=1 step=108     
[04/19/26 17:10:44] WARNING  High grad norm: 45207.86 at epoch=1 step=109      
                    WARNING  High grad norm: 100615.05 at epoch=1 step=110     
                    WARNING  High grad norm: 200448.95 at epoch=1 step=111     
                    WARNING  High grad norm: 161610.19 at epoch=1 step=112     
                    WARNING  High grad norm: 69925.36 at epoch=1 step=113      
[04/19/26 17:10:45] WARNING  High grad norm: 108664.88 at epoch=1 step=114     
                    WARNING  High grad norm: 157064.47 at epoch=1 step=115     
                    WARNING  High grad norm: 126429.95 at epoch=1 step=116     
                    WARNING  High grad norm: 77821.77 at epoch=1 step=117      
                    WARNING  High grad norm: 79561.12 at epoch=1 step=118      
[04/19/26 17:10:46] WARNING  High grad norm: 167814.98 at epoch=1 step=119     
                    WARNING  High grad norm: 213837.38 at epoch=1 step=120     
                    WARNING  High grad norm: 55297.46 at epoch=1 step=121      
                    WARNING  High grad norm: 123182.45 at epoch=1 step=122     
[04/19/26 17:10:47] WARNING  High grad norm: 215422.86 at epoch=1 step=123     
                    WARNING  High grad norm: 161615.64 at epoch=1 step=124     
                    WARNING  High grad norm: 72321.60 at epoch=1 step=125      
                    WARNING  High grad norm: 68186.66 at epoch=1 step=126      
                    WARNING  High grad norm: 159531.41 at epoch=1 step=127     
[04/19/26 17:10:48] WARNING  High grad norm: 85628.66 at epoch=1 step=128      
                    WARNING  High grad norm: 39090.57 at epoch=1 step=129      
                    WARNING  High grad norm: 114561.03 at epoch=1 step=130     
                    WARNING  High grad norm: 174238.92 at epoch=1 step=131     
                    WARNING  High grad norm: 151680.33 at epoch=1 step=132     
[04/19/26 17:10:49] WARNING  High grad norm: 98999.08 at epoch=1 step=133      
                    WARNING  High grad norm: 79473.66 at epoch=1 step=134      
                    WARNING  High grad norm: 153656.95 at epoch=1 step=135     
                    WARNING  High grad norm: 153421.91 at epoch=1 step=136     
[04/19/26 17:10:50] WARNING  High grad norm: 38853.66 at epoch=1 step=137      
                    WARNING  High grad norm: 98505.42 at epoch=1 step=138      
                    WARNING  High grad norm: 156934.09 at epoch=1 step=139     
                    WARNING  High grad norm: 136560.52 at epoch=1 step=140     
                    WARNING  High grad norm: 87769.55 at epoch=1 step=141      
[04/19/26 17:10:51] WARNING  High grad norm: 81724.34 at epoch=1 step=142      
                    WARNING  High grad norm: 111359.43 at epoch=1 step=143     
                    WARNING  High grad norm: 164172.59 at epoch=1 step=144     
                    WARNING  High grad norm: 28113.40 at epoch=1 step=145      
                    WARNING  High grad norm: 129130.91 at epoch=1 step=146     
[04/19/26 17:10:52] WARNING  High grad norm: 143822.44 at epoch=1 step=147     
                    WARNING  High grad norm: 210492.38 at epoch=1 step=148     
                    WARNING  High grad norm: 91335.33 at epoch=1 step=149      
                    WARNING  High grad norm: 80119.24 at epoch=1 step=150      
[04/19/26 17:10:53] WARNING  High grad norm: 107951.34 at epoch=1 step=151     
                    WARNING  High grad norm: 194896.00 at epoch=1 step=152     
                    WARNING  High grad norm: 26403.46 at epoch=1 step=153      
                    WARNING  High grad norm: 179242.86 at epoch=1 step=154     
[04/19/26 17:10:54] WARNING  High grad norm: 195047.22 at epoch=1 step=155     
                    WARNING  High grad norm: 213370.41 at epoch=1 step=156     
                    WARNING  High grad norm: 83588.35 at epoch=1 step=157      
                    WARNING  High grad norm: 66352.39 at epoch=1 step=158      
                    WARNING  High grad norm: 145614.30 at epoch=1 step=159     
[04/19/26 17:10:55] WARNING  High grad norm: 111324.50 at epoch=1 step=160     
                    WARNING  High grad norm: 22840.12 at epoch=1 step=161      
                    WARNING  High grad norm: 170041.52 at epoch=1 step=162     
                    WARNING  High grad norm: 160504.39 at epoch=1 step=163     
                    WARNING  High grad norm: 162270.94 at epoch=1 step=164     
[04/19/26 17:10:56] WARNING  High grad norm: 83131.50 at epoch=1 step=165      
                    WARNING  High grad norm: 62672.17 at epoch=1 step=166      
                    WARNING  High grad norm: 110415.52 at epoch=1 step=167     
                    WARNING  High grad norm: 125639.05 at epoch=1 step=168     
[04/19/26 17:10:57] WARNING  High grad norm: 21319.82 at epoch=1 step=169      
                    WARNING  High grad norm: 144038.33 at epoch=1 step=170     
                    WARNING  High grad norm: 204161.25 at epoch=1 step=171     
                    WARNING  High grad norm: 174106.84 at epoch=1 step=172     
                    WARNING  High grad norm: 79670.09 at epoch=1 step=173      
[04/19/26 17:10:58] WARNING  High grad norm: 66431.60 at epoch=1 step=174      
                    WARNING  High grad norm: 104437.43 at epoch=1 step=175     
                    WARNING  High grad norm: 124852.08 at epoch=1 step=176     
                    WARNING  High grad norm: 25924.89 at epoch=1 step=177      
                    WARNING  High grad norm: 108076.38 at epoch=1 step=178     
[04/19/26 17:10:59] WARNING  High grad norm: 206511.08 at epoch=1 step=179     
                    WARNING  High grad norm: 205163.97 at epoch=1 step=180     
                    WARNING  High grad norm: 87738.34 at epoch=1 step=181      
                    WARNING  High grad norm: 70411.26 at epoch=1 step=182      
[04/19/26 17:11:00] WARNING  High grad norm: 123974.01 at epoch=1 step=183     
                    WARNING  High grad norm: 125332.33 at epoch=1 step=184     
                    WARNING  High grad norm: 14708.29 at epoch=1 step=185      
                    WARNING  High grad norm: 150196.62 at epoch=1 step=186     
                    WARNING  High grad norm: 204177.52 at epoch=1 step=187     
[04/19/26 17:11:01] WARNING  High grad norm: 191803.88 at epoch=1 step=188     
                    WARNING  High grad norm: 90128.49 at epoch=1 step=189      
                    WARNING  High grad norm: 75152.97 at epoch=1 step=190      
                    WARNING  High grad norm: 113063.82 at epoch=1 step=191     
                    WARNING  High grad norm: 85297.68 at epoch=1 step=192      
[04/19/26 17:11:02] WARNING  High grad norm: 20298.28 at epoch=1 step=193      
                    WARNING  High grad norm: 149219.89 at epoch=1 step=194     
                    WARNING  High grad norm: 195433.47 at epoch=1 step=195     
                    WARNING  High grad norm: 163463.64 at epoch=1 step=196     
[04/19/26 17:11:03] WARNING  High grad norm: 121115.59 at epoch=1 step=197     
                    WARNING  High grad norm: 44977.73 at epoch=1 step=198      
                    WARNING  High grad norm: 87265.41 at epoch=1 step=199      
                    INFO     epoch=1 step=200 loss=1539.7192                   
                             grad_norm=87265.4141 lr=2.00e-04                  
                    WARNING  High grad norm: 99442.63 at epoch=1 step=200      
                    WARNING  High grad norm: 14740.42 at epoch=1 step=201      
[04/19/26 17:11:04] WARNING  High grad norm: 162977.48 at epoch=1 step=202     
                    WARNING  High grad norm: 215682.00 at epoch=1 step=203     
                    WARNING  High grad norm: 250164.45 at epoch=1 step=204     
                    WARNING  High grad norm: 121221.97 at epoch=1 step=205     
[04/19/26 17:11:05] WARNING  High grad norm: 44821.38 at epoch=1 step=206      
                    WARNING  High grad norm: 82383.01 at epoch=1 step=207      
                    WARNING  High grad norm: 96287.37 at epoch=1 step=208      
                    WARNING  High grad norm: 3680.74 at epoch=1 step=209       
                    WARNING  High grad norm: 115344.62 at epoch=1 step=210     
[04/19/26 17:11:06] WARNING  High grad norm: 263138.78 at epoch=1 step=211     
                    WARNING  High grad norm: 134185.19 at epoch=1 step=212     
                    WARNING  High grad norm: 116277.28 at epoch=1 step=213     
                    WARNING  High grad norm: 56654.16 at epoch=1 step=214      
                    WARNING  High grad norm: 104027.71 at epoch=1 step=215     
[04/19/26 17:11:07] WARNING  High grad norm: 86606.28 at epoch=1 step=216      
                    WARNING  High grad norm: 11698.83 at epoch=1 step=217      
                    WARNING  High grad norm: 140496.86 at epoch=1 step=218     
                    WARNING  High grad norm: 191413.38 at epoch=1 step=219     
[04/19/26 17:11:08] WARNING  High grad norm: 189436.91 at epoch=1 step=220     
                    WARNING  High grad norm: 80925.55 at epoch=1 step=221      
                    WARNING  High grad norm: 93441.86 at epoch=1 step=222      
                    INFO     epoch=1 avg_loss=1508.7170 lr=2.00e-04            
[04/19/26 17:11:23] WARNING  High grad norm: 126118.51 at epoch=2 step=223     
                    WARNING  High grad norm: 122635.68 at epoch=2 step=224     
                    WARNING  High grad norm: 37528.53 at epoch=2 step=225      
                    WARNING  High grad norm: 85543.28 at epoch=2 step=226      
[04/19/26 17:11:24] WARNING  High grad norm: 183619.02 at epoch=2 step=227     
                    WARNING  High grad norm: 143616.84 at epoch=2 step=228     
                    WARNING  High grad norm: 92952.28 at epoch=2 step=229      
                    WARNING  High grad norm: 55312.04 at epoch=2 step=230      
[04/19/26 17:11:25] WARNING  High grad norm: 133858.25 at epoch=2 step=231     
                    WARNING  High grad norm: 96292.26 at epoch=2 step=232      
                    WARNING  High grad norm: 587.73 at epoch=2 step=233        
                    WARNING  High grad norm: 45222.09 at epoch=2 step=234      
                    WARNING  High grad norm: 29386.84 at epoch=2 step=235      
[04/19/26 17:11:26] WARNING  High grad norm: 21843.55 at epoch=2 step=236      
                    WARNING  High grad norm: 13585.99 at epoch=2 step=237      
                    WARNING  High grad norm: 125688.17 at epoch=2 step=238     
                    WARNING  High grad norm: 134767.41 at epoch=2 step=239     
                    WARNING  High grad norm: 96410.77 at epoch=2 step=240      
[04/19/26 17:11:27] WARNING  High grad norm: 40037.21 at epoch=2 step=241      
                    WARNING  High grad norm: 48907.54 at epoch=2 step=242      
                    WARNING  High grad norm: 11752.39 at epoch=2 step=243      
                    WARNING  High grad norm: 14068.68 at epoch=2 step=244      
[04/19/26 17:11:28] WARNING  High grad norm: 56163.64 at epoch=2 step=245      
                    WARNING  High grad norm: 18102.27 at epoch=2 step=246      
                    WARNING  High grad norm: 108418.32 at epoch=2 step=247     
                    WARNING  High grad norm: 89344.57 at epoch=2 step=248      
                    WARNING  High grad norm: 60064.24 at epoch=2 step=249      
[04/19/26 17:11:29] WARNING  High grad norm: 85908.55 at epoch=2 step=250      
                    WARNING  High grad norm: 121432.37 at epoch=2 step=251     
                    WARNING  High grad norm: 45490.35 at epoch=2 step=252      
                    WARNING  High grad norm: 95111.23 at epoch=2 step=253      
                    WARNING  High grad norm: 149753.47 at epoch=2 step=254     
[04/19/26 17:11:30] WARNING  High grad norm: 67470.02 at epoch=2 step=255      
                    WARNING  High grad norm: 79756.49 at epoch=2 step=256      
                    WARNING  High grad norm: 102578.80 at epoch=2 step=257     
                    WARNING  High grad norm: 45728.47 at epoch=2 step=258      
[04/19/26 17:11:31] WARNING  High grad norm: 85077.32 at epoch=2 step=259      
                    WARNING  High grad norm: 121804.79 at epoch=2 step=260     
                    WARNING  High grad norm: 95191.77 at epoch=2 step=261      
                    WARNING  High grad norm: 49635.40 at epoch=2 step=262      
                    WARNING  High grad norm: 93870.38 at epoch=2 step=263      
[04/19/26 17:11:32] WARNING  High grad norm: 47713.48 at epoch=2 step=264      
                    WARNING  High grad norm: 102468.30 at epoch=2 step=265     
                    WARNING  High grad norm: 119873.85 at epoch=2 step=266     
                    WARNING  High grad norm: 69835.36 at epoch=2 step=267      
                    WARNING  High grad norm: 44825.17 at epoch=2 step=268      
[04/19/26 17:11:33] WARNING  High grad norm: 88156.45 at epoch=2 step=269      
                    WARNING  High grad norm: 29334.01 at epoch=2 step=270      
                    WARNING  High grad norm: 103733.47 at epoch=2 step=271     
                    WARNING  High grad norm: 158742.19 at epoch=2 step=272     
[04/19/26 17:11:34] WARNING  High grad norm: 77320.89 at epoch=2 step=273      
                    WARNING  High grad norm: 40926.41 at epoch=2 step=274      
                    WARNING  High grad norm: 86722.41 at epoch=2 step=275      
                    WARNING  High grad norm: 17621.49 at epoch=2 step=276      
                    WARNING  High grad norm: 111920.90 at epoch=2 step=277     
[04/19/26 17:11:35] WARNING  High grad norm: 123051.07 at epoch=2 step=278     
                    WARNING  High grad norm: 72619.84 at epoch=2 step=279      
                    WARNING  High grad norm: 63796.51 at epoch=2 step=280      
                    WARNING  High grad norm: 70206.52 at epoch=2 step=281      
[04/19/26 17:11:36] WARNING  High grad norm: 36701.64 at epoch=2 step=282      
                    WARNING  High grad norm: 104127.38 at epoch=2 step=283     
                    WARNING  High grad norm: 106779.55 at epoch=2 step=284     
                    WARNING  High grad norm: 57628.23 at epoch=2 step=285      
                    WARNING  High grad norm: 71534.34 at epoch=2 step=286      
[04/19/26 17:11:37] WARNING  High grad norm: 106819.88 at epoch=2 step=287     
                    WARNING  High grad norm: 62581.12 at epoch=2 step=288      
                    WARNING  High grad norm: 87670.16 at epoch=2 step=289      
                    WARNING  High grad norm: 92183.11 at epoch=2 step=290      
[04/19/26 17:11:38] WARNING  High grad norm: 62669.14 at epoch=2 step=291      
                    WARNING  High grad norm: 55858.77 at epoch=2 step=292      
                    WARNING  High grad norm: 103818.51 at epoch=2 step=293     
                    WARNING  High grad norm: 56762.58 at epoch=2 step=294      
                    WARNING  High grad norm: 64865.77 at epoch=2 step=295      
[04/19/26 17:11:39] WARNING  High grad norm: 76404.94 at epoch=2 step=296      
                    WARNING  High grad norm: 62560.66 at epoch=2 step=297      
                    WARNING  High grad norm: 64150.84 at epoch=2 step=298      
                    WARNING  High grad norm: 102456.94 at epoch=2 step=299     
                    INFO     epoch=2 step=300 loss=1146.5321                   
                             grad_norm=102456.9375 lr=2.00e-04                 
[04/19/26 17:11:40] WARNING  High grad norm: 42900.18 at epoch=2 step=300      
                    WARNING  High grad norm: 84014.26 at epoch=2 step=301      
                    WARNING  High grad norm: 96826.62 at epoch=2 step=302      
                    WARNING  High grad norm: 61399.15 at epoch=2 step=303      
                    WARNING  High grad norm: 62396.95 at epoch=2 step=304      
[04/19/26 17:11:41] WARNING  High grad norm: 72680.10 at epoch=2 step=305      
                    WARNING  High grad norm: 57116.77 at epoch=2 step=306      
                    WARNING  High grad norm: 75072.34 at epoch=2 step=307      
                    WARNING  High grad norm: 121593.33 at epoch=2 step=308     
                    WARNING  High grad norm: 69891.32 at epoch=2 step=309      
[04/19/26 17:11:42] WARNING  High grad norm: 52684.30 at epoch=2 step=310      
                    WARNING  High grad norm: 80791.83 at epoch=2 step=311      
                    WARNING  High grad norm: 25027.21 at epoch=2 step=312      
                    WARNING  High grad norm: 78492.89 at epoch=2 step=313      
[04/19/26 17:11:43] WARNING  High grad norm: 118733.20 at epoch=2 step=314     
                    WARNING  High grad norm: 54191.66 at epoch=2 step=315      
                    WARNING  High grad norm: 60971.07 at epoch=2 step=316      
                    WARNING  High grad norm: 64034.50 at epoch=2 step=317      
                    WARNING  High grad norm: 29833.46 at epoch=2 step=318      
[04/19/26 17:11:44] WARNING  High grad norm: 81162.17 at epoch=2 step=319      
                    WARNING  High grad norm: 156856.27 at epoch=2 step=320     
                    WARNING  High grad norm: 72031.11 at epoch=2 step=321      
                    WARNING  High grad norm: 39975.80 at epoch=2 step=322      
                    WARNING  High grad norm: 71169.32 at epoch=2 step=323      
[04/19/26 17:11:45] WARNING  High grad norm: 18368.91 at epoch=2 step=324      
                    WARNING  High grad norm: 101835.04 at epoch=2 step=325     
                    WARNING  High grad norm: 136273.62 at epoch=2 step=326     
                    WARNING  High grad norm: 60239.10 at epoch=2 step=327      
[04/19/26 17:11:46] WARNING  High grad norm: 46454.09 at epoch=2 step=328      
                    WARNING  High grad norm: 59821.64 at epoch=2 step=329      
                    WARNING  High grad norm: 27369.51 at epoch=2 step=330      
                    WARNING  High grad norm: 99757.95 at epoch=2 step=331      
                    WARNING  High grad norm: 158856.06 at epoch=2 step=332     
[04/19/26 17:11:47] WARNING  High grad norm: 97085.28 at epoch=2 step=333      
                    WARNING  High grad norm: 49433.04 at epoch=2 step=334      
                    WARNING  High grad norm: 81083.60 at epoch=2 step=335      
                    WARNING  High grad norm: 20658.50 at epoch=2 step=336      
[04/19/26 17:11:48] WARNING  High grad norm: 66785.25 at epoch=2 step=337      
                    WARNING  High grad norm: 140159.08 at epoch=2 step=338     
                    WARNING  High grad norm: 64300.86 at epoch=2 step=339      
                    WARNING  High grad norm: 51115.70 at epoch=2 step=340      
                    WARNING  High grad norm: 67279.69 at epoch=2 step=341      
[04/19/26 17:11:49] WARNING  High grad norm: 32943.36 at epoch=2 step=342      
                    WARNING  High grad norm: 108914.41 at epoch=2 step=343     
                    WARNING  High grad norm: 143062.05 at epoch=2 step=344     
                    WARNING  High grad norm: 71841.05 at epoch=2 step=345      
                    WARNING  High grad norm: 44310.93 at epoch=2 step=346      
[04/19/26 17:11:50] WARNING  High grad norm: 59836.99 at epoch=2 step=347      
                    WARNING  High grad norm: 24035.23 at epoch=2 step=348      
                    WARNING  High grad norm: 86407.50 at epoch=2 step=349      
                    WARNING  High grad norm: 105755.50 at epoch=2 step=350     
[04/19/26 17:11:51] WARNING  High grad norm: 87080.89 at epoch=2 step=351      
                    WARNING  High grad norm: 42199.68 at epoch=2 step=352      
                    WARNING  High grad norm: 74222.02 at epoch=2 step=353      
                    WARNING  High grad norm: 21599.03 at epoch=2 step=354      
                    WARNING  High grad norm: 77825.23 at epoch=2 step=355      
[04/19/26 17:11:52] WARNING  High grad norm: 101605.73 at epoch=2 step=356     
                    WARNING  High grad norm: 112586.02 at epoch=2 step=357     
                    WARNING  High grad norm: 47329.95 at epoch=2 step=358      
                    WARNING  High grad norm: 81493.41 at epoch=2 step=359      
                    WARNING  High grad norm: 19680.99 at epoch=2 step=360      
[04/19/26 17:11:53] WARNING  High grad norm: 113969.60 at epoch=2 step=361     
                    WARNING  High grad norm: 116713.30 at epoch=2 step=362     
                    WARNING  High grad norm: 69488.11 at epoch=2 step=363      
                    WARNING  High grad norm: 52840.77 at epoch=2 step=364      
[04/19/26 17:11:54] WARNING  High grad norm: 66566.72 at epoch=2 step=365      
                    WARNING  High grad norm: 28259.04 at epoch=2 step=366      
                    WARNING  High grad norm: 106870.65 at epoch=2 step=367     
                    WARNING  High grad norm: 136125.38 at epoch=2 step=368     
                    WARNING  High grad norm: 85613.46 at epoch=2 step=369      
[04/19/26 17:11:55] WARNING  High grad norm: 39978.28 at epoch=2 step=370      
                    WARNING  High grad norm: 92832.57 at epoch=2 step=371      
                    WARNING  High grad norm: 16658.05 at epoch=2 step=372      
                    WARNING  High grad norm: 88546.62 at epoch=2 step=373      
[04/19/26 17:11:56] WARNING  High grad norm: 165738.44 at epoch=2 step=374     
                    WARNING  High grad norm: 87931.88 at epoch=2 step=375      
                    WARNING  High grad norm: 37279.50 at epoch=2 step=376      
                    WARNING  High grad norm: 44160.41 at epoch=2 step=377      
                    WARNING  High grad norm: 22867.01 at epoch=2 step=378      
[04/19/26 17:11:57] WARNING  High grad norm: 110595.77 at epoch=2 step=379     
                    WARNING  High grad norm: 110951.05 at epoch=2 step=380     
                    WARNING  High grad norm: 71047.12 at epoch=2 step=381      
                    WARNING  High grad norm: 24004.22 at epoch=2 step=382      
                    WARNING  High grad norm: 57632.15 at epoch=2 step=383      
[04/19/26 17:11:58] WARNING  High grad norm: 9643.96 at epoch=2 step=384       
                    WARNING  High grad norm: 91379.67 at epoch=2 step=385      
                    WARNING  High grad norm: 98708.68 at epoch=2 step=386      
                    WARNING  High grad norm: 75279.91 at epoch=2 step=387      
[04/19/26 17:11:59] WARNING  High grad norm: 29480.73 at epoch=2 step=388      
                    WARNING  High grad norm: 67439.08 at epoch=2 step=389      
                    WARNING  High grad norm: 12798.22 at epoch=2 step=390      
                    WARNING  High grad norm: 110460.43 at epoch=2 step=391     
                    WARNING  High grad norm: 96143.55 at epoch=2 step=392      
[04/19/26 17:12:00] WARNING  High grad norm: 89866.83 at epoch=2 step=393      
                    WARNING  High grad norm: 15662.74 at epoch=2 step=394      
                    WARNING  High grad norm: 60977.39 at epoch=2 step=395      
                    WARNING  High grad norm: 17002.49 at epoch=2 step=396      
                    WARNING  High grad norm: 129332.29 at epoch=2 step=397     
[04/19/26 17:12:01] WARNING  High grad norm: 144126.02 at epoch=2 step=398     
                    WARNING  High grad norm: 65355.43 at epoch=2 step=399      
                    INFO     epoch=2 step=400 loss=1133.8241                   
                             grad_norm=65355.4258 lr=1.99e-04                  
                    WARNING  High grad norm: 25963.46 at epoch=2 step=400      
                    WARNING  High grad norm: 56112.34 at epoch=2 step=401      
[04/19/26 17:12:02] WARNING  High grad norm: 19173.65 at epoch=2 step=402      
                    WARNING  High grad norm: 107977.63 at epoch=2 step=403     
                    WARNING  High grad norm: 137495.75 at epoch=2 step=404     
                    WARNING  High grad norm: 90781.22 at epoch=2 step=405      
                    WARNING  High grad norm: 40577.41 at epoch=2 step=406      
[04/19/26 17:12:03] WARNING  High grad norm: 58360.93 at epoch=2 step=407      
                    WARNING  High grad norm: 17533.15 at epoch=2 step=408      
                    WARNING  High grad norm: 96630.94 at epoch=2 step=409      
                    WARNING  High grad norm: 87695.02 at epoch=2 step=410      
                    WARNING  High grad norm: 80570.29 at epoch=2 step=411      
[04/19/26 17:12:04] WARNING  High grad norm: 56385.98 at epoch=2 step=412      
                    WARNING  High grad norm: 83883.12 at epoch=2 step=413      
                    WARNING  High grad norm: 25319.43 at epoch=2 step=414      
                    WARNING  High grad norm: 71825.08 at epoch=2 step=415      
[04/19/26 17:12:05] WARNING  High grad norm: 102051.41 at epoch=2 step=416     
                    WARNING  High grad norm: 51123.93 at epoch=2 step=417      
                    WARNING  High grad norm: 54380.73 at epoch=2 step=418      
                    WARNING  High grad norm: 76169.88 at epoch=2 step=419      
                    WARNING  High grad norm: 40754.84 at epoch=2 step=420      
[04/19/26 17:12:06] WARNING  High grad norm: 76667.23 at epoch=2 step=421      
                    WARNING  High grad norm: 83007.35 at epoch=2 step=422      
                    WARNING  High grad norm: 57443.39 at epoch=2 step=423      
                    WARNING  High grad norm: 63631.79 at epoch=2 step=424      
[04/19/26 17:12:07] WARNING  High grad norm: 68204.33 at epoch=2 step=425      
                    WARNING  High grad norm: 34960.67 at epoch=2 step=426      
                    WARNING  High grad norm: 74747.45 at epoch=2 step=427      
                    WARNING  High grad norm: 93689.51 at epoch=2 step=428      
                    WARNING  High grad norm: 56401.11 at epoch=2 step=429      
[04/19/26 17:12:08] WARNING  High grad norm: 33867.81 at epoch=2 step=430      
                    WARNING  High grad norm: 67141.20 at epoch=2 step=431      
                    WARNING  High grad norm: 31695.61 at epoch=2 step=432      
                    WARNING  High grad norm: 67049.58 at epoch=2 step=433      
                    WARNING  High grad norm: 91414.00 at epoch=2 step=434      
[04/19/26 17:12:09] WARNING  High grad norm: 74225.21 at epoch=2 step=435      
                    WARNING  High grad norm: 45805.24 at epoch=2 step=436      
                    WARNING  High grad norm: 92816.80 at epoch=2 step=437      
                    WARNING  High grad norm: 34591.68 at epoch=2 step=438      
[04/19/26 17:12:10] WARNING  High grad norm: 73782.98 at epoch=2 step=439      
                    WARNING  High grad norm: 103357.16 at epoch=2 step=440     
                    WARNING  High grad norm: 49473.39 at epoch=2 step=441      
                    WARNING  High grad norm: 52998.63 at epoch=2 step=442      
                    WARNING  High grad norm: 62679.99 at epoch=2 step=443      
[04/19/26 17:12:11] WARNING  High grad norm: 39801.34 at epoch=2 step=444      
                    WARNING  High grad norm: 53047.78 at epoch=2 step=445      
                    INFO     epoch=2 avg_loss=1119.6592 lr=1.99e-04            
[04/19/26 17:12:25] WARNING  High grad norm: 100595.35 at epoch=3 step=446     
                    WARNING  High grad norm: 56618.28 at epoch=3 step=447      
[04/19/26 17:12:26] WARNING  High grad norm: 48164.75 at epoch=3 step=448      
                    WARNING  High grad norm: 67853.70 at epoch=3 step=449      
                    WARNING  High grad norm: 43428.96 at epoch=3 step=450      
                    WARNING  High grad norm: 55387.29 at epoch=3 step=451      
                    WARNING  High grad norm: 129539.66 at epoch=3 step=452     
[04/19/26 17:12:27] WARNING  High grad norm: 45926.54 at epoch=3 step=453      
                    WARNING  High grad norm: 63000.69 at epoch=3 step=454      
                    WARNING  High grad norm: 94252.28 at epoch=3 step=455      
                    WARNING  High grad norm: 43342.45 at epoch=3 step=456      
                    WARNING  High grad norm: 60184.29 at epoch=3 step=457      
[04/19/26 17:12:28] WARNING  High grad norm: 79814.90 at epoch=3 step=458      
                    WARNING  High grad norm: 64104.63 at epoch=3 step=459      
                    WARNING  High grad norm: 51555.83 at epoch=3 step=460      
                    WARNING  High grad norm: 86946.05 at epoch=3 step=461      
[04/19/26 17:12:29] WARNING  High grad norm: 37723.98 at epoch=3 step=462      
                    WARNING  High grad norm: 95992.27 at epoch=3 step=463      
                    WARNING  High grad norm: 93801.11 at epoch=3 step=464      
                    WARNING  High grad norm: 52606.40 at epoch=3 step=465      
                    WARNING  High grad norm: 67885.36 at epoch=3 step=466      
[04/19/26 17:12:30] WARNING  High grad norm: 68093.14 at epoch=3 step=467      
                    WARNING  High grad norm: 26776.97 at epoch=3 step=468      
                    WARNING  High grad norm: 81808.21 at epoch=3 step=469      
                    WARNING  High grad norm: 75956.66 at epoch=3 step=470      
                    WARNING  High grad norm: 57866.00 at epoch=3 step=471      
[04/19/26 17:12:31] WARNING  High grad norm: 28386.54 at epoch=3 step=472      
                    WARNING  High grad norm: 62117.94 at epoch=3 step=473      
                    WARNING  High grad norm: 47152.72 at epoch=3 step=474      
                    WARNING  High grad norm: 84911.05 at epoch=3 step=475      
[04/19/26 17:12:32] WARNING  High grad norm: 122885.41 at epoch=3 step=476     
                    WARNING  High grad norm: 40707.83 at epoch=3 step=477      
                    WARNING  High grad norm: 64722.54 at epoch=3 step=478      
                    WARNING  High grad norm: 73169.80 at epoch=3 step=479      
                    WARNING  High grad norm: 37443.40 at epoch=3 step=480      
[04/19/26 17:12:33] WARNING  High grad norm: 90394.39 at epoch=3 step=481      
                    WARNING  High grad norm: 117467.15 at epoch=3 step=482     
                    WARNING  High grad norm: 41320.70 at epoch=3 step=483      
                    WARNING  High grad norm: 48292.22 at epoch=3 step=484      
[04/19/26 17:12:34] WARNING  High grad norm: 76911.48 at epoch=3 step=485      
                    WARNING  High grad norm: 29347.61 at epoch=3 step=486      
                    WARNING  High grad norm: 77558.05 at epoch=3 step=487      
                    WARNING  High grad norm: 103923.87 at epoch=3 step=488     
                    WARNING  High grad norm: 33955.13 at epoch=3 step=489      
[04/19/26 17:12:35] WARNING  High grad norm: 50010.44 at epoch=3 step=490      
                    WARNING  High grad norm: 80566.27 at epoch=3 step=491      
                    WARNING  High grad norm: 31229.70 at epoch=3 step=492      
                    WARNING  High grad norm: 53251.70 at epoch=3 step=493      
                    WARNING  High grad norm: 96977.45 at epoch=3 step=494      
[04/19/26 17:12:36] WARNING  High grad norm: 43407.27 at epoch=3 step=495      
                    WARNING  High grad norm: 55520.75 at epoch=3 step=496      
                    WARNING  High grad norm: 70541.23 at epoch=3 step=497      
                    WARNING  High grad norm: 30074.94 at epoch=3 step=498      
[04/19/26 17:12:37] WARNING  High grad norm: 70888.16 at epoch=3 step=499      
                    INFO     epoch=3 step=500 loss=1036.1193                   
                             grad_norm=70888.1641 lr=1.99e-04                  
                    WARNING  High grad norm: 91206.52 at epoch=3 step=500      
                    WARNING  High grad norm: 52588.60 at epoch=3 step=501      
                    WARNING  High grad norm: 43858.08 at epoch=3 step=502      
                    WARNING  High grad norm: 76259.74 at epoch=3 step=503      
[04/19/26 17:12:38] WARNING  High grad norm: 26109.77 at epoch=3 step=504      
                    WARNING  High grad norm: 65157.71 at epoch=3 step=505      
                    WARNING  High grad norm: 105915.27 at epoch=3 step=506     
                    WARNING  High grad norm: 57912.40 at epoch=3 step=507      
                    WARNING  High grad norm: 40973.16 at epoch=3 step=508      
[04/19/26 17:12:39] WARNING  High grad norm: 67555.77 at epoch=3 step=509      
                    WARNING  High grad norm: 25427.69 at epoch=3 step=510      
                    WARNING  High grad norm: 69848.29 at epoch=3 step=511      
                    WARNING  High grad norm: 78588.72 at epoch=3 step=512      
[04/19/26 17:12:40] WARNING  High grad norm: 64760.57 at epoch=3 step=513      
                    WARNING  High grad norm: 50224.62 at epoch=3 step=514      
                    WARNING  High grad norm: 99888.94 at epoch=3 step=515      
                    WARNING  High grad norm: 32719.98 at epoch=3 step=516      
                    WARNING  High grad norm: 67057.37 at epoch=3 step=517      
[04/19/26 17:12:41] WARNING  High grad norm: 103794.84 at epoch=3 step=518     
                    WARNING  High grad norm: 63945.24 at epoch=3 step=519      
                    WARNING  High grad norm: 47764.29 at epoch=3 step=520      
                    WARNING  High grad norm: 72210.10 at epoch=3 step=521      
                    WARNING  High grad norm: 39238.95 at epoch=3 step=522      
[04/19/26 17:12:42] WARNING  High grad norm: 48906.02 at epoch=3 step=523      
                    WARNING  High grad norm: 54808.21 at epoch=3 step=524      
                    WARNING  High grad norm: 44036.31 at epoch=3 step=525      
                    WARNING  High grad norm: 49396.87 at epoch=3 step=526      
[04/19/26 17:12:43] WARNING  High grad norm: 107229.81 at epoch=3 step=527     
                    WARNING  High grad norm: 39960.42 at epoch=3 step=528      
                    WARNING  High grad norm: 51030.92 at epoch=3 step=529      
                    WARNING  High grad norm: 71999.25 at epoch=3 step=530      
                    WARNING  High grad norm: 36266.50 at epoch=3 step=531      
[04/19/26 17:12:44] WARNING  High grad norm: 71062.38 at epoch=3 step=532      
                    WARNING  High grad norm: 102121.08 at epoch=3 step=533     
                    WARNING  High grad norm: 54979.38 at epoch=3 step=534      
                    WARNING  High grad norm: 53467.13 at epoch=3 step=535      
[04/19/26 17:12:45] WARNING  High grad norm: 84756.58 at epoch=3 step=536      
                    WARNING  High grad norm: 43001.20 at epoch=3 step=537      
                    WARNING  High grad norm: 65074.07 at epoch=3 step=538      
                    WARNING  High grad norm: 68866.19 at epoch=3 step=539      
                    WARNING  High grad norm: 52937.57 at epoch=3 step=540      
[04/19/26 17:12:46] WARNING  High grad norm: 56545.23 at epoch=3 step=541      
                    WARNING  High grad norm: 78037.31 at epoch=3 step=542      
                    WARNING  High grad norm: 35290.38 at epoch=3 step=543      
                    WARNING  High grad norm: 52154.21 at epoch=3 step=544      
                    WARNING  High grad norm: 78761.09 at epoch=3 step=545      
[04/19/26 17:12:47] WARNING  High grad norm: 43819.87 at epoch=3 step=546      
                    WARNING  High grad norm: 65183.80 at epoch=3 step=547      
                    WARNING  High grad norm: 68806.98 at epoch=3 step=548      
                    WARNING  High grad norm: 50137.89 at epoch=3 step=549      
[04/19/26 17:12:48] WARNING  High grad norm: 64948.59 at epoch=3 step=550      
                    WARNING  High grad norm: 67308.38 at epoch=3 step=551      
                    WARNING  High grad norm: 39334.27 at epoch=3 step=552      
                    WARNING  High grad norm: 58815.50 at epoch=3 step=553      
                    WARNING  High grad norm: 76834.04 at epoch=3 step=554      
[04/19/26 17:12:49] WARNING  High grad norm: 46906.20 at epoch=3 step=555      
                    WARNING  High grad norm: 56005.69 at epoch=3 step=556      
                    WARNING  High grad norm: 89796.39 at epoch=3 step=557      
                    WARNING  High grad norm: 37032.08 at epoch=3 step=558      
                    WARNING  High grad norm: 53782.47 at epoch=3 step=559      
[04/19/26 17:12:50] WARNING  High grad norm: 90753.76 at epoch=3 step=560      
                    WARNING  High grad norm: 42345.95 at epoch=3 step=561      
                    WARNING  High grad norm: 48633.73 at epoch=3 step=562      
                    WARNING  High grad norm: 94480.41 at epoch=3 step=563      
[04/19/26 17:12:51] WARNING  High grad norm: 51954.92 at epoch=3 step=564      
                    WARNING  High grad norm: 48895.80 at epoch=3 step=565      
                    WARNING  High grad norm: 95397.26 at epoch=3 step=566      
                    WARNING  High grad norm: 45142.89 at epoch=3 step=567      
                    WARNING  High grad norm: 65572.79 at epoch=3 step=568      
[04/19/26 17:12:52] WARNING  High grad norm: 96672.34 at epoch=3 step=569      
                    WARNING  High grad norm: 45077.60 at epoch=3 step=570      
                    WARNING  High grad norm: 56868.19 at epoch=3 step=571      
                    WARNING  High grad norm: 69244.20 at epoch=3 step=572      
[04/19/26 17:12:53] WARNING  High grad norm: 44025.27 at epoch=3 step=573      
                    WARNING  High grad norm: 53475.53 at epoch=3 step=574      
                    WARNING  High grad norm: 94523.45 at epoch=3 step=575      
                    WARNING  High grad norm: 29279.36 at epoch=3 step=576      
                    WARNING  High grad norm: 79728.50 at epoch=3 step=577      
[04/19/26 17:12:54] WARNING  High grad norm: 71377.53 at epoch=3 step=578      
                    WARNING  High grad norm: 50146.88 at epoch=3 step=579      
                    WARNING  High grad norm: 65122.90 at epoch=3 step=580      
                    WARNING  High grad norm: 77144.62 at epoch=3 step=581      
                    WARNING  High grad norm: 39723.61 at epoch=3 step=582      
[04/19/26 17:12:55] WARNING  High grad norm: 75242.50 at epoch=3 step=583      
                    WARNING  High grad norm: 66656.48 at epoch=3 step=584      
                    WARNING  High grad norm: 56209.41 at epoch=3 step=585      
                    WARNING  High grad norm: 58845.64 at epoch=3 step=586      
[04/19/26 17:12:56] WARNING  High grad norm: 85390.18 at epoch=3 step=587      
                    WARNING  High grad norm: 41194.76 at epoch=3 step=588      
                    WARNING  High grad norm: 41239.83 at epoch=3 step=589      
                    WARNING  High grad norm: 61746.52 at epoch=3 step=590      
                    WARNING  High grad norm: 52379.34 at epoch=3 step=591      
[04/19/26 17:12:57] WARNING  High grad norm: 60817.75 at epoch=3 step=592      
                    WARNING  High grad norm: 71651.76 at epoch=3 step=593      
                    WARNING  High grad norm: 38724.72 at epoch=3 step=594      
                    WARNING  High grad norm: 48521.97 at epoch=3 step=595      
                    WARNING  High grad norm: 95253.55 at epoch=3 step=596      
[04/19/26 17:12:58] WARNING  High grad norm: 30159.76 at epoch=3 step=597      
                    WARNING  High grad norm: 59959.51 at epoch=3 step=598      
                    WARNING  High grad norm: 61060.28 at epoch=3 step=599      
                    INFO     epoch=3 step=600 loss=991.4085                    
                             grad_norm=61060.2812 lr=1.99e-04                  
                    WARNING  High grad norm: 48776.33 at epoch=3 step=600      
[04/19/26 17:12:59] WARNING  High grad norm: 58525.88 at epoch=3 step=601      
                    WARNING  High grad norm: 85460.53 at epoch=3 step=602      
                    WARNING  High grad norm: 46746.44 at epoch=3 step=603      
                    WARNING  High grad norm: 36659.15 at epoch=3 step=604      
                    WARNING  High grad norm: 65580.88 at epoch=3 step=605      
[04/19/26 17:13:00] WARNING  High grad norm: 37299.64 at epoch=3 step=606      
                    WARNING  High grad norm: 48566.36 at epoch=3 step=607      
                    WARNING  High grad norm: 67726.66 at epoch=3 step=608      
                    WARNING  High grad norm: 41305.69 at epoch=3 step=609      
                    WARNING  High grad norm: 49859.69 at epoch=3 step=610      
[04/19/26 17:13:01] WARNING  High grad norm: 81082.45 at epoch=3 step=611      
                    WARNING  High grad norm: 47284.55 at epoch=3 step=612      
                    WARNING  High grad norm: 67492.53 at epoch=3 step=613      
                    WARNING  High grad norm: 87264.86 at epoch=3 step=614      
[04/19/26 17:13:02] WARNING  High grad norm: 55915.26 at epoch=3 step=615      
                    WARNING  High grad norm: 63314.38 at epoch=3 step=616      
                    WARNING  High grad norm: 74912.74 at epoch=3 step=617      
                    WARNING  High grad norm: 59276.27 at epoch=3 step=618      
                    WARNING  High grad norm: 48794.29 at epoch=3 step=619      
[04/19/26 17:13:03] WARNING  High grad norm: 86555.09 at epoch=3 step=620      
                    WARNING  High grad norm: 36953.17 at epoch=3 step=621      
                    WARNING  High grad norm: 69266.65 at epoch=3 step=622      
                    WARNING  High grad norm: 79421.14 at epoch=3 step=623      
[04/19/26 17:13:04] WARNING  High grad norm: 41925.22 at epoch=3 step=624      
                    WARNING  High grad norm: 70462.77 at epoch=3 step=625      
                    WARNING  High grad norm: 60594.02 at epoch=3 step=626      
                    WARNING  High grad norm: 32843.05 at epoch=3 step=627      
                    WARNING  High grad norm: 55075.91 at epoch=3 step=628      
[04/19/26 17:13:05] WARNING  High grad norm: 89480.04 at epoch=3 step=629      
                    WARNING  High grad norm: 36978.42 at epoch=3 step=630      
                    WARNING  High grad norm: 74998.02 at epoch=3 step=631      
                    WARNING  High grad norm: 99940.13 at epoch=3 step=632      
                    WARNING  High grad norm: 45209.55 at epoch=3 step=633      
[04/19/26 17:13:06] WARNING  High grad norm: 63712.82 at epoch=3 step=634      
                    WARNING  High grad norm: 112256.52 at epoch=3 step=635     
                    WARNING  High grad norm: 50303.60 at epoch=3 step=636      
                    WARNING  High grad norm: 69906.96 at epoch=3 step=637      
[04/19/26 17:13:07] WARNING  High grad norm: 67165.91 at epoch=3 step=638      
                    WARNING  High grad norm: 27245.59 at epoch=3 step=639      
                    WARNING  High grad norm: 56425.81 at epoch=3 step=640      
                    WARNING  High grad norm: 101496.23 at epoch=3 step=641     
                    WARNING  High grad norm: 56342.84 at epoch=3 step=642      
[04/19/26 17:13:08] WARNING  High grad norm: 47806.96 at epoch=3 step=643      
                    WARNING  High grad norm: 102866.87 at epoch=3 step=644     
                    WARNING  High grad norm: 36350.06 at epoch=3 step=645      
                    WARNING  High grad norm: 51729.57 at epoch=3 step=646      
                    WARNING  High grad norm: 72672.32 at epoch=3 step=647      
[04/19/26 17:13:09] WARNING  High grad norm: 49738.04 at epoch=3 step=648      
                    WARNING  High grad norm: 56046.26 at epoch=3 step=649      
                    WARNING  High grad norm: 70693.21 at epoch=3 step=650      
                    WARNING  High grad norm: 41985.77 at epoch=3 step=651      
[04/19/26 17:13:10] WARNING  High grad norm: 76038.86 at epoch=3 step=652      
                    WARNING  High grad norm: 73969.27 at epoch=3 step=653      
                    WARNING  High grad norm: 45530.80 at epoch=3 step=654      
                    WARNING  High grad norm: 41138.87 at epoch=3 step=655      
                    WARNING  High grad norm: 56711.00 at epoch=3 step=656      
[04/19/26 17:13:11] WARNING  High grad norm: 30330.79 at epoch=3 step=657      
                    WARNING  High grad norm: 71879.42 at epoch=3 step=658      
                    WARNING  High grad norm: 88436.82 at epoch=3 step=659      
                    WARNING  High grad norm: 53918.26 at epoch=3 step=660      
[04/19/26 17:13:12] WARNING  High grad norm: 40894.07 at epoch=3 step=661      
                    WARNING  High grad norm: 81925.52 at epoch=3 step=662      
                    WARNING  High grad norm: 36924.68 at epoch=3 step=663      
                    WARNING  High grad norm: 73857.99 at epoch=3 step=664      
                    WARNING  High grad norm: 112320.27 at epoch=3 step=665     
[04/19/26 17:13:13] WARNING  High grad norm: 33339.73 at epoch=3 step=666      
                    WARNING  High grad norm: 52568.66 at epoch=3 step=667      
                    WARNING  High grad norm: 93032.85 at epoch=3 step=668      
[04/19/26 17:13:14] INFO     epoch=3 avg_loss=970.4871 lr=1.98e-04             
[04/19/26 17:13:27] WARNING  High grad norm: 35658.77 at epoch=4 step=669      
[04/19/26 17:13:28] WARNING  High grad norm: 56356.43 at epoch=4 step=670      
                    WARNING  High grad norm: 75604.45 at epoch=4 step=671      
                    WARNING  High grad norm: 31577.08 at epoch=4 step=672      
                    WARNING  High grad norm: 52778.04 at epoch=4 step=673      
                    WARNING  High grad norm: 61542.98 at epoch=4 step=674      
[04/19/26 17:13:29] WARNING  High grad norm: 35444.87 at epoch=4 step=675      
                    WARNING  High grad norm: 45876.20 at epoch=4 step=676      
                    WARNING  High grad norm: 94772.72 at epoch=4 step=677      
                    WARNING  High grad norm: 31187.46 at epoch=4 step=678      
[04/19/26 17:13:30] WARNING  High grad norm: 80274.72 at epoch=4 step=679      
                    WARNING  High grad norm: 70317.16 at epoch=4 step=680      
                    WARNING  High grad norm: 49876.63 at epoch=4 step=681      
                    WARNING  High grad norm: 45990.57 at epoch=4 step=682      
                    WARNING  High grad norm: 58927.21 at epoch=4 step=683      
[04/19/26 17:13:31] WARNING  High grad norm: 34457.73 at epoch=4 step=684      
                    WARNING  High grad norm: 64458.79 at epoch=4 step=685      
                    WARNING  High grad norm: 85692.00 at epoch=4 step=686      
                    WARNING  High grad norm: 51394.41 at epoch=4 step=687      
                    WARNING  High grad norm: 48646.45 at epoch=4 step=688      
[04/19/26 17:13:32] WARNING  High grad norm: 102198.27 at epoch=4 step=689     
                    WARNING  High grad norm: 34362.59 at epoch=4 step=690      
                    WARNING  High grad norm: 39548.41 at epoch=4 step=691      
                    WARNING  High grad norm: 55817.76 at epoch=4 step=692      
[04/19/26 17:13:33] WARNING  High grad norm: 23256.56 at epoch=4 step=693      
                    WARNING  High grad norm: 66736.45 at epoch=4 step=694      
                    WARNING  High grad norm: 115706.62 at epoch=4 step=695     
                    WARNING  High grad norm: 74838.47 at epoch=4 step=696      
                    WARNING  High grad norm: 36616.74 at epoch=4 step=697      
[04/19/26 17:13:34] WARNING  High grad norm: 47392.79 at epoch=4 step=698      
                    WARNING  High grad norm: 22352.02 at epoch=4 step=699      
                    INFO     epoch=4 step=700 loss=859.8118                    
                             grad_norm=22352.0195 lr=1.98e-04                  
                    WARNING  High grad norm: 39072.54 at epoch=4 step=700      
                    WARNING  High grad norm: 83645.09 at epoch=4 step=701      
[04/19/26 17:13:35] WARNING  High grad norm: 42949.70 at epoch=4 step=702      
                    WARNING  High grad norm: 37938.90 at epoch=4 step=703      
                    WARNING  High grad norm: 60054.03 at epoch=4 step=704      
                    WARNING  High grad norm: 25719.62 at epoch=4 step=705      
                    WARNING  High grad norm: 56779.38 at epoch=4 step=706      
[04/19/26 17:13:36] WARNING  High grad norm: 81665.84 at epoch=4 step=707      
                    WARNING  High grad norm: 35911.16 at epoch=4 step=708      
                    WARNING  High grad norm: 62102.91 at epoch=4 step=709      
                    WARNING  High grad norm: 107485.90 at epoch=4 step=710     
                    WARNING  High grad norm: 44355.30 at epoch=4 step=711      
[04/19/26 17:13:37] WARNING  High grad norm: 54572.18 at epoch=4 step=712      
                    WARNING  High grad norm: 70664.72 at epoch=4 step=713      
                    WARNING  High grad norm: 28773.06 at epoch=4 step=714      
                    WARNING  High grad norm: 64798.27 at epoch=4 step=715      
[04/19/26 17:13:38] WARNING  High grad norm: 81311.92 at epoch=4 step=716      
                    WARNING  High grad norm: 36608.75 at epoch=4 step=717      
                    WARNING  High grad norm: 62858.61 at epoch=4 step=718      
                    WARNING  High grad norm: 69778.09 at epoch=4 step=719      
                    WARNING  High grad norm: 43577.57 at epoch=4 step=720      
[04/19/26 17:13:39] WARNING  High grad norm: 55320.48 at epoch=4 step=721      
                    WARNING  High grad norm: 70990.48 at epoch=4 step=722      
                    WARNING  High grad norm: 39406.52 at epoch=4 step=723      
                    WARNING  High grad norm: 57907.33 at epoch=4 step=724      
                    WARNING  High grad norm: 78164.70 at epoch=4 step=725      
[04/19/26 17:13:40] WARNING  High grad norm: 41688.68 at epoch=4 step=726      
                    WARNING  High grad norm: 46324.95 at epoch=4 step=727      
                    WARNING  High grad norm: 89472.78 at epoch=4 step=728      
                    WARNING  High grad norm: 37604.40 at epoch=4 step=729      
[04/19/26 17:13:41] WARNING  High grad norm: 68432.86 at epoch=4 step=730      
                    WARNING  High grad norm: 66429.64 at epoch=4 step=731      
                    WARNING  High grad norm: 31897.29 at epoch=4 step=732      
                    WARNING  High grad norm: 58087.48 at epoch=4 step=733      
                    WARNING  High grad norm: 93584.19 at epoch=4 step=734      
[04/19/26 17:13:42] WARNING  High grad norm: 53481.29 at epoch=4 step=735      
                    WARNING  High grad norm: 36723.05 at epoch=4 step=736      
                    WARNING  High grad norm: 55051.95 at epoch=4 step=737      
                    WARNING  High grad norm: 21481.22 at epoch=4 step=738      
[04/19/26 17:13:43] WARNING  High grad norm: 70734.74 at epoch=4 step=739      
                    WARNING  High grad norm: 82722.16 at epoch=4 step=740      
                    WARNING  High grad norm: 56490.94 at epoch=4 step=741      
                    WARNING  High grad norm: 38487.92 at epoch=4 step=742      
                    WARNING  High grad norm: 62242.60 at epoch=4 step=743      
[04/19/26 17:13:44] WARNING  High grad norm: 21040.65 at epoch=4 step=744      
                    WARNING  High grad norm: 78940.71 at epoch=4 step=745      
                    WARNING  High grad norm: 85921.05 at epoch=4 step=746      
                    WARNING  High grad norm: 44665.89 at epoch=4 step=747      
                    WARNING  High grad norm: 44765.33 at epoch=4 step=748      
[04/19/26 17:13:45] WARNING  High grad norm: 73454.71 at epoch=4 step=749      
                    WARNING  High grad norm: 22812.37 at epoch=4 step=750      
                    WARNING  High grad norm: 81722.77 at epoch=4 step=751      
                    WARNING  High grad norm: 68010.34 at epoch=4 step=752      
[04/19/26 17:13:46] WARNING  High grad norm: 52064.09 at epoch=4 step=753      
                    WARNING  High grad norm: 50960.45 at epoch=4 step=754      
                    WARNING  High grad norm: 98457.35 at epoch=4 step=755      
                    WARNING  High grad norm: 46504.57 at epoch=4 step=756      
                    WARNING  High grad norm: 54961.86 at epoch=4 step=757      
[04/19/26 17:13:47] WARNING  High grad norm: 79272.09 at epoch=4 step=758      
                    WARNING  High grad norm: 35082.73 at epoch=4 step=759      
                    WARNING  High grad norm: 60951.85 at epoch=4 step=760      
                    WARNING  High grad norm: 65452.14 at epoch=4 step=761      
[04/19/26 17:13:48] WARNING  High grad norm: 47789.34 at epoch=4 step=762      
                    WARNING  High grad norm: 52124.22 at epoch=4 step=763      
                    WARNING  High grad norm: 72042.91 at epoch=4 step=764      
                    WARNING  High grad norm: 47837.44 at epoch=4 step=765      
                    WARNING  High grad norm: 51887.31 at epoch=4 step=766      
[04/19/26 17:13:49] WARNING  High grad norm: 74456.06 at epoch=4 step=767      
                    WARNING  High grad norm: 38333.43 at epoch=4 step=768      
                    WARNING  High grad norm: 53963.66 at epoch=4 step=769      
                    WARNING  High grad norm: 77126.49 at epoch=4 step=770      
                    WARNING  High grad norm: 36060.48 at epoch=4 step=771      
[04/19/26 17:13:50] WARNING  High grad norm: 65167.62 at epoch=4 step=772      
                    WARNING  High grad norm: 77258.76 at epoch=4 step=773      
                    WARNING  High grad norm: 51824.52 at epoch=4 step=774      
                    WARNING  High grad norm: 41340.86 at epoch=4 step=775      
[04/19/26 17:13:51] WARNING  High grad norm: 51592.92 at epoch=4 step=776      
                    WARNING  High grad norm: 37126.44 at epoch=4 step=777      
                    WARNING  High grad norm: 50354.96 at epoch=4 step=778      
                    WARNING  High grad norm: 84696.23 at epoch=4 step=779      
                    WARNING  High grad norm: 33194.92 at epoch=4 step=780      
[04/19/26 17:13:52] WARNING  High grad norm: 40965.88 at epoch=4 step=781      
                    WARNING  High grad norm: 63974.55 at epoch=4 step=782      
                    WARNING  High grad norm: 32676.63 at epoch=4 step=783      
                    WARNING  High grad norm: 68621.62 at epoch=4 step=784      
                    WARNING  High grad norm: 87666.67 at epoch=4 step=785      
[04/19/26 17:13:53] WARNING  High grad norm: 56008.86 at epoch=4 step=786      
                    WARNING  High grad norm: 56631.77 at epoch=4 step=787      
                    WARNING  High grad norm: 59522.61 at epoch=4 step=788      
                    WARNING  High grad norm: 44076.18 at epoch=4 step=789      
[04/19/26 17:13:54] WARNING  High grad norm: 74968.13 at epoch=4 step=790      
                    WARNING  High grad norm: 77555.08 at epoch=4 step=791      
                    WARNING  High grad norm: 44914.38 at epoch=4 step=792      
                    WARNING  High grad norm: 54376.08 at epoch=4 step=793      
                    WARNING  High grad norm: 77915.77 at epoch=4 step=794      
[04/19/26 17:13:55] WARNING  High grad norm: 34796.55 at epoch=4 step=795      
                    WARNING  High grad norm: 82756.40 at epoch=4 step=796      
                    WARNING  High grad norm: 78654.05 at epoch=4 step=797      
                    WARNING  High grad norm: 56014.81 at epoch=4 step=798      
                    WARNING  High grad norm: 58652.93 at epoch=4 step=799      
                    INFO     epoch=4 step=800 loss=831.6591                    
                             grad_norm=58652.9336 lr=1.97e-04                  
[04/19/26 17:13:56] WARNING  High grad norm: 71825.91 at epoch=4 step=800      
                    WARNING  High grad norm: 29534.94 at epoch=4 step=801      
                    WARNING  High grad norm: 59710.40 at epoch=4 step=802      
                    WARNING  High grad norm: 91878.05 at epoch=4 step=803      
[04/19/26 17:13:57] WARNING  High grad norm: 44337.70 at epoch=4 step=804      
                    WARNING  High grad norm: 58786.62 at epoch=4 step=805      
                    WARNING  High grad norm: 99639.23 at epoch=4 step=806      
                    WARNING  High grad norm: 34263.42 at epoch=4 step=807      
                    WARNING  High grad norm: 66584.36 at epoch=4 step=808      
[04/19/26 17:13:58] WARNING  High grad norm: 68451.85 at epoch=4 step=809      
                    WARNING  High grad norm: 37337.73 at epoch=4 step=810      
                    WARNING  High grad norm: 41853.58 at epoch=4 step=811      
                    WARNING  High grad norm: 72986.22 at epoch=4 step=812      
[04/19/26 17:13:59] WARNING  High grad norm: 30599.03 at epoch=4 step=813      
                    WARNING  High grad norm: 67487.98 at epoch=4 step=814      
                    WARNING  High grad norm: 89386.23 at epoch=4 step=815      
                    WARNING  High grad norm: 42582.15 at epoch=4 step=816      
                    WARNING  High grad norm: 46498.85 at epoch=4 step=817      
[04/19/26 17:14:00] WARNING  High grad norm: 61811.18 at epoch=4 step=818      
                    WARNING  High grad norm: 39083.74 at epoch=4 step=819      
                    WARNING  High grad norm: 61867.13 at epoch=4 step=820      
                    WARNING  High grad norm: 111978.23 at epoch=4 step=821     
                    WARNING  High grad norm: 58869.16 at epoch=4 step=822      
[04/19/26 17:14:01] WARNING  High grad norm: 41717.26 at epoch=4 step=823      
                    WARNING  High grad norm: 73420.28 at epoch=4 step=824      
                    WARNING  High grad norm: 31961.19 at epoch=4 step=825      
                    WARNING  High grad norm: 74114.23 at epoch=4 step=826      
[04/19/26 17:14:02] WARNING  High grad norm: 78724.31 at epoch=4 step=827      
                    WARNING  High grad norm: 46458.73 at epoch=4 step=828      
                    WARNING  High grad norm: 53592.78 at epoch=4 step=829      
                    WARNING  High grad norm: 89213.09 at epoch=4 step=830      
                    WARNING  High grad norm: 52790.92 at epoch=4 step=831      
[04/19/26 17:14:03] WARNING  High grad norm: 54498.64 at epoch=4 step=832      
                    WARNING  High grad norm: 63500.15 at epoch=4 step=833      
                    WARNING  High grad norm: 37937.47 at epoch=4 step=834      
                    WARNING  High grad norm: 70897.05 at epoch=4 step=835      
[04/19/26 17:14:04] WARNING  High grad norm: 88378.58 at epoch=4 step=836      
                    WARNING  High grad norm: 61704.12 at epoch=4 step=837      
                    WARNING  High grad norm: 55644.49 at epoch=4 step=838      
                    WARNING  High grad norm: 72586.34 at epoch=4 step=839      
                    WARNING  High grad norm: 35074.77 at epoch=4 step=840      
[04/19/26 17:14:05] WARNING  High grad norm: 72502.33 at epoch=4 step=841      
                    WARNING  High grad norm: 69523.57 at epoch=4 step=842      
                    WARNING  High grad norm: 52536.26 at epoch=4 step=843      
                    WARNING  High grad norm: 52338.50 at epoch=4 step=844      
                    WARNING  High grad norm: 93401.86 at epoch=4 step=845      
[04/19/26 17:14:06] WARNING  High grad norm: 29649.96 at epoch=4 step=846      
                    WARNING  High grad norm: 58249.11 at epoch=4 step=847      
                    WARNING  High grad norm: 89268.96 at epoch=4 step=848      
                    WARNING  High grad norm: 33264.29 at epoch=4 step=849      
[04/19/26 17:14:07] WARNING  High grad norm: 40112.50 at epoch=4 step=850      
                    WARNING  High grad norm: 61139.80 at epoch=4 step=851      
                    WARNING  High grad norm: 27047.26 at epoch=4 step=852      
                    WARNING  High grad norm: 64715.43 at epoch=4 step=853      
                    WARNING  High grad norm: 74150.21 at epoch=4 step=854      
[04/19/26 17:14:08] WARNING  High grad norm: 40873.49 at epoch=4 step=855      
                    WARNING  High grad norm: 51713.71 at epoch=4 step=856      
                    WARNING  High grad norm: 76228.32 at epoch=4 step=857      
                    WARNING  High grad norm: 26830.19 at epoch=4 step=858      
[04/19/26 17:14:09] WARNING  High grad norm: 52639.44 at epoch=4 step=859      
                    WARNING  High grad norm: 65205.07 at epoch=4 step=860      
                    WARNING  High grad norm: 28692.47 at epoch=4 step=861      
                    WARNING  High grad norm: 77233.38 at epoch=4 step=862      
                    WARNING  High grad norm: 77940.30 at epoch=4 step=863      
[04/19/26 17:14:10] WARNING  High grad norm: 34425.85 at epoch=4 step=864      
                    WARNING  High grad norm: 71322.31 at epoch=4 step=865      
                    WARNING  High grad norm: 103060.26 at epoch=4 step=866     
                    WARNING  High grad norm: 39662.42 at epoch=4 step=867      
[04/19/26 17:14:11] WARNING  High grad norm: 64138.71 at epoch=4 step=868      
                    WARNING  High grad norm: 82477.06 at epoch=4 step=869      
                    WARNING  High grad norm: 35914.25 at epoch=4 step=870      
                    WARNING  High grad norm: 46282.02 at epoch=4 step=871      
[04/19/26 17:14:12] WARNING  High grad norm: 50263.20 at epoch=4 step=872      
                    WARNING  High grad norm: 31793.24 at epoch=4 step=873      
                    WARNING  High grad norm: 63819.09 at epoch=4 step=874      
                    WARNING  High grad norm: 93625.05 at epoch=4 step=875      
                    WARNING  High grad norm: 35073.46 at epoch=4 step=876      
[04/19/26 17:14:13] WARNING  High grad norm: 49314.34 at epoch=4 step=877      
                    WARNING  High grad norm: 52435.04 at epoch=4 step=878      
                    WARNING  High grad norm: 26067.22 at epoch=4 step=879      
                    WARNING  High grad norm: 38804.86 at epoch=4 step=880      
[04/19/26 17:14:14] WARNING  High grad norm: 109082.91 at epoch=4 step=881     
                    WARNING  High grad norm: 15521.54 at epoch=4 step=882      
                    WARNING  High grad norm: 56013.92 at epoch=4 step=883      
                    WARNING  High grad norm: 86912.30 at epoch=4 step=884      
                    WARNING  High grad norm: 18414.69 at epoch=4 step=885      
[04/19/26 17:14:15] WARNING  High grad norm: 58278.36 at epoch=4 step=886      
                    WARNING  High grad norm: 71615.66 at epoch=4 step=887      
                    WARNING  High grad norm: 16257.46 at epoch=4 step=888      
                    WARNING  High grad norm: 55797.47 at epoch=4 step=889      
[04/19/26 17:14:16] WARNING  High grad norm: 79962.82 at epoch=4 step=890      
                    WARNING  High grad norm: 30197.46 at epoch=4 step=891      
[04/19/26 17:14:17] INFO     epoch=4 avg_loss=816.8607 lr=1.97e-04             
[04/19/26 17:14:38] WARNING  High grad norm: 57085.85 at epoch=5 step=892      
                    WARNING  High grad norm: 79588.53 at epoch=5 step=893      
                    WARNING  High grad norm: 38033.99 at epoch=5 step=894      
                    WARNING  High grad norm: 49162.24 at epoch=5 step=895      
[04/19/26 17:14:39] WARNING  High grad norm: 49209.08 at epoch=5 step=896      
                    WARNING  High grad norm: 46805.53 at epoch=5 step=897      
                    WARNING  High grad norm: 50195.25 at epoch=5 step=898      
                    WARNING  High grad norm: 76155.67 at epoch=5 step=899      
                    INFO     epoch=5 step=900 loss=805.1306                    
                             grad_norm=76155.6719 lr=1.97e-04                  
                    WARNING  High grad norm: 13007.83 at epoch=5 step=900      
[04/19/26 17:14:40] WARNING  High grad norm: 72796.64 at epoch=5 step=901      
                    WARNING  High grad norm: 53933.71 at epoch=5 step=902      
                    WARNING  High grad norm: 26518.21 at epoch=5 step=903      
                    WARNING  High grad norm: 43373.74 at epoch=5 step=904      
[04/19/26 17:14:41] WARNING  High grad norm: 87532.62 at epoch=5 step=905      
                    WARNING  High grad norm: 29979.03 at epoch=5 step=906      
                    WARNING  High grad norm: 74831.41 at epoch=5 step=907      
                    WARNING  High grad norm: 69115.90 at epoch=5 step=908      
                    WARNING  High grad norm: 42429.98 at epoch=5 step=909      
[04/19/26 17:14:42] WARNING  High grad norm: 40083.82 at epoch=5 step=910      
                    WARNING  High grad norm: 101082.06 at epoch=5 step=911     
                    WARNING  High grad norm: 39685.64 at epoch=5 step=912      
                    WARNING  High grad norm: 42787.37 at epoch=5 step=913      
                    WARNING  High grad norm: 88677.27 at epoch=5 step=914      
[04/19/26 17:14:43] WARNING  High grad norm: 37460.77 at epoch=5 step=915      
                    WARNING  High grad norm: 39168.65 at epoch=5 step=916      
                    WARNING  High grad norm: 105681.63 at epoch=5 step=917     
                    WARNING  High grad norm: 46190.30 at epoch=5 step=918      
[04/19/26 17:14:44] WARNING  High grad norm: 42693.78 at epoch=5 step=919      
                    WARNING  High grad norm: 76117.08 at epoch=5 step=920      
                    WARNING  High grad norm: 34243.18 at epoch=5 step=921      
                    WARNING  High grad norm: 75419.47 at epoch=5 step=922      
                    WARNING  High grad norm: 69994.55 at epoch=5 step=923      
[04/19/26 17:14:45] WARNING  High grad norm: 42925.12 at epoch=5 step=924      
                    WARNING  High grad norm: 66113.05 at epoch=5 step=925      
                    WARNING  High grad norm: 67681.63 at epoch=5 step=926      
                    WARNING  High grad norm: 32706.49 at epoch=5 step=927      
                    WARNING  High grad norm: 34992.56 at epoch=5 step=928      
[04/19/26 17:14:46] WARNING  High grad norm: 94318.63 at epoch=5 step=929      
                    WARNING  High grad norm: 37843.87 at epoch=5 step=930      
                    WARNING  High grad norm: 54265.28 at epoch=5 step=931      
                    WARNING  High grad norm: 70251.02 at epoch=5 step=932      
[04/19/26 17:14:47] WARNING  High grad norm: 33983.18 at epoch=5 step=933      
                    WARNING  High grad norm: 41196.75 at epoch=5 step=934      
                    WARNING  High grad norm: 63616.20 at epoch=5 step=935      
                    WARNING  High grad norm: 39835.75 at epoch=5 step=936      
                    WARNING  High grad norm: 49198.77 at epoch=5 step=937      
[04/19/26 17:14:48] WARNING  High grad norm: 79564.99 at epoch=5 step=938      
                    WARNING  High grad norm: 40634.73 at epoch=5 step=939      
                    WARNING  High grad norm: 59812.88 at epoch=5 step=940      
                    WARNING  High grad norm: 68933.02 at epoch=5 step=941      
                    WARNING  High grad norm: 46110.13 at epoch=5 step=942      
[04/19/26 17:14:49] WARNING  High grad norm: 52644.46 at epoch=5 step=943      
                    WARNING  High grad norm: 61805.39 at epoch=5 step=944      
                    WARNING  High grad norm: 55796.16 at epoch=5 step=945      
                    WARNING  High grad norm: 57791.61 at epoch=5 step=946      
[04/19/26 17:14:50] WARNING  High grad norm: 71759.21 at epoch=5 step=947      
                    WARNING  High grad norm: 33597.13 at epoch=5 step=948      
                    WARNING  High grad norm: 56302.70 at epoch=5 step=949      
                    WARNING  High grad norm: 55409.68 at epoch=5 step=950      
                    WARNING  High grad norm: 53314.54 at epoch=5 step=951      
[04/19/26 17:14:51] WARNING  High grad norm: 49413.71 at epoch=5 step=952      
                    WARNING  High grad norm: 68901.55 at epoch=5 step=953      
                    WARNING  High grad norm: 32922.36 at epoch=5 step=954      
                    WARNING  High grad norm: 51964.32 at epoch=5 step=955      
                    WARNING  High grad norm: 80184.62 at epoch=5 step=956      
[04/19/26 17:14:52] WARNING  High grad norm: 34990.34 at epoch=5 step=957      
                    WARNING  High grad norm: 63373.10 at epoch=5 step=958      
                    WARNING  High grad norm: 72332.90 at epoch=5 step=959      
                    WARNING  High grad norm: 36907.43 at epoch=5 step=960      
[04/19/26 17:14:53] WARNING  High grad norm: 36703.44 at epoch=5 step=961      
                    WARNING  High grad norm: 96868.42 at epoch=5 step=962      
                    WARNING  High grad norm: 38483.10 at epoch=5 step=963      
                    WARNING  High grad norm: 49800.23 at epoch=5 step=964      
                    WARNING  High grad norm: 79418.08 at epoch=5 step=965      
[04/19/26 17:14:54] WARNING  High grad norm: 33699.39 at epoch=5 step=966      
                    WARNING  High grad norm: 43484.28 at epoch=5 step=967      
                    WARNING  High grad norm: 82736.37 at epoch=5 step=968      
                    WARNING  High grad norm: 38529.84 at epoch=5 step=969      
[04/19/26 17:14:55] WARNING  High grad norm: 61725.25 at epoch=5 step=970      
                    WARNING  High grad norm: 52397.94 at epoch=5 step=971      
                    WARNING  High grad norm: 36772.58 at epoch=5 step=972      
                    WARNING  High grad norm: 68019.49 at epoch=5 step=973      
                    WARNING  High grad norm: 82641.55 at epoch=5 step=974      
[04/19/26 17:14:56] WARNING  High grad norm: 41048.36 at epoch=5 step=975      
                    WARNING  High grad norm: 43758.84 at epoch=5 step=976      
                    WARNING  High grad norm: 78077.93 at epoch=5 step=977      
                    WARNING  High grad norm: 27892.31 at epoch=5 step=978      
                    WARNING  High grad norm: 50063.80 at epoch=5 step=979      
[04/19/26 17:14:57] WARNING  High grad norm: 71986.95 at epoch=5 step=980      
                    WARNING  High grad norm: 33189.55 at epoch=5 step=981      
                    WARNING  High grad norm: 54305.99 at epoch=5 step=982      
                    WARNING  High grad norm: 96827.46 at epoch=5 step=983      
[04/19/26 17:14:58] WARNING  High grad norm: 28704.59 at epoch=5 step=984      
                    WARNING  High grad norm: 64095.93 at epoch=5 step=985      
                    WARNING  High grad norm: 90407.83 at epoch=5 step=986      
                    WARNING  High grad norm: 27155.29 at epoch=5 step=987      
                    WARNING  High grad norm: 52765.91 at epoch=5 step=988      
[04/19/26 17:14:59] WARNING  High grad norm: 83741.84 at epoch=5 step=989      
                    WARNING  High grad norm: 48942.57 at epoch=5 step=990      
                    WARNING  High grad norm: 42568.69 at epoch=5 step=991      
                    WARNING  High grad norm: 68882.04 at epoch=5 step=992      
                    WARNING  High grad norm: 27551.41 at epoch=5 step=993      
[04/19/26 17:15:00] WARNING  High grad norm: 49930.63 at epoch=5 step=994      
                    WARNING  High grad norm: 60924.67 at epoch=5 step=995      
                    WARNING  High grad norm: 39038.97 at epoch=5 step=996      
                    WARNING  High grad norm: 54463.32 at epoch=5 step=997      
[04/19/26 17:15:01] WARNING  High grad norm: 102950.74 at epoch=5 step=998     
                    WARNING  High grad norm: 37562.02 at epoch=5 step=999      
                    INFO     epoch=5 step=1000 loss=761.8876                   
                             grad_norm=37562.0156 lr=1.96e-04                  
                    WARNING  High grad norm: 49778.99 at epoch=5 step=1000     
                    WARNING  High grad norm: 78179.89 at epoch=5 step=1001     
                    WARNING  High grad norm: 34830.30 at epoch=5 step=1002     
[04/19/26 17:15:02] WARNING  High grad norm: 68146.97 at epoch=5 step=1003     
                    WARNING  High grad norm: 95652.72 at epoch=5 step=1004     
                    WARNING  High grad norm: 49829.98 at epoch=5 step=1005     
                    WARNING  High grad norm: 59658.48 at epoch=5 step=1006     
[04/19/26 17:15:03] WARNING  High grad norm: 59026.83 at epoch=5 step=1007     
                    WARNING  High grad norm: 36621.23 at epoch=5 step=1008     
                    WARNING  High grad norm: 51592.85 at epoch=5 step=1009     
                    WARNING  High grad norm: 85359.73 at epoch=5 step=1010     
                    WARNING  High grad norm: 39666.85 at epoch=5 step=1011     
[04/19/26 17:15:04] WARNING  High grad norm: 53369.07 at epoch=5 step=1012     
                    WARNING  High grad norm: 77860.05 at epoch=5 step=1013     
                    WARNING  High grad norm: 43002.66 at epoch=5 step=1014     
                    WARNING  High grad norm: 52231.32 at epoch=5 step=1015     
[04/19/26 17:15:05] WARNING  High grad norm: 52546.57 at epoch=5 step=1016     
                    WARNING  High grad norm: 33310.80 at epoch=5 step=1017     
                    WARNING  High grad norm: 56523.00 at epoch=5 step=1018     
                    WARNING  High grad norm: 72619.21 at epoch=5 step=1019     
                    WARNING  High grad norm: 34386.56 at epoch=5 step=1020     
[04/19/26 17:15:06] WARNING  High grad norm: 62247.41 at epoch=5 step=1021     
                    WARNING  High grad norm: 88522.77 at epoch=5 step=1022     
                    WARNING  High grad norm: 47402.19 at epoch=5 step=1023     
                    WARNING  High grad norm: 44322.61 at epoch=5 step=1024     
                    WARNING  High grad norm: 56648.47 at epoch=5 step=1025     
[04/19/26 17:15:07] WARNING  High grad norm: 26723.09 at epoch=5 step=1026     
                    WARNING  High grad norm: 68839.07 at epoch=5 step=1027     
                    WARNING  High grad norm: 75398.30 at epoch=5 step=1028     
                    WARNING  High grad norm: 54027.13 at epoch=5 step=1029     
[04/19/26 17:15:08] WARNING  High grad norm: 35895.38 at epoch=5 step=1030     
                    WARNING  High grad norm: 98132.27 at epoch=5 step=1031     
                    WARNING  High grad norm: 34559.96 at epoch=5 step=1032     
                    WARNING  High grad norm: 45974.23 at epoch=5 step=1033     
                    WARNING  High grad norm: 84394.40 at epoch=5 step=1034     
[04/19/26 17:15:09] WARNING  High grad norm: 32677.58 at epoch=5 step=1035     
                    WARNING  High grad norm: 56097.33 at epoch=5 step=1036     
                    WARNING  High grad norm: 91271.55 at epoch=5 step=1037     
                    WARNING  High grad norm: 34447.94 at epoch=5 step=1038     
[04/19/26 17:15:10] WARNING  High grad norm: 43666.62 at epoch=5 step=1039     
                    WARNING  High grad norm: 69108.79 at epoch=5 step=1040     
                    WARNING  High grad norm: 31892.88 at epoch=5 step=1041     
                    WARNING  High grad norm: 61991.98 at epoch=5 step=1042     
                    WARNING  High grad norm: 61003.41 at epoch=5 step=1043     
[04/19/26 17:15:11] WARNING  High grad norm: 41291.24 at epoch=5 step=1044     
                    WARNING  High grad norm: 45689.26 at epoch=5 step=1045     
                    WARNING  High grad norm: 78920.26 at epoch=5 step=1046     
                    WARNING  High grad norm: 32617.39 at epoch=5 step=1047     
[04/19/26 17:15:12] WARNING  High grad norm: 54275.12 at epoch=5 step=1048     
                    WARNING  High grad norm: 73186.34 at epoch=5 step=1049     
                    WARNING  High grad norm: 40265.14 at epoch=5 step=1050     
                    WARNING  High grad norm: 54543.57 at epoch=5 step=1051     
                    WARNING  High grad norm: 85975.38 at epoch=5 step=1052     
[04/19/26 17:15:13] WARNING  High grad norm: 45477.38 at epoch=5 step=1053     
                    WARNING  High grad norm: 33486.89 at epoch=5 step=1054     
                    WARNING  High grad norm: 80212.23 at epoch=5 step=1055     
                    WARNING  High grad norm: 21722.10 at epoch=5 step=1056     
[04/19/26 17:15:14] WARNING  High grad norm: 51045.33 at epoch=5 step=1057     
                    WARNING  High grad norm: 84545.54 at epoch=5 step=1058     
                    WARNING  High grad norm: 41565.66 at epoch=5 step=1059     
                    WARNING  High grad norm: 65909.52 at epoch=5 step=1060     
                    WARNING  High grad norm: 83969.47 at epoch=5 step=1061     
[04/19/26 17:15:15] WARNING  High grad norm: 36140.80 at epoch=5 step=1062     
                    WARNING  High grad norm: 53813.57 at epoch=5 step=1063     
                    WARNING  High grad norm: 92910.06 at epoch=5 step=1064     
                    WARNING  High grad norm: 31101.62 at epoch=5 step=1065     
[04/19/26 17:15:16] WARNING  High grad norm: 47946.38 at epoch=5 step=1066     
                    WARNING  High grad norm: 65622.31 at epoch=5 step=1067     
                    WARNING  High grad norm: 46565.95 at epoch=5 step=1068     
                    WARNING  High grad norm: 63832.34 at epoch=5 step=1069     
[04/19/26 17:15:17] WARNING  High grad norm: 65461.28 at epoch=5 step=1070     
                    WARNING  High grad norm: 32234.76 at epoch=5 step=1071     
                    WARNING  High grad norm: 39003.31 at epoch=5 step=1072     
                    WARNING  High grad norm: 59359.89 at epoch=5 step=1073     
                    WARNING  High grad norm: 35054.41 at epoch=5 step=1074     
[04/19/26 17:15:18] WARNING  High grad norm: 51774.96 at epoch=5 step=1075     
                    WARNING  High grad norm: 63221.58 at epoch=5 step=1076     
                    WARNING  High grad norm: 20643.63 at epoch=5 step=1077     
                    WARNING  High grad norm: 41674.20 at epoch=5 step=1078     
[04/19/26 17:15:19] WARNING  High grad norm: 59732.38 at epoch=5 step=1079     
                    WARNING  High grad norm: 33291.69 at epoch=5 step=1080     
                    WARNING  High grad norm: 41707.59 at epoch=5 step=1081     
                    WARNING  High grad norm: 61572.86 at epoch=5 step=1082     
                    WARNING  High grad norm: 27415.05 at epoch=5 step=1083     
[04/19/26 17:15:20] WARNING  High grad norm: 44658.34 at epoch=5 step=1084     
                    WARNING  High grad norm: 87796.03 at epoch=5 step=1085     
                    WARNING  High grad norm: 45567.79 at epoch=5 step=1086     
                    WARNING  High grad norm: 56431.82 at epoch=5 step=1087     
[04/19/26 17:15:21] WARNING  High grad norm: 65484.52 at epoch=5 step=1088     
                    WARNING  High grad norm: 43490.81 at epoch=5 step=1089     
                    WARNING  High grad norm: 50473.95 at epoch=5 step=1090     
                    WARNING  High grad norm: 107625.30 at epoch=5 step=1091    
                    WARNING  High grad norm: 42799.17 at epoch=5 step=1092     
[04/19/26 17:15:22] WARNING  High grad norm: 49935.41 at epoch=5 step=1093     
                    WARNING  High grad norm: 66694.05 at epoch=5 step=1094     
                    WARNING  High grad norm: 20153.09 at epoch=5 step=1095     
                    WARNING  High grad norm: 76474.70 at epoch=5 step=1096     
[04/19/26 17:15:23] WARNING  High grad norm: 65331.68 at epoch=5 step=1097     
                    WARNING  High grad norm: 45578.91 at epoch=5 step=1098     
                    WARNING  High grad norm: 30351.90 at epoch=5 step=1099     
                    INFO     epoch=5 step=1100 loss=751.4407                   
                             grad_norm=30351.9004 lr=1.95e-04                  
                    WARNING  High grad norm: 64229.13 at epoch=5 step=1100     
                    WARNING  High grad norm: 34363.82 at epoch=5 step=1101     
[04/19/26 17:15:24] WARNING  High grad norm: 61807.81 at epoch=5 step=1102     
                    WARNING  High grad norm: 55002.00 at epoch=5 step=1103     
                    WARNING  High grad norm: 31704.58 at epoch=5 step=1104     
                    WARNING  High grad norm: 57339.72 at epoch=5 step=1105     
[04/19/26 17:15:25] WARNING  High grad norm: 77219.18 at epoch=5 step=1106     
                    WARNING  High grad norm: 31650.68 at epoch=5 step=1107     
                    WARNING  High grad norm: 56805.79 at epoch=5 step=1108     
                    WARNING  High grad norm: 54943.91 at epoch=5 step=1109     
                    WARNING  High grad norm: 23181.72 at epoch=5 step=1110     
[04/19/26 17:15:26] WARNING  High grad norm: 48112.23 at epoch=5 step=1111     
                    WARNING  High grad norm: 64038.23 at epoch=5 step=1112     
                    WARNING  High grad norm: 38335.24 at epoch=5 step=1113     
                    WARNING  High grad norm: 45107.87 at epoch=5 step=1114     
[04/19/26 17:15:27] INFO     epoch=5 avg_loss=748.7059 lr=1.95e-04             
[04/19/26 17:15:35] INFO     Saved checkpoint to                               
                             C:\Users\artun\Desktop\ITS-project\checkpoints\sco
                             re_fmnist_v2\score_epoch_0005.pt                  
[04/19/26 17:15:50] WARNING  High grad norm: 77139.12 at epoch=6 step=1115     
                    WARNING  High grad norm: 30889.80 at epoch=6 step=1116     
                    WARNING  High grad norm: 53462.07 at epoch=6 step=1117     
                    WARNING  High grad norm: 65660.86 at epoch=6 step=1118     
[04/19/26 17:15:51] WARNING  High grad norm: 31464.96 at epoch=6 step=1119     
                    WARNING  High grad norm: 32623.05 at epoch=6 step=1120     
                    WARNING  High grad norm: 60700.11 at epoch=6 step=1121     
                    WARNING  High grad norm: 35223.18 at epoch=6 step=1122     
                    WARNING  High grad norm: 53797.78 at epoch=6 step=1123     
[04/19/26 17:15:52] WARNING  High grad norm: 82991.16 at epoch=6 step=1124     
                    WARNING  High grad norm: 38334.29 at epoch=6 step=1125     
                    WARNING  High grad norm: 37421.42 at epoch=6 step=1126     
                    WARNING  High grad norm: 35644.29 at epoch=6 step=1127     
[04/19/26 17:15:53] WARNING  High grad norm: 28690.78 at epoch=6 step=1128     
                    WARNING  High grad norm: 58014.87 at epoch=6 step=1129     
                    WARNING  High grad norm: 62169.02 at epoch=6 step=1130     
                    WARNING  High grad norm: 44747.08 at epoch=6 step=1131     
                    WARNING  High grad norm: 50324.86 at epoch=6 step=1132     
[04/19/26 17:15:54] WARNING  High grad norm: 52094.88 at epoch=6 step=1133     
                    WARNING  High grad norm: 36301.86 at epoch=6 step=1134     
                    WARNING  High grad norm: 51091.78 at epoch=6 step=1135     
                    WARNING  High grad norm: 79671.39 at epoch=6 step=1136     
                    WARNING  High grad norm: 28602.80 at epoch=6 step=1137     
[04/19/26 17:15:55] WARNING  High grad norm: 52996.62 at epoch=6 step=1138     
                    WARNING  High grad norm: 54217.66 at epoch=6 step=1139     
                    WARNING  High grad norm: 27442.48 at epoch=6 step=1140     
                    WARNING  High grad norm: 49398.41 at epoch=6 step=1141     
[04/19/26 17:15:56] WARNING  High grad norm: 79356.57 at epoch=6 step=1142     
                    WARNING  High grad norm: 48917.40 at epoch=6 step=1143     
                    WARNING  High grad norm: 33440.08 at epoch=6 step=1144     
                    WARNING  High grad norm: 48449.58 at epoch=6 step=1145     
                    WARNING  High grad norm: 27557.16 at epoch=6 step=1146     
[04/19/26 17:15:57] WARNING  High grad norm: 64014.80 at epoch=6 step=1147     
                    WARNING  High grad norm: 87226.08 at epoch=6 step=1148     
                    WARNING  High grad norm: 48611.90 at epoch=6 step=1149     
                    WARNING  High grad norm: 58565.97 at epoch=6 step=1150     
[04/19/26 17:15:58] WARNING  High grad norm: 68809.80 at epoch=6 step=1151     
                    WARNING  High grad norm: 32136.29 at epoch=6 step=1152     
                    WARNING  High grad norm: 61896.30 at epoch=6 step=1153     
                    WARNING  High grad norm: 63246.79 at epoch=6 step=1154     
                    WARNING  High grad norm: 38092.61 at epoch=6 step=1155     
[04/19/26 17:15:59] WARNING  High grad norm: 53961.02 at epoch=6 step=1156     
                    WARNING  High grad norm: 97705.77 at epoch=6 step=1157     
                    WARNING  High grad norm: 36355.80 at epoch=6 step=1158     
                    WARNING  High grad norm: 48443.97 at epoch=6 step=1159     
[04/19/26 17:16:00] WARNING  High grad norm: 72312.26 at epoch=6 step=1160     
                    WARNING  High grad norm: 41147.07 at epoch=6 step=1161     
                    WARNING  High grad norm: 39017.93 at epoch=6 step=1162     
                    WARNING  High grad norm: 87657.75 at epoch=6 step=1163     
                    WARNING  High grad norm: 26401.20 at epoch=6 step=1164     
[04/19/26 17:16:01] WARNING  High grad norm: 53547.51 at epoch=6 step=1165     
                    WARNING  High grad norm: 64711.97 at epoch=6 step=1166     
                    WARNING  High grad norm: 31911.79 at epoch=6 step=1167     
                    WARNING  High grad norm: 27280.53 at epoch=6 step=1168     
[04/19/26 17:16:02] WARNING  High grad norm: 54920.65 at epoch=6 step=1169     
                    WARNING  High grad norm: 19785.15 at epoch=6 step=1170     
                    WARNING  High grad norm: 46555.29 at epoch=6 step=1171     
                    WARNING  High grad norm: 74703.62 at epoch=6 step=1172     
                    WARNING  High grad norm: 25658.78 at epoch=6 step=1173     
[04/19/26 17:16:03] WARNING  High grad norm: 66071.05 at epoch=6 step=1174     
                    WARNING  High grad norm: 63139.15 at epoch=6 step=1175     
                    WARNING  High grad norm: 23209.07 at epoch=6 step=1176     
                    WARNING  High grad norm: 84113.64 at epoch=6 step=1177     
[04/19/26 17:16:04] WARNING  High grad norm: 91630.57 at epoch=6 step=1178     
                    WARNING  High grad norm: 52121.64 at epoch=6 step=1179     
                    WARNING  High grad norm: 41298.84 at epoch=6 step=1180     
                    WARNING  High grad norm: 63884.17 at epoch=6 step=1181     
                    WARNING  High grad norm: 24228.12 at epoch=6 step=1182     
[04/19/26 17:16:05] WARNING  High grad norm: 52081.55 at epoch=6 step=1183     
                    WARNING  High grad norm: 81689.95 at epoch=6 step=1184     
                    WARNING  High grad norm: 31556.93 at epoch=6 step=1185     
                    WARNING  High grad norm: 62756.11 at epoch=6 step=1186     
[04/19/26 17:16:06] WARNING  High grad norm: 77592.81 at epoch=6 step=1187     
                    WARNING  High grad norm: 36470.48 at epoch=6 step=1188     
                    WARNING  High grad norm: 62947.44 at epoch=6 step=1189     
                    WARNING  High grad norm: 73248.62 at epoch=6 step=1190     
[04/19/26 17:16:07] WARNING  High grad norm: 34512.08 at epoch=6 step=1191     
                    WARNING  High grad norm: 59614.57 at epoch=6 step=1192     
                    WARNING  High grad norm: 71211.20 at epoch=6 step=1193     
                    WARNING  High grad norm: 37420.59 at epoch=6 step=1194     
                    WARNING  High grad norm: 42060.41 at epoch=6 step=1195     
[04/19/26 17:16:08] WARNING  High grad norm: 75173.30 at epoch=6 step=1196     
                    WARNING  High grad norm: 30843.10 at epoch=6 step=1197     
                    WARNING  High grad norm: 49247.79 at epoch=6 step=1198     
                    WARNING  High grad norm: 84827.65 at epoch=6 step=1199     
                    INFO     epoch=6 step=1200 loss=726.3872                   
                             grad_norm=84827.6484 lr=1.94e-04                  
[04/19/26 17:16:09] WARNING  High grad norm: 50258.21 at epoch=6 step=1200     
                    WARNING  High grad norm: 39769.64 at epoch=6 step=1201     
                    WARNING  High grad norm: 53676.64 at epoch=6 step=1202     
                    WARNING  High grad norm: 23094.08 at epoch=6 step=1203     
                    WARNING  High grad norm: 62913.38 at epoch=6 step=1204     
[04/19/26 17:16:10] WARNING  High grad norm: 76431.84 at epoch=6 step=1205     
                    WARNING  High grad norm: 47440.22 at epoch=6 step=1206     
                    WARNING  High grad norm: 48661.20 at epoch=6 step=1207     
                    WARNING  High grad norm: 80730.52 at epoch=6 step=1208     
[04/19/26 17:16:11] WARNING  High grad norm: 45759.86 at epoch=6 step=1209     
                    WARNING  High grad norm: 48553.32 at epoch=6 step=1210     
                    WARNING  High grad norm: 71795.72 at epoch=6 step=1211     
                    WARNING  High grad norm: 32381.99 at epoch=6 step=1212     
                    WARNING  High grad norm: 45392.90 at epoch=6 step=1213     
[04/19/26 17:16:12] WARNING  High grad norm: 112907.66 at epoch=6 step=1214    
                    WARNING  High grad norm: 27672.13 at epoch=6 step=1215     
                    WARNING  High grad norm: 37115.47 at epoch=6 step=1216     
                    WARNING  High grad norm: 82694.88 at epoch=6 step=1217     
[04/19/26 17:16:13] WARNING  High grad norm: 24131.76 at epoch=6 step=1218     
                    WARNING  High grad norm: 44322.90 at epoch=6 step=1219     
                    WARNING  High grad norm: 87677.24 at epoch=6 step=1220     
                    WARNING  High grad norm: 29631.71 at epoch=6 step=1221     
                    WARNING  High grad norm: 47900.48 at epoch=6 step=1222     
[04/19/26 17:16:14] WARNING  High grad norm: 84856.09 at epoch=6 step=1223     
                    WARNING  High grad norm: 49599.28 at epoch=6 step=1224     
                    WARNING  High grad norm: 45328.68 at epoch=6 step=1225     
                    WARNING  High grad norm: 96311.33 at epoch=6 step=1226     
[04/19/26 17:16:15] WARNING  High grad norm: 36585.15 at epoch=6 step=1227     
                    WARNING  High grad norm: 35143.23 at epoch=6 step=1228     
                    WARNING  High grad norm: 71873.60 at epoch=6 step=1229     
                    WARNING  High grad norm: 51728.65 at epoch=6 step=1230     
                    WARNING  High grad norm: 41049.54 at epoch=6 step=1231     
[04/19/26 17:16:16] WARNING  High grad norm: 61310.80 at epoch=6 step=1232     
                    WARNING  High grad norm: 30434.57 at epoch=6 step=1233     
                    WARNING  High grad norm: 46248.92 at epoch=6 step=1234     
                    WARNING  High grad norm: 76335.05 at epoch=6 step=1235     
[04/19/26 17:16:17] WARNING  High grad norm: 37455.02 at epoch=6 step=1236     
                    WARNING  High grad norm: 50557.62 at epoch=6 step=1237     
                    WARNING  High grad norm: 59326.30 at epoch=6 step=1238     
                    WARNING  High grad norm: 28815.87 at epoch=6 step=1239     
                    WARNING  High grad norm: 50544.60 at epoch=6 step=1240     
[04/19/26 17:16:18] WARNING  High grad norm: 66372.61 at epoch=6 step=1241     
                    WARNING  High grad norm: 46026.38 at epoch=6 step=1242     
                    WARNING  High grad norm: 51499.71 at epoch=6 step=1243     
                    WARNING  High grad norm: 57713.96 at epoch=6 step=1244     
[04/19/26 17:16:19] WARNING  High grad norm: 53378.34 at epoch=6 step=1245     
                    WARNING  High grad norm: 44788.12 at epoch=6 step=1246     
                    WARNING  High grad norm: 52984.99 at epoch=6 step=1247     
                    WARNING  High grad norm: 37382.01 at epoch=6 step=1248     
                    WARNING  High grad norm: 54352.19 at epoch=6 step=1249     
[04/19/26 17:16:20] WARNING  High grad norm: 80268.91 at epoch=6 step=1250     
                    WARNING  High grad norm: 35838.69 at epoch=6 step=1251     
                    WARNING  High grad norm: 40426.58 at epoch=6 step=1252     
                    WARNING  High grad norm: 77359.99 at epoch=6 step=1253     
                    WARNING  High grad norm: 29294.40 at epoch=6 step=1254     
[04/19/26 17:16:21] WARNING  High grad norm: 64898.09 at epoch=6 step=1255     
                    WARNING  High grad norm: 80551.63 at epoch=6 step=1256     
                    WARNING  High grad norm: 37122.52 at epoch=6 step=1257     
                    WARNING  High grad norm: 47860.07 at epoch=6 step=1258     
[04/19/26 17:16:22] WARNING  High grad norm: 51788.50 at epoch=6 step=1259     
                    WARNING  High grad norm: 27577.12 at epoch=6 step=1260     
                    WARNING  High grad norm: 67656.50 at epoch=6 step=1261     
                    WARNING  High grad norm: 90229.16 at epoch=6 step=1262     
                    WARNING  High grad norm: 32686.44 at epoch=6 step=1263     
[04/19/26 17:16:23] WARNING  High grad norm: 46772.73 at epoch=6 step=1264     
                    WARNING  High grad norm: 65854.40 at epoch=6 step=1265     
                    WARNING  High grad norm: 48625.24 at epoch=6 step=1266     
                    WARNING  High grad norm: 61144.86 at epoch=6 step=1267     
[04/19/26 17:16:24] WARNING  High grad norm: 84094.26 at epoch=6 step=1268     
                    WARNING  High grad norm: 39198.71 at epoch=6 step=1269     
                    WARNING  High grad norm: 51728.10 at epoch=6 step=1270     
                    WARNING  High grad norm: 62677.88 at epoch=6 step=1271     
                    WARNING  High grad norm: 40506.11 at epoch=6 step=1272     
[04/19/26 17:16:25] WARNING  High grad norm: 38116.45 at epoch=6 step=1273     
                    WARNING  High grad norm: 53586.53 at epoch=6 step=1274     
                    WARNING  High grad norm: 20388.41 at epoch=6 step=1275     
                    WARNING  High grad norm: 56853.72 at epoch=6 step=1276     
[04/19/26 17:16:26] WARNING  High grad norm: 76469.09 at epoch=6 step=1277     
                    WARNING  High grad norm: 41187.38 at epoch=6 step=1278     
                    WARNING  High grad norm: 40645.84 at epoch=6 step=1279     
                    WARNING  High grad norm: 40834.09 at epoch=6 step=1280     
                    WARNING  High grad norm: 19354.26 at epoch=6 step=1281     
[04/19/26 17:16:27] WARNING  High grad norm: 57355.11 at epoch=6 step=1282     
                    WARNING  High grad norm: 62271.68 at epoch=6 step=1283     
                    WARNING  High grad norm: 49496.19 at epoch=6 step=1284     
                    WARNING  High grad norm: 41598.83 at epoch=6 step=1285     
[04/19/26 17:16:28] WARNING  High grad norm: 58918.76 at epoch=6 step=1286     
                    WARNING  High grad norm: 15623.84 at epoch=6 step=1287     
                    WARNING  High grad norm: 63534.29 at epoch=6 step=1288     
                    WARNING  High grad norm: 61684.77 at epoch=6 step=1289     
                    WARNING  High grad norm: 33128.58 at epoch=6 step=1290     
[04/19/26 17:16:29] WARNING  High grad norm: 44360.37 at epoch=6 step=1291     
                    WARNING  High grad norm: 72016.14 at epoch=6 step=1292     
                    WARNING  High grad norm: 34895.95 at epoch=6 step=1293     
                    WARNING  High grad norm: 61425.09 at epoch=6 step=1294     
[04/19/26 17:16:30] WARNING  High grad norm: 75431.30 at epoch=6 step=1295     
                    WARNING  High grad norm: 34416.96 at epoch=6 step=1296     
                    WARNING  High grad norm: 59551.68 at epoch=6 step=1297     
                    WARNING  High grad norm: 90371.12 at epoch=6 step=1298     
                    WARNING  High grad norm: 37856.04 at epoch=6 step=1299     
                    INFO     epoch=6 step=1300 loss=727.2684                   
                             grad_norm=37856.0391 lr=1.93e-04                  
[04/19/26 17:16:31] WARNING  High grad norm: 34134.21 at epoch=6 step=1300     
                    WARNING  High grad norm: 57269.86 at epoch=6 step=1301     
                    WARNING  High grad norm: 49264.05 at epoch=6 step=1302     
                    WARNING  High grad norm: 47438.40 at epoch=6 step=1303     
[04/19/26 17:16:32] WARNING  High grad norm: 78032.45 at epoch=6 step=1304     
                    WARNING  High grad norm: 42122.18 at epoch=6 step=1305     
                    WARNING  High grad norm: 53220.45 at epoch=6 step=1306     
                    WARNING  High grad norm: 65971.31 at epoch=6 step=1307     
                    WARNING  High grad norm: 31405.43 at epoch=6 step=1308     
[04/19/26 17:16:33] WARNING  High grad norm: 78994.48 at epoch=6 step=1309     
                    WARNING  High grad norm: 41327.68 at epoch=6 step=1310     
                    WARNING  High grad norm: 34375.04 at epoch=6 step=1311     
                    WARNING  High grad norm: 36012.59 at epoch=6 step=1312     
[04/19/26 17:16:34] WARNING  High grad norm: 61375.44 at epoch=6 step=1313     
                    WARNING  High grad norm: 34351.23 at epoch=6 step=1314     
                    WARNING  High grad norm: 47968.84 at epoch=6 step=1315     
                    WARNING  High grad norm: 53230.03 at epoch=6 step=1316     
                    WARNING  High grad norm: 31993.95 at epoch=6 step=1317     
[04/19/26 17:16:35] WARNING  High grad norm: 52019.96 at epoch=6 step=1318     
                    WARNING  High grad norm: 76321.67 at epoch=6 step=1319     
                    WARNING  High grad norm: 37196.07 at epoch=6 step=1320     
                    WARNING  High grad norm: 53811.15 at epoch=6 step=1321     
[04/19/26 17:16:36] WARNING  High grad norm: 77670.82 at epoch=6 step=1322     
                    WARNING  High grad norm: 15464.45 at epoch=6 step=1323     
                    WARNING  High grad norm: 47026.36 at epoch=6 step=1324     
                    WARNING  High grad norm: 45824.43 at epoch=6 step=1325     
                    WARNING  High grad norm: 21864.83 at epoch=6 step=1326     
[04/19/26 17:16:37] WARNING  High grad norm: 55589.06 at epoch=6 step=1327     
                    WARNING  High grad norm: 84928.32 at epoch=6 step=1328     
                    WARNING  High grad norm: 36560.93 at epoch=6 step=1329     
                    WARNING  High grad norm: 50119.80 at epoch=6 step=1330     
[04/19/26 17:16:38] WARNING  High grad norm: 65196.30 at epoch=6 step=1331     
                    WARNING  High grad norm: 48654.22 at epoch=6 step=1332     
                    WARNING  High grad norm: 45833.09 at epoch=6 step=1333     
                    WARNING  High grad norm: 66183.14 at epoch=6 step=1334     
                    WARNING  High grad norm: 31372.38 at epoch=6 step=1335     
[04/19/26 17:16:39] WARNING  High grad norm: 38087.34 at epoch=6 step=1336     
                    WARNING  High grad norm: 61822.02 at epoch=6 step=1337     
[04/19/26 17:16:40] INFO     epoch=6 avg_loss=721.6722 lr=1.93e-04             
[04/19/26 17:17:02] WARNING  High grad norm: 24416.03 at epoch=7 step=1338     
                    WARNING  High grad norm: 48207.19 at epoch=7 step=1339     
                    WARNING  High grad norm: 81694.02 at epoch=7 step=1340     
                    WARNING  High grad norm: 35481.27 at epoch=7 step=1341     
                    WARNING  High grad norm: 66634.68 at epoch=7 step=1342     
[04/19/26 17:17:03] WARNING  High grad norm: 69554.99 at epoch=7 step=1343     
                    WARNING  High grad norm: 32779.90 at epoch=7 step=1344     
                    WARNING  High grad norm: 47079.87 at epoch=7 step=1345     
                    WARNING  High grad norm: 59766.90 at epoch=7 step=1346     
[04/19/26 17:17:04] WARNING  High grad norm: 25326.60 at epoch=7 step=1347     
                    WARNING  High grad norm: 34032.08 at epoch=7 step=1348     
                    WARNING  High grad norm: 51007.75 at epoch=7 step=1349     
                    WARNING  High grad norm: 21841.10 at epoch=7 step=1350     
                    WARNING  High grad norm: 51859.17 at epoch=7 step=1351     
[04/19/26 17:17:05] WARNING  High grad norm: 58552.12 at epoch=7 step=1352     
                    WARNING  High grad norm: 40866.47 at epoch=7 step=1353     
                    WARNING  High grad norm: 48477.11 at epoch=7 step=1354     
                    WARNING  High grad norm: 44447.55 at epoch=7 step=1355     
[04/19/26 17:17:06] WARNING  High grad norm: 32537.72 at epoch=7 step=1356     
                    WARNING  High grad norm: 40936.75 at epoch=7 step=1357     
                    WARNING  High grad norm: 59832.77 at epoch=7 step=1358     
                    WARNING  High grad norm: 31130.55 at epoch=7 step=1359     
                    WARNING  High grad norm: 40938.79 at epoch=7 step=1360     
[04/19/26 17:17:07] WARNING  High grad norm: 75909.59 at epoch=7 step=1361     
                    WARNING  High grad norm: 29371.96 at epoch=7 step=1362     
                    WARNING  High grad norm: 41463.07 at epoch=7 step=1363     
                    WARNING  High grad norm: 50458.51 at epoch=7 step=1364     
[04/19/26 17:17:08] WARNING  High grad norm: 34688.51 at epoch=7 step=1365     
                    WARNING  High grad norm: 63000.81 at epoch=7 step=1366     
                    WARNING  High grad norm: 37746.96 at epoch=7 step=1367     
                    WARNING  High grad norm: 26384.47 at epoch=7 step=1368     
                    WARNING  High grad norm: 37210.75 at epoch=7 step=1369     
[04/19/26 17:17:09] WARNING  High grad norm: 71756.94 at epoch=7 step=1370     
                    WARNING  High grad norm: 29505.30 at epoch=7 step=1371     
                    WARNING  High grad norm: 34298.50 at epoch=7 step=1372     
                    WARNING  High grad norm: 78905.32 at epoch=7 step=1373     
[04/19/26 17:17:10] WARNING  High grad norm: 38617.89 at epoch=7 step=1374     
                    WARNING  High grad norm: 54037.24 at epoch=7 step=1375     
                    WARNING  High grad norm: 81165.51 at epoch=7 step=1376     
                    WARNING  High grad norm: 28178.43 at epoch=7 step=1377     
                    WARNING  High grad norm: 64760.79 at epoch=7 step=1378     
[04/19/26 17:17:11] WARNING  High grad norm: 44344.12 at epoch=7 step=1379     
                    WARNING  High grad norm: 36176.72 at epoch=7 step=1380     
                    WARNING  High grad norm: 58313.31 at epoch=7 step=1381     
                    WARNING  High grad norm: 74970.20 at epoch=7 step=1382     
[04/19/26 17:17:12] WARNING  High grad norm: 33486.30 at epoch=7 step=1383     
                    WARNING  High grad norm: 47570.65 at epoch=7 step=1384     
                    WARNING  High grad norm: 72714.77 at epoch=7 step=1385     
                    WARNING  High grad norm: 62242.01 at epoch=7 step=1386     
                    WARNING  High grad norm: 27612.69 at epoch=7 step=1387     
[04/19/26 17:17:13] WARNING  High grad norm: 51875.04 at epoch=7 step=1388     
                    WARNING  High grad norm: 37650.77 at epoch=7 step=1389     
                    WARNING  High grad norm: 64264.65 at epoch=7 step=1390     
                    WARNING  High grad norm: 82364.03 at epoch=7 step=1391     
                    WARNING  High grad norm: 46578.97 at epoch=7 step=1392     
[04/19/26 17:17:14] WARNING  High grad norm: 30120.10 at epoch=7 step=1393     
                    WARNING  High grad norm: 70184.77 at epoch=7 step=1394     
                    WARNING  High grad norm: 22983.66 at epoch=7 step=1395     
                    WARNING  High grad norm: 53475.36 at epoch=7 step=1396     
[04/19/26 17:17:15] WARNING  High grad norm: 77626.21 at epoch=7 step=1397     
                    WARNING  High grad norm: 47706.18 at epoch=7 step=1398     
                    WARNING  High grad norm: 34916.30 at epoch=7 step=1399     
                    INFO     epoch=7 step=1400 loss=698.5964                   
                             grad_norm=34916.3008 lr=1.92e-04                  
                    WARNING  High grad norm: 63847.87 at epoch=7 step=1400     
                    WARNING  High grad norm: 25217.29 at epoch=7 step=1401     
[04/19/26 17:17:16] WARNING  High grad norm: 56171.04 at epoch=7 step=1402     
                    WARNING  High grad norm: 69152.62 at epoch=7 step=1403     
                    WARNING  High grad norm: 40164.11 at epoch=7 step=1404     
                    WARNING  High grad norm: 43469.27 at epoch=7 step=1405     
[04/19/26 17:17:17] WARNING  High grad norm: 59360.50 at epoch=7 step=1406     
                    WARNING  High grad norm: 26410.85 at epoch=7 step=1407     
                    WARNING  High grad norm: 30196.77 at epoch=7 step=1408     
                    WARNING  High grad norm: 78061.85 at epoch=7 step=1409     
                    WARNING  High grad norm: 33124.68 at epoch=7 step=1410     
[04/19/26 17:17:18] WARNING  High grad norm: 37371.84 at epoch=7 step=1411     
                    WARNING  High grad norm: 68717.35 at epoch=7 step=1412     
                    WARNING  High grad norm: 39086.25 at epoch=7 step=1413     
                    WARNING  High grad norm: 55996.55 at epoch=7 step=1414     
[04/19/26 17:17:19] WARNING  High grad norm: 64465.21 at epoch=7 step=1415     
                    WARNING  High grad norm: 27259.21 at epoch=7 step=1416     
                    WARNING  High grad norm: 42986.95 at epoch=7 step=1417     
                    WARNING  High grad norm: 68734.92 at epoch=7 step=1418     
                    WARNING  High grad norm: 31708.41 at epoch=7 step=1419     
[04/19/26 17:17:20] WARNING  High grad norm: 29381.10 at epoch=7 step=1420     
                    WARNING  High grad norm: 70030.55 at epoch=7 step=1421     
                    WARNING  High grad norm: 46494.68 at epoch=7 step=1422     
                    WARNING  High grad norm: 46629.49 at epoch=7 step=1423     
[04/19/26 17:17:21] WARNING  High grad norm: 76649.08 at epoch=7 step=1424     
                    WARNING  High grad norm: 46420.77 at epoch=7 step=1425     
                    WARNING  High grad norm: 48227.66 at epoch=7 step=1426     
                    WARNING  High grad norm: 48734.92 at epoch=7 step=1427     
                    WARNING  High grad norm: 25515.51 at epoch=7 step=1428     
[04/19/26 17:17:22] WARNING  High grad norm: 62564.81 at epoch=7 step=1429     
                    WARNING  High grad norm: 76255.45 at epoch=7 step=1430     
                    WARNING  High grad norm: 27028.80 at epoch=7 step=1431     
                    WARNING  High grad norm: 37428.77 at epoch=7 step=1432     
[04/19/26 17:17:23] WARNING  High grad norm: 57434.05 at epoch=7 step=1433     
                    WARNING  High grad norm: 23984.09 at epoch=7 step=1434     
                    WARNING  High grad norm: 52743.84 at epoch=7 step=1435     
                    WARNING  High grad norm: 74342.57 at epoch=7 step=1436     
                    WARNING  High grad norm: 40541.75 at epoch=7 step=1437     
[04/19/26 17:17:24] WARNING  High grad norm: 40177.10 at epoch=7 step=1438     
                    WARNING  High grad norm: 44967.76 at epoch=7 step=1439     
                    WARNING  High grad norm: 28897.23 at epoch=7 step=1440     
                    WARNING  High grad norm: 49817.08 at epoch=7 step=1441     
[04/19/26 17:17:25] WARNING  High grad norm: 83968.84 at epoch=7 step=1442     
                    WARNING  High grad norm: 39445.81 at epoch=7 step=1443     
                    WARNING  High grad norm: 31980.54 at epoch=7 step=1444     
                    WARNING  High grad norm: 58967.35 at epoch=7 step=1445     
                    WARNING  High grad norm: 27690.96 at epoch=7 step=1446     
[04/19/26 17:17:26] WARNING  High grad norm: 50021.56 at epoch=7 step=1447     
                    WARNING  High grad norm: 43914.62 at epoch=7 step=1448     
                    WARNING  High grad norm: 30060.46 at epoch=7 step=1449     
                    WARNING  High grad norm: 45153.52 at epoch=7 step=1450     
[04/19/26 17:17:27] WARNING  High grad norm: 62958.43 at epoch=7 step=1451     
                    WARNING  High grad norm: 27485.12 at epoch=7 step=1452     
                    WARNING  High grad norm: 50263.86 at epoch=7 step=1453     
                    WARNING  High grad norm: 61404.51 at epoch=7 step=1454     
                    WARNING  High grad norm: 20480.61 at epoch=7 step=1455     
[04/19/26 17:17:28] WARNING  High grad norm: 47902.14 at epoch=7 step=1456     
                    WARNING  High grad norm: 52640.93 at epoch=7 step=1457     
                    WARNING  High grad norm: 24663.49 at epoch=7 step=1458     
                    WARNING  High grad norm: 58589.41 at epoch=7 step=1459     
[04/19/26 17:17:29] WARNING  High grad norm: 57651.27 at epoch=7 step=1460     
                    WARNING  High grad norm: 27475.65 at epoch=7 step=1461     
                    WARNING  High grad norm: 42465.22 at epoch=7 step=1462     
                    WARNING  High grad norm: 57981.74 at epoch=7 step=1463     
                    WARNING  High grad norm: 36254.52 at epoch=7 step=1464     
[04/19/26 17:17:30] WARNING  High grad norm: 45680.41 at epoch=7 step=1465     
                    WARNING  High grad norm: 82129.30 at epoch=7 step=1466     
                    WARNING  High grad norm: 35532.20 at epoch=7 step=1467     
                    WARNING  High grad norm: 33019.04 at epoch=7 step=1468     
                    WARNING  High grad norm: 52989.56 at epoch=7 step=1469     
[04/19/26 17:17:31] WARNING  High grad norm: 27959.99 at epoch=7 step=1470     
                    WARNING  High grad norm: 65011.97 at epoch=7 step=1471     
                    WARNING  High grad norm: 67950.52 at epoch=7 step=1472     
                    WARNING  High grad norm: 47194.89 at epoch=7 step=1473     
[04/19/26 17:17:32] WARNING  High grad norm: 38126.14 at epoch=7 step=1474     
                    WARNING  High grad norm: 39296.77 at epoch=7 step=1475     
                    WARNING  High grad norm: 17435.00 at epoch=7 step=1476     
                    WARNING  High grad norm: 40561.86 at epoch=7 step=1477     
                    WARNING  High grad norm: 64206.26 at epoch=7 step=1478     
[04/19/26 17:17:33] WARNING  High grad norm: 37294.32 at epoch=7 step=1479     
                    WARNING  High grad norm: 43898.71 at epoch=7 step=1480     
                    WARNING  High grad norm: 64976.63 at epoch=7 step=1481     
                    WARNING  High grad norm: 33818.34 at epoch=7 step=1482     
[04/19/26 17:17:34] WARNING  High grad norm: 57311.63 at epoch=7 step=1483     
                    WARNING  High grad norm: 66562.23 at epoch=7 step=1484     
                    WARNING  High grad norm: 33641.76 at epoch=7 step=1485     
                    WARNING  High grad norm: 37887.38 at epoch=7 step=1486     
                    WARNING  High grad norm: 72924.75 at epoch=7 step=1487     
[04/19/26 17:17:35] WARNING  High grad norm: 36239.16 at epoch=7 step=1488     
                    WARNING  High grad norm: 41255.64 at epoch=7 step=1489     
                    WARNING  High grad norm: 81490.87 at epoch=7 step=1490     
                    WARNING  High grad norm: 47531.75 at epoch=7 step=1491     
[04/19/26 17:17:36] WARNING  High grad norm: 53597.73 at epoch=7 step=1492     
                    WARNING  High grad norm: 49695.50 at epoch=7 step=1493     
                    WARNING  High grad norm: 30357.20 at epoch=7 step=1494     
                    WARNING  High grad norm: 33241.77 at epoch=7 step=1495     
                    WARNING  High grad norm: 83157.45 at epoch=7 step=1496     
[04/19/26 17:17:37] WARNING  High grad norm: 25209.79 at epoch=7 step=1497     
                    WARNING  High grad norm: 50219.38 at epoch=7 step=1498     
                    WARNING  High grad norm: 67198.92 at epoch=7 step=1499     
                    INFO     epoch=7 step=1500 loss=693.9783                   
                             grad_norm=67198.9219 lr=1.91e-04                  
                    WARNING  High grad norm: 21731.24 at epoch=7 step=1500     
[04/19/26 17:17:38] WARNING  High grad norm: 34416.54 at epoch=7 step=1501     
                    WARNING  High grad norm: 61539.80 at epoch=7 step=1502     
                    WARNING  High grad norm: 23873.93 at epoch=7 step=1503     
                    WARNING  High grad norm: 45813.84 at epoch=7 step=1504     
                    WARNING  High grad norm: 68992.33 at epoch=7 step=1505     
[04/19/26 17:17:39] WARNING  High grad norm: 41364.62 at epoch=7 step=1506     
                    WARNING  High grad norm: 38703.67 at epoch=7 step=1507     
                    WARNING  High grad norm: 64570.28 at epoch=7 step=1508     
                    WARNING  High grad norm: 35611.21 at epoch=7 step=1509     
[04/19/26 17:17:40] WARNING  High grad norm: 58436.95 at epoch=7 step=1510     
                    WARNING  High grad norm: 65186.82 at epoch=7 step=1511     
                    WARNING  High grad norm: 41326.00 at epoch=7 step=1512     
                    WARNING  High grad norm: 59572.17 at epoch=7 step=1513     
                    WARNING  High grad norm: 53957.09 at epoch=7 step=1514     
[04/19/26 17:17:41] WARNING  High grad norm: 33254.19 at epoch=7 step=1515     
                    WARNING  High grad norm: 33528.62 at epoch=7 step=1516     
                    WARNING  High grad norm: 65804.92 at epoch=7 step=1517     
                    WARNING  High grad norm: 37027.82 at epoch=7 step=1518     
[04/19/26 17:17:42] WARNING  High grad norm: 33703.94 at epoch=7 step=1519     
                    WARNING  High grad norm: 48155.78 at epoch=7 step=1520     
                    WARNING  High grad norm: 30825.86 at epoch=7 step=1521     
                    WARNING  High grad norm: 31641.88 at epoch=7 step=1522     
                    WARNING  High grad norm: 55848.63 at epoch=7 step=1523     
[04/19/26 17:17:43] WARNING  High grad norm: 42000.04 at epoch=7 step=1524     
                    WARNING  High grad norm: 36472.72 at epoch=7 step=1525     
                    WARNING  High grad norm: 54453.70 at epoch=7 step=1526     
                    WARNING  High grad norm: 34077.62 at epoch=7 step=1527     
[04/19/26 17:17:44] WARNING  High grad norm: 43834.35 at epoch=7 step=1528     
                    WARNING  High grad norm: 89752.64 at epoch=7 step=1529     
                    WARNING  High grad norm: 38021.91 at epoch=7 step=1530     
                    WARNING  High grad norm: 34035.30 at epoch=7 step=1531     
                    WARNING  High grad norm: 72110.22 at epoch=7 step=1532     
[04/19/26 17:17:45] WARNING  High grad norm: 28243.83 at epoch=7 step=1533     
                    WARNING  High grad norm: 43337.09 at epoch=7 step=1534     
                    WARNING  High grad norm: 69217.69 at epoch=7 step=1535     
                    WARNING  High grad norm: 27523.91 at epoch=7 step=1536     
[04/19/26 17:17:46] WARNING  High grad norm: 38589.74 at epoch=7 step=1537     
                    WARNING  High grad norm: 40164.12 at epoch=7 step=1538     
                    WARNING  High grad norm: 29447.58 at epoch=7 step=1539     
                    WARNING  High grad norm: 30001.21 at epoch=7 step=1540     
                    WARNING  High grad norm: 47177.40 at epoch=7 step=1541     
[04/19/26 17:17:47] WARNING  High grad norm: 30432.99 at epoch=7 step=1542     
                    WARNING  High grad norm: 42472.71 at epoch=7 step=1543     
                    WARNING  High grad norm: 47769.41 at epoch=7 step=1544     
                    WARNING  High grad norm: 31443.57 at epoch=7 step=1545     
[04/19/26 17:17:48] WARNING  High grad norm: 41674.92 at epoch=7 step=1546     
                    WARNING  High grad norm: 72702.29 at epoch=7 step=1547     
                    WARNING  High grad norm: 32294.86 at epoch=7 step=1548     
                    WARNING  High grad norm: 31326.96 at epoch=7 step=1549     
                    WARNING  High grad norm: 49362.65 at epoch=7 step=1550     
[04/19/26 17:17:49] WARNING  High grad norm: 27599.40 at epoch=7 step=1551     
                    WARNING  High grad norm: 39270.65 at epoch=7 step=1552     
                    WARNING  High grad norm: 78407.54 at epoch=7 step=1553     
                    WARNING  High grad norm: 39025.06 at epoch=7 step=1554     
[04/19/26 17:17:50] WARNING  High grad norm: 32379.97 at epoch=7 step=1555     
                    WARNING  High grad norm: 55688.57 at epoch=7 step=1556     
                    WARNING  High grad norm: 11822.94 at epoch=7 step=1557     
                    WARNING  High grad norm: 48387.77 at epoch=7 step=1558     
                    WARNING  High grad norm: 56085.64 at epoch=7 step=1559     
[04/19/26 17:17:51] WARNING  High grad norm: 24843.44 at epoch=7 step=1560     
                    INFO     epoch=7 avg_loss=681.5292 lr=1.91e-04             
[04/19/26 17:18:14] WARNING  High grad norm: 44766.73 at epoch=8 step=1561     
                    WARNING  High grad norm: 61492.16 at epoch=8 step=1562     
                    WARNING  High grad norm: 21641.80 at epoch=8 step=1563     
                    WARNING  High grad norm: 43877.57 at epoch=8 step=1564     
[04/19/26 17:18:15] WARNING  High grad norm: 67874.06 at epoch=8 step=1565     
                    WARNING  High grad norm: 33700.26 at epoch=8 step=1566     
                    WARNING  High grad norm: 46576.12 at epoch=8 step=1567     
                    WARNING  High grad norm: 59962.35 at epoch=8 step=1568     
                    WARNING  High grad norm: 41868.41 at epoch=8 step=1569     
[04/19/26 17:18:16] WARNING  High grad norm: 33631.76 at epoch=8 step=1570     
                    WARNING  High grad norm: 71261.23 at epoch=8 step=1571     
                    WARNING  High grad norm: 30290.17 at epoch=8 step=1572     
                    WARNING  High grad norm: 44774.51 at epoch=8 step=1573     
[04/19/26 17:18:17] WARNING  High grad norm: 70713.83 at epoch=8 step=1574     
                    WARNING  High grad norm: 41570.61 at epoch=8 step=1575     
                    WARNING  High grad norm: 39624.24 at epoch=8 step=1576     
                    WARNING  High grad norm: 79394.62 at epoch=8 step=1577     
                    WARNING  High grad norm: 26286.24 at epoch=8 step=1578     
[04/19/26 17:18:18] WARNING  High grad norm: 48489.41 at epoch=8 step=1579     
                    WARNING  High grad norm: 79361.87 at epoch=8 step=1580     
                    WARNING  High grad norm: 29460.76 at epoch=8 step=1581     
                    WARNING  High grad norm: 38298.41 at epoch=8 step=1582     
[04/19/26 17:18:19] WARNING  High grad norm: 83926.36 at epoch=8 step=1583     
                    WARNING  High grad norm: 31242.04 at epoch=8 step=1584     
                    WARNING  High grad norm: 34482.39 at epoch=8 step=1585     
                    WARNING  High grad norm: 53012.05 at epoch=8 step=1586     
                    WARNING  High grad norm: 20535.24 at epoch=8 step=1587     
[04/19/26 17:18:20] WARNING  High grad norm: 37252.08 at epoch=8 step=1588     
                    WARNING  High grad norm: 70872.69 at epoch=8 step=1589     
                    WARNING  High grad norm: 38635.89 at epoch=8 step=1590     
                    WARNING  High grad norm: 56776.83 at epoch=8 step=1591     
[04/19/26 17:18:21] WARNING  High grad norm: 47652.50 at epoch=8 step=1592     
                    WARNING  High grad norm: 23131.26 at epoch=8 step=1593     
                    WARNING  High grad norm: 53601.89 at epoch=8 step=1594     
                    WARNING  High grad norm: 90034.69 at epoch=8 step=1595     
                    WARNING  High grad norm: 28958.84 at epoch=8 step=1596     
[04/19/26 17:18:22] WARNING  High grad norm: 37379.67 at epoch=8 step=1597     
                    WARNING  High grad norm: 61898.36 at epoch=8 step=1598     
                    WARNING  High grad norm: 25625.36 at epoch=8 step=1599     
                    INFO     epoch=8 step=1600 loss=675.8326                   
                             grad_norm=25625.3555 lr=1.90e-04                  
                    WARNING  High grad norm: 30680.03 at epoch=8 step=1600     
[04/19/26 17:18:23] WARNING  High grad norm: 85871.18 at epoch=8 step=1601     
                    WARNING  High grad norm: 30740.21 at epoch=8 step=1602     
                    WARNING  High grad norm: 38208.86 at epoch=8 step=1603     
                    WARNING  High grad norm: 49202.81 at epoch=8 step=1604     
                    WARNING  High grad norm: 20518.79 at epoch=8 step=1605     
[04/19/26 17:18:24] WARNING  High grad norm: 51701.58 at epoch=8 step=1606     
                    WARNING  High grad norm: 64009.95 at epoch=8 step=1607     
                    WARNING  High grad norm: 30964.38 at epoch=8 step=1608     
                    WARNING  High grad norm: 47035.28 at epoch=8 step=1609     
[04/19/26 17:18:25] WARNING  High grad norm: 57905.40 at epoch=8 step=1610     
                    WARNING  High grad norm: 24783.63 at epoch=8 step=1611     
                    WARNING  High grad norm: 55742.80 at epoch=8 step=1612     
                    WARNING  High grad norm: 51621.83 at epoch=8 step=1613     
                    WARNING  High grad norm: 23076.50 at epoch=8 step=1614     
[04/19/26 17:18:26] WARNING  High grad norm: 32786.73 at epoch=8 step=1615     
                    WARNING  High grad norm: 47562.35 at epoch=8 step=1616     
                    WARNING  High grad norm: 32781.49 at epoch=8 step=1617     
                    WARNING  High grad norm: 45235.32 at epoch=8 step=1618     
[04/19/26 17:18:27] WARNING  High grad norm: 61809.20 at epoch=8 step=1619     
                    WARNING  High grad norm: 21810.43 at epoch=8 step=1620     
                    WARNING  High grad norm: 37957.75 at epoch=8 step=1621     
                    WARNING  High grad norm: 48832.27 at epoch=8 step=1622     
                    WARNING  High grad norm: 28554.71 at epoch=8 step=1623     
[04/19/26 17:18:28] WARNING  High grad norm: 44447.98 at epoch=8 step=1624     
                    WARNING  High grad norm: 53482.25 at epoch=8 step=1625     
                    WARNING  High grad norm: 27714.16 at epoch=8 step=1626     
                    WARNING  High grad norm: 48069.66 at epoch=8 step=1627     
[04/19/26 17:18:29] WARNING  High grad norm: 53586.46 at epoch=8 step=1628     
                    WARNING  High grad norm: 18791.64 at epoch=8 step=1629     
                    WARNING  High grad norm: 57438.44 at epoch=8 step=1630     
                    WARNING  High grad norm: 37596.95 at epoch=8 step=1631     
                    WARNING  High grad norm: 14629.18 at epoch=8 step=1632     
[04/19/26 17:18:30] WARNING  High grad norm: 44883.07 at epoch=8 step=1633     
                    WARNING  High grad norm: 61969.54 at epoch=8 step=1634     
                    WARNING  High grad norm: 13346.88 at epoch=8 step=1635     
                    WARNING  High grad norm: 69297.12 at epoch=8 step=1636     
[04/19/26 17:18:31] WARNING  High grad norm: 62001.14 at epoch=8 step=1637     
                    WARNING  High grad norm: 29251.35 at epoch=8 step=1638     
                    WARNING  High grad norm: 59770.26 at epoch=8 step=1639     
                    WARNING  High grad norm: 84153.85 at epoch=8 step=1640     
                    WARNING  High grad norm: 34113.93 at epoch=8 step=1641     
[04/19/26 17:18:32] WARNING  High grad norm: 30334.46 at epoch=8 step=1642     
                    WARNING  High grad norm: 45047.46 at epoch=8 step=1643     
                    WARNING  High grad norm: 19210.18 at epoch=8 step=1644     
                    WARNING  High grad norm: 51714.73 at epoch=8 step=1645     
[04/19/26 17:18:33] WARNING  High grad norm: 54976.66 at epoch=8 step=1646     
                    WARNING  High grad norm: 66530.48 at epoch=8 step=1647     
                    WARNING  High grad norm: 21260.01 at epoch=8 step=1648     
                    WARNING  High grad norm: 41584.96 at epoch=8 step=1649     
                    WARNING  High grad norm: 5832.53 at epoch=8 step=1650      
[04/19/26 17:18:34] WARNING  High grad norm: 61717.59 at epoch=8 step=1651     
                    WARNING  High grad norm: 49375.47 at epoch=8 step=1652     
                    WARNING  High grad norm: 16227.78 at epoch=8 step=1653     
                    WARNING  High grad norm: 38071.14 at epoch=8 step=1654     
[04/19/26 17:18:35] WARNING  High grad norm: 61241.55 at epoch=8 step=1655     
                    WARNING  High grad norm: 37008.86 at epoch=8 step=1656     
                    WARNING  High grad norm: 58055.38 at epoch=8 step=1657     
                    WARNING  High grad norm: 53197.23 at epoch=8 step=1658     
[04/19/26 17:18:36] WARNING  High grad norm: 37983.75 at epoch=8 step=1659     
                    WARNING  High grad norm: 23319.65 at epoch=8 step=1660     
                    WARNING  High grad norm: 50523.02 at epoch=8 step=1661     
                    WARNING  High grad norm: 7642.07 at epoch=8 step=1662      
                    WARNING  High grad norm: 39651.51 at epoch=8 step=1663     
[04/19/26 17:18:37] WARNING  High grad norm: 43995.27 at epoch=8 step=1664     
                    WARNING  High grad norm: 15592.54 at epoch=8 step=1665     
                    WARNING  High grad norm: 36845.25 at epoch=8 step=1666     
                    WARNING  High grad norm: 56401.09 at epoch=8 step=1667     
[04/19/26 17:18:38] WARNING  High grad norm: 20722.33 at epoch=8 step=1668     
                    WARNING  High grad norm: 70274.09 at epoch=8 step=1669     
                    WARNING  High grad norm: 66742.23 at epoch=8 step=1670     
                    WARNING  High grad norm: 25115.57 at epoch=8 step=1671     
                    WARNING  High grad norm: 55245.43 at epoch=8 step=1672     
[04/19/26 17:18:39] WARNING  High grad norm: 73719.55 at epoch=8 step=1673     
                    WARNING  High grad norm: 36018.46 at epoch=8 step=1674     
                    WARNING  High grad norm: 34123.14 at epoch=8 step=1675     
                    WARNING  High grad norm: 59792.28 at epoch=8 step=1676     
[04/19/26 17:18:40] WARNING  High grad norm: 29380.64 at epoch=8 step=1677     
                    WARNING  High grad norm: 47335.52 at epoch=8 step=1678     
                    WARNING  High grad norm: 72540.60 at epoch=8 step=1679     
                    WARNING  High grad norm: 34494.55 at epoch=8 step=1680     
                    WARNING  High grad norm: 48362.57 at epoch=8 step=1681     
[04/19/26 17:18:41] WARNING  High grad norm: 74778.75 at epoch=8 step=1682     
                    WARNING  High grad norm: 40625.73 at epoch=8 step=1683     
                    WARNING  High grad norm: 40689.11 at epoch=8 step=1684     
                    WARNING  High grad norm: 51644.43 at epoch=8 step=1685     
[04/19/26 17:18:42] WARNING  High grad norm: 37494.78 at epoch=8 step=1686     
                    WARNING  High grad norm: 40708.52 at epoch=8 step=1687     
                    WARNING  High grad norm: 61397.82 at epoch=8 step=1688     
                    WARNING  High grad norm: 36586.18 at epoch=8 step=1689     
[04/19/26 17:18:43] WARNING  High grad norm: 49002.60 at epoch=8 step=1690     
                    WARNING  High grad norm: 53765.72 at epoch=8 step=1691     
                    WARNING  High grad norm: 20852.73 at epoch=8 step=1692     
                    WARNING  High grad norm: 47858.09 at epoch=8 step=1693     
                    WARNING  High grad norm: 58843.93 at epoch=8 step=1694     
[04/19/26 17:18:44] WARNING  High grad norm: 27132.48 at epoch=8 step=1695     
                    WARNING  High grad norm: 32902.31 at epoch=8 step=1696     
                    WARNING  High grad norm: 57125.38 at epoch=8 step=1697     
                    WARNING  High grad norm: 23606.77 at epoch=8 step=1698     
[04/19/26 17:18:45] WARNING  High grad norm: 49549.12 at epoch=8 step=1699     
                    INFO     epoch=8 step=1700 loss=711.5563                   
                             grad_norm=49549.1211 lr=1.89e-04                  
                    WARNING  High grad norm: 57172.98 at epoch=8 step=1700     
                    WARNING  High grad norm: 30028.28 at epoch=8 step=1701     
                    WARNING  High grad norm: 32980.40 at epoch=8 step=1702     
                    WARNING  High grad norm: 46661.71 at epoch=8 step=1703     
[04/19/26 17:18:46] WARNING  High grad norm: 25083.62 at epoch=8 step=1704     
                    WARNING  High grad norm: 44655.02 at epoch=8 step=1705     
                    WARNING  High grad norm: 45475.86 at epoch=8 step=1706     
                    WARNING  High grad norm: 24281.84 at epoch=8 step=1707     
[04/19/26 17:18:47] WARNING  High grad norm: 40649.82 at epoch=8 step=1708     
                    WARNING  High grad norm: 63783.32 at epoch=8 step=1709     
                    WARNING  High grad norm: 24685.68 at epoch=8 step=1710     
                    WARNING  High grad norm: 49846.86 at epoch=8 step=1711     
                    WARNING  High grad norm: 72229.95 at epoch=8 step=1712     
[04/19/26 17:18:48] WARNING  High grad norm: 34816.98 at epoch=8 step=1713     
                    WARNING  High grad norm: 40146.32 at epoch=8 step=1714     
                    WARNING  High grad norm: 46825.58 at epoch=8 step=1715     
                    WARNING  High grad norm: 23896.18 at epoch=8 step=1716     
[04/19/26 17:18:49] WARNING  High grad norm: 44719.58 at epoch=8 step=1717     
                    WARNING  High grad norm: 78662.37 at epoch=8 step=1718     
                    WARNING  High grad norm: 41875.94 at epoch=8 step=1719     
                    WARNING  High grad norm: 36503.85 at epoch=8 step=1720     
[04/19/26 17:18:50] WARNING  High grad norm: 52662.67 at epoch=8 step=1721     
                    WARNING  High grad norm: 15167.50 at epoch=8 step=1722     
                    WARNING  High grad norm: 30954.93 at epoch=8 step=1723     
                    WARNING  High grad norm: 66595.41 at epoch=8 step=1724     
                    WARNING  High grad norm: 33519.56 at epoch=8 step=1725     
[04/19/26 17:18:51] WARNING  High grad norm: 36953.62 at epoch=8 step=1726     
                    WARNING  High grad norm: 61103.39 at epoch=8 step=1727     
                    WARNING  High grad norm: 16638.96 at epoch=8 step=1728     
                    WARNING  High grad norm: 56533.28 at epoch=8 step=1729     
[04/19/26 17:18:52] WARNING  High grad norm: 57785.60 at epoch=8 step=1730     
                    WARNING  High grad norm: 27085.04 at epoch=8 step=1731     
                    WARNING  High grad norm: 33824.07 at epoch=8 step=1732     
                    WARNING  High grad norm: 52933.62 at epoch=8 step=1733     
                    WARNING  High grad norm: 26435.06 at epoch=8 step=1734     
[04/19/26 17:18:53] WARNING  High grad norm: 31755.54 at epoch=8 step=1735     
                    WARNING  High grad norm: 47926.41 at epoch=8 step=1736     
                    WARNING  High grad norm: 19438.48 at epoch=8 step=1737     
                    WARNING  High grad norm: 43422.05 at epoch=8 step=1738     
[04/19/26 17:18:54] WARNING  High grad norm: 62158.14 at epoch=8 step=1739     
                    WARNING  High grad norm: 35529.41 at epoch=8 step=1740     
                    WARNING  High grad norm: 40905.89 at epoch=8 step=1741     
                    WARNING  High grad norm: 70101.92 at epoch=8 step=1742     
                    WARNING  High grad norm: 26183.22 at epoch=8 step=1743     
[04/19/26 17:18:55] WARNING  High grad norm: 38851.67 at epoch=8 step=1744     
                    WARNING  High grad norm: 40009.30 at epoch=8 step=1745     
                    WARNING  High grad norm: 42627.68 at epoch=8 step=1746     
                    WARNING  High grad norm: 29756.14 at epoch=8 step=1747     
[04/19/26 17:18:56] WARNING  High grad norm: 47869.14 at epoch=8 step=1748     
                    WARNING  High grad norm: 27915.15 at epoch=8 step=1749     
                    WARNING  High grad norm: 38971.57 at epoch=8 step=1750     
                    WARNING  High grad norm: 61396.30 at epoch=8 step=1751     
[04/19/26 17:18:57] WARNING  High grad norm: 21491.71 at epoch=8 step=1752     
                    WARNING  High grad norm: 45533.84 at epoch=8 step=1753     
                    WARNING  High grad norm: 76412.09 at epoch=8 step=1754     
                    WARNING  High grad norm: 32406.31 at epoch=8 step=1755     
                    WARNING  High grad norm: 27256.71 at epoch=8 step=1756     
[04/19/26 17:18:58] WARNING  High grad norm: 41721.16 at epoch=8 step=1757     
                    WARNING  High grad norm: 30053.71 at epoch=8 step=1758     
                    WARNING  High grad norm: 32614.32 at epoch=8 step=1759     
                    WARNING  High grad norm: 67909.20 at epoch=8 step=1760     
[04/19/26 17:18:59] WARNING  High grad norm: 30691.04 at epoch=8 step=1761     
                    WARNING  High grad norm: 39347.16 at epoch=8 step=1762     
                    WARNING  High grad norm: 49480.22 at epoch=8 step=1763     
                    WARNING  High grad norm: 23327.43 at epoch=8 step=1764     
                    WARNING  High grad norm: 46824.71 at epoch=8 step=1765     
[04/19/26 17:19:00] WARNING  High grad norm: 60794.73 at epoch=8 step=1766     
                    WARNING  High grad norm: 29940.39 at epoch=8 step=1767     
                    WARNING  High grad norm: 27533.73 at epoch=8 step=1768     
                    WARNING  High grad norm: 50758.24 at epoch=8 step=1769     
[04/19/26 17:19:01] WARNING  High grad norm: 25096.07 at epoch=8 step=1770     
                    WARNING  High grad norm: 35337.61 at epoch=8 step=1771     
                    WARNING  High grad norm: 76613.34 at epoch=8 step=1772     
                    WARNING  High grad norm: 35609.98 at epoch=8 step=1773     
[04/19/26 17:19:02] WARNING  High grad norm: 33996.32 at epoch=8 step=1774     
                    WARNING  High grad norm: 43412.89 at epoch=8 step=1775     
                    WARNING  High grad norm: 20164.91 at epoch=8 step=1776     
                    WARNING  High grad norm: 36128.84 at epoch=8 step=1777     
                    WARNING  High grad norm: 62356.81 at epoch=8 step=1778     
[04/19/26 17:19:03] WARNING  High grad norm: 27884.94 at epoch=8 step=1779     
                    WARNING  High grad norm: 26234.79 at epoch=8 step=1780     
                    WARNING  High grad norm: 55326.19 at epoch=8 step=1781     
                    WARNING  High grad norm: 22840.66 at epoch=8 step=1782     
                    WARNING  High grad norm: 29871.77 at epoch=8 step=1783     
[04/19/26 17:19:04] INFO     epoch=8 avg_loss=691.5037 lr=1.88e-04             
[04/19/26 17:19:34] WARNING  High grad norm: 63490.27 at epoch=9 step=1784     
                    WARNING  High grad norm: 28156.74 at epoch=9 step=1785     
                    WARNING  High grad norm: 44090.09 at epoch=9 step=1786     
[04/19/26 17:19:35] WARNING  High grad norm: 71491.49 at epoch=9 step=1787     
                    WARNING  High grad norm: 16932.57 at epoch=9 step=1788     
                    WARNING  High grad norm: 47953.11 at epoch=9 step=1789     
                    WARNING  High grad norm: 46775.78 at epoch=9 step=1790     
[04/19/26 17:19:36] WARNING  High grad norm: 28128.68 at epoch=9 step=1791     
                    WARNING  High grad norm: 44446.16 at epoch=9 step=1792     
                    WARNING  High grad norm: 59511.22 at epoch=9 step=1793     
                    WARNING  High grad norm: 30846.09 at epoch=9 step=1794     
                    WARNING  High grad norm: 53361.12 at epoch=9 step=1795     
[04/19/26 17:19:37] WARNING  High grad norm: 60465.33 at epoch=9 step=1796     
                    WARNING  High grad norm: 22371.78 at epoch=9 step=1797     
                    WARNING  High grad norm: 39647.76 at epoch=9 step=1798     
                    WARNING  High grad norm: 53213.95 at epoch=9 step=1799     
                    INFO     epoch=9 step=1800 loss=685.7771                   
                             grad_norm=53213.9492 lr=1.87e-04                  
[04/19/26 17:19:38] WARNING  High grad norm: 22571.62 at epoch=9 step=1800     
                    WARNING  High grad norm: 37199.37 at epoch=9 step=1801     
                    WARNING  High grad norm: 74975.72 at epoch=9 step=1802     
                    WARNING  High grad norm: 31462.33 at epoch=9 step=1803     
                    WARNING  High grad norm: 34670.56 at epoch=9 step=1804     
[04/19/26 17:19:39] WARNING  High grad norm: 42096.79 at epoch=9 step=1805     
                    WARNING  High grad norm: 33801.66 at epoch=9 step=1806     
                    WARNING  High grad norm: 44239.65 at epoch=9 step=1807     
                    WARNING  High grad norm: 60693.23 at epoch=9 step=1808     
[04/19/26 17:19:40] WARNING  High grad norm: 32493.89 at epoch=9 step=1809     
                    WARNING  High grad norm: 31805.01 at epoch=9 step=1810     
                    WARNING  High grad norm: 36897.22 at epoch=9 step=1811     
                    WARNING  High grad norm: 20812.71 at epoch=9 step=1812     
[04/19/26 17:19:41] WARNING  High grad norm: 36019.74 at epoch=9 step=1813     
                    WARNING  High grad norm: 81929.85 at epoch=9 step=1814     
                    WARNING  High grad norm: 44923.28 at epoch=9 step=1815     
                    WARNING  High grad norm: 37666.20 at epoch=9 step=1816     
                    WARNING  High grad norm: 29787.30 at epoch=9 step=1817     
[04/19/26 17:19:42] WARNING  High grad norm: 21928.50 at epoch=9 step=1818     
                    WARNING  High grad norm: 30613.45 at epoch=9 step=1819     
                    WARNING  High grad norm: 66289.66 at epoch=9 step=1820     
                    WARNING  High grad norm: 36262.58 at epoch=9 step=1821     
[04/19/26 17:19:43] WARNING  High grad norm: 31609.72 at epoch=9 step=1822     
                    WARNING  High grad norm: 44200.59 at epoch=9 step=1823     
                    WARNING  High grad norm: 17040.99 at epoch=9 step=1824     
                    WARNING  High grad norm: 38433.91 at epoch=9 step=1825     
                    WARNING  High grad norm: 60043.54 at epoch=9 step=1826     
[04/19/26 17:19:44] WARNING  High grad norm: 23948.37 at epoch=9 step=1827     
                    WARNING  High grad norm: 29406.67 at epoch=9 step=1828     
                    WARNING  High grad norm: 38523.20 at epoch=9 step=1829     
                    WARNING  High grad norm: 23325.21 at epoch=9 step=1830     
[04/19/26 17:19:45] WARNING  High grad norm: 36180.75 at epoch=9 step=1831     
                    WARNING  High grad norm: 50091.50 at epoch=9 step=1832     
                    WARNING  High grad norm: 30811.64 at epoch=9 step=1833     
                    WARNING  High grad norm: 25579.53 at epoch=9 step=1834     
                    WARNING  High grad norm: 54174.84 at epoch=9 step=1835     
[04/19/26 17:19:46] WARNING  High grad norm: 23315.12 at epoch=9 step=1836     
                    WARNING  High grad norm: 45430.54 at epoch=9 step=1837     
                    WARNING  High grad norm: 49966.58 at epoch=9 step=1838     
                    WARNING  High grad norm: 23358.96 at epoch=9 step=1839     
[04/19/26 17:19:47] WARNING  High grad norm: 31457.35 at epoch=9 step=1840     
                    WARNING  High grad norm: 59159.54 at epoch=9 step=1841     
                    WARNING  High grad norm: 43731.44 at epoch=9 step=1842     
                    WARNING  High grad norm: 27467.98 at epoch=9 step=1843     
                    WARNING  High grad norm: 58623.23 at epoch=9 step=1844     
[04/19/26 17:19:48] WARNING  High grad norm: 26175.57 at epoch=9 step=1845     
                    WARNING  High grad norm: 38842.95 at epoch=9 step=1846     
                    WARNING  High grad norm: 41927.00 at epoch=9 step=1847     
                    WARNING  High grad norm: 37227.96 at epoch=9 step=1848     
[04/19/26 17:19:49] WARNING  High grad norm: 38371.50 at epoch=9 step=1849     
                    WARNING  High grad norm: 77650.65 at epoch=9 step=1850     
                    WARNING  High grad norm: 24952.71 at epoch=9 step=1851     
                    WARNING  High grad norm: 33823.88 at epoch=9 step=1852     
[04/19/26 17:19:50] WARNING  High grad norm: 49976.86 at epoch=9 step=1853     
                    WARNING  High grad norm: 29767.15 at epoch=9 step=1854     
                    WARNING  High grad norm: 30104.79 at epoch=9 step=1855     
                    WARNING  High grad norm: 49723.51 at epoch=9 step=1856     
                    WARNING  High grad norm: 18264.17 at epoch=9 step=1857     
[04/19/26 17:19:51] WARNING  High grad norm: 32286.66 at epoch=9 step=1858     
                    WARNING  High grad norm: 44200.00 at epoch=9 step=1859     
                    WARNING  High grad norm: 32926.64 at epoch=9 step=1860     
                    WARNING  High grad norm: 39445.64 at epoch=9 step=1861     
[04/19/26 17:19:52] WARNING  High grad norm: 51007.78 at epoch=9 step=1862     
                    WARNING  High grad norm: 16744.37 at epoch=9 step=1863     
                    WARNING  High grad norm: 31896.90 at epoch=9 step=1864     
                    WARNING  High grad norm: 65644.73 at epoch=9 step=1865     
                    WARNING  High grad norm: 26995.27 at epoch=9 step=1866     
[04/19/26 17:19:53] WARNING  High grad norm: 34366.97 at epoch=9 step=1867     
                    WARNING  High grad norm: 44021.75 at epoch=9 step=1868     
                    WARNING  High grad norm: 25588.45 at epoch=9 step=1869     
                    WARNING  High grad norm: 56506.14 at epoch=9 step=1870     
[04/19/26 17:19:54] WARNING  High grad norm: 49078.70 at epoch=9 step=1871     
                    WARNING  High grad norm: 44688.27 at epoch=9 step=1872     
                    WARNING  High grad norm: 24819.52 at epoch=9 step=1873     
                    WARNING  High grad norm: 69348.51 at epoch=9 step=1874     
                    WARNING  High grad norm: 21931.52 at epoch=9 step=1875     
[04/19/26 17:19:55] WARNING  High grad norm: 40618.41 at epoch=9 step=1876     
                    WARNING  High grad norm: 63069.45 at epoch=9 step=1877     
                    WARNING  High grad norm: 27583.00 at epoch=9 step=1878     
                    WARNING  High grad norm: 29478.49 at epoch=9 step=1879     
[04/19/26 17:19:56] WARNING  High grad norm: 39816.56 at epoch=9 step=1880     
                    WARNING  High grad norm: 41421.48 at epoch=9 step=1881     
                    WARNING  High grad norm: 34525.00 at epoch=9 step=1882     
                    WARNING  High grad norm: 40926.80 at epoch=9 step=1883     
[04/19/26 17:19:57] WARNING  High grad norm: 14776.60 at epoch=9 step=1884     
                    WARNING  High grad norm: 40558.95 at epoch=9 step=1885     
                    WARNING  High grad norm: 46590.92 at epoch=9 step=1886     
                    WARNING  High grad norm: 26822.50 at epoch=9 step=1887     
                    WARNING  High grad norm: 21742.84 at epoch=9 step=1888     
[04/19/26 17:19:58] WARNING  High grad norm: 54664.39 at epoch=9 step=1889     
                    WARNING  High grad norm: 16339.21 at epoch=9 step=1890     
                    WARNING  High grad norm: 31955.03 at epoch=9 step=1891     
                    WARNING  High grad norm: 50408.36 at epoch=9 step=1892     
[04/19/26 17:19:59] WARNING  High grad norm: 33468.80 at epoch=9 step=1893     
                    WARNING  High grad norm: 33569.26 at epoch=9 step=1894     
                    WARNING  High grad norm: 39026.88 at epoch=9 step=1895     
                    WARNING  High grad norm: 23239.24 at epoch=9 step=1896     
                    WARNING  High grad norm: 52157.65 at epoch=9 step=1897     
[04/19/26 17:20:00] WARNING  High grad norm: 41074.87 at epoch=9 step=1898     
                    WARNING  High grad norm: 21319.92 at epoch=9 step=1899     
                    INFO     epoch=9 step=1900 loss=647.5685                   
                             grad_norm=21319.9160 lr=1.86e-04                  
                    WARNING  High grad norm: 49915.70 at epoch=9 step=1900     
                    WARNING  High grad norm: 37642.70 at epoch=9 step=1901     
[04/19/26 17:20:01] WARNING  High grad norm: 31360.83 at epoch=9 step=1902     
                    WARNING  High grad norm: 45201.60 at epoch=9 step=1903     
                    WARNING  High grad norm: 41505.50 at epoch=9 step=1904     
                    WARNING  High grad norm: 20972.14 at epoch=9 step=1905     
                    WARNING  High grad norm: 44216.20 at epoch=9 step=1906     
[04/19/26 17:20:02] WARNING  High grad norm: 53739.26 at epoch=9 step=1907     
                    WARNING  High grad norm: 37323.84 at epoch=9 step=1908     
                    WARNING  High grad norm: 28083.99 at epoch=9 step=1909     
                    WARNING  High grad norm: 53095.38 at epoch=9 step=1910     
[04/19/26 17:20:03] WARNING  High grad norm: 26614.37 at epoch=9 step=1911     
                    WARNING  High grad norm: 39891.16 at epoch=9 step=1912     
                    WARNING  High grad norm: 54950.88 at epoch=9 step=1913     
                    WARNING  High grad norm: 34108.22 at epoch=9 step=1914     
[04/19/26 17:20:04] WARNING  High grad norm: 28144.45 at epoch=9 step=1915     
                    WARNING  High grad norm: 50627.80 at epoch=9 step=1916     
                    WARNING  High grad norm: 18884.48 at epoch=9 step=1917     
                    WARNING  High grad norm: 37723.25 at epoch=9 step=1918     
                    WARNING  High grad norm: 50541.65 at epoch=9 step=1919     
[04/19/26 17:20:05] WARNING  High grad norm: 17783.13 at epoch=9 step=1920     
                    WARNING  High grad norm: 31856.31 at epoch=9 step=1921     
                    WARNING  High grad norm: 53394.43 at epoch=9 step=1922     
                    WARNING  High grad norm: 23294.01 at epoch=9 step=1923     
[04/19/26 17:20:06] WARNING  High grad norm: 45754.64 at epoch=9 step=1924     
                    WARNING  High grad norm: 53322.79 at epoch=9 step=1925     
                    WARNING  High grad norm: 31025.66 at epoch=9 step=1926     
                    WARNING  High grad norm: 38668.96 at epoch=9 step=1927     
                    WARNING  High grad norm: 60531.92 at epoch=9 step=1928     
[04/19/26 17:20:07] WARNING  High grad norm: 23562.48 at epoch=9 step=1929     
                    WARNING  High grad norm: 42602.44 at epoch=9 step=1930     
                    WARNING  High grad norm: 53770.03 at epoch=9 step=1931     
                    WARNING  High grad norm: 27826.75 at epoch=9 step=1932     
[04/19/26 17:20:08] WARNING  High grad norm: 32804.59 at epoch=9 step=1933     
                    WARNING  High grad norm: 59716.34 at epoch=9 step=1934     
                    WARNING  High grad norm: 26794.33 at epoch=9 step=1935     
                    WARNING  High grad norm: 34091.40 at epoch=9 step=1936     
                    WARNING  High grad norm: 58120.09 at epoch=9 step=1937     
[04/19/26 17:20:09] WARNING  High grad norm: 37755.64 at epoch=9 step=1938     
                    WARNING  High grad norm: 44805.03 at epoch=9 step=1939     
                    WARNING  High grad norm: 63717.94 at epoch=9 step=1940     
                    WARNING  High grad norm: 21300.14 at epoch=9 step=1941     
[04/19/26 17:20:10] WARNING  High grad norm: 32438.51 at epoch=9 step=1942     
                    WARNING  High grad norm: 38942.83 at epoch=9 step=1943     
                    WARNING  High grad norm: 25812.41 at epoch=9 step=1944     
                    WARNING  High grad norm: 28038.08 at epoch=9 step=1945     
[04/19/26 17:20:11] WARNING  High grad norm: 51480.00 at epoch=9 step=1946     
                    WARNING  High grad norm: 28869.28 at epoch=9 step=1947     
                    WARNING  High grad norm: 30896.27 at epoch=9 step=1948     
                    WARNING  High grad norm: 27015.55 at epoch=9 step=1949     
                    WARNING  High grad norm: 25906.66 at epoch=9 step=1950     
[04/19/26 17:20:12] WARNING  High grad norm: 39190.26 at epoch=9 step=1951     
                    WARNING  High grad norm: 40280.27 at epoch=9 step=1952     
                    WARNING  High grad norm: 29556.85 at epoch=9 step=1953     
                    WARNING  High grad norm: 59298.74 at epoch=9 step=1954     
[04/19/26 17:20:13] WARNING  High grad norm: 49659.43 at epoch=9 step=1955     
                    WARNING  High grad norm: 26741.42 at epoch=9 step=1956     
                    WARNING  High grad norm: 31557.15 at epoch=9 step=1957     
                    WARNING  High grad norm: 40852.25 at epoch=9 step=1958     
                    WARNING  High grad norm: 26658.05 at epoch=9 step=1959     
[04/19/26 17:20:14] WARNING  High grad norm: 43633.68 at epoch=9 step=1960     
                    WARNING  High grad norm: 36088.14 at epoch=9 step=1961     
                    WARNING  High grad norm: 27110.49 at epoch=9 step=1962     
                    WARNING  High grad norm: 48163.34 at epoch=9 step=1963     
[04/19/26 17:20:15] WARNING  High grad norm: 33428.28 at epoch=9 step=1964     
                    WARNING  High grad norm: 19982.68 at epoch=9 step=1965     
                    WARNING  High grad norm: 29642.73 at epoch=9 step=1966     
                    WARNING  High grad norm: 62685.94 at epoch=9 step=1967     
                    WARNING  High grad norm: 31820.18 at epoch=9 step=1968     
[04/19/26 17:20:16] WARNING  High grad norm: 30191.44 at epoch=9 step=1969     
                    WARNING  High grad norm: 48653.13 at epoch=9 step=1970     
                    WARNING  High grad norm: 36579.75 at epoch=9 step=1971     
                    WARNING  High grad norm: 33773.56 at epoch=9 step=1972     
[04/19/26 17:20:17] WARNING  High grad norm: 41128.66 at epoch=9 step=1973     
                    WARNING  High grad norm: 22034.28 at epoch=9 step=1974     
                    WARNING  High grad norm: 46473.36 at epoch=9 step=1975     
                    WARNING  High grad norm: 48246.88 at epoch=9 step=1976     
[04/19/26 17:20:18] WARNING  High grad norm: 22109.45 at epoch=9 step=1977     
                    WARNING  High grad norm: 39948.85 at epoch=9 step=1978     
                    WARNING  High grad norm: 56259.61 at epoch=9 step=1979     
                    WARNING  High grad norm: 26710.96 at epoch=9 step=1980     
                    WARNING  High grad norm: 36796.40 at epoch=9 step=1981     
[04/19/26 17:20:19] WARNING  High grad norm: 63079.34 at epoch=9 step=1982     
                    WARNING  High grad norm: 28241.29 at epoch=9 step=1983     
                    WARNING  High grad norm: 41667.62 at epoch=9 step=1984     
                    WARNING  High grad norm: 59309.27 at epoch=9 step=1985     
[04/19/26 17:20:20] WARNING  High grad norm: 29508.57 at epoch=9 step=1986     
                    WARNING  High grad norm: 35190.89 at epoch=9 step=1987     
                    WARNING  High grad norm: 40769.31 at epoch=9 step=1988     
                    WARNING  High grad norm: 28701.42 at epoch=9 step=1989     
                    WARNING  High grad norm: 29733.66 at epoch=9 step=1990     
[04/19/26 17:20:21] WARNING  High grad norm: 40172.56 at epoch=9 step=1991     
                    WARNING  High grad norm: 23041.60 at epoch=9 step=1992     
                    WARNING  High grad norm: 39916.89 at epoch=9 step=1993     
                    WARNING  High grad norm: 55442.75 at epoch=9 step=1994     
[04/19/26 17:20:22] WARNING  High grad norm: 17828.57 at epoch=9 step=1995     
                    WARNING  High grad norm: 34850.71 at epoch=9 step=1996     
                    WARNING  High grad norm: 41837.73 at epoch=9 step=1997     
                    WARNING  High grad norm: 22650.64 at epoch=9 step=1998     
[04/19/26 17:20:23] WARNING  High grad norm: 34513.16 at epoch=9 step=1999     
                    INFO     epoch=9 step=2000 loss=645.6696                   
                             grad_norm=34513.1641 lr=1.85e-04                  
                    WARNING  High grad norm: 68754.33 at epoch=9 step=2000     
                    WARNING  High grad norm: 25064.81 at epoch=9 step=2001     
                    WARNING  High grad norm: 37826.21 at epoch=9 step=2002     
                    WARNING  High grad norm: 46080.29 at epoch=9 step=2003     
[04/19/26 17:20:24] WARNING  High grad norm: 16908.67 at epoch=9 step=2004     
                    WARNING  High grad norm: 31777.38 at epoch=9 step=2005     
                    WARNING  High grad norm: 59976.78 at epoch=9 step=2006     
[04/19/26 17:20:25] INFO     epoch=9 avg_loss=646.6640 lr=1.85e-04             
[04/19/26 17:20:56] WARNING  High grad norm: 29877.60 at epoch=10 step=2007    
                    WARNING  High grad norm: 46900.92 at epoch=10 step=2008    
                    WARNING  High grad norm: 35978.08 at epoch=10 step=2009    
                    WARNING  High grad norm: 21730.71 at epoch=10 step=2010    
[04/19/26 17:20:57] WARNING  High grad norm: 40148.00 at epoch=10 step=2011    
                    WARNING  High grad norm: 48708.30 at epoch=10 step=2012    
                    WARNING  High grad norm: 31556.46 at epoch=10 step=2013    
                    WARNING  High grad norm: 32480.08 at epoch=10 step=2014    
[04/19/26 17:20:58] WARNING  High grad norm: 49594.32 at epoch=10 step=2015    
                    WARNING  High grad norm: 22757.74 at epoch=10 step=2016    
                    WARNING  High grad norm: 33101.95 at epoch=10 step=2017    
                    WARNING  High grad norm: 47531.94 at epoch=10 step=2018    
                    WARNING  High grad norm: 38748.63 at epoch=10 step=2019    
[04/19/26 17:20:59] WARNING  High grad norm: 23671.59 at epoch=10 step=2020    
                    WARNING  High grad norm: 46523.80 at epoch=10 step=2021    
                    WARNING  High grad norm: 18293.91 at epoch=10 step=2022    
                    WARNING  High grad norm: 32072.67 at epoch=10 step=2023    
[04/19/26 17:21:00] WARNING  High grad norm: 50764.11 at epoch=10 step=2024    
                    WARNING  High grad norm: 39751.42 at epoch=10 step=2025    
                    WARNING  High grad norm: 29989.82 at epoch=10 step=2026    
                    WARNING  High grad norm: 36745.72 at epoch=10 step=2027    
                    WARNING  High grad norm: 15609.20 at epoch=10 step=2028    
[04/19/26 17:21:01] WARNING  High grad norm: 50907.95 at epoch=10 step=2029    
                    WARNING  High grad norm: 52347.33 at epoch=10 step=2030    
                    WARNING  High grad norm: 26723.92 at epoch=10 step=2031    
                    WARNING  High grad norm: 40543.79 at epoch=10 step=2032    
[04/19/26 17:21:02] WARNING  High grad norm: 45087.96 at epoch=10 step=2033    
                    WARNING  High grad norm: 24632.99 at epoch=10 step=2034    
                    WARNING  High grad norm: 31529.49 at epoch=10 step=2035    
                    WARNING  High grad norm: 35376.52 at epoch=10 step=2036    
[04/19/26 17:21:03] WARNING  High grad norm: 27256.04 at epoch=10 step=2037    
                    WARNING  High grad norm: 36860.71 at epoch=10 step=2038    
                    WARNING  High grad norm: 48021.96 at epoch=10 step=2039    
                    WARNING  High grad norm: 29803.37 at epoch=10 step=2040    
                    WARNING  High grad norm: 29219.16 at epoch=10 step=2041    
[04/19/26 17:21:04] WARNING  High grad norm: 43912.56 at epoch=10 step=2042    
                    WARNING  High grad norm: 18027.62 at epoch=10 step=2043    
                    WARNING  High grad norm: 36866.51 at epoch=10 step=2044    
                    WARNING  High grad norm: 48014.76 at epoch=10 step=2045    
[04/19/26 17:21:05] WARNING  High grad norm: 22690.12 at epoch=10 step=2046    
                    WARNING  High grad norm: 24889.40 at epoch=10 step=2047    
                    WARNING  High grad norm: 31689.06 at epoch=10 step=2048    
                    WARNING  High grad norm: 11477.22 at epoch=10 step=2049    
                    WARNING  High grad norm: 36234.15 at epoch=10 step=2050    
[04/19/26 17:21:06] WARNING  High grad norm: 40315.80 at epoch=10 step=2051    
                    WARNING  High grad norm: 22059.10 at epoch=10 step=2052    
                    WARNING  High grad norm: 34709.38 at epoch=10 step=2053    
                    WARNING  High grad norm: 47614.05 at epoch=10 step=2054    
[04/19/26 17:21:07] WARNING  High grad norm: 14721.25 at epoch=10 step=2055    
                    WARNING  High grad norm: 36429.35 at epoch=10 step=2056    
                    WARNING  High grad norm: 49429.61 at epoch=10 step=2057    
                    WARNING  High grad norm: 24087.88 at epoch=10 step=2058    
                    WARNING  High grad norm: 27399.28 at epoch=10 step=2059    
[04/19/26 17:21:08] WARNING  High grad norm: 58866.47 at epoch=10 step=2060    
                    WARNING  High grad norm: 29453.13 at epoch=10 step=2061    
                    WARNING  High grad norm: 39113.46 at epoch=10 step=2062    
                    WARNING  High grad norm: 52329.98 at epoch=10 step=2063    
[04/19/26 17:21:09] WARNING  High grad norm: 24524.70 at epoch=10 step=2064    
                    WARNING  High grad norm: 33542.38 at epoch=10 step=2065    
                    WARNING  High grad norm: 32972.09 at epoch=10 step=2066    
                    WARNING  High grad norm: 25809.45 at epoch=10 step=2067    
[04/19/26 17:21:10] WARNING  High grad norm: 31495.26 at epoch=10 step=2068    
                    WARNING  High grad norm: 48654.32 at epoch=10 step=2069    
                    WARNING  High grad norm: 17136.88 at epoch=10 step=2070    
                    WARNING  High grad norm: 44626.17 at epoch=10 step=2071    
                    WARNING  High grad norm: 51907.40 at epoch=10 step=2072    
[04/19/26 17:21:11] WARNING  High grad norm: 31936.52 at epoch=10 step=2073    
                    WARNING  High grad norm: 39055.89 at epoch=10 step=2074    
                    WARNING  High grad norm: 47706.74 at epoch=10 step=2075    
                    WARNING  High grad norm: 16763.00 at epoch=10 step=2076    
[04/19/26 17:21:12] WARNING  High grad norm: 43116.79 at epoch=10 step=2077    
                    WARNING  High grad norm: 93189.90 at epoch=10 step=2078    
                    WARNING  High grad norm: 33346.60 at epoch=10 step=2079    
                    WARNING  High grad norm: 33817.88 at epoch=10 step=2080    
                    WARNING  High grad norm: 47681.16 at epoch=10 step=2081    
[04/19/26 17:21:13] WARNING  High grad norm: 15534.60 at epoch=10 step=2082    
                    WARNING  High grad norm: 31407.91 at epoch=10 step=2083    
                    WARNING  High grad norm: 39004.66 at epoch=10 step=2084    
                    WARNING  High grad norm: 21962.37 at epoch=10 step=2085    
[04/19/26 17:21:14] WARNING  High grad norm: 32207.32 at epoch=10 step=2086    
                    WARNING  High grad norm: 51658.69 at epoch=10 step=2087    
                    WARNING  High grad norm: 27059.85 at epoch=10 step=2088    
                    WARNING  High grad norm: 54118.07 at epoch=10 step=2089    
                    WARNING  High grad norm: 38486.73 at epoch=10 step=2090    
[04/19/26 17:21:15] WARNING  High grad norm: 24779.16 at epoch=10 step=2091    
                    WARNING  High grad norm: 28247.75 at epoch=10 step=2092    
                    WARNING  High grad norm: 41406.47 at epoch=10 step=2093    
                    WARNING  High grad norm: 32082.91 at epoch=10 step=2094    
[04/19/26 17:21:16] WARNING  High grad norm: 33835.71 at epoch=10 step=2095    
                    WARNING  High grad norm: 43240.53 at epoch=10 step=2096    
                    WARNING  High grad norm: 29709.48 at epoch=10 step=2097    
                    WARNING  High grad norm: 36942.52 at epoch=10 step=2098    
[04/19/26 17:21:17] WARNING  High grad norm: 53800.97 at epoch=10 step=2099    
                    INFO     epoch=10 step=2100 loss=635.4425                  
                             grad_norm=53800.9688 lr=1.83e-04                  
                    WARNING  High grad norm: 26343.37 at epoch=10 step=2100    
                    WARNING  High grad norm: 36645.31 at epoch=10 step=2101    
                    WARNING  High grad norm: 32542.41 at epoch=10 step=2102    
                    WARNING  High grad norm: 24592.47 at epoch=10 step=2103    
[04/19/26 17:21:18] WARNING  High grad norm: 32543.90 at epoch=10 step=2104    
                    WARNING  High grad norm: 50016.04 at epoch=10 step=2105    
                    WARNING  High grad norm: 20608.81 at epoch=10 step=2106    
                    WARNING  High grad norm: 30575.57 at epoch=10 step=2107    
[04/19/26 17:21:19] WARNING  High grad norm: 49910.23 at epoch=10 step=2108    
                    WARNING  High grad norm: 30381.94 at epoch=10 step=2109    
                    WARNING  High grad norm: 28953.10 at epoch=10 step=2110    
                    WARNING  High grad norm: 48182.95 at epoch=10 step=2111    
                    WARNING  High grad norm: 22122.75 at epoch=10 step=2112    
[04/19/26 17:21:20] WARNING  High grad norm: 41955.55 at epoch=10 step=2113    
                    WARNING  High grad norm: 55173.25 at epoch=10 step=2114    
                    WARNING  High grad norm: 26832.03 at epoch=10 step=2115    
                    WARNING  High grad norm: 32530.40 at epoch=10 step=2116    
[04/19/26 17:21:21] WARNING  High grad norm: 45730.96 at epoch=10 step=2117    
                    WARNING  High grad norm: 26021.34 at epoch=10 step=2118    
                    WARNING  High grad norm: 28512.24 at epoch=10 step=2119    
                    WARNING  High grad norm: 43319.31 at epoch=10 step=2120    
[04/19/26 17:21:22] WARNING  High grad norm: 25823.34 at epoch=10 step=2121    
                    WARNING  High grad norm: 29087.28 at epoch=10 step=2122    
                    WARNING  High grad norm: 54688.64 at epoch=10 step=2123    
                    WARNING  High grad norm: 28535.29 at epoch=10 step=2124    
                    WARNING  High grad norm: 33950.70 at epoch=10 step=2125    
[04/19/26 17:21:23] WARNING  High grad norm: 62383.05 at epoch=10 step=2126    
                    WARNING  High grad norm: 23613.77 at epoch=10 step=2127    
                    WARNING  High grad norm: 33000.00 at epoch=10 step=2128    
                    WARNING  High grad norm: 39563.30 at epoch=10 step=2129    
[04/19/26 17:21:24] WARNING  High grad norm: 11970.31 at epoch=10 step=2130    
                    WARNING  High grad norm: 34135.59 at epoch=10 step=2131    
                    WARNING  High grad norm: 62640.56 at epoch=10 step=2132    
                    WARNING  High grad norm: 15799.06 at epoch=10 step=2133    
                    WARNING  High grad norm: 40469.98 at epoch=10 step=2134    
[04/19/26 17:21:25] WARNING  High grad norm: 34164.46 at epoch=10 step=2135    
                    WARNING  High grad norm: 14298.67 at epoch=10 step=2136    
                    WARNING  High grad norm: 49607.94 at epoch=10 step=2137    
                    WARNING  High grad norm: 56020.36 at epoch=10 step=2138    
[04/19/26 17:21:26] WARNING  High grad norm: 22518.93 at epoch=10 step=2139    
                    WARNING  High grad norm: 29437.57 at epoch=10 step=2140    
                    WARNING  High grad norm: 32560.07 at epoch=10 step=2141    
                    WARNING  High grad norm: 15594.11 at epoch=10 step=2142    
[04/19/26 17:21:27] WARNING  High grad norm: 29406.65 at epoch=10 step=2143    
                    WARNING  High grad norm: 48116.58 at epoch=10 step=2144    
                    WARNING  High grad norm: 23752.97 at epoch=10 step=2145    
                    WARNING  High grad norm: 35543.09 at epoch=10 step=2146    
                    WARNING  High grad norm: 41629.42 at epoch=10 step=2147    
[04/19/26 17:21:28] WARNING  High grad norm: 21599.18 at epoch=10 step=2148    
                    WARNING  High grad norm: 28527.32 at epoch=10 step=2149    
                    WARNING  High grad norm: 49818.07 at epoch=10 step=2150    
                    WARNING  High grad norm: 21248.10 at epoch=10 step=2151    
[04/19/26 17:21:29] WARNING  High grad norm: 28985.71 at epoch=10 step=2152    
                    WARNING  High grad norm: 57254.95 at epoch=10 step=2153    
                    WARNING  High grad norm: 22312.68 at epoch=10 step=2154    
                    WARNING  High grad norm: 27975.44 at epoch=10 step=2155    
                    WARNING  High grad norm: 52366.90 at epoch=10 step=2156    
[04/19/26 17:21:30] WARNING  High grad norm: 18659.57 at epoch=10 step=2157    
                    WARNING  High grad norm: 30624.75 at epoch=10 step=2158    
                    WARNING  High grad norm: 60143.23 at epoch=10 step=2159    
                    WARNING  High grad norm: 30157.84 at epoch=10 step=2160    
[04/19/26 17:21:31] WARNING  High grad norm: 43466.59 at epoch=10 step=2161    
                    WARNING  High grad norm: 36063.98 at epoch=10 step=2162    
                    WARNING  High grad norm: 23088.05 at epoch=10 step=2163    
                    WARNING  High grad norm: 46950.57 at epoch=10 step=2164    
[04/19/26 17:21:32] WARNING  High grad norm: 44863.62 at epoch=10 step=2165    
                    WARNING  High grad norm: 24428.44 at epoch=10 step=2166    
                    WARNING  High grad norm: 23624.30 at epoch=10 step=2167    
                    WARNING  High grad norm: 42683.24 at epoch=10 step=2168    
                    WARNING  High grad norm: 21820.83 at epoch=10 step=2169    
[04/19/26 17:21:33] WARNING  High grad norm: 29720.70 at epoch=10 step=2170    
                    WARNING  High grad norm: 34531.42 at epoch=10 step=2171    
                    WARNING  High grad norm: 28968.63 at epoch=10 step=2172    
                    WARNING  High grad norm: 29116.88 at epoch=10 step=2173    
[04/19/26 17:21:34] WARNING  High grad norm: 39751.05 at epoch=10 step=2174    
                    WARNING  High grad norm: 17581.46 at epoch=10 step=2175    
                    WARNING  High grad norm: 44380.74 at epoch=10 step=2176    
                    WARNING  High grad norm: 50255.16 at epoch=10 step=2177    
[04/19/26 17:21:35] WARNING  High grad norm: 13689.26 at epoch=10 step=2178    
                    WARNING  High grad norm: 25619.33 at epoch=10 step=2179    
                    WARNING  High grad norm: 33329.28 at epoch=10 step=2180    
                    WARNING  High grad norm: 19220.66 at epoch=10 step=2181    
                    WARNING  High grad norm: 47617.55 at epoch=10 step=2182    
[04/19/26 17:21:36] WARNING  High grad norm: 34663.20 at epoch=10 step=2183    
                    WARNING  High grad norm: 20511.27 at epoch=10 step=2184    
                    WARNING  High grad norm: 31936.73 at epoch=10 step=2185    
                    WARNING  High grad norm: 50010.46 at epoch=10 step=2186    
[04/19/26 17:21:37] WARNING  High grad norm: 21970.92 at epoch=10 step=2187    
                    WARNING  High grad norm: 38295.23 at epoch=10 step=2188    
                    WARNING  High grad norm: 49976.56 at epoch=10 step=2189    
                    WARNING  High grad norm: 19440.87 at epoch=10 step=2190    
                    WARNING  High grad norm: 26171.01 at epoch=10 step=2191    
[04/19/26 17:21:38] WARNING  High grad norm: 65879.20 at epoch=10 step=2192    
                    WARNING  High grad norm: 20670.12 at epoch=10 step=2193    
                    WARNING  High grad norm: 40401.01 at epoch=10 step=2194    
                    WARNING  High grad norm: 49364.63 at epoch=10 step=2195    
[04/19/26 17:21:39] WARNING  High grad norm: 24894.42 at epoch=10 step=2196    
                    WARNING  High grad norm: 41893.91 at epoch=10 step=2197    
                    WARNING  High grad norm: 41112.99 at epoch=10 step=2198    
                    WARNING  High grad norm: 17673.63 at epoch=10 step=2199    
                    INFO     epoch=10 step=2200 loss=639.4959                  
                             grad_norm=17673.6270 lr=1.81e-04                  
                    WARNING  High grad norm: 39485.95 at epoch=10 step=2200    
[04/19/26 17:21:40] WARNING  High grad norm: 47526.02 at epoch=10 step=2201    
                    WARNING  High grad norm: 14440.16 at epoch=10 step=2202    
                    WARNING  High grad norm: 41660.60 at epoch=10 step=2203    
                    WARNING  High grad norm: 59346.77 at epoch=10 step=2204    
[04/19/26 17:21:41] WARNING  High grad norm: 32687.80 at epoch=10 step=2205    
                    WARNING  High grad norm: 30149.53 at epoch=10 step=2206    
                    WARNING  High grad norm: 48417.16 at epoch=10 step=2207    
                    WARNING  High grad norm: 24017.59 at epoch=10 step=2208    
[04/19/26 17:21:42] WARNING  High grad norm: 38228.94 at epoch=10 step=2209    
                    WARNING  High grad norm: 51978.41 at epoch=10 step=2210    
                    WARNING  High grad norm: 28213.32 at epoch=10 step=2211    
                    WARNING  High grad norm: 33547.59 at epoch=10 step=2212    
                    WARNING  High grad norm: 51002.06 at epoch=10 step=2213    
[04/19/26 17:21:43] WARNING  High grad norm: 21640.68 at epoch=10 step=2214    
                    WARNING  High grad norm: 26260.54 at epoch=10 step=2215    
                    WARNING  High grad norm: 38994.59 at epoch=10 step=2216    
                    WARNING  High grad norm: 15973.34 at epoch=10 step=2217    
[04/19/26 17:21:44] WARNING  High grad norm: 28873.88 at epoch=10 step=2218    
                    WARNING  High grad norm: 41108.64 at epoch=10 step=2219    
                    WARNING  High grad norm: 17418.79 at epoch=10 step=2220    
                    WARNING  High grad norm: 36370.19 at epoch=10 step=2221    
[04/19/26 17:21:45] WARNING  High grad norm: 48658.02 at epoch=10 step=2222    
                    WARNING  High grad norm: 23545.81 at epoch=10 step=2223    
                    WARNING  High grad norm: 24661.62 at epoch=10 step=2224    
                    WARNING  High grad norm: 47751.80 at epoch=10 step=2225    
                    WARNING  High grad norm: 27425.19 at epoch=10 step=2226    
[04/19/26 17:21:46] WARNING  High grad norm: 27862.24 at epoch=10 step=2227    
                    WARNING  High grad norm: 42788.56 at epoch=10 step=2228    
                    WARNING  High grad norm: 22414.42 at epoch=10 step=2229    
[04/19/26 17:21:47] INFO     epoch=10 avg_loss=639.0284 lr=1.81e-04            
[04/19/26 17:21:58] INFO     Saved checkpoint to                               
                             C:\Users\artun\Desktop\ITS-project\checkpoints\sco
                             re_fmnist_v2\score_epoch_0010.pt                  
[04/19/26 17:22:29] WARNING  High grad norm: 42701.95 at epoch=11 step=2230    
[04/19/26 17:22:30] WARNING  High grad norm: 66225.06 at epoch=11 step=2231    
                    WARNING  High grad norm: 25306.86 at epoch=11 step=2232    
                    WARNING  High grad norm: 42676.78 at epoch=11 step=2233    
                    WARNING  High grad norm: 51761.04 at epoch=11 step=2234    
                    WARNING  High grad norm: 16407.77 at epoch=11 step=2235    
[04/19/26 17:22:31] WARNING  High grad norm: 33032.61 at epoch=11 step=2236    
                    WARNING  High grad norm: 31925.68 at epoch=11 step=2237    
                    WARNING  High grad norm: 29080.70 at epoch=11 step=2238    
                    WARNING  High grad norm: 28849.70 at epoch=11 step=2239    
[04/19/26 17:22:32] WARNING  High grad norm: 37857.91 at epoch=11 step=2240    
                    WARNING  High grad norm: 17453.99 at epoch=11 step=2241    
                    WARNING  High grad norm: 38440.39 at epoch=11 step=2242    
                    WARNING  High grad norm: 63723.35 at epoch=11 step=2243    
                    WARNING  High grad norm: 18868.19 at epoch=11 step=2244    
[04/19/26 17:22:33] WARNING  High grad norm: 27084.82 at epoch=11 step=2245    
                    WARNING  High grad norm: 48021.20 at epoch=11 step=2246    
                    WARNING  High grad norm: 19978.49 at epoch=11 step=2247    
                    WARNING  High grad norm: 26274.85 at epoch=11 step=2248    
[04/19/26 17:22:34] WARNING  High grad norm: 43109.61 at epoch=11 step=2249    
                    WARNING  High grad norm: 21287.90 at epoch=11 step=2250    
                    WARNING  High grad norm: 39541.99 at epoch=11 step=2251    
                    WARNING  High grad norm: 48007.59 at epoch=11 step=2252    
                    WARNING  High grad norm: 17272.00 at epoch=11 step=2253    
[04/19/26 17:22:35] WARNING  High grad norm: 30007.69 at epoch=11 step=2254    
                    WARNING  High grad norm: 38792.27 at epoch=11 step=2255    
                    WARNING  High grad norm: 17052.27 at epoch=11 step=2256    
                    WARNING  High grad norm: 27478.78 at epoch=11 step=2257    
[04/19/26 17:22:36] WARNING  High grad norm: 55299.57 at epoch=11 step=2258    
                    WARNING  High grad norm: 23014.09 at epoch=11 step=2259    
                    WARNING  High grad norm: 26151.27 at epoch=11 step=2260    
                    WARNING  High grad norm: 40446.30 at epoch=11 step=2261    
[04/19/26 17:22:37] WARNING  High grad norm: 19585.57 at epoch=11 step=2262    
                    WARNING  High grad norm: 34961.52 at epoch=11 step=2263    
                    WARNING  High grad norm: 35262.67 at epoch=11 step=2264    
                    WARNING  High grad norm: 20580.96 at epoch=11 step=2265    
                    WARNING  High grad norm: 29884.31 at epoch=11 step=2266    
[04/19/26 17:22:38] WARNING  High grad norm: 35187.35 at epoch=11 step=2267    
                    WARNING  High grad norm: 20616.58 at epoch=11 step=2268    
                    WARNING  High grad norm: 32998.10 at epoch=11 step=2269    
                    WARNING  High grad norm: 49247.92 at epoch=11 step=2270    
[04/19/26 17:22:39] WARNING  High grad norm: 15890.54 at epoch=11 step=2271    
                    WARNING  High grad norm: 27307.73 at epoch=11 step=2272    
                    WARNING  High grad norm: 51639.76 at epoch=11 step=2273    
                    WARNING  High grad norm: 33311.61 at epoch=11 step=2274    
                    WARNING  High grad norm: 28396.39 at epoch=11 step=2275    
[04/19/26 17:22:40] WARNING  High grad norm: 45825.31 at epoch=11 step=2276    
                    WARNING  High grad norm: 14146.50 at epoch=11 step=2277    
                    WARNING  High grad norm: 29304.29 at epoch=11 step=2278    
                    WARNING  High grad norm: 49396.88 at epoch=11 step=2279    
[04/19/26 17:22:41] WARNING  High grad norm: 23741.30 at epoch=11 step=2280    
                    WARNING  High grad norm: 24415.73 at epoch=11 step=2281    
                    WARNING  High grad norm: 38697.96 at epoch=11 step=2282    
                    WARNING  High grad norm: 17056.51 at epoch=11 step=2283    
[04/19/26 17:22:42] WARNING  High grad norm: 27071.08 at epoch=11 step=2284    
                    WARNING  High grad norm: 43213.20 at epoch=11 step=2285    
                    WARNING  High grad norm: 14211.93 at epoch=11 step=2286    
                    WARNING  High grad norm: 21557.49 at epoch=11 step=2287    
                    WARNING  High grad norm: 42240.95 at epoch=11 step=2288    
[04/19/26 17:22:43] WARNING  High grad norm: 14152.53 at epoch=11 step=2289    
                    WARNING  High grad norm: 35108.11 at epoch=11 step=2290    
                    WARNING  High grad norm: 53261.46 at epoch=11 step=2291    
                    WARNING  High grad norm: 23026.50 at epoch=11 step=2292    
[04/19/26 17:22:44] WARNING  High grad norm: 21797.17 at epoch=11 step=2293    
                    WARNING  High grad norm: 41771.86 at epoch=11 step=2294    
                    WARNING  High grad norm: 16439.99 at epoch=11 step=2295    
                    WARNING  High grad norm: 26263.84 at epoch=11 step=2296    
                    WARNING  High grad norm: 31130.00 at epoch=11 step=2297    
[04/19/26 17:22:45] WARNING  High grad norm: 21910.92 at epoch=11 step=2298    
                    WARNING  High grad norm: 40065.51 at epoch=11 step=2299    
                    INFO     epoch=11 step=2300 loss=629.1033                  
                             grad_norm=40065.5078 lr=1.80e-04                  
                    WARNING  High grad norm: 38615.36 at epoch=11 step=2300    
                    WARNING  High grad norm: 22174.52 at epoch=11 step=2301    
[04/19/26 17:22:46] WARNING  High grad norm: 28656.88 at epoch=11 step=2302    
                    WARNING  High grad norm: 54426.82 at epoch=11 step=2303    
                    WARNING  High grad norm: 20804.87 at epoch=11 step=2304    
                    WARNING  High grad norm: 29759.43 at epoch=11 step=2305    
                    WARNING  High grad norm: 26020.67 at epoch=11 step=2306    
[04/19/26 17:22:47] WARNING  High grad norm: 17686.29 at epoch=11 step=2307    
                    WARNING  High grad norm: 22635.31 at epoch=11 step=2308    
                    WARNING  High grad norm: 39118.07 at epoch=11 step=2309    
                    WARNING  High grad norm: 29791.05 at epoch=11 step=2310    
[04/19/26 17:22:48] WARNING  High grad norm: 27620.59 at epoch=11 step=2311    
                    WARNING  High grad norm: 21181.98 at epoch=11 step=2312    
                    WARNING  High grad norm: 19952.56 at epoch=11 step=2313    
                    WARNING  High grad norm: 44233.39 at epoch=11 step=2314    
[04/19/26 17:22:49] WARNING  High grad norm: 38750.04 at epoch=11 step=2315    
                    WARNING  High grad norm: 23189.36 at epoch=11 step=2316    
                    WARNING  High grad norm: 24771.45 at epoch=11 step=2317    
                    WARNING  High grad norm: 30826.95 at epoch=11 step=2318    
                    WARNING  High grad norm: 14510.40 at epoch=11 step=2319    
[04/19/26 17:22:50] WARNING  High grad norm: 31191.50 at epoch=11 step=2320    
                    WARNING  High grad norm: 42171.71 at epoch=11 step=2321    
                    WARNING  High grad norm: 15028.49 at epoch=11 step=2322    
                    WARNING  High grad norm: 44584.44 at epoch=11 step=2323    
[04/19/26 17:22:51] WARNING  High grad norm: 55116.70 at epoch=11 step=2324    
                    WARNING  High grad norm: 16050.78 at epoch=11 step=2325    
                    WARNING  High grad norm: 40923.67 at epoch=11 step=2326    
                    WARNING  High grad norm: 50960.17 at epoch=11 step=2327    
                    WARNING  High grad norm: 17973.08 at epoch=11 step=2328    
[04/19/26 17:22:52] WARNING  High grad norm: 37995.04 at epoch=11 step=2329    
                    WARNING  High grad norm: 48904.62 at epoch=11 step=2330    
                    WARNING  High grad norm: 33737.21 at epoch=11 step=2331    
                    WARNING  High grad norm: 30754.99 at epoch=11 step=2332    
[04/19/26 17:22:53] WARNING  High grad norm: 36165.53 at epoch=11 step=2333    
                    WARNING  High grad norm: 22916.28 at epoch=11 step=2334    
                    WARNING  High grad norm: 28940.72 at epoch=11 step=2335    
                    WARNING  High grad norm: 32511.46 at epoch=11 step=2336    
                    WARNING  High grad norm: 21569.47 at epoch=11 step=2337    
[04/19/26 17:22:54] WARNING  High grad norm: 26205.08 at epoch=11 step=2338    
                    WARNING  High grad norm: 27565.91 at epoch=11 step=2339    
                    WARNING  High grad norm: 15356.44 at epoch=11 step=2340    
                    WARNING  High grad norm: 17381.68 at epoch=11 step=2341    
[04/19/26 17:22:55] WARNING  High grad norm: 41172.75 at epoch=11 step=2342    
                    WARNING  High grad norm: 24571.56 at epoch=11 step=2343    
                    WARNING  High grad norm: 24997.65 at epoch=11 step=2344    
                    WARNING  High grad norm: 37677.56 at epoch=11 step=2345    
[04/19/26 17:22:56] WARNING  High grad norm: 11110.73 at epoch=11 step=2346    
                    WARNING  High grad norm: 41105.50 at epoch=11 step=2347    
                    WARNING  High grad norm: 47321.98 at epoch=11 step=2348    
                    WARNING  High grad norm: 23053.75 at epoch=11 step=2349    
                    WARNING  High grad norm: 29511.85 at epoch=11 step=2350    
[04/19/26 17:22:57] WARNING  High grad norm: 48563.91 at epoch=11 step=2351    
                    WARNING  High grad norm: 17480.86 at epoch=11 step=2352    
                    WARNING  High grad norm: 33858.35 at epoch=11 step=2353    
                    WARNING  High grad norm: 45297.30 at epoch=11 step=2354    
[04/19/26 17:22:58] WARNING  High grad norm: 18802.01 at epoch=11 step=2355    
                    WARNING  High grad norm: 16212.39 at epoch=11 step=2356    
                    WARNING  High grad norm: 59570.27 at epoch=11 step=2357    
                    WARNING  High grad norm: 21307.98 at epoch=11 step=2358    
                    WARNING  High grad norm: 26773.54 at epoch=11 step=2359    
[04/19/26 17:22:59] WARNING  High grad norm: 44166.32 at epoch=11 step=2360    
                    WARNING  High grad norm: 11368.35 at epoch=11 step=2361    
                    WARNING  High grad norm: 20938.33 at epoch=11 step=2362    
                    WARNING  High grad norm: 51508.71 at epoch=11 step=2363    
[04/19/26 17:23:00] WARNING  High grad norm: 19679.87 at epoch=11 step=2364    
                    WARNING  High grad norm: 24221.58 at epoch=11 step=2365    
                    WARNING  High grad norm: 28171.17 at epoch=11 step=2366    
                    WARNING  High grad norm: 13688.34 at epoch=11 step=2367    
[04/19/26 17:23:01] WARNING  High grad norm: 27107.47 at epoch=11 step=2368    
                    WARNING  High grad norm: 47144.29 at epoch=11 step=2369    
                    WARNING  High grad norm: 23907.70 at epoch=11 step=2370    
                    WARNING  High grad norm: 30103.01 at epoch=11 step=2371    
                    WARNING  High grad norm: 44123.41 at epoch=11 step=2372    
[04/19/26 17:23:02] WARNING  High grad norm: 25860.85 at epoch=11 step=2373    
                    WARNING  High grad norm: 31566.08 at epoch=11 step=2374    
                    WARNING  High grad norm: 30648.64 at epoch=11 step=2375    
                    WARNING  High grad norm: 19641.27 at epoch=11 step=2376    
[04/19/26 17:23:03] WARNING  High grad norm: 23081.07 at epoch=11 step=2377    
                    WARNING  High grad norm: 32217.76 at epoch=11 step=2378    
                    WARNING  High grad norm: 15381.54 at epoch=11 step=2379    
                    WARNING  High grad norm: 38219.03 at epoch=11 step=2380    
                    WARNING  High grad norm: 34350.73 at epoch=11 step=2381    
[04/19/26 17:23:04] WARNING  High grad norm: 18522.59 at epoch=11 step=2382    
                    WARNING  High grad norm: 28440.64 at epoch=11 step=2383    
                    WARNING  High grad norm: 22981.84 at epoch=11 step=2384    
                    WARNING  High grad norm: 15540.28 at epoch=11 step=2385    
[04/19/26 17:23:05] WARNING  High grad norm: 30185.05 at epoch=11 step=2386    
                    WARNING  High grad norm: 31702.17 at epoch=11 step=2387    
                    WARNING  High grad norm: 24692.87 at epoch=11 step=2388    
                    WARNING  High grad norm: 21890.11 at epoch=11 step=2389    
                    WARNING  High grad norm: 42166.02 at epoch=11 step=2390    
[04/19/26 17:23:06] WARNING  High grad norm: 14760.37 at epoch=11 step=2391    
                    WARNING  High grad norm: 29729.74 at epoch=11 step=2392    
                    WARNING  High grad norm: 36215.07 at epoch=11 step=2393    
                    WARNING  High grad norm: 17647.33 at epoch=11 step=2394    
[04/19/26 17:23:07] WARNING  High grad norm: 22618.43 at epoch=11 step=2395    
                    WARNING  High grad norm: 32343.46 at epoch=11 step=2396    
                    WARNING  High grad norm: 20418.27 at epoch=11 step=2397    
                    WARNING  High grad norm: 22468.22 at epoch=11 step=2398    
[04/19/26 17:23:08] WARNING  High grad norm: 35002.40 at epoch=11 step=2399    
                    INFO     epoch=11 step=2400 loss=615.6230                  
                             grad_norm=35002.4023 lr=1.78e-04                  
                    WARNING  High grad norm: 17835.65 at epoch=11 step=2400    
                    WARNING  High grad norm: 35011.97 at epoch=11 step=2401    
                    WARNING  High grad norm: 33020.34 at epoch=11 step=2402    
                    WARNING  High grad norm: 16833.62 at epoch=11 step=2403    
[04/19/26 17:23:09] WARNING  High grad norm: 30577.52 at epoch=11 step=2404    
                    WARNING  High grad norm: 41142.51 at epoch=11 step=2405    
                    WARNING  High grad norm: 19883.22 at epoch=11 step=2406    
                    WARNING  High grad norm: 29881.12 at epoch=11 step=2407    
[04/19/26 17:23:10] WARNING  High grad norm: 41502.72 at epoch=11 step=2408    
                    WARNING  High grad norm: 20311.03 at epoch=11 step=2409    
                    WARNING  High grad norm: 19104.86 at epoch=11 step=2410    
                    WARNING  High grad norm: 30368.83 at epoch=11 step=2411    
                    WARNING  High grad norm: 18205.03 at epoch=11 step=2412    
[04/19/26 17:23:11] WARNING  High grad norm: 32344.10 at epoch=11 step=2413    
                    WARNING  High grad norm: 64754.26 at epoch=11 step=2414    
                    WARNING  High grad norm: 30445.32 at epoch=11 step=2415    
                    WARNING  High grad norm: 23958.92 at epoch=11 step=2416    
[04/19/26 17:23:12] WARNING  High grad norm: 27588.14 at epoch=11 step=2417    
                    WARNING  High grad norm: 8240.04 at epoch=11 step=2418     
                    WARNING  High grad norm: 32675.25 at epoch=11 step=2419    
                    WARNING  High grad norm: 46011.30 at epoch=11 step=2420    
[04/19/26 17:23:13] WARNING  High grad norm: 24222.57 at epoch=11 step=2421    
                    WARNING  High grad norm: 22724.79 at epoch=11 step=2422    
                    WARNING  High grad norm: 28855.86 at epoch=11 step=2423    
                    WARNING  High grad norm: 14695.40 at epoch=11 step=2424    
                    WARNING  High grad norm: 35802.55 at epoch=11 step=2425    
[04/19/26 17:23:14] WARNING  High grad norm: 27996.92 at epoch=11 step=2426    
                    WARNING  High grad norm: 17810.41 at epoch=11 step=2427    
                    WARNING  High grad norm: 24997.45 at epoch=11 step=2428    
                    WARNING  High grad norm: 35366.57 at epoch=11 step=2429    
[04/19/26 17:23:15] WARNING  High grad norm: 18705.61 at epoch=11 step=2430    
                    WARNING  High grad norm: 24822.23 at epoch=11 step=2431    
                    WARNING  High grad norm: 32027.11 at epoch=11 step=2432    
                    WARNING  High grad norm: 16405.43 at epoch=11 step=2433    
                    WARNING  High grad norm: 26570.47 at epoch=11 step=2434    
[04/19/26 17:23:16] WARNING  High grad norm: 37010.60 at epoch=11 step=2435    
                    WARNING  High grad norm: 22341.23 at epoch=11 step=2436    
                    WARNING  High grad norm: 24629.80 at epoch=11 step=2437    
                    WARNING  High grad norm: 46778.59 at epoch=11 step=2438    
[04/19/26 17:23:17] WARNING  High grad norm: 24286.01 at epoch=11 step=2439    
                    WARNING  High grad norm: 34876.96 at epoch=11 step=2440    
                    WARNING  High grad norm: 34890.52 at epoch=11 step=2441    
                    WARNING  High grad norm: 17865.38 at epoch=11 step=2442    
[04/19/26 17:23:18] WARNING  High grad norm: 26087.72 at epoch=11 step=2443    
                    WARNING  High grad norm: 46451.94 at epoch=11 step=2444    
                    WARNING  High grad norm: 16990.14 at epoch=11 step=2445    
                    WARNING  High grad norm: 22234.76 at epoch=11 step=2446    
                    WARNING  High grad norm: 41037.05 at epoch=11 step=2447    
[04/19/26 17:23:19] WARNING  High grad norm: 12971.89 at epoch=11 step=2448    
                    WARNING  High grad norm: 33738.52 at epoch=11 step=2449    
                    WARNING  High grad norm: 41183.40 at epoch=11 step=2450    
                    WARNING  High grad norm: 20906.54 at epoch=11 step=2451    
                    WARNING  High grad norm: 34921.74 at epoch=11 step=2452    
[04/19/26 17:23:20] INFO     epoch=11 avg_loss=612.7134 lr=1.77e-04            
[04/19/26 17:23:52] WARNING  High grad norm: 22118.20 at epoch=12 step=2453    
                    WARNING  High grad norm: 20678.21 at epoch=12 step=2454    
                    WARNING  High grad norm: 22673.37 at epoch=12 step=2455    
[04/19/26 17:23:53] WARNING  High grad norm: 31781.96 at epoch=12 step=2456    
                    WARNING  High grad norm: 19127.84 at epoch=12 step=2457    
                    WARNING  High grad norm: 36796.43 at epoch=12 step=2458    
                    WARNING  High grad norm: 33566.92 at epoch=12 step=2459    
                    WARNING  High grad norm: 18543.40 at epoch=12 step=2460    
[04/19/26 17:23:54] WARNING  High grad norm: 20415.29 at epoch=12 step=2461    
                    WARNING  High grad norm: 42056.57 at epoch=12 step=2462    
                    WARNING  High grad norm: 23565.36 at epoch=12 step=2463    
                    WARNING  High grad norm: 24808.65 at epoch=12 step=2464    
[04/19/26 17:23:55] WARNING  High grad norm: 45795.18 at epoch=12 step=2465    
                    WARNING  High grad norm: 22560.78 at epoch=12 step=2466    
                    WARNING  High grad norm: 28835.93 at epoch=12 step=2467    
                    WARNING  High grad norm: 45127.87 at epoch=12 step=2468    
                    WARNING  High grad norm: 24912.58 at epoch=12 step=2469    
[04/19/26 17:23:56] WARNING  High grad norm: 23071.41 at epoch=12 step=2470    
                    WARNING  High grad norm: 38924.15 at epoch=12 step=2471    
                    WARNING  High grad norm: 19272.39 at epoch=12 step=2472    
                    WARNING  High grad norm: 38391.30 at epoch=12 step=2473    
[04/19/26 17:23:57] WARNING  High grad norm: 40880.07 at epoch=12 step=2474    
                    WARNING  High grad norm: 35362.12 at epoch=12 step=2475    
                    WARNING  High grad norm: 14544.31 at epoch=12 step=2476    
                    WARNING  High grad norm: 26523.44 at epoch=12 step=2477    
[04/19/26 17:23:58] WARNING  High grad norm: 15994.77 at epoch=12 step=2478    
                    WARNING  High grad norm: 25900.68 at epoch=12 step=2479    
                    WARNING  High grad norm: 29498.95 at epoch=12 step=2480    
                    WARNING  High grad norm: 20196.03 at epoch=12 step=2481    
                    WARNING  High grad norm: 26318.33 at epoch=12 step=2482    
[04/19/26 17:23:59] WARNING  High grad norm: 27587.85 at epoch=12 step=2483    
                    WARNING  High grad norm: 12784.97 at epoch=12 step=2484    
                    WARNING  High grad norm: 28479.30 at epoch=12 step=2485    
                    WARNING  High grad norm: 43117.63 at epoch=12 step=2486    
[04/19/26 17:24:00] WARNING  High grad norm: 19434.62 at epoch=12 step=2487    
                    WARNING  High grad norm: 33590.75 at epoch=12 step=2488    
                    WARNING  High grad norm: 31637.20 at epoch=12 step=2489    
                    WARNING  High grad norm: 13339.14 at epoch=12 step=2490    
                    WARNING  High grad norm: 38762.66 at epoch=12 step=2491    
[04/19/26 17:24:01] WARNING  High grad norm: 33958.25 at epoch=12 step=2492    
                    WARNING  High grad norm: 18080.91 at epoch=12 step=2493    
                    WARNING  High grad norm: 26518.93 at epoch=12 step=2494    
                    WARNING  High grad norm: 38737.70 at epoch=12 step=2495    
[04/19/26 17:24:02] WARNING  High grad norm: 10392.04 at epoch=12 step=2496    
                    WARNING  High grad norm: 21097.79 at epoch=12 step=2497    
                    WARNING  High grad norm: 40637.71 at epoch=12 step=2498    
                    WARNING  High grad norm: 23479.08 at epoch=12 step=2499    
                    INFO     epoch=12 step=2500 loss=597.2538                  
                             grad_norm=23479.0820 lr=1.76e-04                  
[04/19/26 17:24:03] WARNING  High grad norm: 27596.66 at epoch=12 step=2500    
                    WARNING  High grad norm: 37318.66 at epoch=12 step=2501    
                    WARNING  High grad norm: 8061.72 at epoch=12 step=2502     
                    WARNING  High grad norm: 31149.51 at epoch=12 step=2503    
                    WARNING  High grad norm: 31173.68 at epoch=12 step=2504    
[04/19/26 17:24:04] WARNING  High grad norm: 15988.58 at epoch=12 step=2505    
                    WARNING  High grad norm: 25151.88 at epoch=12 step=2506    
                    WARNING  High grad norm: 25804.05 at epoch=12 step=2507    
                    WARNING  High grad norm: 9390.09 at epoch=12 step=2508     
[04/19/26 17:24:05] WARNING  High grad norm: 24920.42 at epoch=12 step=2509    
                    WARNING  High grad norm: 28941.78 at epoch=12 step=2510    
                    WARNING  High grad norm: 6735.57 at epoch=12 step=2511     
                    WARNING  High grad norm: 34373.01 at epoch=12 step=2512    
                    WARNING  High grad norm: 33962.57 at epoch=12 step=2513    
[04/19/26 17:24:06] WARNING  High grad norm: 13923.43 at epoch=12 step=2514    
                    WARNING  High grad norm: 21830.99 at epoch=12 step=2515    
                    WARNING  High grad norm: 44524.57 at epoch=12 step=2516    
                    WARNING  High grad norm: 10768.86 at epoch=12 step=2517    
[04/19/26 17:24:07] WARNING  High grad norm: 25794.28 at epoch=12 step=2518    
                    WARNING  High grad norm: 29081.63 at epoch=12 step=2519    
                    WARNING  High grad norm: 11216.77 at epoch=12 step=2520    
                    WARNING  High grad norm: 32424.12 at epoch=12 step=2521    
                    WARNING  High grad norm: 62642.93 at epoch=12 step=2522    
[04/19/26 17:24:08] WARNING  High grad norm: 24644.85 at epoch=12 step=2523    
                    WARNING  High grad norm: 13005.78 at epoch=12 step=2524    
                    WARNING  High grad norm: 26167.14 at epoch=12 step=2525    
                    WARNING  High grad norm: 4866.44 at epoch=12 step=2526     
[04/19/26 17:24:09] WARNING  High grad norm: 8708.72 at epoch=12 step=2527     
                    WARNING  High grad norm: 5147.52 at epoch=12 step=2528     
                    WARNING  High grad norm: 4508.72 at epoch=12 step=2529     
                    WARNING  High grad norm: 25703.72 at epoch=12 step=2530    
[04/19/26 17:24:10] WARNING  High grad norm: 5933.66 at epoch=12 step=2531     
                    WARNING  High grad norm: 30019.03 at epoch=12 step=2532    
                    WARNING  High grad norm: 40904.98 at epoch=12 step=2533    
                    WARNING  High grad norm: 12187.40 at epoch=12 step=2534    
                    WARNING  High grad norm: 49351.59 at epoch=12 step=2535    
[04/19/26 17:24:11] WARNING  High grad norm: 83998.55 at epoch=12 step=2536    
                    WARNING  High grad norm: 42619.08 at epoch=12 step=2537    
                    WARNING  High grad norm: 2933.30 at epoch=12 step=2538     
                    WARNING  High grad norm: 42984.79 at epoch=12 step=2539    
[04/19/26 17:24:12] WARNING  High grad norm: 32668.89 at epoch=12 step=2540    
                    WARNING  High grad norm: 7763.29 at epoch=12 step=2541     
                    WARNING  High grad norm: 5050.63 at epoch=12 step=2542     
                    WARNING  High grad norm: 15087.28 at epoch=12 step=2543    
                    WARNING  High grad norm: 7075.77 at epoch=12 step=2544     
[04/19/26 17:24:13] WARNING  High grad norm: 3995.74 at epoch=12 step=2545     
                    WARNING  High grad norm: 15344.64 at epoch=12 step=2546    
                    WARNING  High grad norm: 4860.12 at epoch=12 step=2547     
                    WARNING  High grad norm: 6141.53 at epoch=12 step=2548     
[04/19/26 17:24:14] WARNING  High grad norm: 8849.33 at epoch=12 step=2549     
                    WARNING  High grad norm: 4385.96 at epoch=12 step=2550     
                    WARNING  High grad norm: 5773.00 at epoch=12 step=2551     
                    WARNING  High grad norm: 8287.81 at epoch=12 step=2552     
                    WARNING  High grad norm: 3582.33 at epoch=12 step=2553     
[04/19/26 17:24:15] WARNING  High grad norm: 17797.41 at epoch=12 step=2554    
                    WARNING  High grad norm: 6382.45 at epoch=12 step=2555     
                    WARNING  High grad norm: 25543.47 at epoch=12 step=2556    
                    WARNING  High grad norm: 31946.66 at epoch=12 step=2557    
[04/19/26 17:24:16] WARNING  High grad norm: 4308.89 at epoch=12 step=2558     
                    WARNING  High grad norm: 40999.22 at epoch=12 step=2559    
                    WARNING  High grad norm: 48026.98 at epoch=12 step=2560    
                    WARNING  High grad norm: 31020.45 at epoch=12 step=2561    
[04/19/26 17:24:17] WARNING  High grad norm: 22106.47 at epoch=12 step=2562    
                    WARNING  High grad norm: 53841.18 at epoch=12 step=2563    
                    WARNING  High grad norm: 16198.77 at epoch=12 step=2564    
                    WARNING  High grad norm: 25661.98 at epoch=12 step=2565    
                    WARNING  High grad norm: 42796.27 at epoch=12 step=2566    
[04/19/26 17:24:18] WARNING  High grad norm: 22111.91 at epoch=12 step=2567    
                    WARNING  High grad norm: 18075.79 at epoch=12 step=2568    
                    WARNING  High grad norm: 35560.49 at epoch=12 step=2569    
                    WARNING  High grad norm: 15947.25 at epoch=12 step=2570    
[04/19/26 17:24:19] WARNING  High grad norm: 36005.04 at epoch=12 step=2571    
                    WARNING  High grad norm: 31186.36 at epoch=12 step=2572    
                    WARNING  High grad norm: 17829.17 at epoch=12 step=2573    
                    WARNING  High grad norm: 21607.74 at epoch=12 step=2574    
                    WARNING  High grad norm: 41055.54 at epoch=12 step=2575    
[04/19/26 17:24:20] WARNING  High grad norm: 19599.23 at epoch=12 step=2576    
                    WARNING  High grad norm: 19102.97 at epoch=12 step=2577    
                    WARNING  High grad norm: 41908.58 at epoch=12 step=2578    
                    WARNING  High grad norm: 19401.12 at epoch=12 step=2579    
[04/19/26 17:24:21] WARNING  High grad norm: 27360.92 at epoch=12 step=2580    
                    WARNING  High grad norm: 46232.86 at epoch=12 step=2581    
                    WARNING  High grad norm: 25759.68 at epoch=12 step=2582    
                    WARNING  High grad norm: 23371.57 at epoch=12 step=2583    
                    WARNING  High grad norm: 35528.92 at epoch=12 step=2584    
[04/19/26 17:24:22] WARNING  High grad norm: 11542.15 at epoch=12 step=2585    
                    WARNING  High grad norm: 36701.30 at epoch=12 step=2586    
                    WARNING  High grad norm: 40990.66 at epoch=12 step=2587    
                    WARNING  High grad norm: 32474.48 at epoch=12 step=2588    
[04/19/26 17:24:23] WARNING  High grad norm: 11181.68 at epoch=12 step=2589    
                    WARNING  High grad norm: 29136.75 at epoch=12 step=2590    
                    WARNING  High grad norm: 7389.91 at epoch=12 step=2591     
                    WARNING  High grad norm: 36465.23 at epoch=12 step=2592    
[04/19/26 17:24:24] WARNING  High grad norm: 30234.29 at epoch=12 step=2593    
                    WARNING  High grad norm: 30111.54 at epoch=12 step=2594    
                    WARNING  High grad norm: 20197.71 at epoch=12 step=2595    
                    WARNING  High grad norm: 38215.93 at epoch=12 step=2596    
                    WARNING  High grad norm: 22626.91 at epoch=12 step=2597    
[04/19/26 17:24:25] WARNING  High grad norm: 15643.26 at epoch=12 step=2598    
                    WARNING  High grad norm: 34268.56 at epoch=12 step=2599    
                    INFO     epoch=12 step=2600 loss=653.8192                  
                             grad_norm=34268.5586 lr=1.74e-04                  
                    WARNING  High grad norm: 17724.90 at epoch=12 step=2600    
                    WARNING  High grad norm: 23259.91 at epoch=12 step=2601    
[04/19/26 17:24:26] WARNING  High grad norm: 36921.97 at epoch=12 step=2602    
                    WARNING  High grad norm: 22908.78 at epoch=12 step=2603    
                    WARNING  High grad norm: 23978.75 at epoch=12 step=2604    
                    WARNING  High grad norm: 18856.06 at epoch=12 step=2605    
                    WARNING  High grad norm: 10792.94 at epoch=12 step=2606    
[04/19/26 17:24:27] WARNING  High grad norm: 26992.76 at epoch=12 step=2607    
                    WARNING  High grad norm: 37972.51 at epoch=12 step=2608    
                    WARNING  High grad norm: 22403.22 at epoch=12 step=2609    
                    WARNING  High grad norm: 21242.60 at epoch=12 step=2610    
[04/19/26 17:24:28] WARNING  High grad norm: 24679.48 at epoch=12 step=2611    
                    WARNING  High grad norm: 12630.08 at epoch=12 step=2612    
                    WARNING  High grad norm: 21649.30 at epoch=12 step=2613    
                    WARNING  High grad norm: 31529.48 at epoch=12 step=2614    
[04/19/26 17:24:29] WARNING  High grad norm: 20683.94 at epoch=12 step=2615    
                    WARNING  High grad norm: 29662.47 at epoch=12 step=2616    
                    WARNING  High grad norm: 36521.28 at epoch=12 step=2617    
                    WARNING  High grad norm: 17243.42 at epoch=12 step=2618    
                    WARNING  High grad norm: 23754.17 at epoch=12 step=2619    
[04/19/26 17:24:30] WARNING  High grad norm: 41515.30 at epoch=12 step=2620    
                    WARNING  High grad norm: 21495.82 at epoch=12 step=2621    
                    WARNING  High grad norm: 23654.92 at epoch=12 step=2622    
                    WARNING  High grad norm: 55415.19 at epoch=12 step=2623    
[04/19/26 17:24:31] WARNING  High grad norm: 21068.35 at epoch=12 step=2624    
                    WARNING  High grad norm: 26092.98 at epoch=12 step=2625    
                    WARNING  High grad norm: 27736.29 at epoch=12 step=2626    
                    WARNING  High grad norm: 18551.39 at epoch=12 step=2627    
                    WARNING  High grad norm: 22622.36 at epoch=12 step=2628    
[04/19/26 17:24:32] WARNING  High grad norm: 32232.55 at epoch=12 step=2629    
                    WARNING  High grad norm: 18685.61 at epoch=12 step=2630    
                    WARNING  High grad norm: 24951.62 at epoch=12 step=2631    
                    WARNING  High grad norm: 38095.38 at epoch=12 step=2632    
[04/19/26 17:24:33] WARNING  High grad norm: 16178.83 at epoch=12 step=2633    
                    WARNING  High grad norm: 27493.43 at epoch=12 step=2634    
                    WARNING  High grad norm: 30044.60 at epoch=12 step=2635    
                    WARNING  High grad norm: 17575.50 at epoch=12 step=2636    
[04/19/26 17:24:34] WARNING  High grad norm: 23280.81 at epoch=12 step=2637    
                    WARNING  High grad norm: 33994.89 at epoch=12 step=2638    
                    WARNING  High grad norm: 17205.99 at epoch=12 step=2639    
                    WARNING  High grad norm: 21253.47 at epoch=12 step=2640    
                    WARNING  High grad norm: 39545.23 at epoch=12 step=2641    
[04/19/26 17:24:35] WARNING  High grad norm: 14213.37 at epoch=12 step=2642    
                    WARNING  High grad norm: 25096.85 at epoch=12 step=2643    
                    WARNING  High grad norm: 31353.98 at epoch=12 step=2644    
                    WARNING  High grad norm: 14138.03 at epoch=12 step=2645    
[04/19/26 17:24:36] WARNING  High grad norm: 22517.34 at epoch=12 step=2646    
                    WARNING  High grad norm: 32967.55 at epoch=12 step=2647    
                    WARNING  High grad norm: 22230.57 at epoch=12 step=2648    
                    WARNING  High grad norm: 21213.82 at epoch=12 step=2649    
                    WARNING  High grad norm: 31070.26 at epoch=12 step=2650    
[04/19/26 17:24:37] WARNING  High grad norm: 18433.96 at epoch=12 step=2651    
                    WARNING  High grad norm: 17486.43 at epoch=12 step=2652    
                    WARNING  High grad norm: 41073.84 at epoch=12 step=2653    
                    WARNING  High grad norm: 17537.53 at epoch=12 step=2654    
[04/19/26 17:24:38] WARNING  High grad norm: 29962.19 at epoch=12 step=2655    
                    WARNING  High grad norm: 30638.53 at epoch=12 step=2656    
                    WARNING  High grad norm: 20648.66 at epoch=12 step=2657    
                    WARNING  High grad norm: 24062.06 at epoch=12 step=2658    
                    WARNING  High grad norm: 30378.02 at epoch=12 step=2659    
[04/19/26 17:24:39] WARNING  High grad norm: 15069.39 at epoch=12 step=2660    
                    WARNING  High grad norm: 23798.00 at epoch=12 step=2661    
                    WARNING  High grad norm: 41743.20 at epoch=12 step=2662    
                    WARNING  High grad norm: 17809.33 at epoch=12 step=2663    
[04/19/26 17:24:40] WARNING  High grad norm: 12019.95 at epoch=12 step=2664    
                    WARNING  High grad norm: 26925.23 at epoch=12 step=2665    
                    WARNING  High grad norm: 18843.97 at epoch=12 step=2666    
                    WARNING  High grad norm: 21830.34 at epoch=12 step=2667    
[04/19/26 17:24:41] WARNING  High grad norm: 35910.33 at epoch=12 step=2668    
                    WARNING  High grad norm: 16663.06 at epoch=12 step=2669    
                    WARNING  High grad norm: 20572.57 at epoch=12 step=2670    
                    WARNING  High grad norm: 22801.13 at epoch=12 step=2671    
                    WARNING  High grad norm: 9857.19 at epoch=12 step=2672     
[04/19/26 17:24:42] WARNING  High grad norm: 32785.49 at epoch=12 step=2673    
                    WARNING  High grad norm: 37706.03 at epoch=12 step=2674    
                    WARNING  High grad norm: 13399.06 at epoch=12 step=2675    
[04/19/26 17:24:43] INFO     epoch=12 avg_loss=639.9196 lr=1.73e-04            
[04/19/26 17:25:15] WARNING  High grad norm: 23753.10 at epoch=13 step=2676    
                    WARNING  High grad norm: 39846.32 at epoch=13 step=2677    
                    WARNING  High grad norm: 10760.66 at epoch=13 step=2678    
                    WARNING  High grad norm: 21571.12 at epoch=13 step=2679    
                    WARNING  High grad norm: 47239.93 at epoch=13 step=2680    
[04/19/26 17:25:16] WARNING  High grad norm: 18285.87 at epoch=13 step=2681    
                    WARNING  High grad norm: 19123.41 at epoch=13 step=2682    
                    WARNING  High grad norm: 34900.78 at epoch=13 step=2683    
                    WARNING  High grad norm: 14119.77 at epoch=13 step=2684    
[04/19/26 17:25:17] WARNING  High grad norm: 18065.42 at epoch=13 step=2685    
                    WARNING  High grad norm: 28940.06 at epoch=13 step=2686    
                    WARNING  High grad norm: 15049.81 at epoch=13 step=2687    
                    WARNING  High grad norm: 24387.35 at epoch=13 step=2688    
[04/19/26 17:25:18] WARNING  High grad norm: 35457.98 at epoch=13 step=2689    
                    WARNING  High grad norm: 13001.93 at epoch=13 step=2690    
                    WARNING  High grad norm: 18563.85 at epoch=13 step=2691    
                    WARNING  High grad norm: 51900.65 at epoch=13 step=2692    
                    WARNING  High grad norm: 16673.63 at epoch=13 step=2693    
[04/19/26 17:25:19] WARNING  High grad norm: 27903.23 at epoch=13 step=2694    
                    WARNING  High grad norm: 31355.90 at epoch=13 step=2695    
                    WARNING  High grad norm: 22670.15 at epoch=13 step=2696    
                    WARNING  High grad norm: 22264.65 at epoch=13 step=2697    
[04/19/26 17:25:20] WARNING  High grad norm: 25085.03 at epoch=13 step=2698    
                    WARNING  High grad norm: 13389.54 at epoch=13 step=2699    
                    INFO     epoch=13 step=2700 loss=624.7827                  
                             grad_norm=13389.5420 lr=1.73e-04                  
                    WARNING  High grad norm: 26538.45 at epoch=13 step=2700    
                    WARNING  High grad norm: 32073.37 at epoch=13 step=2701    
                    WARNING  High grad norm: 22179.69 at epoch=13 step=2702    
[04/19/26 17:25:21] WARNING  High grad norm: 20249.21 at epoch=13 step=2703    
                    WARNING  High grad norm: 35567.80 at epoch=13 step=2704    
                    WARNING  High grad norm: 14145.33 at epoch=13 step=2705    
                    WARNING  High grad norm: 24610.18 at epoch=13 step=2706    
[04/19/26 17:25:22] WARNING  High grad norm: 30131.19 at epoch=13 step=2707    
                    WARNING  High grad norm: 16933.09 at epoch=13 step=2708    
                    WARNING  High grad norm: 26525.29 at epoch=13 step=2709    
                    WARNING  High grad norm: 39578.71 at epoch=13 step=2710    
                    WARNING  High grad norm: 17804.14 at epoch=13 step=2711    
[04/19/26 17:25:23] WARNING  High grad norm: 21246.69 at epoch=13 step=2712    
                    WARNING  High grad norm: 34192.36 at epoch=13 step=2713    
                    WARNING  High grad norm: 13892.69 at epoch=13 step=2714    
                    WARNING  High grad norm: 17930.17 at epoch=13 step=2715    
[04/19/26 17:25:24] WARNING  High grad norm: 26377.33 at epoch=13 step=2716    
                    WARNING  High grad norm: 16947.15 at epoch=13 step=2717    
                    WARNING  High grad norm: 16045.74 at epoch=13 step=2718    
                    WARNING  High grad norm: 29138.33 at epoch=13 step=2719    
[04/19/26 17:25:25] WARNING  High grad norm: 11851.43 at epoch=13 step=2720    
                    WARNING  High grad norm: 24795.14 at epoch=13 step=2721    
                    WARNING  High grad norm: 32175.70 at epoch=13 step=2722    
                    WARNING  High grad norm: 18759.95 at epoch=13 step=2723    
                    WARNING  High grad norm: 29795.71 at epoch=13 step=2724    
[04/19/26 17:25:26] WARNING  High grad norm: 27774.04 at epoch=13 step=2725    
                    WARNING  High grad norm: 17514.42 at epoch=13 step=2726    
                    WARNING  High grad norm: 25350.13 at epoch=13 step=2727    
                    WARNING  High grad norm: 33532.06 at epoch=13 step=2728    
[04/19/26 17:25:27] WARNING  High grad norm: 17539.36 at epoch=13 step=2729    
                    WARNING  High grad norm: 20429.26 at epoch=13 step=2730    
                    WARNING  High grad norm: 38209.21 at epoch=13 step=2731    
                    WARNING  High grad norm: 10601.70 at epoch=13 step=2732    
                    WARNING  High grad norm: 25275.56 at epoch=13 step=2733    
[04/19/26 17:25:28] WARNING  High grad norm: 36038.90 at epoch=13 step=2734    
                    WARNING  High grad norm: 13848.84 at epoch=13 step=2735    
                    WARNING  High grad norm: 16622.94 at epoch=13 step=2736    
                    WARNING  High grad norm: 26063.46 at epoch=13 step=2737    
[04/19/26 17:25:29] WARNING  High grad norm: 17415.02 at epoch=13 step=2738    
                    WARNING  High grad norm: 17820.69 at epoch=13 step=2739    
                    WARNING  High grad norm: 39192.46 at epoch=13 step=2740    
                    WARNING  High grad norm: 16162.92 at epoch=13 step=2741    
                    WARNING  High grad norm: 24536.62 at epoch=13 step=2742    
[04/19/26 17:25:30] WARNING  High grad norm: 40986.79 at epoch=13 step=2743    
                    WARNING  High grad norm: 12185.00 at epoch=13 step=2744    
                    WARNING  High grad norm: 22798.16 at epoch=13 step=2745    
                    WARNING  High grad norm: 27725.70 at epoch=13 step=2746    
[04/19/26 17:25:31] WARNING  High grad norm: 12564.16 at epoch=13 step=2747    
                    WARNING  High grad norm: 21001.30 at epoch=13 step=2748    
                    WARNING  High grad norm: 32977.60 at epoch=13 step=2749    
                    WARNING  High grad norm: 13309.82 at epoch=13 step=2750    
[04/19/26 17:25:32] WARNING  High grad norm: 20920.47 at epoch=13 step=2751    
                    WARNING  High grad norm: 30296.20 at epoch=13 step=2752    
                    WARNING  High grad norm: 11758.85 at epoch=13 step=2753    
                    WARNING  High grad norm: 13148.46 at epoch=13 step=2754    
                    WARNING  High grad norm: 47183.74 at epoch=13 step=2755    
[04/19/26 17:25:33] WARNING  High grad norm: 14688.07 at epoch=13 step=2756    
                    WARNING  High grad norm: 20650.18 at epoch=13 step=2757    
                    WARNING  High grad norm: 40029.40 at epoch=13 step=2758    
                    WARNING  High grad norm: 16914.79 at epoch=13 step=2759    
[04/19/26 17:25:34] WARNING  High grad norm: 20797.02 at epoch=13 step=2760    
                    WARNING  High grad norm: 29303.77 at epoch=13 step=2761    
                    WARNING  High grad norm: 15867.02 at epoch=13 step=2762    
                    WARNING  High grad norm: 17848.17 at epoch=13 step=2763    
                    WARNING  High grad norm: 31291.33 at epoch=13 step=2764    
[04/19/26 17:25:35] WARNING  High grad norm: 17731.84 at epoch=13 step=2765    
                    WARNING  High grad norm: 29895.72 at epoch=13 step=2766    
                    WARNING  High grad norm: 37135.16 at epoch=13 step=2767    
                    WARNING  High grad norm: 17174.75 at epoch=13 step=2768    
[04/19/26 17:25:36] WARNING  High grad norm: 19480.86 at epoch=13 step=2769    
                    WARNING  High grad norm: 26063.62 at epoch=13 step=2770    
                    WARNING  High grad norm: 24287.01 at epoch=13 step=2771    
                    WARNING  High grad norm: 18550.17 at epoch=13 step=2772    
[04/19/26 17:25:37] WARNING  High grad norm: 22019.69 at epoch=13 step=2773    
                    WARNING  High grad norm: 18329.19 at epoch=13 step=2774    
                    WARNING  High grad norm: 19759.63 at epoch=13 step=2775    
                    WARNING  High grad norm: 25140.21 at epoch=13 step=2776    
                    WARNING  High grad norm: 13521.32 at epoch=13 step=2777    
[04/19/26 17:25:38] WARNING  High grad norm: 25407.88 at epoch=13 step=2778    
                    WARNING  High grad norm: 27217.85 at epoch=13 step=2779    
                    WARNING  High grad norm: 13999.49 at epoch=13 step=2780    
                    WARNING  High grad norm: 17979.46 at epoch=13 step=2781    
[04/19/26 17:25:39] WARNING  High grad norm: 31545.27 at epoch=13 step=2782    
                    WARNING  High grad norm: 18518.88 at epoch=13 step=2783    
                    WARNING  High grad norm: 16539.83 at epoch=13 step=2784    
                    WARNING  High grad norm: 28366.75 at epoch=13 step=2785    
                    WARNING  High grad norm: 10317.73 at epoch=13 step=2786    
[04/19/26 17:25:40] WARNING  High grad norm: 20697.45 at epoch=13 step=2787    
                    WARNING  High grad norm: 25933.70 at epoch=13 step=2788    
                    WARNING  High grad norm: 13463.94 at epoch=13 step=2789    
                    WARNING  High grad norm: 28653.15 at epoch=13 step=2790    
[04/19/26 17:25:41] WARNING  High grad norm: 21889.88 at epoch=13 step=2791    
                    WARNING  High grad norm: 15955.75 at epoch=13 step=2792    
                    WARNING  High grad norm: 20409.88 at epoch=13 step=2793    
                    WARNING  High grad norm: 30371.08 at epoch=13 step=2794    
[04/19/26 17:25:42] WARNING  High grad norm: 19078.21 at epoch=13 step=2795    
                    WARNING  High grad norm: 25906.71 at epoch=13 step=2796    
                    WARNING  High grad norm: 34222.84 at epoch=13 step=2797    
                    WARNING  High grad norm: 15250.27 at epoch=13 step=2798    
                    WARNING  High grad norm: 19913.69 at epoch=13 step=2799    
                    INFO     epoch=13 step=2800 loss=601.3045                  
                             grad_norm=19913.6934 lr=1.71e-04                  
[04/19/26 17:25:43] WARNING  High grad norm: 36438.11 at epoch=13 step=2800    
                    WARNING  High grad norm: 13722.06 at epoch=13 step=2801    
                    WARNING  High grad norm: 19829.02 at epoch=13 step=2802    
                    WARNING  High grad norm: 29713.24 at epoch=13 step=2803    
[04/19/26 17:25:44] WARNING  High grad norm: 12323.16 at epoch=13 step=2804    
                    WARNING  High grad norm: 27506.34 at epoch=13 step=2805    
                    WARNING  High grad norm: 24354.56 at epoch=13 step=2806    
                    WARNING  High grad norm: 20243.94 at epoch=13 step=2807    
                    WARNING  High grad norm: 20176.21 at epoch=13 step=2808    
[04/19/26 17:25:45] WARNING  High grad norm: 29541.27 at epoch=13 step=2809    
                    WARNING  High grad norm: 20934.48 at epoch=13 step=2810    
                    WARNING  High grad norm: 27705.37 at epoch=13 step=2811    
                    WARNING  High grad norm: 28672.31 at epoch=13 step=2812    
[04/19/26 17:25:46] WARNING  High grad norm: 12028.23 at epoch=13 step=2813    
                    WARNING  High grad norm: 25472.51 at epoch=13 step=2814    
                    WARNING  High grad norm: 39211.34 at epoch=13 step=2815    
                    WARNING  High grad norm: 19183.70 at epoch=13 step=2816    
                    WARNING  High grad norm: 18744.87 at epoch=13 step=2817    
[04/19/26 17:25:47] WARNING  High grad norm: 32472.81 at epoch=13 step=2818    
                    WARNING  High grad norm: 14020.76 at epoch=13 step=2819    
                    WARNING  High grad norm: 17157.92 at epoch=13 step=2820    
                    WARNING  High grad norm: 22538.33 at epoch=13 step=2821    
[04/19/26 17:25:48] WARNING  High grad norm: 19250.33 at epoch=13 step=2822    
                    WARNING  High grad norm: 24505.78 at epoch=13 step=2823    
                    WARNING  High grad norm: 29658.89 at epoch=13 step=2824    
                    WARNING  High grad norm: 14812.46 at epoch=13 step=2825    
[04/19/26 17:25:49] WARNING  High grad norm: 22529.18 at epoch=13 step=2826    
                    WARNING  High grad norm: 25231.39 at epoch=13 step=2827    
                    WARNING  High grad norm: 17422.38 at epoch=13 step=2828    
                    WARNING  High grad norm: 24195.17 at epoch=13 step=2829    
                    WARNING  High grad norm: 34153.18 at epoch=13 step=2830    
[04/19/26 17:25:50] WARNING  High grad norm: 13504.86 at epoch=13 step=2831    
                    WARNING  High grad norm: 14355.79 at epoch=13 step=2832    
                    WARNING  High grad norm: 28075.56 at epoch=13 step=2833    
                    WARNING  High grad norm: 11449.38 at epoch=13 step=2834    
[04/19/26 17:25:51] WARNING  High grad norm: 23790.75 at epoch=13 step=2835    
                    WARNING  High grad norm: 31210.19 at epoch=13 step=2836    
                    WARNING  High grad norm: 13611.23 at epoch=13 step=2837    
                    WARNING  High grad norm: 19397.59 at epoch=13 step=2838    
                    WARNING  High grad norm: 28518.38 at epoch=13 step=2839    
[04/19/26 17:25:52] WARNING  High grad norm: 16524.44 at epoch=13 step=2840    
                    WARNING  High grad norm: 22269.53 at epoch=13 step=2841    
                    WARNING  High grad norm: 32183.64 at epoch=13 step=2842    
                    WARNING  High grad norm: 15293.44 at epoch=13 step=2843    
[04/19/26 17:25:53] WARNING  High grad norm: 26515.52 at epoch=13 step=2844    
                    WARNING  High grad norm: 32123.95 at epoch=13 step=2845    
                    WARNING  High grad norm: 15464.06 at epoch=13 step=2846    
                    WARNING  High grad norm: 24743.12 at epoch=13 step=2847    
[04/19/26 17:25:54] WARNING  High grad norm: 36000.96 at epoch=13 step=2848    
                    WARNING  High grad norm: 18868.78 at epoch=13 step=2849    
                    WARNING  High grad norm: 21770.66 at epoch=13 step=2850    
                    WARNING  High grad norm: 20367.75 at epoch=13 step=2851    
                    WARNING  High grad norm: 13425.65 at epoch=13 step=2852    
[04/19/26 17:25:55] WARNING  High grad norm: 20265.47 at epoch=13 step=2853    
                    WARNING  High grad norm: 29048.75 at epoch=13 step=2854    
                    WARNING  High grad norm: 20647.19 at epoch=13 step=2855    
                    WARNING  High grad norm: 19544.29 at epoch=13 step=2856    
[04/19/26 17:25:56] WARNING  High grad norm: 24189.35 at epoch=13 step=2857    
                    WARNING  High grad norm: 13866.60 at epoch=13 step=2858    
                    WARNING  High grad norm: 15101.34 at epoch=13 step=2859    
                    WARNING  High grad norm: 41680.73 at epoch=13 step=2860    
                    WARNING  High grad norm: 20597.15 at epoch=13 step=2861    
[04/19/26 17:25:57] WARNING  High grad norm: 18248.07 at epoch=13 step=2862    
                    WARNING  High grad norm: 30632.14 at epoch=13 step=2863    
                    WARNING  High grad norm: 15034.80 at epoch=13 step=2864    
                    WARNING  High grad norm: 22799.17 at epoch=13 step=2865    
[04/19/26 17:25:58] WARNING  High grad norm: 27523.60 at epoch=13 step=2866    
                    WARNING  High grad norm: 23456.28 at epoch=13 step=2867    
                    WARNING  High grad norm: 24243.40 at epoch=13 step=2868    
                    WARNING  High grad norm: 31070.86 at epoch=13 step=2869    
[04/19/26 17:25:59] WARNING  High grad norm: 14652.16 at epoch=13 step=2870    
                    WARNING  High grad norm: 19183.48 at epoch=13 step=2871    
                    WARNING  High grad norm: 27432.80 at epoch=13 step=2872    
                    WARNING  High grad norm: 12859.69 at epoch=13 step=2873    
                    WARNING  High grad norm: 17975.02 at epoch=13 step=2874    
[04/19/26 17:26:00] WARNING  High grad norm: 26845.79 at epoch=13 step=2875    
                    WARNING  High grad norm: 12728.48 at epoch=13 step=2876    
                    WARNING  High grad norm: 22597.09 at epoch=13 step=2877    
                    WARNING  High grad norm: 35962.79 at epoch=13 step=2878    
[04/19/26 17:26:01] WARNING  High grad norm: 11792.52 at epoch=13 step=2879    
                    WARNING  High grad norm: 21165.27 at epoch=13 step=2880    
                    WARNING  High grad norm: 15585.28 at epoch=13 step=2881    
                    WARNING  High grad norm: 10620.14 at epoch=13 step=2882    
                    WARNING  High grad norm: 16558.44 at epoch=13 step=2883    
[04/19/26 17:26:02] WARNING  High grad norm: 33380.89 at epoch=13 step=2884    
                    WARNING  High grad norm: 9353.61 at epoch=13 step=2885     
                    WARNING  High grad norm: 22987.64 at epoch=13 step=2886    
                    WARNING  High grad norm: 29764.34 at epoch=13 step=2887    
[04/19/26 17:26:03] WARNING  High grad norm: 11523.11 at epoch=13 step=2888    
                    WARNING  High grad norm: 15903.77 at epoch=13 step=2889    
                    WARNING  High grad norm: 26262.87 at epoch=13 step=2890    
                    WARNING  High grad norm: 14541.99 at epoch=13 step=2891    
[04/19/26 17:26:04] WARNING  High grad norm: 18081.30 at epoch=13 step=2892    
                    WARNING  High grad norm: 19705.87 at epoch=13 step=2893    
                    WARNING  High grad norm: 10239.91 at epoch=13 step=2894    
                    WARNING  High grad norm: 14968.36 at epoch=13 step=2895    
                    WARNING  High grad norm: 30051.39 at epoch=13 step=2896    
[04/19/26 17:26:05] WARNING  High grad norm: 16466.82 at epoch=13 step=2897    
                    WARNING  High grad norm: 22739.15 at epoch=13 step=2898    
[04/19/26 17:26:06] INFO     epoch=13 avg_loss=595.9633 lr=1.69e-04            
[04/19/26 17:26:38] WARNING  High grad norm: 30842.60 at epoch=14 step=2899    
                    INFO     epoch=14 step=2900 loss=648.6823                  
                             grad_norm=30842.5977 lr=1.69e-04                  
                    WARNING  High grad norm: 11940.83 at epoch=14 step=2900    
                    WARNING  High grad norm: 25580.30 at epoch=14 step=2901    
                    WARNING  High grad norm: 17108.28 at epoch=14 step=2902    
[04/19/26 17:26:39] WARNING  High grad norm: 16962.77 at epoch=14 step=2903    
                    WARNING  High grad norm: 23109.93 at epoch=14 step=2904    
                    WARNING  High grad norm: 31819.82 at epoch=14 step=2905    
                    WARNING  High grad norm: 11107.12 at epoch=14 step=2906    
[04/19/26 17:26:40] WARNING  High grad norm: 17123.08 at epoch=14 step=2907    
                    WARNING  High grad norm: 36605.92 at epoch=14 step=2908    
                    WARNING  High grad norm: 10528.70 at epoch=14 step=2909    
                    WARNING  High grad norm: 20995.44 at epoch=14 step=2910    
                    WARNING  High grad norm: 23654.40 at epoch=14 step=2911    
[04/19/26 17:26:41] WARNING  High grad norm: 10972.73 at epoch=14 step=2912    
                    WARNING  High grad norm: 19290.66 at epoch=14 step=2913    
                    WARNING  High grad norm: 37545.52 at epoch=14 step=2914    
                    WARNING  High grad norm: 11855.09 at epoch=14 step=2915    
[04/19/26 17:26:42] WARNING  High grad norm: 20162.99 at epoch=14 step=2916    
                    WARNING  High grad norm: 22621.10 at epoch=14 step=2917    
                    WARNING  High grad norm: 12798.19 at epoch=14 step=2918    
                    WARNING  High grad norm: 14457.00 at epoch=14 step=2919    
                    WARNING  High grad norm: 28404.33 at epoch=14 step=2920    
[04/19/26 17:26:43] WARNING  High grad norm: 8922.56 at epoch=14 step=2921     
                    WARNING  High grad norm: 18827.51 at epoch=14 step=2922    
                    WARNING  High grad norm: 33553.14 at epoch=14 step=2923    
                    WARNING  High grad norm: 8617.24 at epoch=14 step=2924     
[04/19/26 17:26:44] WARNING  High grad norm: 21571.84 at epoch=14 step=2925    
                    WARNING  High grad norm: 31120.19 at epoch=14 step=2926    
                    WARNING  High grad norm: 14555.04 at epoch=14 step=2927    
                    WARNING  High grad norm: 17996.49 at epoch=14 step=2928    
                    WARNING  High grad norm: 19080.66 at epoch=14 step=2929    
[04/19/26 17:26:45] WARNING  High grad norm: 7785.31 at epoch=14 step=2930     
                    WARNING  High grad norm: 17412.30 at epoch=14 step=2931    
                    WARNING  High grad norm: 28247.94 at epoch=14 step=2932    
                    WARNING  High grad norm: 8328.39 at epoch=14 step=2933     
[04/19/26 17:26:46] WARNING  High grad norm: 17572.11 at epoch=14 step=2934    
                    WARNING  High grad norm: 12855.76 at epoch=14 step=2935    
                    WARNING  High grad norm: 4863.61 at epoch=14 step=2936     
                    WARNING  High grad norm: 5652.45 at epoch=14 step=2937     
                    WARNING  High grad norm: 20168.92 at epoch=14 step=2938    
[04/19/26 17:26:47] WARNING  High grad norm: 6514.08 at epoch=14 step=2939     
                    WARNING  High grad norm: 32978.48 at epoch=14 step=2940    
                    WARNING  High grad norm: 33171.18 at epoch=14 step=2941    
                    WARNING  High grad norm: 10214.70 at epoch=14 step=2942    
[04/19/26 17:26:48] WARNING  High grad norm: 20653.20 at epoch=14 step=2943    
                    WARNING  High grad norm: 37729.95 at epoch=14 step=2944    
                    WARNING  High grad norm: 27120.99 at epoch=14 step=2945    
                    WARNING  High grad norm: 5187.50 at epoch=14 step=2946     
[04/19/26 17:26:49] WARNING  High grad norm: 9147.58 at epoch=14 step=2947     
                    WARNING  High grad norm: 6298.15 at epoch=14 step=2948     
                    WARNING  High grad norm: 1754.77 at epoch=14 step=2949     
                    WARNING  High grad norm: 17850.29 at epoch=14 step=2950    
                    WARNING  High grad norm: 11811.71 at epoch=14 step=2951    
[04/19/26 17:26:50] WARNING  High grad norm: 24546.83 at epoch=14 step=2952    
                    WARNING  High grad norm: 16672.58 at epoch=14 step=2953    
                    WARNING  High grad norm: 4521.47 at epoch=14 step=2954     
                    WARNING  High grad norm: 12944.68 at epoch=14 step=2955    
[04/19/26 17:26:51] WARNING  High grad norm: 5592.78 at epoch=14 step=2956     
                    WARNING  High grad norm: 6588.66 at epoch=14 step=2957     
                    WARNING  High grad norm: 8734.86 at epoch=14 step=2958     
                    WARNING  High grad norm: 3758.25 at epoch=14 step=2959     
[04/19/26 17:26:52] WARNING  High grad norm: 2070.20 at epoch=14 step=2960     
                    WARNING  High grad norm: 7155.35 at epoch=14 step=2961     
                    WARNING  High grad norm: 4278.34 at epoch=14 step=2962     
                    WARNING  High grad norm: 5951.00 at epoch=14 step=2963     
                    WARNING  High grad norm: 5513.06 at epoch=14 step=2964     
[04/19/26 17:26:53] WARNING  High grad norm: 10457.91 at epoch=14 step=2965    
                    WARNING  High grad norm: 4992.40 at epoch=14 step=2966     
                    WARNING  High grad norm: 19544.25 at epoch=14 step=2967    
                    WARNING  High grad norm: 31024.79 at epoch=14 step=2968    
[04/19/26 17:26:54] WARNING  High grad norm: 4642.05 at epoch=14 step=2969     
                    WARNING  High grad norm: 11501.29 at epoch=14 step=2970    
                    WARNING  High grad norm: 3681.68 at epoch=14 step=2971     
                    WARNING  High grad norm: 16601.38 at epoch=14 step=2972    
                    WARNING  High grad norm: 6838.47 at epoch=14 step=2973     
[04/19/26 17:26:55] WARNING  High grad norm: 19761.21 at epoch=14 step=2974    
                    WARNING  High grad norm: 17216.71 at epoch=14 step=2975    
                    WARNING  High grad norm: 3669.34 at epoch=14 step=2976     
                    WARNING  High grad norm: 13635.74 at epoch=14 step=2977    
[04/19/26 17:26:56] WARNING  High grad norm: 5438.57 at epoch=14 step=2978     
                    WARNING  High grad norm: 8281.25 at epoch=14 step=2979     
                    WARNING  High grad norm: 14007.78 at epoch=14 step=2980    
                    WARNING  High grad norm: 4835.34 at epoch=14 step=2981     
                    WARNING  High grad norm: 22508.81 at epoch=14 step=2982    
[04/19/26 17:26:57] WARNING  High grad norm: 18548.05 at epoch=14 step=2983    
                    WARNING  High grad norm: 3520.26 at epoch=14 step=2984     
                    WARNING  High grad norm: 19047.05 at epoch=14 step=2985    
                    WARNING  High grad norm: 32209.86 at epoch=14 step=2986    
[04/19/26 17:26:58] WARNING  High grad norm: 13184.85 at epoch=14 step=2987    
                    WARNING  High grad norm: 23224.16 at epoch=14 step=2988    
                    WARNING  High grad norm: 32546.41 at epoch=14 step=2989    
                    WARNING  High grad norm: 17198.52 at epoch=14 step=2990    
[04/19/26 17:26:59] WARNING  High grad norm: 21033.44 at epoch=14 step=2991    
                    WARNING  High grad norm: 22770.65 at epoch=14 step=2992    
                    WARNING  High grad norm: 8424.17 at epoch=14 step=2993     
                    WARNING  High grad norm: 28556.99 at epoch=14 step=2994    
                    WARNING  High grad norm: 31420.82 at epoch=14 step=2995    
[04/19/26 17:27:00] WARNING  High grad norm: 22963.93 at epoch=14 step=2996    
                    WARNING  High grad norm: 9248.82 at epoch=14 step=2997     
                    WARNING  High grad norm: 22799.35 at epoch=14 step=2998    
                    WARNING  High grad norm: 5578.37 at epoch=14 step=2999     
                    INFO     epoch=14 step=3000 loss=616.8277                  
                             grad_norm=5578.3735 lr=1.67e-04                   
[04/19/26 17:27:01] WARNING  High grad norm: 24528.08 at epoch=14 step=3000    
                    WARNING  High grad norm: 36999.04 at epoch=14 step=3001    
                    WARNING  High grad norm: 11048.23 at epoch=14 step=3002    
                    WARNING  High grad norm: 27953.94 at epoch=14 step=3003    
                    WARNING  High grad norm: 29177.64 at epoch=14 step=3004    
[04/19/26 17:27:02] WARNING  High grad norm: 15985.25 at epoch=14 step=3005    
                    WARNING  High grad norm: 14337.41 at epoch=14 step=3006    
                    WARNING  High grad norm: 17069.85 at epoch=14 step=3007    
                    WARNING  High grad norm: 5820.69 at epoch=14 step=3008     
[04/19/26 17:27:03] WARNING  High grad norm: 22049.50 at epoch=14 step=3009    
                    WARNING  High grad norm: 28995.84 at epoch=14 step=3010    
                    WARNING  High grad norm: 12596.89 at epoch=14 step=3011    
                    WARNING  High grad norm: 30885.78 at epoch=14 step=3012    
                    WARNING  High grad norm: 28598.61 at epoch=14 step=3013    
[04/19/26 17:27:04] WARNING  High grad norm: 21034.62 at epoch=14 step=3014    
                    WARNING  High grad norm: 12960.50 at epoch=14 step=3015    
                    WARNING  High grad norm: 16770.44 at epoch=14 step=3016    
                    WARNING  High grad norm: 12153.85 at epoch=14 step=3017    
[04/19/26 17:27:05] WARNING  High grad norm: 29697.46 at epoch=14 step=3018    
                    WARNING  High grad norm: 31340.64 at epoch=14 step=3019    
                    WARNING  High grad norm: 18712.66 at epoch=14 step=3020    
                    WARNING  High grad norm: 15660.11 at epoch=14 step=3021    
[04/19/26 17:27:06] WARNING  High grad norm: 21358.11 at epoch=14 step=3022    
                    WARNING  High grad norm: 7480.25 at epoch=14 step=3023     
                    WARNING  High grad norm: 19426.50 at epoch=14 step=3024    
                    WARNING  High grad norm: 35812.91 at epoch=14 step=3025    
                    WARNING  High grad norm: 17802.73 at epoch=14 step=3026    
[04/19/26 17:27:07] WARNING  High grad norm: 13567.06 at epoch=14 step=3027    
                    WARNING  High grad norm: 24887.43 at epoch=14 step=3028    
                    WARNING  High grad norm: 8683.95 at epoch=14 step=3029     
                    WARNING  High grad norm: 14695.89 at epoch=14 step=3030    
[04/19/26 17:27:08] WARNING  High grad norm: 32344.49 at epoch=14 step=3031    
                    WARNING  High grad norm: 18887.78 at epoch=14 step=3032    
                    WARNING  High grad norm: 15153.29 at epoch=14 step=3033    
                    WARNING  High grad norm: 16164.57 at epoch=14 step=3034    
[04/19/26 17:27:09] WARNING  High grad norm: 11437.51 at epoch=14 step=3035    
                    WARNING  High grad norm: 18078.30 at epoch=14 step=3036    
[04/19/26 17:27:10] WARNING  High grad norm: 24010.60 at epoch=14 step=3037    
[04/19/26 17:27:11] WARNING  High grad norm: 15694.98 at epoch=14 step=3038    
                    WARNING  High grad norm: 15650.06 at epoch=14 step=3039    
                    WARNING  High grad norm: 26641.49 at epoch=14 step=3040    
                    WARNING  High grad norm: 8556.36 at epoch=14 step=3041     
[04/19/26 17:27:13] WARNING  High grad norm: 14826.00 at epoch=14 step=3042    
                    WARNING  High grad norm: 36073.12 at epoch=14 step=3043    
                    WARNING  High grad norm: 13505.84 at epoch=14 step=3044    
[04/19/26 17:27:14] WARNING  High grad norm: 13617.42 at epoch=14 step=3045    
[04/19/26 17:27:15] WARNING  High grad norm: 29499.55 at epoch=14 step=3046    
                    WARNING  High grad norm: 11837.81 at epoch=14 step=3047    
[04/19/26 17:27:16] WARNING  High grad norm: 20585.81 at epoch=14 step=3048    
                    WARNING  High grad norm: 24254.62 at epoch=14 step=3049    
                    WARNING  High grad norm: 17835.26 at epoch=14 step=3050    
[04/19/26 17:27:18] WARNING  High grad norm: 14759.17 at epoch=14 step=3051    
                    WARNING  High grad norm: 33209.43 at epoch=14 step=3052    
                    WARNING  High grad norm: 17243.62 at epoch=14 step=3053    
                    WARNING  High grad norm: 14506.55 at epoch=14 step=3054    
                    WARNING  High grad norm: 32246.46 at epoch=14 step=3055    
[04/19/26 17:27:19] WARNING  High grad norm: 15464.21 at epoch=14 step=3056    
                    WARNING  High grad norm: 21712.92 at epoch=14 step=3057    
                    WARNING  High grad norm: 25285.20 at epoch=14 step=3058    
                    WARNING  High grad norm: 13977.07 at epoch=14 step=3059    
[04/19/26 17:27:20] WARNING  High grad norm: 18737.74 at epoch=14 step=3060    
                    WARNING  High grad norm: 31234.24 at epoch=14 step=3061    
                    WARNING  High grad norm: 13075.12 at epoch=14 step=3062    
                    WARNING  High grad norm: 22528.45 at epoch=14 step=3063    
[04/19/26 17:27:21] WARNING  High grad norm: 29125.30 at epoch=14 step=3064    
                    WARNING  High grad norm: 14649.23 at epoch=14 step=3065    
                    WARNING  High grad norm: 19556.08 at epoch=14 step=3066    
                    WARNING  High grad norm: 23580.76 at epoch=14 step=3067    
                    WARNING  High grad norm: 16032.08 at epoch=14 step=3068    
[04/19/26 17:27:22] WARNING  High grad norm: 17421.12 at epoch=14 step=3069    
                    WARNING  High grad norm: 22751.07 at epoch=14 step=3070    
                    WARNING  High grad norm: 15929.71 at epoch=14 step=3071    
                    WARNING  High grad norm: 16509.39 at epoch=14 step=3072    
[04/19/26 17:27:23] WARNING  High grad norm: 24986.28 at epoch=14 step=3073    
                    WARNING  High grad norm: 10936.84 at epoch=14 step=3074    
                    WARNING  High grad norm: 17523.55 at epoch=14 step=3075    
                    WARNING  High grad norm: 21660.99 at epoch=14 step=3076    
[04/19/26 17:27:24] WARNING  High grad norm: 14782.29 at epoch=14 step=3077    
                    WARNING  High grad norm: 20680.01 at epoch=14 step=3078    
                    WARNING  High grad norm: 24768.90 at epoch=14 step=3079    
                    WARNING  High grad norm: 7624.33 at epoch=14 step=3080     
                    WARNING  High grad norm: 20332.30 at epoch=14 step=3081    
[04/19/26 17:27:25] WARNING  High grad norm: 23006.87 at epoch=14 step=3082    
                    WARNING  High grad norm: 10772.40 at epoch=14 step=3083    
                    WARNING  High grad norm: 13143.42 at epoch=14 step=3084    
[04/19/26 17:27:26] WARNING  High grad norm: 30101.90 at epoch=14 step=3085    
                    WARNING  High grad norm: 14832.32 at epoch=14 step=3086    
                    WARNING  High grad norm: 20785.25 at epoch=14 step=3087    
[04/19/26 17:27:27] WARNING  High grad norm: 22638.69 at epoch=14 step=3088    
                    WARNING  High grad norm: 7999.13 at epoch=14 step=3089     
                    WARNING  High grad norm: 21696.81 at epoch=14 step=3090    
[04/19/26 17:27:28] WARNING  High grad norm: 20109.82 at epoch=14 step=3091    
                    WARNING  High grad norm: 12978.02 at epoch=14 step=3092    
[04/19/26 17:27:29] WARNING  High grad norm: 23540.90 at epoch=14 step=3093    
                    WARNING  High grad norm: 25179.74 at epoch=14 step=3094    
                    WARNING  High grad norm: 12132.66 at epoch=14 step=3095    
[04/19/26 17:27:30] WARNING  High grad norm: 11071.75 at epoch=14 step=3096    
                    WARNING  High grad norm: 21248.07 at epoch=14 step=3097    
                    WARNING  High grad norm: 8691.28 at epoch=14 step=3098     
[04/19/26 17:27:31] WARNING  High grad norm: 17347.51 at epoch=14 step=3099    
                    INFO     epoch=14 step=3100 loss=602.6461                  
                             grad_norm=17347.5059 lr=1.64e-04                  
                    WARNING  High grad norm: 29116.18 at epoch=14 step=3100    
                    WARNING  High grad norm: 16267.62 at epoch=14 step=3101    
[04/19/26 17:27:32] WARNING  High grad norm: 10016.31 at epoch=14 step=3102    
                    WARNING  High grad norm: 23935.48 at epoch=14 step=3103    
                    WARNING  High grad norm: 8682.49 at epoch=14 step=3104     
                    WARNING  High grad norm: 28212.52 at epoch=14 step=3105    
                    WARNING  High grad norm: 27617.50 at epoch=14 step=3106    
[04/19/26 17:27:33] WARNING  High grad norm: 21086.79 at epoch=14 step=3107    
                    WARNING  High grad norm: 16784.96 at epoch=14 step=3108    
                    WARNING  High grad norm: 25279.87 at epoch=14 step=3109    
                    WARNING  High grad norm: 9945.94 at epoch=14 step=3110     
[04/19/26 17:27:34] WARNING  High grad norm: 19238.22 at epoch=14 step=3111    
                    WARNING  High grad norm: 29830.72 at epoch=14 step=3112    
                    WARNING  High grad norm: 13690.20 at epoch=14 step=3113    
                    WARNING  High grad norm: 15487.25 at epoch=14 step=3114    
[04/19/26 17:27:35] WARNING  High grad norm: 25622.95 at epoch=14 step=3115    
                    WARNING  High grad norm: 12429.38 at epoch=14 step=3116    
                    WARNING  High grad norm: 13563.41 at epoch=14 step=3117    
                    WARNING  High grad norm: 26229.79 at epoch=14 step=3118    
                    WARNING  High grad norm: 11637.01 at epoch=14 step=3119    
[04/19/26 17:27:36] WARNING  High grad norm: 15542.50 at epoch=14 step=3120    
                    WARNING  High grad norm: 26567.33 at epoch=14 step=3121    
[04/19/26 17:27:37] INFO     epoch=14 avg_loss=600.9120 lr=1.64e-04            
[04/19/26 17:28:12] WARNING  High grad norm: 7287.04 at epoch=15 step=3122     
[04/19/26 17:28:13] WARNING  High grad norm: 19917.41 at epoch=15 step=3123    
                    WARNING  High grad norm: 21880.36 at epoch=15 step=3124    
                    WARNING  High grad norm: 14930.12 at epoch=15 step=3125    
                    WARNING  High grad norm: 13930.79 at epoch=15 step=3126    
                    WARNING  High grad norm: 28815.82 at epoch=15 step=3127    
[04/19/26 17:28:14] WARNING  High grad norm: 15911.45 at epoch=15 step=3128    
                    WARNING  High grad norm: 14995.20 at epoch=15 step=3129    
                    WARNING  High grad norm: 18983.21 at epoch=15 step=3130    
                    WARNING  High grad norm: 8327.49 at epoch=15 step=3131     
[04/19/26 17:28:15] WARNING  High grad norm: 21052.99 at epoch=15 step=3132    
                    WARNING  High grad norm: 22449.58 at epoch=15 step=3133    
                    WARNING  High grad norm: 15264.25 at epoch=15 step=3134    
                    WARNING  High grad norm: 17348.66 at epoch=15 step=3135    
[04/19/26 17:28:16] WARNING  High grad norm: 24807.77 at epoch=15 step=3136    
                    WARNING  High grad norm: 7048.30 at epoch=15 step=3137     
                    WARNING  High grad norm: 23593.59 at epoch=15 step=3138    
                    WARNING  High grad norm: 22067.72 at epoch=15 step=3139    
                    WARNING  High grad norm: 16508.47 at epoch=15 step=3140    
[04/19/26 17:28:17] WARNING  High grad norm: 20020.56 at epoch=15 step=3141    
                    WARNING  High grad norm: 33334.58 at epoch=15 step=3142    
                    WARNING  High grad norm: 15801.89 at epoch=15 step=3143    
                    WARNING  High grad norm: 13534.54 at epoch=15 step=3144    
[04/19/26 17:28:18] WARNING  High grad norm: 17540.24 at epoch=15 step=3145    
                    WARNING  High grad norm: 8442.70 at epoch=15 step=3146     
                    WARNING  High grad norm: 17214.83 at epoch=15 step=3147    
                    WARNING  High grad norm: 32006.35 at epoch=15 step=3148    
                    WARNING  High grad norm: 14662.43 at epoch=15 step=3149    
[04/19/26 17:28:19] WARNING  High grad norm: 12814.03 at epoch=15 step=3150    
                    WARNING  High grad norm: 27356.60 at epoch=15 step=3151    
                    WARNING  High grad norm: 10339.92 at epoch=15 step=3152    
                    WARNING  High grad norm: 22805.35 at epoch=15 step=3153    
[04/19/26 17:28:20] WARNING  High grad norm: 32572.28 at epoch=15 step=3154    
                    WARNING  High grad norm: 13906.98 at epoch=15 step=3155    
                    WARNING  High grad norm: 17986.65 at epoch=15 step=3156    
                    WARNING  High grad norm: 18420.88 at epoch=15 step=3157    
                    WARNING  High grad norm: 18137.21 at epoch=15 step=3158    
[04/19/26 17:28:21] WARNING  High grad norm: 13175.44 at epoch=15 step=3159    
                    WARNING  High grad norm: 21279.67 at epoch=15 step=3160    
                    WARNING  High grad norm: 8067.88 at epoch=15 step=3161     
                    WARNING  High grad norm: 23253.86 at epoch=15 step=3162    
[04/19/26 17:28:22] WARNING  High grad norm: 33765.10 at epoch=15 step=3163    
                    WARNING  High grad norm: 11412.21 at epoch=15 step=3164    
                    WARNING  High grad norm: 16580.95 at epoch=15 step=3165    
                    WARNING  High grad norm: 21299.58 at epoch=15 step=3166    
                    WARNING  High grad norm: 10512.21 at epoch=15 step=3167    
[04/19/26 17:28:23] WARNING  High grad norm: 17026.86 at epoch=15 step=3168    
                    WARNING  High grad norm: 21299.13 at epoch=15 step=3169    
                    WARNING  High grad norm: 19515.33 at epoch=15 step=3170    
                    WARNING  High grad norm: 13765.45 at epoch=15 step=3171    
[04/19/26 17:28:24] WARNING  High grad norm: 21382.38 at epoch=15 step=3172    
                    WARNING  High grad norm: 10130.09 at epoch=15 step=3173    
                    WARNING  High grad norm: 18901.05 at epoch=15 step=3174    
                    WARNING  High grad norm: 29359.50 at epoch=15 step=3175    
                    WARNING  High grad norm: 11595.50 at epoch=15 step=3176    
[04/19/26 17:28:25] WARNING  High grad norm: 20626.54 at epoch=15 step=3177    
                    WARNING  High grad norm: 31636.34 at epoch=15 step=3178    
                    WARNING  High grad norm: 11471.88 at epoch=15 step=3179    
                    WARNING  High grad norm: 16338.34 at epoch=15 step=3180    
[04/19/26 17:28:26] WARNING  High grad norm: 20612.95 at epoch=15 step=3181    
                    WARNING  High grad norm: 12835.53 at epoch=15 step=3182    
                    WARNING  High grad norm: 24677.62 at epoch=15 step=3183    
                    WARNING  High grad norm: 23232.08 at epoch=15 step=3184    
[04/19/26 17:28:27] WARNING  High grad norm: 14838.08 at epoch=15 step=3185    
                    WARNING  High grad norm: 14796.87 at epoch=15 step=3186    
                    WARNING  High grad norm: 12730.04 at epoch=15 step=3187    
                    WARNING  High grad norm: 9927.54 at epoch=15 step=3188     
                    WARNING  High grad norm: 22308.58 at epoch=15 step=3189    
[04/19/26 17:28:28] WARNING  High grad norm: 21958.32 at epoch=15 step=3190    
                    WARNING  High grad norm: 8856.45 at epoch=15 step=3191     
                    WARNING  High grad norm: 15961.95 at epoch=15 step=3192    
                    WARNING  High grad norm: 26210.50 at epoch=15 step=3193    
[04/19/26 17:28:29] WARNING  High grad norm: 16022.22 at epoch=15 step=3194    
                    WARNING  High grad norm: 17287.04 at epoch=15 step=3195    
                    WARNING  High grad norm: 18957.87 at epoch=15 step=3196    
                    WARNING  High grad norm: 11346.67 at epoch=15 step=3197    
                    WARNING  High grad norm: 20867.61 at epoch=15 step=3198    
[04/19/26 17:28:30] WARNING  High grad norm: 30633.62 at epoch=15 step=3199    
                    INFO     epoch=15 step=3200 loss=580.3669                  
                             grad_norm=30633.6191 lr=1.62e-04                  
                    WARNING  High grad norm: 13157.86 at epoch=15 step=3200    
                    WARNING  High grad norm: 15429.94 at epoch=15 step=3201    
                    WARNING  High grad norm: 15767.34 at epoch=15 step=3202    
[04/19/26 17:28:31] WARNING  High grad norm: 10833.68 at epoch=15 step=3203    
                    WARNING  High grad norm: 27858.27 at epoch=15 step=3204    
                    WARNING  High grad norm: 25546.80 at epoch=15 step=3205    
                    WARNING  High grad norm: 17394.04 at epoch=15 step=3206    
                    WARNING  High grad norm: 17099.13 at epoch=15 step=3207    
[04/19/26 17:28:32] WARNING  High grad norm: 20248.45 at epoch=15 step=3208    
                    WARNING  High grad norm: 9048.42 at epoch=15 step=3209     
                    WARNING  High grad norm: 20472.28 at epoch=15 step=3210    
                    WARNING  High grad norm: 24693.73 at epoch=15 step=3211    
[04/19/26 17:28:33] WARNING  High grad norm: 11750.33 at epoch=15 step=3212    
                    WARNING  High grad norm: 14804.06 at epoch=15 step=3213    
                    WARNING  High grad norm: 26804.18 at epoch=15 step=3214    
                    WARNING  High grad norm: 11891.29 at epoch=15 step=3215    
[04/19/26 17:28:34] WARNING  High grad norm: 17158.03 at epoch=15 step=3216    
                    WARNING  High grad norm: 19122.53 at epoch=15 step=3217    
                    WARNING  High grad norm: 15879.43 at epoch=15 step=3218    
                    WARNING  High grad norm: 18847.87 at epoch=15 step=3219    
                    WARNING  High grad norm: 19141.99 at epoch=15 step=3220    
[04/19/26 17:28:35] WARNING  High grad norm: 15037.52 at epoch=15 step=3221    
                    WARNING  High grad norm: 22680.22 at epoch=15 step=3222    
                    WARNING  High grad norm: 29330.45 at epoch=15 step=3223    
                    WARNING  High grad norm: 13518.40 at epoch=15 step=3224    
[04/19/26 17:28:36] WARNING  High grad norm: 19063.06 at epoch=15 step=3225    
                    WARNING  High grad norm: 34191.25 at epoch=15 step=3226    
                    WARNING  High grad norm: 16600.85 at epoch=15 step=3227    
                    WARNING  High grad norm: 12013.86 at epoch=15 step=3228    
                    WARNING  High grad norm: 23391.08 at epoch=15 step=3229    
[04/19/26 17:28:37] WARNING  High grad norm: 7459.99 at epoch=15 step=3230     
                    WARNING  High grad norm: 16097.86 at epoch=15 step=3231    
                    WARNING  High grad norm: 23126.44 at epoch=15 step=3232    
                    WARNING  High grad norm: 15770.60 at epoch=15 step=3233    
[04/19/26 17:28:38] WARNING  High grad norm: 16182.08 at epoch=15 step=3234    
                    WARNING  High grad norm: 15709.19 at epoch=15 step=3235    
                    WARNING  High grad norm: 7571.23 at epoch=15 step=3236     
                    WARNING  High grad norm: 15022.35 at epoch=15 step=3237    
                    WARNING  High grad norm: 14406.21 at epoch=15 step=3238    
[04/19/26 17:28:39] WARNING  High grad norm: 8823.61 at epoch=15 step=3239     
                    WARNING  High grad norm: 18401.53 at epoch=15 step=3240    
                    WARNING  High grad norm: 31918.50 at epoch=15 step=3241    
                    WARNING  High grad norm: 12553.49 at epoch=15 step=3242    
[04/19/26 17:28:40] WARNING  High grad norm: 15108.02 at epoch=15 step=3243    
                    WARNING  High grad norm: 18742.34 at epoch=15 step=3244    
                    WARNING  High grad norm: 10278.56 at epoch=15 step=3245    
                    WARNING  High grad norm: 18418.06 at epoch=15 step=3246    
                    WARNING  High grad norm: 15473.05 at epoch=15 step=3247    
[04/19/26 17:28:41] WARNING  High grad norm: 7436.69 at epoch=15 step=3248     
                    WARNING  High grad norm: 13169.29 at epoch=15 step=3249    
                    WARNING  High grad norm: 28488.98 at epoch=15 step=3250    
                    WARNING  High grad norm: 16430.95 at epoch=15 step=3251    
[04/19/26 17:28:42] WARNING  High grad norm: 12535.74 at epoch=15 step=3252    
                    WARNING  High grad norm: 11903.72 at epoch=15 step=3253    
                    WARNING  High grad norm: 5191.38 at epoch=15 step=3254     
                    WARNING  High grad norm: 19341.09 at epoch=15 step=3255    
[04/19/26 17:28:43] WARNING  High grad norm: 24552.04 at epoch=15 step=3256    
                    WARNING  High grad norm: 13081.48 at epoch=15 step=3257    
                    WARNING  High grad norm: 20519.84 at epoch=15 step=3258    
                    WARNING  High grad norm: 20899.01 at epoch=15 step=3259    
                    WARNING  High grad norm: 16686.26 at epoch=15 step=3260    
[04/19/26 17:28:44] WARNING  High grad norm: 13088.19 at epoch=15 step=3261    
                    WARNING  High grad norm: 20187.15 at epoch=15 step=3262    
                    WARNING  High grad norm: 9974.59 at epoch=15 step=3263     
                    WARNING  High grad norm: 17888.06 at epoch=15 step=3264    
[04/19/26 17:28:45] WARNING  High grad norm: 24367.03 at epoch=15 step=3265    
                    WARNING  High grad norm: 19619.93 at epoch=15 step=3266    
                    WARNING  High grad norm: 15891.37 at epoch=15 step=3267    
                    WARNING  High grad norm: 23800.46 at epoch=15 step=3268    
                    WARNING  High grad norm: 7731.32 at epoch=15 step=3269     
[04/19/26 17:28:46] WARNING  High grad norm: 21964.64 at epoch=15 step=3270    
                    WARNING  High grad norm: 19097.96 at epoch=15 step=3271    
                    WARNING  High grad norm: 6244.95 at epoch=15 step=3272     
                    WARNING  High grad norm: 19270.99 at epoch=15 step=3273    
[04/19/26 17:28:47] WARNING  High grad norm: 29826.78 at epoch=15 step=3274    
                    WARNING  High grad norm: 16482.86 at epoch=15 step=3275    
                    WARNING  High grad norm: 16790.93 at epoch=15 step=3276    
                    WARNING  High grad norm: 26474.41 at epoch=15 step=3277    
[04/19/26 17:28:48] WARNING  High grad norm: 9175.06 at epoch=15 step=3278     
                    WARNING  High grad norm: 15157.65 at epoch=15 step=3279    
                    WARNING  High grad norm: 19177.67 at epoch=15 step=3280    
                    WARNING  High grad norm: 4769.69 at epoch=15 step=3281     
                    WARNING  High grad norm: 21962.35 at epoch=15 step=3282    
[04/19/26 17:28:49] WARNING  High grad norm: 23738.46 at epoch=15 step=3283    
                    WARNING  High grad norm: 19297.10 at epoch=15 step=3284    
                    WARNING  High grad norm: 15765.04 at epoch=15 step=3285    
                    WARNING  High grad norm: 21792.81 at epoch=15 step=3286    
[04/19/26 17:28:50] WARNING  High grad norm: 9095.36 at epoch=15 step=3287     
                    WARNING  High grad norm: 27505.12 at epoch=15 step=3288    
                    WARNING  High grad norm: 24377.23 at epoch=15 step=3289    
                    WARNING  High grad norm: 13175.24 at epoch=15 step=3290    
                    WARNING  High grad norm: 18203.61 at epoch=15 step=3291    
[04/19/26 17:28:51] WARNING  High grad norm: 19942.08 at epoch=15 step=3292    
                    WARNING  High grad norm: 9445.35 at epoch=15 step=3293     
                    WARNING  High grad norm: 17164.68 at epoch=15 step=3294    
                    WARNING  High grad norm: 18649.11 at epoch=15 step=3295    
[04/19/26 17:28:52] WARNING  High grad norm: 10932.05 at epoch=15 step=3296    
                    WARNING  High grad norm: 16548.90 at epoch=15 step=3297    
                    WARNING  High grad norm: 23533.38 at epoch=15 step=3298    
                    WARNING  High grad norm: 14390.18 at epoch=15 step=3299    
                    INFO     epoch=15 step=3300 loss=582.4769                  
                             grad_norm=14390.1846 lr=1.60e-04                  
                    WARNING  High grad norm: 9376.70 at epoch=15 step=3300     
[04/19/26 17:28:53] WARNING  High grad norm: 20263.97 at epoch=15 step=3301    
                    WARNING  High grad norm: 12746.25 at epoch=15 step=3302    
                    WARNING  High grad norm: 23073.26 at epoch=15 step=3303    
                    WARNING  High grad norm: 19500.87 at epoch=15 step=3304    
[04/19/26 17:28:54] WARNING  High grad norm: 17149.74 at epoch=15 step=3305    
                    WARNING  High grad norm: 12672.03 at epoch=15 step=3306    
                    WARNING  High grad norm: 22471.83 at epoch=15 step=3307    
                    WARNING  High grad norm: 11005.28 at epoch=15 step=3308    
[04/19/26 17:28:55] WARNING  High grad norm: 18221.22 at epoch=15 step=3309    
                    WARNING  High grad norm: 31227.19 at epoch=15 step=3310    
                    WARNING  High grad norm: 16152.33 at epoch=15 step=3311    
                    WARNING  High grad norm: 14448.55 at epoch=15 step=3312    
                    WARNING  High grad norm: 16977.55 at epoch=15 step=3313    
[04/19/26 17:28:56] WARNING  High grad norm: 11140.20 at epoch=15 step=3314    
                    WARNING  High grad norm: 17679.46 at epoch=15 step=3315    
                    WARNING  High grad norm: 19029.54 at epoch=15 step=3316    
                    WARNING  High grad norm: 9838.59 at epoch=15 step=3317     
[04/19/26 17:28:57] WARNING  High grad norm: 8402.94 at epoch=15 step=3318     
                    WARNING  High grad norm: 25328.93 at epoch=15 step=3319    
                    WARNING  High grad norm: 16167.30 at epoch=15 step=3320    
                    WARNING  High grad norm: 15066.78 at epoch=15 step=3321    
                    WARNING  High grad norm: 17992.20 at epoch=15 step=3322    
[04/19/26 17:28:58] WARNING  High grad norm: 3842.19 at epoch=15 step=3323     
                    WARNING  High grad norm: 18058.20 at epoch=15 step=3324    
                    WARNING  High grad norm: 21693.52 at epoch=15 step=3325    
                    WARNING  High grad norm: 9159.18 at epoch=15 step=3326     
[04/19/26 17:28:59] WARNING  High grad norm: 16617.57 at epoch=15 step=3327    
                    WARNING  High grad norm: 24257.40 at epoch=15 step=3328    
                    WARNING  High grad norm: 8919.64 at epoch=15 step=3329     
                    WARNING  High grad norm: 19953.21 at epoch=15 step=3330    
[04/19/26 17:29:00] WARNING  High grad norm: 16065.56 at epoch=15 step=3331    
                    WARNING  High grad norm: 4421.27 at epoch=15 step=3332     
                    WARNING  High grad norm: 14124.38 at epoch=15 step=3333    
                    WARNING  High grad norm: 23149.98 at epoch=15 step=3334    
                    WARNING  High grad norm: 10063.88 at epoch=15 step=3335    
[04/19/26 17:29:01] WARNING  High grad norm: 28587.38 at epoch=15 step=3336    
                    WARNING  High grad norm: 25471.14 at epoch=15 step=3337    
                    WARNING  High grad norm: 13910.44 at epoch=15 step=3338    
                    WARNING  High grad norm: 13577.31 at epoch=15 step=3339    
[04/19/26 17:29:02] WARNING  High grad norm: 24083.05 at epoch=15 step=3340    
                    WARNING  High grad norm: 7170.29 at epoch=15 step=3341     
                    WARNING  High grad norm: 21848.65 at epoch=15 step=3342    
                    WARNING  High grad norm: 25867.58 at epoch=15 step=3343    
                    WARNING  High grad norm: 22874.46 at epoch=15 step=3344    
[04/19/26 17:29:03] INFO     epoch=15 avg_loss=583.8880 lr=1.59e-04            
[04/19/26 17:29:14] INFO     Saved checkpoint to                               
                             C:\Users\artun\Desktop\ITS-project\checkpoints\sco
                             re_fmnist_v2\score_epoch_0015.pt                  
[04/19/26 17:29:44] WARNING  High grad norm: 10824.87 at epoch=16 step=3345    
                    WARNING  High grad norm: 25533.19 at epoch=16 step=3346    
                    WARNING  High grad norm: 10579.04 at epoch=16 step=3347    
                    WARNING  High grad norm: 14746.59 at epoch=16 step=3348    
                    WARNING  High grad norm: 22023.14 at epoch=16 step=3349    
[04/19/26 17:29:45] WARNING  High grad norm: 11244.46 at epoch=16 step=3350    
                    WARNING  High grad norm: 19294.08 at epoch=16 step=3351    
                    WARNING  High grad norm: 28702.91 at epoch=16 step=3352    
                    WARNING  High grad norm: 9234.16 at epoch=16 step=3353     
[04/19/26 17:29:46] WARNING  High grad norm: 17914.06 at epoch=16 step=3354    
                    WARNING  High grad norm: 21227.37 at epoch=16 step=3355    
                    WARNING  High grad norm: 12079.01 at epoch=16 step=3356    
                    WARNING  High grad norm: 18828.67 at epoch=16 step=3357    
                    WARNING  High grad norm: 25665.39 at epoch=16 step=3358    
[04/19/26 17:29:47] WARNING  High grad norm: 11558.06 at epoch=16 step=3359    
                    WARNING  High grad norm: 12161.69 at epoch=16 step=3360    
                    WARNING  High grad norm: 26866.69 at epoch=16 step=3361    
                    WARNING  High grad norm: 12090.83 at epoch=16 step=3362    
[04/19/26 17:29:48] WARNING  High grad norm: 13916.15 at epoch=16 step=3363    
                    WARNING  High grad norm: 18713.66 at epoch=16 step=3364    
                    WARNING  High grad norm: 5396.68 at epoch=16 step=3365     
                    WARNING  High grad norm: 14095.20 at epoch=16 step=3366    
                    WARNING  High grad norm: 24969.09 at epoch=16 step=3367    
[04/19/26 17:29:49] WARNING  High grad norm: 7195.42 at epoch=16 step=3368     
                    WARNING  High grad norm: 8724.72 at epoch=16 step=3369     
                    WARNING  High grad norm: 19023.87 at epoch=16 step=3370    
                    WARNING  High grad norm: 6914.59 at epoch=16 step=3371     
[04/19/26 17:29:50] WARNING  High grad norm: 13802.59 at epoch=16 step=3372    
                    WARNING  High grad norm: 11572.67 at epoch=16 step=3373    
                    WARNING  High grad norm: 4268.05 at epoch=16 step=3374     
                    WARNING  High grad norm: 4905.41 at epoch=16 step=3375     
                    WARNING  High grad norm: 11712.14 at epoch=16 step=3376    
[04/19/26 17:29:51] WARNING  High grad norm: 3849.25 at epoch=16 step=3377     
                    WARNING  High grad norm: 6989.78 at epoch=16 step=3378     
                    WARNING  High grad norm: 5846.21 at epoch=16 step=3379     
                    WARNING  High grad norm: 17446.61 at epoch=16 step=3380    
[04/19/26 17:29:52] WARNING  High grad norm: 24263.78 at epoch=16 step=3381    
                    WARNING  High grad norm: 6642.41 at epoch=16 step=3382     
                    WARNING  High grad norm: 23234.56 at epoch=16 step=3383    
                    WARNING  High grad norm: 22973.91 at epoch=16 step=3384    
[04/19/26 17:29:53] WARNING  High grad norm: 17786.87 at epoch=16 step=3385    
                    WARNING  High grad norm: 7326.58 at epoch=16 step=3386     
                    WARNING  High grad norm: 14524.08 at epoch=16 step=3387    
                    WARNING  High grad norm: 1970.03 at epoch=16 step=3388     
                    WARNING  High grad norm: 9138.06 at epoch=16 step=3389     
[04/19/26 17:29:54] WARNING  High grad norm: 7102.88 at epoch=16 step=3390     
                    WARNING  High grad norm: 8594.13 at epoch=16 step=3391     
                    WARNING  High grad norm: 7903.08 at epoch=16 step=3392     
                    WARNING  High grad norm: 14770.20 at epoch=16 step=3393    
[04/19/26 17:29:55] WARNING  High grad norm: 10355.11 at epoch=16 step=3394    
                    WARNING  High grad norm: 7113.42 at epoch=16 step=3395     
                    WARNING  High grad norm: 7639.19 at epoch=16 step=3396     
                    WARNING  High grad norm: 8765.28 at epoch=16 step=3397     
                    WARNING  High grad norm: 12500.83 at epoch=16 step=3398    
[04/19/26 17:29:56] WARNING  High grad norm: 5690.40 at epoch=16 step=3399     
                    INFO     epoch=16 step=3400 loss=584.4111                  
                             grad_norm=5690.4004 lr=1.58e-04                   
                    WARNING  High grad norm: 9598.01 at epoch=16 step=3400     
                    WARNING  High grad norm: 7030.16 at epoch=16 step=3401     
                    WARNING  High grad norm: 6125.84 at epoch=16 step=3402     
[04/19/26 17:29:57] WARNING  High grad norm: 13053.18 at epoch=16 step=3403    
                    WARNING  High grad norm: 9783.03 at epoch=16 step=3404     
                    WARNING  High grad norm: 4438.90 at epoch=16 step=3405     
                    WARNING  High grad norm: 3454.75 at epoch=16 step=3406     
                    WARNING  High grad norm: 10090.75 at epoch=16 step=3407    
[04/19/26 17:29:58] WARNING  High grad norm: 10207.41 at epoch=16 step=3408    
                    WARNING  High grad norm: 8425.98 at epoch=16 step=3409     
                    WARNING  High grad norm: 6972.60 at epoch=16 step=3410     
                    WARNING  High grad norm: 9396.85 at epoch=16 step=3411     
[04/19/26 17:29:59] WARNING  High grad norm: 7143.13 at epoch=16 step=3412     
                    WARNING  High grad norm: 12653.40 at epoch=16 step=3413    
                    WARNING  High grad norm: 14738.19 at epoch=16 step=3414    
                    WARNING  High grad norm: 6689.08 at epoch=16 step=3415     
                    WARNING  High grad norm: 7024.47 at epoch=16 step=3416     
[04/19/26 17:30:00] WARNING  High grad norm: 5898.98 at epoch=16 step=3417     
                    WARNING  High grad norm: 4877.42 at epoch=16 step=3418     
                    WARNING  High grad norm: 15695.06 at epoch=16 step=3419    
                    WARNING  High grad norm: 7598.68 at epoch=16 step=3420     
[04/19/26 17:30:01] WARNING  High grad norm: 8113.68 at epoch=16 step=3421     
                    WARNING  High grad norm: 10025.25 at epoch=16 step=3422    
                    WARNING  High grad norm: 10054.81 at epoch=16 step=3423    
                    WARNING  High grad norm: 10219.59 at epoch=16 step=3424    
[04/19/26 17:30:02] WARNING  High grad norm: 9301.49 at epoch=16 step=3425     
                    WARNING  High grad norm: 8392.02 at epoch=16 step=3426     
                    WARNING  High grad norm: 7622.24 at epoch=16 step=3427     
                    WARNING  High grad norm: 9296.07 at epoch=16 step=3428     
                    WARNING  High grad norm: 12217.08 at epoch=16 step=3429    
[04/19/26 17:30:03] WARNING  High grad norm: 10546.38 at epoch=16 step=3430    
                    WARNING  High grad norm: 6155.25 at epoch=16 step=3431     
                    WARNING  High grad norm: 9105.39 at epoch=16 step=3432     
                    WARNING  High grad norm: 8579.83 at epoch=16 step=3433     
[04/19/26 17:30:04] WARNING  High grad norm: 11301.64 at epoch=16 step=3434    
                    WARNING  High grad norm: 8994.77 at epoch=16 step=3435     
                    WARNING  High grad norm: 12254.70 at epoch=16 step=3436    
                    WARNING  High grad norm: 14936.75 at epoch=16 step=3437    
                    WARNING  High grad norm: 12687.60 at epoch=16 step=3438    
[04/19/26 17:30:05] WARNING  High grad norm: 12713.43 at epoch=16 step=3439    
                    WARNING  High grad norm: 8026.54 at epoch=16 step=3440     
                    WARNING  High grad norm: 8386.30 at epoch=16 step=3441     
                    WARNING  High grad norm: 6798.55 at epoch=16 step=3442     
[04/19/26 17:30:06] WARNING  High grad norm: 15127.93 at epoch=16 step=3443    
                    WARNING  High grad norm: 10541.00 at epoch=16 step=3444    
                    WARNING  High grad norm: 10845.83 at epoch=16 step=3445    
                    WARNING  High grad norm: 9734.35 at epoch=16 step=3446     
                    WARNING  High grad norm: 9561.63 at epoch=16 step=3447     
[04/19/26 17:30:07] WARNING  High grad norm: 7187.33 at epoch=16 step=3448     
                    WARNING  High grad norm: 10477.06 at epoch=16 step=3449    
                    WARNING  High grad norm: 8499.52 at epoch=16 step=3450     
                    WARNING  High grad norm: 11943.36 at epoch=16 step=3451    
[04/19/26 17:30:08] WARNING  High grad norm: 8051.49 at epoch=16 step=3452     
                    WARNING  High grad norm: 10842.96 at epoch=16 step=3453    
                    WARNING  High grad norm: 6546.64 at epoch=16 step=3454     
                    WARNING  High grad norm: 8774.76 at epoch=16 step=3455     
[04/19/26 17:30:09] WARNING  High grad norm: 6805.48 at epoch=16 step=3456     
                    WARNING  High grad norm: 8908.44 at epoch=16 step=3457     
                    WARNING  High grad norm: 9871.25 at epoch=16 step=3458     
                    WARNING  High grad norm: 9130.02 at epoch=16 step=3459     
                    WARNING  High grad norm: 7535.11 at epoch=16 step=3460     
[04/19/26 17:30:10] WARNING  High grad norm: 7267.37 at epoch=16 step=3461     
                    WARNING  High grad norm: 5987.58 at epoch=16 step=3462     
                    WARNING  High grad norm: 10978.64 at epoch=16 step=3463    
                    WARNING  High grad norm: 3908.68 at epoch=16 step=3464     
[04/19/26 17:30:11] WARNING  High grad norm: 9129.09 at epoch=16 step=3465     
                    WARNING  High grad norm: 9083.92 at epoch=16 step=3466     
                    WARNING  High grad norm: 7486.62 at epoch=16 step=3467     
                    WARNING  High grad norm: 10680.25 at epoch=16 step=3468    
                    WARNING  High grad norm: 7844.44 at epoch=16 step=3469     
[04/19/26 17:30:12] WARNING  High grad norm: 11771.10 at epoch=16 step=3470    
                    WARNING  High grad norm: 6130.85 at epoch=16 step=3471     
                    WARNING  High grad norm: 8302.38 at epoch=16 step=3472     
                    WARNING  High grad norm: 13192.79 at epoch=16 step=3473    
[04/19/26 17:30:13] WARNING  High grad norm: 8451.76 at epoch=16 step=3474     
                    WARNING  High grad norm: 8738.30 at epoch=16 step=3475     
                    WARNING  High grad norm: 8422.75 at epoch=16 step=3476     
                    WARNING  High grad norm: 7931.49 at epoch=16 step=3477     
                    WARNING  High grad norm: 8181.80 at epoch=16 step=3478     
[04/19/26 17:30:14] WARNING  High grad norm: 14011.63 at epoch=16 step=3479    
                    WARNING  High grad norm: 8335.95 at epoch=16 step=3480     
                    WARNING  High grad norm: 10713.16 at epoch=16 step=3481    
                    WARNING  High grad norm: 7060.26 at epoch=16 step=3482     
[04/19/26 17:30:15] WARNING  High grad norm: 9857.84 at epoch=16 step=3483     
                    WARNING  High grad norm: 11442.09 at epoch=16 step=3484    
                    WARNING  High grad norm: 5937.86 at epoch=16 step=3485     
                    WARNING  High grad norm: 8193.24 at epoch=16 step=3486     
[04/19/26 17:30:16] WARNING  High grad norm: 10213.72 at epoch=16 step=3487    
                    WARNING  High grad norm: 7918.77 at epoch=16 step=3488     
                    WARNING  High grad norm: 10576.21 at epoch=16 step=3489    
                    WARNING  High grad norm: 9833.04 at epoch=16 step=3490     
                    WARNING  High grad norm: 9064.21 at epoch=16 step=3491     
[04/19/26 17:30:17] WARNING  High grad norm: 9568.76 at epoch=16 step=3492     
                    WARNING  High grad norm: 10522.30 at epoch=16 step=3493    
                    WARNING  High grad norm: 6798.18 at epoch=16 step=3494     
                    WARNING  High grad norm: 10836.71 at epoch=16 step=3495    
[04/19/26 17:30:18] WARNING  High grad norm: 8818.99 at epoch=16 step=3496     
                    WARNING  High grad norm: 11925.15 at epoch=16 step=3497    
                    WARNING  High grad norm: 10810.13 at epoch=16 step=3498    
                    WARNING  High grad norm: 7134.45 at epoch=16 step=3499     
                    INFO     epoch=16 step=3500 loss=579.0847                  
                             grad_norm=7134.4512 lr=1.55e-04                   
                    WARNING  High grad norm: 5533.60 at epoch=16 step=3500     
[04/19/26 17:30:19] WARNING  High grad norm: 6265.81 at epoch=16 step=3501     
                    WARNING  High grad norm: 2281.95 at epoch=16 step=3502     
                    WARNING  High grad norm: 10966.59 at epoch=16 step=3503    
                    WARNING  High grad norm: 4999.46 at epoch=16 step=3504     
[04/19/26 17:30:20] WARNING  High grad norm: 5687.88 at epoch=16 step=3505     
                    WARNING  High grad norm: 7632.14 at epoch=16 step=3506     
                    WARNING  High grad norm: 6777.31 at epoch=16 step=3507     
                    WARNING  High grad norm: 5308.33 at epoch=16 step=3508     
[04/19/26 17:30:21] WARNING  High grad norm: 20803.59 at epoch=16 step=3509    
                    WARNING  High grad norm: 14502.92 at epoch=16 step=3510    
                    WARNING  High grad norm: 2569.26 at epoch=16 step=3511     
                    WARNING  High grad norm: 7300.80 at epoch=16 step=3512     
                    WARNING  High grad norm: 8032.96 at epoch=16 step=3513     
[04/19/26 17:30:22] WARNING  High grad norm: 4988.94 at epoch=16 step=3514     
                    WARNING  High grad norm: 15673.62 at epoch=16 step=3515    
                    WARNING  High grad norm: 15570.51 at epoch=16 step=3516    
                    WARNING  High grad norm: 5022.29 at epoch=16 step=3517     
[04/19/26 17:30:23] WARNING  High grad norm: 9816.94 at epoch=16 step=3518     
                    WARNING  High grad norm: 6024.66 at epoch=16 step=3519     
                    WARNING  High grad norm: 11743.25 at epoch=16 step=3520    
                    WARNING  High grad norm: 5833.30 at epoch=16 step=3521     
                    WARNING  High grad norm: 3657.37 at epoch=16 step=3522     
[04/19/26 17:30:24] WARNING  High grad norm: 18847.48 at epoch=16 step=3523    
                    WARNING  High grad norm: 8275.54 at epoch=16 step=3524     
                    WARNING  High grad norm: 24701.99 at epoch=16 step=3525    
                    WARNING  High grad norm: 26831.00 at epoch=16 step=3526    
[04/19/26 17:30:25] WARNING  High grad norm: 9044.30 at epoch=16 step=3527     
                    WARNING  High grad norm: 27458.23 at epoch=16 step=3528    
                    WARNING  High grad norm: 28945.33 at epoch=16 step=3529    
                    WARNING  High grad norm: 27757.63 at epoch=16 step=3530    
                    WARNING  High grad norm: 6764.99 at epoch=16 step=3531     
[04/19/26 17:30:26] WARNING  High grad norm: 12074.49 at epoch=16 step=3532    
                    WARNING  High grad norm: 1897.05 at epoch=16 step=3533     
                    WARNING  High grad norm: 1995.73 at epoch=16 step=3534     
                    WARNING  High grad norm: 10265.42 at epoch=16 step=3535    
[04/19/26 17:30:27] WARNING  High grad norm: 4029.29 at epoch=16 step=3536     
                    WARNING  High grad norm: 4541.85 at epoch=16 step=3537     
                    WARNING  High grad norm: 5899.07 at epoch=16 step=3538     
                    WARNING  High grad norm: 2022.53 at epoch=16 step=3539     
[04/19/26 17:30:28] WARNING  High grad norm: 6129.65 at epoch=16 step=3540     
                    WARNING  High grad norm: 3972.00 at epoch=16 step=3541     
                    WARNING  High grad norm: 14011.02 at epoch=16 step=3542    
                    WARNING  High grad norm: 10967.87 at epoch=16 step=3543    
                    WARNING  High grad norm: 11928.35 at epoch=16 step=3544    
[04/19/26 17:30:29] WARNING  High grad norm: 13358.50 at epoch=16 step=3545    
                    WARNING  High grad norm: 2890.51 at epoch=16 step=3546     
                    WARNING  High grad norm: 11340.77 at epoch=16 step=3547    
                    WARNING  High grad norm: 4299.87 at epoch=16 step=3548     
[04/19/26 17:30:30] WARNING  High grad norm: 8259.83 at epoch=16 step=3549     
                    WARNING  High grad norm: 17647.10 at epoch=16 step=3550    
                    WARNING  High grad norm: 12248.35 at epoch=16 step=3551    
                    WARNING  High grad norm: 12758.20 at epoch=16 step=3552    
                    WARNING  High grad norm: 7400.78 at epoch=16 step=3553     
[04/19/26 17:30:31] WARNING  High grad norm: 14450.56 at epoch=16 step=3554    
                    WARNING  High grad norm: 7414.18 at epoch=16 step=3555     
                    WARNING  High grad norm: 12562.36 at epoch=16 step=3556    
                    WARNING  High grad norm: 9368.47 at epoch=16 step=3557     
[04/19/26 17:30:32] WARNING  High grad norm: 2517.46 at epoch=16 step=3558     
                    WARNING  High grad norm: 2177.43 at epoch=16 step=3559     
                    WARNING  High grad norm: 4946.52 at epoch=16 step=3560     
                    WARNING  High grad norm: 4830.42 at epoch=16 step=3561     
[04/19/26 17:30:33] WARNING  High grad norm: 2881.91 at epoch=16 step=3562     
                    WARNING  High grad norm: 8632.31 at epoch=16 step=3563     
                    WARNING  High grad norm: 6754.00 at epoch=16 step=3564     
                    WARNING  High grad norm: 12228.03 at epoch=16 step=3565    
                    WARNING  High grad norm: 3071.18 at epoch=16 step=3566     
[04/19/26 17:30:34] WARNING  High grad norm: 16501.04 at epoch=16 step=3567    
                    INFO     epoch=16 avg_loss=586.6414 lr=1.54e-04            
[04/19/26 17:31:04] WARNING  High grad norm: 7869.28 at epoch=17 step=3568     
[04/19/26 17:31:05] WARNING  High grad norm: 17607.68 at epoch=17 step=3569    
                    WARNING  High grad norm: 13302.39 at epoch=17 step=3570    
                    WARNING  High grad norm: 3710.34 at epoch=17 step=3571     
                    WARNING  High grad norm: 6881.98 at epoch=17 step=3572     
[04/19/26 17:31:06] WARNING  High grad norm: 3596.75 at epoch=17 step=3573     
                    WARNING  High grad norm: 4328.70 at epoch=17 step=3574     
                    WARNING  High grad norm: 9090.94 at epoch=17 step=3575     
                    WARNING  High grad norm: 4901.45 at epoch=17 step=3576     
                    WARNING  High grad norm: 7113.99 at epoch=17 step=3577     
[04/19/26 17:31:07] WARNING  High grad norm: 2668.54 at epoch=17 step=3578     
                    WARNING  High grad norm: 2901.34 at epoch=17 step=3579     
                    WARNING  High grad norm: 7232.09 at epoch=17 step=3580     
                    WARNING  High grad norm: 3527.44 at epoch=17 step=3581     
[04/19/26 17:31:08] WARNING  High grad norm: 6824.38 at epoch=17 step=3582     
                    WARNING  High grad norm: 2539.86 at epoch=17 step=3583     
                    WARNING  High grad norm: 13191.60 at epoch=17 step=3584    
                    WARNING  High grad norm: 9483.05 at epoch=17 step=3585     
[04/19/26 17:31:09] WARNING  High grad norm: 8513.55 at epoch=17 step=3586     
                    WARNING  High grad norm: 12559.59 at epoch=17 step=3587    
                    WARNING  High grad norm: 5092.26 at epoch=17 step=3588     
                    WARNING  High grad norm: 2366.97 at epoch=17 step=3589     
                    WARNING  High grad norm: 5838.47 at epoch=17 step=3590     
[04/19/26 17:31:10] WARNING  High grad norm: 4876.13 at epoch=17 step=3591     
                    WARNING  High grad norm: 9392.47 at epoch=17 step=3592     
                    WARNING  High grad norm: 3782.44 at epoch=17 step=3593     
                    WARNING  High grad norm: 11713.63 at epoch=17 step=3594    
[04/19/26 17:31:11] WARNING  High grad norm: 10529.64 at epoch=17 step=3595    
                    WARNING  High grad norm: 4421.11 at epoch=17 step=3596     
                    WARNING  High grad norm: 3316.02 at epoch=17 step=3597     
                    WARNING  High grad norm: 14951.92 at epoch=17 step=3598    
[04/19/26 17:31:12] WARNING  High grad norm: 13461.79 at epoch=17 step=3599    
                    INFO     epoch=17 step=3600 loss=582.3969                  
                             grad_norm=13461.7949 lr=1.53e-04                  
                    WARNING  High grad norm: 7452.98 at epoch=17 step=3600     
                    WARNING  High grad norm: 8820.12 at epoch=17 step=3601     
                    WARNING  High grad norm: 8070.70 at epoch=17 step=3602     
                    WARNING  High grad norm: 3910.63 at epoch=17 step=3603     
[04/19/26 17:31:13] WARNING  High grad norm: 19305.80 at epoch=17 step=3604    
                    WARNING  High grad norm: 14164.04 at epoch=17 step=3605    
                    WARNING  High grad norm: 11405.37 at epoch=17 step=3606    
                    WARNING  High grad norm: 16611.77 at epoch=17 step=3607    
[04/19/26 17:31:14] WARNING  High grad norm: 3761.18 at epoch=17 step=3608     
                    WARNING  High grad norm: 4021.90 at epoch=17 step=3609     
                    WARNING  High grad norm: 6984.08 at epoch=17 step=3610     
                    WARNING  High grad norm: 2639.90 at epoch=17 step=3611     
                    WARNING  High grad norm: 8546.32 at epoch=17 step=3612     
[04/19/26 17:31:15] WARNING  High grad norm: 4690.62 at epoch=17 step=3613     
                    WARNING  High grad norm: 9247.09 at epoch=17 step=3614     
                    WARNING  High grad norm: 5853.42 at epoch=17 step=3615     
                    WARNING  High grad norm: 5187.52 at epoch=17 step=3616     
[04/19/26 17:31:16] WARNING  High grad norm: 18176.18 at epoch=17 step=3617    
                    WARNING  High grad norm: 11945.49 at epoch=17 step=3618    
                    WARNING  High grad norm: 9577.27 at epoch=17 step=3619     
                    WARNING  High grad norm: 10376.60 at epoch=17 step=3620    
[04/19/26 17:31:17] WARNING  High grad norm: 14550.98 at epoch=17 step=3621    
                    WARNING  High grad norm: 19570.24 at epoch=17 step=3622    
                    WARNING  High grad norm: 2673.72 at epoch=17 step=3623     
                    WARNING  High grad norm: 22329.55 at epoch=17 step=3624    
                    WARNING  High grad norm: 35239.71 at epoch=17 step=3625    
[04/19/26 17:31:18] WARNING  High grad norm: 14975.18 at epoch=17 step=3626    
                    WARNING  High grad norm: 7196.83 at epoch=17 step=3627     
                    WARNING  High grad norm: 17826.14 at epoch=17 step=3628    
                    WARNING  High grad norm: 4223.79 at epoch=17 step=3629     
[04/19/26 17:31:19] WARNING  High grad norm: 11711.41 at epoch=17 step=3630    
                    WARNING  High grad norm: 12224.91 at epoch=17 step=3631    
                    WARNING  High grad norm: 6002.69 at epoch=17 step=3632     
                    WARNING  High grad norm: 2857.30 at epoch=17 step=3633     
                    WARNING  High grad norm: 14717.84 at epoch=17 step=3634    
[04/19/26 17:31:20] WARNING  High grad norm: 12855.71 at epoch=17 step=3635    
[04/19/26 17:31:21] WARNING  High grad norm: 7413.40 at epoch=17 step=3636     
                    WARNING  High grad norm: 14293.91 at epoch=17 step=3637    
                    WARNING  High grad norm: 5746.14 at epoch=17 step=3638     
                    WARNING  High grad norm: 2395.57 at epoch=17 step=3639     
[04/19/26 17:31:22] WARNING  High grad norm: 7793.08 at epoch=17 step=3640     
                    WARNING  High grad norm: 3988.17 at epoch=17 step=3641     
                    WARNING  High grad norm: 15581.94 at epoch=17 step=3642    
                    WARNING  High grad norm: 10512.30 at epoch=17 step=3643    
[04/19/26 17:31:23] WARNING  High grad norm: 6787.64 at epoch=17 step=3644     
                    WARNING  High grad norm: 2457.46 at epoch=17 step=3645     
                    WARNING  High grad norm: 15476.90 at epoch=17 step=3646    
                    WARNING  High grad norm: 17680.82 at epoch=17 step=3647    
                    WARNING  High grad norm: 4673.57 at epoch=17 step=3648     
[04/19/26 17:31:24] WARNING  High grad norm: 26337.28 at epoch=17 step=3649    
                    WARNING  High grad norm: 29060.20 at epoch=17 step=3650    
                    WARNING  High grad norm: 39195.75 at epoch=17 step=3651    
                    WARNING  High grad norm: 8367.65 at epoch=17 step=3652     
[04/19/26 17:31:25] WARNING  High grad norm: 19904.23 at epoch=17 step=3653    
                    WARNING  High grad norm: 42175.20 at epoch=17 step=3654    
                    WARNING  High grad norm: 33038.47 at epoch=17 step=3655    
                    WARNING  High grad norm: 8761.25 at epoch=17 step=3656     
[04/19/26 17:31:26] WARNING  High grad norm: 21052.57 at epoch=17 step=3657    
                    WARNING  High grad norm: 27122.06 at epoch=17 step=3658    
                    WARNING  High grad norm: 22907.68 at epoch=17 step=3659    
                    WARNING  High grad norm: 7129.19 at epoch=17 step=3660     
                    WARNING  High grad norm: 30836.35 at epoch=17 step=3661    
[04/19/26 17:31:27] WARNING  High grad norm: 48392.62 at epoch=17 step=3662    
                    WARNING  High grad norm: 43415.66 at epoch=17 step=3663    
                    WARNING  High grad norm: 27833.95 at epoch=17 step=3664    
                    WARNING  High grad norm: 6649.78 at epoch=17 step=3665     
[04/19/26 17:31:28] WARNING  High grad norm: 19726.50 at epoch=17 step=3666    
                    WARNING  High grad norm: 23984.61 at epoch=17 step=3667    
                    WARNING  High grad norm: 9350.81 at epoch=17 step=3668     
                    WARNING  High grad norm: 16350.01 at epoch=17 step=3669    
                    WARNING  High grad norm: 21303.62 at epoch=17 step=3670    
[04/19/26 17:31:29] WARNING  High grad norm: 17536.89 at epoch=17 step=3671    
                    WARNING  High grad norm: 7728.95 at epoch=17 step=3672     
[04/19/26 17:31:30] WARNING  High grad norm: 17830.65 at epoch=17 step=3673    
[04/19/26 17:31:31] WARNING  High grad norm: 2316.81 at epoch=17 step=3674     
                    WARNING  High grad norm: 17530.76 at epoch=17 step=3675    
                    WARNING  High grad norm: 28097.80 at epoch=17 step=3676    
                    WARNING  High grad norm: 19573.23 at epoch=17 step=3677    
                    WARNING  High grad norm: 10872.54 at epoch=17 step=3678    
[04/19/26 17:31:32] WARNING  High grad norm: 19901.58 at epoch=17 step=3679    
                    WARNING  High grad norm: 15164.35 at epoch=17 step=3680    
                    WARNING  High grad norm: 7355.25 at epoch=17 step=3681     
                    WARNING  High grad norm: 10012.11 at epoch=17 step=3682    
[04/19/26 17:31:33] WARNING  High grad norm: 7024.19 at epoch=17 step=3683     
                    WARNING  High grad norm: 3719.07 at epoch=17 step=3684     
                    WARNING  High grad norm: 13723.02 at epoch=17 step=3685    
                    WARNING  High grad norm: 11174.67 at epoch=17 step=3686    
                    WARNING  High grad norm: 5439.36 at epoch=17 step=3687     
[04/19/26 17:31:34] WARNING  High grad norm: 7808.20 at epoch=17 step=3688     
                    WARNING  High grad norm: 6396.63 at epoch=17 step=3689     
                    WARNING  High grad norm: 2362.56 at epoch=17 step=3690     
                    WARNING  High grad norm: 8056.20 at epoch=17 step=3691     
[04/19/26 17:31:35] WARNING  High grad norm: 6006.06 at epoch=17 step=3692     
                    WARNING  High grad norm: 11243.07 at epoch=17 step=3693    
                    WARNING  High grad norm: 8246.44 at epoch=17 step=3694     
                    WARNING  High grad norm: 2478.89 at epoch=17 step=3695     
                    WARNING  High grad norm: 2513.49 at epoch=17 step=3696     
[04/19/26 17:31:36] WARNING  High grad norm: 5927.45 at epoch=17 step=3697     
                    WARNING  High grad norm: 3168.54 at epoch=17 step=3698     
                    WARNING  High grad norm: 3102.99 at epoch=17 step=3699     
                    INFO     epoch=17 step=3700 loss=596.2123                  
                             grad_norm=3102.9861 lr=1.51e-04                   
                    WARNING  High grad norm: 4698.35 at epoch=17 step=3700     
[04/19/26 17:31:37] WARNING  High grad norm: 3150.72 at epoch=17 step=3701     
                    WARNING  High grad norm: 13901.96 at epoch=17 step=3702    
                    WARNING  High grad norm: 4677.31 at epoch=17 step=3703     
                    WARNING  High grad norm: 11485.81 at epoch=17 step=3704    
                    WARNING  High grad norm: 12303.41 at epoch=17 step=3705    
[04/19/26 17:31:38] WARNING  High grad norm: 7466.44 at epoch=17 step=3706     
                    WARNING  High grad norm: 9138.18 at epoch=17 step=3707     
                    WARNING  High grad norm: 3975.53 at epoch=17 step=3708     
                    WARNING  High grad norm: 1441.59 at epoch=17 step=3709     
[04/19/26 17:31:39] WARNING  High grad norm: 5595.02 at epoch=17 step=3710     
                    WARNING  High grad norm: 3369.54 at epoch=17 step=3711     
                    WARNING  High grad norm: 3252.35 at epoch=17 step=3712     
                    WARNING  High grad norm: 17594.24 at epoch=17 step=3713    
                    WARNING  High grad norm: 9444.77 at epoch=17 step=3714     
[04/19/26 17:31:40] WARNING  High grad norm: 7210.73 at epoch=17 step=3715     
                    WARNING  High grad norm: 8041.52 at epoch=17 step=3716     
                    WARNING  High grad norm: 5438.19 at epoch=17 step=3717     
                    WARNING  High grad norm: 1487.91 at epoch=17 step=3718     
[04/19/26 17:31:41] WARNING  High grad norm: 3841.42 at epoch=17 step=3719     
                    WARNING  High grad norm: 5512.12 at epoch=17 step=3720     
                    WARNING  High grad norm: 6757.64 at epoch=17 step=3721     
                    WARNING  High grad norm: 5298.75 at epoch=17 step=3722     
[04/19/26 17:31:42] WARNING  High grad norm: 3611.75 at epoch=17 step=3723     
                    WARNING  High grad norm: 11622.92 at epoch=17 step=3724    
                    WARNING  High grad norm: 2957.41 at epoch=17 step=3725     
                    WARNING  High grad norm: 14177.18 at epoch=17 step=3726    
                    WARNING  High grad norm: 9562.35 at epoch=17 step=3727     
[04/19/26 17:31:43] WARNING  High grad norm: 11404.54 at epoch=17 step=3728    
                    WARNING  High grad norm: 11275.44 at epoch=17 step=3729    
                    WARNING  High grad norm: 2282.75 at epoch=17 step=3730     
                    WARNING  High grad norm: 6834.43 at epoch=17 step=3731     
[04/19/26 17:31:44] WARNING  High grad norm: 5765.67 at epoch=17 step=3732     
                    WARNING  High grad norm: 8122.24 at epoch=17 step=3733     
                    WARNING  High grad norm: 9455.15 at epoch=17 step=3734     
                    WARNING  High grad norm: 9424.70 at epoch=17 step=3735     
                    WARNING  High grad norm: 8786.83 at epoch=17 step=3736     
[04/19/26 17:31:45] WARNING  High grad norm: 5492.77 at epoch=17 step=3737     
                    WARNING  High grad norm: 12732.91 at epoch=17 step=3738    
                    WARNING  High grad norm: 11876.75 at epoch=17 step=3739    
                    WARNING  High grad norm: 2849.06 at epoch=17 step=3740     
[04/19/26 17:31:46] WARNING  High grad norm: 8847.87 at epoch=17 step=3741     
                    WARNING  High grad norm: 2625.62 at epoch=17 step=3742     
                    WARNING  High grad norm: 4406.55 at epoch=17 step=3743     
[04/19/26 17:31:47] WARNING  High grad norm: 12208.18 at epoch=17 step=3744    
                    WARNING  High grad norm: 10578.99 at epoch=17 step=3745    
[04/19/26 17:31:48] WARNING  High grad norm: 7124.70 at epoch=17 step=3746     
                    WARNING  High grad norm: 9914.28 at epoch=17 step=3747     
                    WARNING  High grad norm: 7709.52 at epoch=17 step=3748     
[04/19/26 17:31:50] WARNING  High grad norm: 4838.66 at epoch=17 step=3749     
                    WARNING  High grad norm: 14329.19 at epoch=17 step=3750    
                    WARNING  High grad norm: 9393.47 at epoch=17 step=3751     
                    WARNING  High grad norm: 5277.39 at epoch=17 step=3752     
[04/19/26 17:31:52] WARNING  High grad norm: 3981.47 at epoch=17 step=3753     
                    WARNING  High grad norm: 7994.49 at epoch=17 step=3754     
                    WARNING  High grad norm: 6520.93 at epoch=17 step=3755     
                    WARNING  High grad norm: 16512.56 at epoch=17 step=3756    
[04/19/26 17:31:53] WARNING  High grad norm: 11429.29 at epoch=17 step=3757    
[04/19/26 17:31:54] WARNING  High grad norm: 2177.73 at epoch=17 step=3758     
                    WARNING  High grad norm: 13658.68 at epoch=17 step=3759    
                    WARNING  High grad norm: 10236.72 at epoch=17 step=3760    
[04/19/26 17:31:55] WARNING  High grad norm: 13138.94 at epoch=17 step=3761    
[04/19/26 17:31:56] WARNING  High grad norm: 16966.85 at epoch=17 step=3762    
                    WARNING  High grad norm: 3630.64 at epoch=17 step=3763     
[04/19/26 17:31:57] WARNING  High grad norm: 12301.59 at epoch=17 step=3764    
                    WARNING  High grad norm: 22193.55 at epoch=17 step=3765    
                    WARNING  High grad norm: 3980.61 at epoch=17 step=3766     
[04/19/26 17:31:59] WARNING  High grad norm: 6453.31 at epoch=17 step=3767     
                    WARNING  High grad norm: 4659.41 at epoch=17 step=3768     
                    WARNING  High grad norm: 5445.77 at epoch=17 step=3769     
                    WARNING  High grad norm: 4941.85 at epoch=17 step=3770     
[04/19/26 17:32:01] WARNING  High grad norm: 11789.08 at epoch=17 step=3771    
                    WARNING  High grad norm: 3096.66 at epoch=17 step=3772     
                    WARNING  High grad norm: 5288.81 at epoch=17 step=3773     
[04/19/26 17:32:02] WARNING  High grad norm: 4167.33 at epoch=17 step=3774     
                    WARNING  High grad norm: 12582.63 at epoch=17 step=3775    
[04/19/26 17:32:03] WARNING  High grad norm: 4692.08 at epoch=17 step=3776     
[04/19/26 17:32:04] WARNING  High grad norm: 14777.87 at epoch=17 step=3777    
                    WARNING  High grad norm: 8632.04 at epoch=17 step=3778     
                    WARNING  High grad norm: 8670.51 at epoch=17 step=3779     
[04/19/26 17:32:05] WARNING  High grad norm: 9056.17 at epoch=17 step=3780     
[04/19/26 17:32:06] WARNING  High grad norm: 8780.72 at epoch=17 step=3781     
                    WARNING  High grad norm: 11597.38 at epoch=17 step=3782    
                    WARNING  High grad norm: 3349.54 at epoch=17 step=3783     
                    WARNING  High grad norm: 7540.67 at epoch=17 step=3784     
[04/19/26 17:32:08] WARNING  High grad norm: 5352.87 at epoch=17 step=3785     
                    WARNING  High grad norm: 9650.31 at epoch=17 step=3786     
                    WARNING  High grad norm: 13047.74 at epoch=17 step=3787    
[04/19/26 17:32:09] WARNING  High grad norm: 4089.80 at epoch=17 step=3788     
[04/19/26 17:32:10] WARNING  High grad norm: 5759.05 at epoch=17 step=3789     
                    WARNING  High grad norm: 10079.37 at epoch=17 step=3790    
[04/19/26 17:32:11] INFO     epoch=17 avg_loss=585.6906 lr=1.48e-04            
[04/19/26 17:32:34] WARNING  High grad norm: 6497.64 at epoch=18 step=3791     
                    WARNING  High grad norm: 10165.84 at epoch=18 step=3792    
[04/19/26 17:32:35] WARNING  High grad norm: 12010.96 at epoch=18 step=3793    
                    WARNING  High grad norm: 2371.36 at epoch=18 step=3794     
[04/19/26 17:32:36] WARNING  High grad norm: 3915.45 at epoch=18 step=3795     
[04/19/26 17:32:37] WARNING  High grad norm: 10660.40 at epoch=18 step=3796    
                    WARNING  High grad norm: 4391.95 at epoch=18 step=3797     
                    WARNING  High grad norm: 11967.28 at epoch=18 step=3798    
                    WARNING  High grad norm: 16040.40 at epoch=18 step=3799    
                    INFO     epoch=18 step=3800 loss=564.9871                  
                             grad_norm=16040.3984 lr=1.48e-04                  
[04/19/26 17:32:39] WARNING  High grad norm: 1671.99 at epoch=18 step=3800     
                    WARNING  High grad norm: 2738.62 at epoch=18 step=3801     
                    WARNING  High grad norm: 2115.88 at epoch=18 step=3802     
[04/19/26 17:32:40] WARNING  High grad norm: 4995.14 at epoch=18 step=3803     
[04/19/26 17:32:41] WARNING  High grad norm: 4265.96 at epoch=18 step=3804     
                    WARNING  High grad norm: 2724.76 at epoch=18 step=3805     
                    WARNING  High grad norm: 3904.73 at epoch=18 step=3806     
[04/19/26 17:32:42] WARNING  High grad norm: 5519.49 at epoch=18 step=3807     
                    WARNING  High grad norm: 2491.83 at epoch=18 step=3808     
[04/19/26 17:32:43] WARNING  High grad norm: 7116.70 at epoch=18 step=3809     
[04/19/26 17:32:44] WARNING  High grad norm: 2977.37 at epoch=18 step=3810     
                    WARNING  High grad norm: 14052.25 at epoch=18 step=3811    
                    WARNING  High grad norm: 5551.66 at epoch=18 step=3812     
[04/19/26 17:32:46] WARNING  High grad norm: 12015.85 at epoch=18 step=3813    
                    WARNING  High grad norm: 13807.42 at epoch=18 step=3814    
                    WARNING  High grad norm: 4075.72 at epoch=18 step=3815     
                    WARNING  High grad norm: 1305.85 at epoch=18 step=3816     
[04/19/26 17:32:47] WARNING  High grad norm: 8148.13 at epoch=18 step=3817     
[04/19/26 17:32:48] WARNING  High grad norm: 7338.07 at epoch=18 step=3818     
                    WARNING  High grad norm: 6176.59 at epoch=18 step=3819     
[04/19/26 17:32:49] WARNING  High grad norm: 9305.15 at epoch=18 step=3820     
                    WARNING  High grad norm: 3476.31 at epoch=18 step=3821     
[04/19/26 17:32:50] WARNING  High grad norm: 4300.67 at epoch=18 step=3822     
                    WARNING  High grad norm: 8181.79 at epoch=18 step=3823     
[04/19/26 17:32:51] WARNING  High grad norm: 3368.67 at epoch=18 step=3824     
                    WARNING  High grad norm: 6507.08 at epoch=18 step=3825     
                    WARNING  High grad norm: 1937.19 at epoch=18 step=3826     
[04/19/26 17:32:53] WARNING  High grad norm: 1954.82 at epoch=18 step=3827     
                    WARNING  High grad norm: 12521.20 at epoch=18 step=3828    
[04/19/26 17:32:54] WARNING  High grad norm: 5964.07 at epoch=18 step=3829     
                    WARNING  High grad norm: 19991.24 at epoch=18 step=3830    
[04/19/26 17:32:57] WARNING  High grad norm: 29903.58 at epoch=18 step=3831    
                    WARNING  High grad norm: 11423.38 at epoch=18 step=3832    
[04/19/26 17:32:58] WARNING  High grad norm: 16891.56 at epoch=18 step=3833    
                    WARNING  High grad norm: 16866.16 at epoch=18 step=3834    
[04/19/26 17:33:03] WARNING  High grad norm: 16298.26 at epoch=18 step=3835    
                    WARNING  High grad norm: 14307.99 at epoch=18 step=3836    
                    WARNING  High grad norm: 9669.31 at epoch=18 step=3837     
[04/19/26 17:33:04] WARNING  High grad norm: 1632.04 at epoch=18 step=3838     
                    WARNING  High grad norm: 18317.61 at epoch=18 step=3839    
[04/19/26 17:33:08] WARNING  High grad norm: 22280.73 at epoch=18 step=3840    
[04/19/26 17:33:09] WARNING  High grad norm: 5933.67 at epoch=18 step=3841     
                    WARNING  High grad norm: 23599.25 at epoch=18 step=3842    
                    WARNING  High grad norm: 35899.95 at epoch=18 step=3843    
[04/19/26 17:33:14] WARNING  High grad norm: 24330.48 at epoch=18 step=3844    
                    WARNING  High grad norm: 3012.13 at epoch=18 step=3845     
                    WARNING  High grad norm: 18567.96 at epoch=18 step=3846    
[04/19/26 17:33:15] WARNING  High grad norm: 22017.78 at epoch=18 step=3847    
                    WARNING  High grad norm: 14023.91 at epoch=18 step=3848    
[04/19/26 17:33:19] WARNING  High grad norm: 17259.85 at epoch=18 step=3849    
                    WARNING  High grad norm: 21767.47 at epoch=18 step=3850    
                    WARNING  High grad norm: 15931.16 at epoch=18 step=3851    
                    WARNING  High grad norm: 10476.11 at epoch=18 step=3852    
[04/19/26 17:33:23] WARNING  High grad norm: 10640.56 at epoch=18 step=3853    
                    WARNING  High grad norm: 13179.10 at epoch=18 step=3854    
                    WARNING  High grad norm: 15445.87 at epoch=18 step=3855    
                    WARNING  High grad norm: 14846.80 at epoch=18 step=3856    
[04/19/26 17:33:24] WARNING  High grad norm: 8271.11 at epoch=18 step=3857     
[04/19/26 17:33:27] WARNING  High grad norm: 19523.55 at epoch=18 step=3858    
[04/19/26 17:33:28] WARNING  High grad norm: 23474.39 at epoch=18 step=3859    
                    WARNING  High grad norm: 17011.09 at epoch=18 step=3860    
                    WARNING  High grad norm: 10258.04 at epoch=18 step=3861    
[04/19/26 17:33:30] WARNING  High grad norm: 18496.83 at epoch=18 step=3862    
[04/19/26 17:33:31] WARNING  High grad norm: 11875.33 at epoch=18 step=3863    
                    WARNING  High grad norm: 15107.56 at epoch=18 step=3864    
                    WARNING  High grad norm: 23709.14 at epoch=18 step=3865    
                    WARNING  High grad norm: 8933.61 at epoch=18 step=3866     
[04/19/26 17:33:34] WARNING  High grad norm: 15157.82 at epoch=18 step=3867    
                    WARNING  High grad norm: 20936.06 at epoch=18 step=3868    
                    WARNING  High grad norm: 8559.17 at epoch=18 step=3869     
                    WARNING  High grad norm: 13992.87 at epoch=18 step=3870    
[04/19/26 17:33:35] WARNING  High grad norm: 17989.72 at epoch=18 step=3871    
[04/19/26 17:33:37] WARNING  High grad norm: 13169.16 at epoch=18 step=3872    
                    WARNING  High grad norm: 14541.57 at epoch=18 step=3873    
                    WARNING  High grad norm: 22427.81 at epoch=18 step=3874    
                    WARNING  High grad norm: 9144.91 at epoch=18 step=3875     
                    WARNING  High grad norm: 11193.22 at epoch=18 step=3876    
[04/19/26 17:33:39] WARNING  High grad norm: 24766.05 at epoch=18 step=3877    
[04/19/26 17:33:40] WARNING  High grad norm: 6542.00 at epoch=18 step=3878     
                    WARNING  High grad norm: 16311.67 at epoch=18 step=3879    
                    WARNING  High grad norm: 27961.62 at epoch=18 step=3880    
[04/19/26 17:33:42] WARNING  High grad norm: 7982.65 at epoch=18 step=3881     
                    WARNING  High grad norm: 16958.27 at epoch=18 step=3882    
                    WARNING  High grad norm: 26654.94 at epoch=18 step=3883    
[04/19/26 17:33:43] WARNING  High grad norm: 12922.30 at epoch=18 step=3884    
                    WARNING  High grad norm: 11377.90 at epoch=18 step=3885    
[04/19/26 17:33:45] WARNING  High grad norm: 17056.77 at epoch=18 step=3886    
                    WARNING  High grad norm: 5623.76 at epoch=18 step=3887     
                    WARNING  High grad norm: 19117.69 at epoch=18 step=3888    
                    WARNING  High grad norm: 37952.45 at epoch=18 step=3889    
[04/19/26 17:33:47] WARNING  High grad norm: 19547.12 at epoch=18 step=3890    
                    WARNING  High grad norm: 10167.76 at epoch=18 step=3891    
[04/19/26 17:33:48] WARNING  High grad norm: 16733.72 at epoch=18 step=3892    
                    WARNING  High grad norm: 11448.57 at epoch=18 step=3893    
                    WARNING  High grad norm: 13244.36 at epoch=18 step=3894    
                    WARNING  High grad norm: 22041.12 at epoch=18 step=3895    
[04/19/26 17:33:49] WARNING  High grad norm: 13680.83 at epoch=18 step=3896    
                    WARNING  High grad norm: 11851.37 at epoch=18 step=3897    
                    WARNING  High grad norm: 19525.46 at epoch=18 step=3898    
                    WARNING  High grad norm: 8473.69 at epoch=18 step=3899     
                    INFO     epoch=18 step=3900 loss=586.2230                  
                             grad_norm=8473.6904 lr=1.46e-04                   
[04/19/26 17:33:50] WARNING  High grad norm: 17179.21 at epoch=18 step=3900    
                    WARNING  High grad norm: 22006.91 at epoch=18 step=3901    
                    WARNING  High grad norm: 11698.84 at epoch=18 step=3902    
                    WARNING  High grad norm: 14007.87 at epoch=18 step=3903    
                    WARNING  High grad norm: 15547.97 at epoch=18 step=3904    
[04/19/26 17:33:51] WARNING  High grad norm: 9098.49 at epoch=18 step=3905     
                    WARNING  High grad norm: 13348.61 at epoch=18 step=3906    
                    WARNING  High grad norm: 19449.76 at epoch=18 step=3907    
                    WARNING  High grad norm: 7661.45 at epoch=18 step=3908     
[04/19/26 17:33:52] WARNING  High grad norm: 13989.54 at epoch=18 step=3909    
                    WARNING  High grad norm: 19842.37 at epoch=18 step=3910    
                    WARNING  High grad norm: 10527.40 at epoch=18 step=3911    
[04/19/26 17:33:54] WARNING  High grad norm: 6256.83 at epoch=18 step=3912     
                    WARNING  High grad norm: 18420.37 at epoch=18 step=3913    
                    WARNING  High grad norm: 5669.35 at epoch=18 step=3914     
                    WARNING  High grad norm: 11980.39 at epoch=18 step=3915    
[04/19/26 17:33:55] WARNING  High grad norm: 14632.62 at epoch=18 step=3916    
                    WARNING  High grad norm: 9702.24 at epoch=18 step=3917     
                    WARNING  High grad norm: 13524.56 at epoch=18 step=3918    
                    WARNING  High grad norm: 18468.45 at epoch=18 step=3919    
                    WARNING  High grad norm: 10856.42 at epoch=18 step=3920    
[04/19/26 17:33:56] WARNING  High grad norm: 13055.37 at epoch=18 step=3921    
                    WARNING  High grad norm: 17761.04 at epoch=18 step=3922    
                    WARNING  High grad norm: 7863.81 at epoch=18 step=3923     
                    WARNING  High grad norm: 13913.04 at epoch=18 step=3924    
[04/19/26 17:33:57] WARNING  High grad norm: 24203.62 at epoch=18 step=3925    
                    WARNING  High grad norm: 13298.67 at epoch=18 step=3926    
                    WARNING  High grad norm: 8133.05 at epoch=18 step=3927     
                    WARNING  High grad norm: 16462.18 at epoch=18 step=3928    
[04/19/26 17:33:58] WARNING  High grad norm: 7062.77 at epoch=18 step=3929     
                    WARNING  High grad norm: 10375.08 at epoch=18 step=3930    
                    WARNING  High grad norm: 17045.51 at epoch=18 step=3931    
                    WARNING  High grad norm: 10848.59 at epoch=18 step=3932    
                    WARNING  High grad norm: 14816.26 at epoch=18 step=3933    
[04/19/26 17:33:59] WARNING  High grad norm: 20350.37 at epoch=18 step=3934    
                    WARNING  High grad norm: 10821.82 at epoch=18 step=3935    
                    WARNING  High grad norm: 12072.33 at epoch=18 step=3936    
                    WARNING  High grad norm: 19967.95 at epoch=18 step=3937    
[04/19/26 17:34:00] WARNING  High grad norm: 10363.66 at epoch=18 step=3938    
                    WARNING  High grad norm: 11805.91 at epoch=18 step=3939    
                    WARNING  High grad norm: 23487.05 at epoch=18 step=3940    
                    WARNING  High grad norm: 8337.78 at epoch=18 step=3941     
                    WARNING  High grad norm: 15638.32 at epoch=18 step=3942    
[04/19/26 17:34:01] WARNING  High grad norm: 15110.41 at epoch=18 step=3943    
                    WARNING  High grad norm: 8238.92 at epoch=18 step=3944     
                    WARNING  High grad norm: 8599.01 at epoch=18 step=3945     
                    WARNING  High grad norm: 15432.37 at epoch=18 step=3946    
[04/19/26 17:34:02] WARNING  High grad norm: 9855.04 at epoch=18 step=3947     
                    WARNING  High grad norm: 14000.30 at epoch=18 step=3948    
                    WARNING  High grad norm: 25943.91 at epoch=18 step=3949    
                    WARNING  High grad norm: 8311.77 at epoch=18 step=3950     
                    WARNING  High grad norm: 17659.05 at epoch=18 step=3951    
[04/19/26 17:34:03] WARNING  High grad norm: 20497.31 at epoch=18 step=3952    
                    WARNING  High grad norm: 10930.12 at epoch=18 step=3953    
                    WARNING  High grad norm: 11598.46 at epoch=18 step=3954    
                    WARNING  High grad norm: 15570.68 at epoch=18 step=3955    
[04/19/26 17:34:04] WARNING  High grad norm: 7105.11 at epoch=18 step=3956     
                    WARNING  High grad norm: 16709.31 at epoch=18 step=3957    
                    WARNING  High grad norm: 21952.90 at epoch=18 step=3958    
                    WARNING  High grad norm: 11180.53 at epoch=18 step=3959    
[04/19/26 17:34:05] WARNING  High grad norm: 10297.06 at epoch=18 step=3960    
                    WARNING  High grad norm: 14146.19 at epoch=18 step=3961    
                    WARNING  High grad norm: 8846.26 at epoch=18 step=3962     
                    WARNING  High grad norm: 8415.30 at epoch=18 step=3963     
                    WARNING  High grad norm: 17551.93 at epoch=18 step=3964    
[04/19/26 17:34:06] WARNING  High grad norm: 5861.17 at epoch=18 step=3965     
                    WARNING  High grad norm: 16566.47 at epoch=18 step=3966    
                    WARNING  High grad norm: 22229.81 at epoch=18 step=3967    
                    WARNING  High grad norm: 15993.94 at epoch=18 step=3968    
[04/19/26 17:34:07] WARNING  High grad norm: 6132.94 at epoch=18 step=3969     
                    WARNING  High grad norm: 15980.70 at epoch=18 step=3970    
                    WARNING  High grad norm: 13779.65 at epoch=18 step=3971    
                    WARNING  High grad norm: 8393.10 at epoch=18 step=3972     
[04/19/26 17:34:08] WARNING  High grad norm: 13646.41 at epoch=18 step=3973    
                    WARNING  High grad norm: 4670.39 at epoch=18 step=3974     
                    WARNING  High grad norm: 14994.83 at epoch=18 step=3975    
                    WARNING  High grad norm: 21437.84 at epoch=18 step=3976    
                    WARNING  High grad norm: 11004.33 at epoch=18 step=3977    
[04/19/26 17:34:09] WARNING  High grad norm: 15051.84 at epoch=18 step=3978    
                    WARNING  High grad norm: 13939.66 at epoch=18 step=3979    
                    WARNING  High grad norm: 12169.29 at epoch=18 step=3980    
                    WARNING  High grad norm: 13678.89 at epoch=18 step=3981    
[04/19/26 17:34:10] WARNING  High grad norm: 16894.22 at epoch=18 step=3982    
                    WARNING  High grad norm: 8451.70 at epoch=18 step=3983     
                    WARNING  High grad norm: 14232.98 at epoch=18 step=3984    
                    WARNING  High grad norm: 16354.49 at epoch=18 step=3985    
                    WARNING  High grad norm: 6401.97 at epoch=18 step=3986     
[04/19/26 17:34:11] WARNING  High grad norm: 13961.01 at epoch=18 step=3987    
                    WARNING  High grad norm: 17004.00 at epoch=18 step=3988    
                    WARNING  High grad norm: 12037.30 at epoch=18 step=3989    
                    WARNING  High grad norm: 16656.25 at epoch=18 step=3990    
[04/19/26 17:34:12] WARNING  High grad norm: 16027.39 at epoch=18 step=3991    
[04/19/26 17:34:13] WARNING  High grad norm: 11662.72 at epoch=18 step=3992    
[04/19/26 17:34:14] WARNING  High grad norm: 12933.50 at epoch=18 step=3993    
                    WARNING  High grad norm: 16349.85 at epoch=18 step=3994    
                    WARNING  High grad norm: 6775.02 at epoch=18 step=3995     
                    WARNING  High grad norm: 17931.86 at epoch=18 step=3996    
[04/19/26 17:34:16] WARNING  High grad norm: 19551.26 at epoch=18 step=3997    
                    WARNING  High grad norm: 9820.62 at epoch=18 step=3998     
                    WARNING  High grad norm: 12167.72 at epoch=18 step=3999    
                    INFO     epoch=18 step=4000 loss=567.4142                  
                             grad_norm=12167.7236 lr=1.43e-04                  
[04/19/26 17:34:17] WARNING  High grad norm: 18560.64 at epoch=18 step=4000    
[04/19/26 17:34:18] WARNING  High grad norm: 8233.86 at epoch=18 step=4001     
                    WARNING  High grad norm: 15778.27 at epoch=18 step=4002    
[04/19/26 17:34:19] WARNING  High grad norm: 15638.79 at epoch=18 step=4003    
                    WARNING  High grad norm: 13434.66 at epoch=18 step=4004    
                    WARNING  High grad norm: 11793.37 at epoch=18 step=4005    
[04/19/26 17:34:20] WARNING  High grad norm: 18616.18 at epoch=18 step=4006    
[04/19/26 17:34:21] WARNING  High grad norm: 6683.23 at epoch=18 step=4007     
                    WARNING  High grad norm: 10308.95 at epoch=18 step=4008    
                    WARNING  High grad norm: 14337.36 at epoch=18 step=4009    
                    WARNING  High grad norm: 7946.64 at epoch=18 step=4010     
[04/19/26 17:34:23] WARNING  High grad norm: 10628.30 at epoch=18 step=4011    
                    WARNING  High grad norm: 19479.40 at epoch=18 step=4012    
                    WARNING  High grad norm: 8520.75 at epoch=18 step=4013     
[04/19/26 17:34:25] INFO     epoch=18 avg_loss=565.1903 lr=1.43e-04            
[04/19/26 17:34:41] WARNING  High grad norm: 10858.14 at epoch=19 step=4014    
                    WARNING  High grad norm: 22099.37 at epoch=19 step=4015    
[04/19/26 17:34:42] WARNING  High grad norm: 11850.82 at epoch=19 step=4016    
                    WARNING  High grad norm: 13373.19 at epoch=19 step=4017    
[04/19/26 17:34:44] WARNING  High grad norm: 14603.61 at epoch=19 step=4018    
                    WARNING  High grad norm: 5661.87 at epoch=19 step=4019     
                    WARNING  High grad norm: 15308.14 at epoch=19 step=4020    
                    WARNING  High grad norm: 14571.73 at epoch=19 step=4021    
[04/19/26 17:34:45] WARNING  High grad norm: 5772.22 at epoch=19 step=4022     
[04/19/26 17:34:46] WARNING  High grad norm: 12046.25 at epoch=19 step=4023    
                    WARNING  High grad norm: 11297.21 at epoch=19 step=4024    
[04/19/26 17:34:47] WARNING  High grad norm: 13266.03 at epoch=19 step=4025    
                    WARNING  High grad norm: 11976.03 at epoch=19 step=4026    
[04/19/26 17:34:49] WARNING  High grad norm: 24992.52 at epoch=19 step=4027    
                    WARNING  High grad norm: 10651.31 at epoch=19 step=4028    
                    WARNING  High grad norm: 12281.67 at epoch=19 step=4029    
                    WARNING  High grad norm: 23806.72 at epoch=19 step=4030    
                    WARNING  High grad norm: 8274.70 at epoch=19 step=4031     
[04/19/26 17:34:51] WARNING  High grad norm: 14237.94 at epoch=19 step=4032    
                    WARNING  High grad norm: 18425.87 at epoch=19 step=4033    
[04/19/26 17:34:52] WARNING  High grad norm: 6793.48 at epoch=19 step=4034     
                    WARNING  High grad norm: 16208.90 at epoch=19 step=4035    
[04/19/26 17:34:54] WARNING  High grad norm: 18540.74 at epoch=19 step=4036    
                    WARNING  High grad norm: 7016.59 at epoch=19 step=4037     
                    WARNING  High grad norm: 17619.33 at epoch=19 step=4038    
                    WARNING  High grad norm: 15417.05 at epoch=19 step=4039    
                    WARNING  High grad norm: 11475.58 at epoch=19 step=4040    
[04/19/26 17:34:56] WARNING  High grad norm: 16359.40 at epoch=19 step=4041    
                    WARNING  High grad norm: 16013.78 at epoch=19 step=4042    
[04/19/26 17:34:57] WARNING  High grad norm: 9726.23 at epoch=19 step=4043     
                    WARNING  High grad norm: 10832.16 at epoch=19 step=4044    
                    WARNING  High grad norm: 16513.34 at epoch=19 step=4045    
[04/19/26 17:34:59] WARNING  High grad norm: 9678.79 at epoch=19 step=4046     
                    WARNING  High grad norm: 11785.66 at epoch=19 step=4047    
                    WARNING  High grad norm: 18706.08 at epoch=19 step=4048    
                    WARNING  High grad norm: 10707.43 at epoch=19 step=4049    
[04/19/26 17:35:01] WARNING  High grad norm: 13059.77 at epoch=19 step=4050    
                    WARNING  High grad norm: 14096.61 at epoch=19 step=4051    
                    WARNING  High grad norm: 9080.41 at epoch=19 step=4052     
[04/19/26 17:35:02] WARNING  High grad norm: 10503.52 at epoch=19 step=4053    
                    WARNING  High grad norm: 11693.89 at epoch=19 step=4054    
[04/19/26 17:35:04] WARNING  High grad norm: 7145.08 at epoch=19 step=4055     
                    WARNING  High grad norm: 14010.53 at epoch=19 step=4056    
                    WARNING  High grad norm: 24691.00 at epoch=19 step=4057    
                    WARNING  High grad norm: 9402.52 at epoch=19 step=4058     
[04/19/26 17:35:06] WARNING  High grad norm: 10270.19 at epoch=19 step=4059    
                    WARNING  High grad norm: 12902.61 at epoch=19 step=4060    
                    WARNING  High grad norm: 7855.40 at epoch=19 step=4061     
[04/19/26 17:35:07] WARNING  High grad norm: 15679.64 at epoch=19 step=4062    
                    WARNING  High grad norm: 17243.83 at epoch=19 step=4063    
[04/19/26 17:35:08] WARNING  High grad norm: 5702.62 at epoch=19 step=4064     
[04/19/26 17:35:09] WARNING  High grad norm: 12580.35 at epoch=19 step=4065    
                    WARNING  High grad norm: 22851.48 at epoch=19 step=4066    
                    WARNING  High grad norm: 10711.94 at epoch=19 step=4067    
                    WARNING  High grad norm: 8856.45 at epoch=19 step=4068     
[04/19/26 17:35:11] WARNING  High grad norm: 13075.56 at epoch=19 step=4069    
                    WARNING  High grad norm: 5242.18 at epoch=19 step=4070     
                    WARNING  High grad norm: 8380.38 at epoch=19 step=4071     
[04/19/26 17:35:12] WARNING  High grad norm: 15929.72 at epoch=19 step=4072    
[04/19/26 17:35:13] WARNING  High grad norm: 3327.60 at epoch=19 step=4073     
[04/19/26 17:35:14] WARNING  High grad norm: 14000.61 at epoch=19 step=4074    
                    WARNING  High grad norm: 11372.72 at epoch=19 step=4075    
                    WARNING  High grad norm: 5898.85 at epoch=19 step=4076     
                    WARNING  High grad norm: 15820.95 at epoch=19 step=4077    
[04/19/26 17:35:16] WARNING  High grad norm: 20066.00 at epoch=19 step=4078    
                    WARNING  High grad norm: 8724.33 at epoch=19 step=4079     
                    WARNING  High grad norm: 13158.95 at epoch=19 step=4080    
[04/19/26 17:35:17] WARNING  High grad norm: 17956.65 at epoch=19 step=4081    
[04/19/26 17:35:18] WARNING  High grad norm: 6383.56 at epoch=19 step=4082     
                    WARNING  High grad norm: 14013.80 at epoch=19 step=4083    
[04/19/26 17:35:19] WARNING  High grad norm: 12890.83 at epoch=19 step=4084    
                    WARNING  High grad norm: 4198.29 at epoch=19 step=4085     
                    WARNING  High grad norm: 11169.52 at epoch=19 step=4086    
[04/19/26 17:35:21] WARNING  High grad norm: 17378.61 at epoch=19 step=4087    
                    WARNING  High grad norm: 4277.38 at epoch=19 step=4088     
                    WARNING  High grad norm: 16034.24 at epoch=19 step=4089    
                    WARNING  High grad norm: 14933.30 at epoch=19 step=4090    
[04/19/26 17:35:22] WARNING  High grad norm: 4052.72 at epoch=19 step=4091     
[04/19/26 17:35:23] WARNING  High grad norm: 8248.64 at epoch=19 step=4092     
[04/19/26 17:35:24] WARNING  High grad norm: 9200.86 at epoch=19 step=4093     
                    WARNING  High grad norm: 8758.54 at epoch=19 step=4094     
                    WARNING  High grad norm: 5349.29 at epoch=19 step=4095     
[04/19/26 17:35:26] WARNING  High grad norm: 4787.85 at epoch=19 step=4096     
                    WARNING  High grad norm: 4041.04 at epoch=19 step=4097     
                    WARNING  High grad norm: 10944.23 at epoch=19 step=4098    
                    WARNING  High grad norm: 9064.17 at epoch=19 step=4099     
                    INFO     epoch=19 step=4100 loss=563.6521                  
                             grad_norm=9064.1709 lr=1.41e-04                   
[04/19/26 17:35:27] WARNING  High grad norm: 5766.31 at epoch=19 step=4100     
[04/19/26 17:35:28] WARNING  High grad norm: 6614.15 at epoch=19 step=4101     
                    WARNING  High grad norm: 9222.79 at epoch=19 step=4102     
[04/19/26 17:35:29] WARNING  High grad norm: 11853.19 at epoch=19 step=4103    
                    WARNING  High grad norm: 4221.03 at epoch=19 step=4104     
[04/19/26 17:35:31] WARNING  High grad norm: 3209.52 at epoch=19 step=4105     
                    WARNING  High grad norm: 4841.98 at epoch=19 step=4106     
                    WARNING  High grad norm: 4242.68 at epoch=19 step=4107     
                    WARNING  High grad norm: 8756.90 at epoch=19 step=4108     
                    WARNING  High grad norm: 6010.46 at epoch=19 step=4109     
[04/19/26 17:35:33] WARNING  High grad norm: 6746.91 at epoch=19 step=4110     
                    WARNING  High grad norm: 9761.78 at epoch=19 step=4111     
[04/19/26 17:35:34] WARNING  High grad norm: 4292.12 at epoch=19 step=4112     
                    WARNING  High grad norm: 3454.67 at epoch=19 step=4113     
[04/19/26 17:35:35] WARNING  High grad norm: 7879.80 at epoch=19 step=4114     
[04/19/26 17:35:36] WARNING  High grad norm: 6576.23 at epoch=19 step=4115     
                    WARNING  High grad norm: 11384.65 at epoch=19 step=4116    
                    WARNING  High grad norm: 8419.22 at epoch=19 step=4117     
                    WARNING  High grad norm: 5654.03 at epoch=19 step=4118     
[04/19/26 17:35:38] WARNING  High grad norm: 7888.72 at epoch=19 step=4119     
                    WARNING  High grad norm: 5756.60 at epoch=19 step=4120     
                    WARNING  High grad norm: 4313.65 at epoch=19 step=4121     
[04/19/26 17:35:39] WARNING  High grad norm: 7498.61 at epoch=19 step=4122     
                    WARNING  High grad norm: 4281.97 at epoch=19 step=4123     
[04/19/26 17:35:41] WARNING  High grad norm: 7609.06 at epoch=19 step=4124     
                    WARNING  High grad norm: 6896.41 at epoch=19 step=4125     
                    WARNING  High grad norm: 8205.88 at epoch=19 step=4126     
                    WARNING  High grad norm: 5624.45 at epoch=19 step=4127     
[04/19/26 17:35:43] WARNING  High grad norm: 10305.41 at epoch=19 step=4128    
                    WARNING  High grad norm: 11839.06 at epoch=19 step=4129    
[04/19/26 17:35:44] WARNING  High grad norm: 5320.57 at epoch=19 step=4130     
                    WARNING  High grad norm: 4874.03 at epoch=19 step=4131     
                    WARNING  High grad norm: 8050.18 at epoch=19 step=4132     
[04/19/26 17:35:46] WARNING  High grad norm: 7580.56 at epoch=19 step=4133     
                    WARNING  High grad norm: 6924.99 at epoch=19 step=4134     
                    WARNING  High grad norm: 6544.96 at epoch=19 step=4135     
                    WARNING  High grad norm: 4929.48 at epoch=19 step=4136     
[04/19/26 17:35:48] WARNING  High grad norm: 7102.34 at epoch=19 step=4137     
                    WARNING  High grad norm: 7090.09 at epoch=19 step=4138     
[04/19/26 17:35:49] WARNING  High grad norm: 6681.12 at epoch=19 step=4139     
                    WARNING  High grad norm: 5180.36 at epoch=19 step=4140     
                    WARNING  High grad norm: 3743.74 at epoch=19 step=4141     
[04/19/26 17:35:51] WARNING  High grad norm: 7851.72 at epoch=19 step=4142     
                    WARNING  High grad norm: 11904.75 at epoch=19 step=4143    
                    WARNING  High grad norm: 9734.49 at epoch=19 step=4144     
                    WARNING  High grad norm: 6589.32 at epoch=19 step=4145     
[04/19/26 17:35:53] WARNING  High grad norm: 7339.94 at epoch=19 step=4146     
                    WARNING  High grad norm: 7068.97 at epoch=19 step=4147     
[04/19/26 17:35:54] WARNING  High grad norm: 8097.38 at epoch=19 step=4148     
                    WARNING  High grad norm: 4737.57 at epoch=19 step=4149     
                    WARNING  High grad norm: 11317.38 at epoch=19 step=4150    
[04/19/26 17:35:56] WARNING  High grad norm: 5229.34 at epoch=19 step=4151     
                    WARNING  High grad norm: 4862.78 at epoch=19 step=4152     
                    WARNING  High grad norm: 7541.03 at epoch=19 step=4153     
[04/19/26 17:35:57] WARNING  High grad norm: 5495.67 at epoch=19 step=4154     
[04/19/26 17:35:58] WARNING  High grad norm: 4691.22 at epoch=19 step=4155     
                    WARNING  High grad norm: 6220.66 at epoch=19 step=4156     
[04/19/26 17:35:59] WARNING  High grad norm: 5250.77 at epoch=19 step=4157     
                    WARNING  High grad norm: 9300.83 at epoch=19 step=4158     
                    WARNING  High grad norm: 9869.00 at epoch=19 step=4159     
[04/19/26 17:36:01] WARNING  High grad norm: 2933.07 at epoch=19 step=4160     
                    WARNING  High grad norm: 12580.91 at epoch=19 step=4161    
                    WARNING  High grad norm: 4339.23 at epoch=19 step=4162     
                    WARNING  High grad norm: 6781.36 at epoch=19 step=4163     
[04/19/26 17:36:02] WARNING  High grad norm: 2698.61 at epoch=19 step=4164     
[04/19/26 17:36:03] WARNING  High grad norm: 5728.48 at epoch=19 step=4165     
[04/19/26 17:36:04] WARNING  High grad norm: 4778.99 at epoch=19 step=4166     
                    WARNING  High grad norm: 11447.65 at epoch=19 step=4167    
                    WARNING  High grad norm: 11827.64 at epoch=19 step=4168    
[04/19/26 17:36:06] WARNING  High grad norm: 5382.76 at epoch=19 step=4169     
                    WARNING  High grad norm: 16221.37 at epoch=19 step=4170    
                    WARNING  High grad norm: 17401.05 at epoch=19 step=4171    
                    WARNING  High grad norm: 16635.94 at epoch=19 step=4172    
[04/19/26 17:36:07] WARNING  High grad norm: 7107.84 at epoch=19 step=4173     
[04/19/26 17:36:08] WARNING  High grad norm: 17656.35 at epoch=19 step=4174    
                    WARNING  High grad norm: 8276.18 at epoch=19 step=4175     
[04/19/26 17:36:09] WARNING  High grad norm: 9493.80 at epoch=19 step=4176     
                    WARNING  High grad norm: 13743.09 at epoch=19 step=4177    
                    WARNING  High grad norm: 8093.00 at epoch=19 step=4178     
                    WARNING  High grad norm: 8483.10 at epoch=19 step=4179     
                    WARNING  High grad norm: 22963.34 at epoch=19 step=4180    
[04/19/26 17:36:10] WARNING  High grad norm: 10338.65 at epoch=19 step=4181    
                    WARNING  High grad norm: 10017.94 at epoch=19 step=4182    
                    WARNING  High grad norm: 13297.53 at epoch=19 step=4183    
                    WARNING  High grad norm: 6930.59 at epoch=19 step=4184     
[04/19/26 17:36:11] WARNING  High grad norm: 12726.78 at epoch=19 step=4185    
                    WARNING  High grad norm: 12930.29 at epoch=19 step=4186    
                    WARNING  High grad norm: 8412.54 at epoch=19 step=4187     
                    WARNING  High grad norm: 7195.52 at epoch=19 step=4188     
                    WARNING  High grad norm: 25992.75 at epoch=19 step=4189    
[04/19/26 17:36:12] WARNING  High grad norm: 12810.02 at epoch=19 step=4190    
                    WARNING  High grad norm: 10482.49 at epoch=19 step=4191    
                    WARNING  High grad norm: 17869.86 at epoch=19 step=4192    
                    WARNING  High grad norm: 4664.28 at epoch=19 step=4193     
[04/19/26 17:36:13] WARNING  High grad norm: 11310.88 at epoch=19 step=4194    
                    WARNING  High grad norm: 14030.37 at epoch=19 step=4195    
                    WARNING  High grad norm: 6649.81 at epoch=19 step=4196     
                    WARNING  High grad norm: 11527.74 at epoch=19 step=4197    
[04/19/26 17:36:14] WARNING  High grad norm: 18319.33 at epoch=19 step=4198    
                    WARNING  High grad norm: 7485.94 at epoch=19 step=4199     
                    INFO     epoch=19 step=4200 loss=552.8802                  
                             grad_norm=7485.9390 lr=1.38e-04                   
                    WARNING  High grad norm: 15429.07 at epoch=19 step=4200    
                    WARNING  High grad norm: 26060.93 at epoch=19 step=4201    
                    WARNING  High grad norm: 12733.53 at epoch=19 step=4202    
[04/19/26 17:36:15] WARNING  High grad norm: 7300.66 at epoch=19 step=4203     
                    WARNING  High grad norm: 12718.04 at epoch=19 step=4204    
                    WARNING  High grad norm: 3344.35 at epoch=19 step=4205     
                    WARNING  High grad norm: 14200.83 at epoch=19 step=4206    
[04/19/26 17:36:16] WARNING  High grad norm: 19959.31 at epoch=19 step=4207    
                    WARNING  High grad norm: 5436.08 at epoch=19 step=4208     
                    WARNING  High grad norm: 10941.19 at epoch=19 step=4209    
                    WARNING  High grad norm: 17701.21 at epoch=19 step=4210    
                    WARNING  High grad norm: 8181.94 at epoch=19 step=4211     
[04/19/26 17:36:17] WARNING  High grad norm: 15521.71 at epoch=19 step=4212    
                    WARNING  High grad norm: 14546.78 at epoch=19 step=4213    
                    WARNING  High grad norm: 11479.72 at epoch=19 step=4214    
                    WARNING  High grad norm: 7599.65 at epoch=19 step=4215     
[04/19/26 17:36:18] WARNING  High grad norm: 19389.51 at epoch=19 step=4216    
                    WARNING  High grad norm: 5307.18 at epoch=19 step=4217     
                    WARNING  High grad norm: 6309.36 at epoch=19 step=4218     
                    WARNING  High grad norm: 15437.26 at epoch=19 step=4219    
                    WARNING  High grad norm: 8601.29 at epoch=19 step=4220     
[04/19/26 17:36:19] WARNING  High grad norm: 14982.63 at epoch=19 step=4221    
                    WARNING  High grad norm: 13044.78 at epoch=19 step=4222    
                    WARNING  High grad norm: 10093.42 at epoch=19 step=4223    
                    WARNING  High grad norm: 9055.57 at epoch=19 step=4224     
[04/19/26 17:36:20] WARNING  High grad norm: 14106.45 at epoch=19 step=4225    
                    WARNING  High grad norm: 6739.85 at epoch=19 step=4226     
                    WARNING  High grad norm: 16938.77 at epoch=19 step=4227    
                    WARNING  High grad norm: 16332.55 at epoch=19 step=4228    
                    WARNING  High grad norm: 8581.51 at epoch=19 step=4229     
[04/19/26 17:36:21] WARNING  High grad norm: 11803.63 at epoch=19 step=4230    
                    WARNING  High grad norm: 19282.99 at epoch=19 step=4231    
                    WARNING  High grad norm: 6738.15 at epoch=19 step=4232     
                    WARNING  High grad norm: 13676.61 at epoch=19 step=4233    
[04/19/26 17:36:22] WARNING  High grad norm: 15144.55 at epoch=19 step=4234    
                    WARNING  High grad norm: 7335.11 at epoch=19 step=4235     
                    WARNING  High grad norm: 14000.45 at epoch=19 step=4236    
[04/19/26 17:36:23] INFO     epoch=19 avg_loss=549.3234 lr=1.37e-04            
[04/19/26 17:36:40] WARNING  High grad norm: 12343.07 at epoch=20 step=4237    
[04/19/26 17:36:41] WARNING  High grad norm: 7435.36 at epoch=20 step=4238     
                    WARNING  High grad norm: 12421.08 at epoch=20 step=4239    
                    WARNING  High grad norm: 14350.15 at epoch=20 step=4240    
[04/19/26 17:36:43] WARNING  High grad norm: 10543.40 at epoch=20 step=4241    
                    WARNING  High grad norm: 11420.16 at epoch=20 step=4242    
                    WARNING  High grad norm: 14271.89 at epoch=20 step=4243    
[04/19/26 17:36:44] WARNING  High grad norm: 7326.60 at epoch=20 step=4244     
                    WARNING  High grad norm: 10989.34 at epoch=20 step=4245    
[04/19/26 17:36:46] WARNING  High grad norm: 8773.97 at epoch=20 step=4246     
                    WARNING  High grad norm: 9525.65 at epoch=20 step=4247     
                    WARNING  High grad norm: 15169.55 at epoch=20 step=4248    
                    WARNING  High grad norm: 14679.43 at epoch=20 step=4249    
[04/19/26 17:36:48] WARNING  High grad norm: 10985.47 at epoch=20 step=4250    
                    WARNING  High grad norm: 9813.37 at epoch=20 step=4251     
                    WARNING  High grad norm: 13330.61 at epoch=20 step=4252    
[04/19/26 17:36:49] WARNING  High grad norm: 6456.22 at epoch=20 step=4253     
                    WARNING  High grad norm: 11682.02 at epoch=20 step=4254    
[04/19/26 17:36:51] WARNING  High grad norm: 16270.70 at epoch=20 step=4255    
                    WARNING  High grad norm: 12485.44 at epoch=20 step=4256    
                    WARNING  High grad norm: 9704.40 at epoch=20 step=4257     
                    WARNING  High grad norm: 12844.51 at epoch=20 step=4258    
[04/19/26 17:36:53] WARNING  High grad norm: 5094.10 at epoch=20 step=4259     
                    WARNING  High grad norm: 13177.68 at epoch=20 step=4260    
                    WARNING  High grad norm: 20226.25 at epoch=20 step=4261    
[04/19/26 17:36:54] WARNING  High grad norm: 13222.58 at epoch=20 step=4262    
                    WARNING  High grad norm: 5851.84 at epoch=20 step=4263     
[04/19/26 17:36:56] WARNING  High grad norm: 17200.03 at epoch=20 step=4264    
                    WARNING  High grad norm: 4544.29 at epoch=20 step=4265     
                    WARNING  High grad norm: 15790.41 at epoch=20 step=4266    
                    WARNING  High grad norm: 13095.77 at epoch=20 step=4267    
[04/19/26 17:36:58] WARNING  High grad norm: 7110.16 at epoch=20 step=4268     
                    WARNING  High grad norm: 11546.13 at epoch=20 step=4269    
                    WARNING  High grad norm: 16278.24 at epoch=20 step=4270    
[04/19/26 17:36:59] WARNING  High grad norm: 10892.50 at epoch=20 step=4271    
                    WARNING  High grad norm: 5958.47 at epoch=20 step=4272     
[04/19/26 17:37:00] WARNING  High grad norm: 10695.58 at epoch=20 step=4273    
[04/19/26 17:37:01] WARNING  High grad norm: 3758.20 at epoch=20 step=4274     
                    WARNING  High grad norm: 10550.85 at epoch=20 step=4275    
                    WARNING  High grad norm: 12043.46 at epoch=20 step=4276    
                    WARNING  High grad norm: 3863.52 at epoch=20 step=4277     
[04/19/26 17:37:03] WARNING  High grad norm: 9783.91 at epoch=20 step=4278     
                    WARNING  High grad norm: 8145.14 at epoch=20 step=4279     
                    WARNING  High grad norm: 4672.32 at epoch=20 step=4280     
[04/19/26 17:37:04] WARNING  High grad norm: 1928.37 at epoch=20 step=4281     
[04/19/26 17:37:05] WARNING  High grad norm: 6278.05 at epoch=20 step=4282     
[04/19/26 17:37:06] WARNING  High grad norm: 7755.69 at epoch=20 step=4283     
                    WARNING  High grad norm: 6650.49 at epoch=20 step=4284     
                    WARNING  High grad norm: 4119.26 at epoch=20 step=4285     
                    WARNING  High grad norm: 4326.63 at epoch=20 step=4286     
[04/19/26 17:37:08] WARNING  High grad norm: 8442.89 at epoch=20 step=4287     
                    WARNING  High grad norm: 5815.88 at epoch=20 step=4288     
                    WARNING  High grad norm: 6730.71 at epoch=20 step=4289     
[04/19/26 17:37:09] WARNING  High grad norm: 7343.02 at epoch=20 step=4290     
[04/19/26 17:37:10] WARNING  High grad norm: 5285.93 at epoch=20 step=4291     
[04/19/26 17:37:11] WARNING  High grad norm: 5796.02 at epoch=20 step=4292     
                    WARNING  High grad norm: 5953.41 at epoch=20 step=4293     
                    WARNING  High grad norm: 2829.29 at epoch=20 step=4294     
                    WARNING  High grad norm: 7762.33 at epoch=20 step=4295     
[04/19/26 17:37:13] WARNING  High grad norm: 7030.18 at epoch=20 step=4296     
                    WARNING  High grad norm: 10370.05 at epoch=20 step=4297    
                    WARNING  High grad norm: 7466.64 at epoch=20 step=4298     
[04/19/26 17:37:14] WARNING  High grad norm: 4339.82 at epoch=20 step=4299     
                    INFO     epoch=20 step=4300 loss=539.0739                  
                             grad_norm=4339.8237 lr=1.35e-04                   
[04/19/26 17:37:15] WARNING  High grad norm: 5354.13 at epoch=20 step=4300     
                    WARNING  High grad norm: 5103.15 at epoch=20 step=4301     
[04/19/26 17:37:16] WARNING  High grad norm: 4841.68 at epoch=20 step=4302     
                    WARNING  High grad norm: 9108.71 at epoch=20 step=4303     
                    WARNING  High grad norm: 7261.01 at epoch=20 step=4304     
[04/19/26 17:37:18] WARNING  High grad norm: 2334.04 at epoch=20 step=4305     
                    WARNING  High grad norm: 4245.03 at epoch=20 step=4306     
                    WARNING  High grad norm: 3501.50 at epoch=20 step=4307     
                    WARNING  High grad norm: 4468.45 at epoch=20 step=4308     
[04/19/26 17:37:19] WARNING  High grad norm: 6904.69 at epoch=20 step=4309     
[04/19/26 17:37:20] WARNING  High grad norm: 9854.87 at epoch=20 step=4310     
[04/19/26 17:37:21] WARNING  High grad norm: 2686.54 at epoch=20 step=4311     
                    WARNING  High grad norm: 7955.89 at epoch=20 step=4312     
                    WARNING  High grad norm: 5031.88 at epoch=20 step=4313     
[04/19/26 17:37:23] WARNING  High grad norm: 15787.03 at epoch=20 step=4314    
                    WARNING  High grad norm: 9844.61 at epoch=20 step=4315     
                    WARNING  High grad norm: 5037.58 at epoch=20 step=4316     
                    WARNING  High grad norm: 3760.12 at epoch=20 step=4317     
[04/19/26 17:37:24] WARNING  High grad norm: 7262.63 at epoch=20 step=4318     
[04/19/26 17:37:25] WARNING  High grad norm: 4648.14 at epoch=20 step=4319     
                    WARNING  High grad norm: 8205.87 at epoch=20 step=4320     
[04/19/26 17:37:26] WARNING  High grad norm: 14781.53 at epoch=20 step=4321    
                    WARNING  High grad norm: 3409.62 at epoch=20 step=4322     
[04/19/26 17:37:28] WARNING  High grad norm: 20122.68 at epoch=20 step=4323    
                    WARNING  High grad norm: 15725.82 at epoch=20 step=4324    
                    WARNING  High grad norm: 5623.47 at epoch=20 step=4325     
                    WARNING  High grad norm: 12328.08 at epoch=20 step=4326    
                    WARNING  High grad norm: 13521.20 at epoch=20 step=4327    
[04/19/26 17:37:30] WARNING  High grad norm: 11881.26 at epoch=20 step=4328    
                    WARNING  High grad norm: 11796.48 at epoch=20 step=4329    
[04/19/26 17:37:31] WARNING  High grad norm: 11174.08 at epoch=20 step=4330    
                    WARNING  High grad norm: 4166.86 at epoch=20 step=4331     
[04/19/26 17:37:32] WARNING  High grad norm: 16265.65 at epoch=20 step=4332    
[04/19/26 17:37:33] WARNING  High grad norm: 13377.00 at epoch=20 step=4333    
                    WARNING  High grad norm: 13759.41 at epoch=20 step=4334    
                    WARNING  High grad norm: 7977.90 at epoch=20 step=4335     
                    WARNING  High grad norm: 17082.79 at epoch=20 step=4336    
[04/19/26 17:37:35] WARNING  High grad norm: 7344.64 at epoch=20 step=4337     
                    WARNING  High grad norm: 9035.77 at epoch=20 step=4338     
                    WARNING  High grad norm: 15448.49 at epoch=20 step=4339    
[04/19/26 17:37:36] WARNING  High grad norm: 6275.07 at epoch=20 step=4340     
                    WARNING  High grad norm: 8955.84 at epoch=20 step=4341     
[04/19/26 17:37:38] WARNING  High grad norm: 11975.33 at epoch=20 step=4342    
                    WARNING  High grad norm: 10541.12 at epoch=20 step=4343    
                    WARNING  High grad norm: 7382.63 at epoch=20 step=4344     
                    WARNING  High grad norm: 10669.39 at epoch=20 step=4345    
[04/19/26 17:37:40] WARNING  High grad norm: 3958.44 at epoch=20 step=4346     
                    WARNING  High grad norm: 13849.02 at epoch=20 step=4347    
                    WARNING  High grad norm: 18961.62 at epoch=20 step=4348    
[04/19/26 17:37:41] WARNING  High grad norm: 7362.13 at epoch=20 step=4349     
                    WARNING  High grad norm: 9204.19 at epoch=20 step=4350     
[04/19/26 17:37:42] WARNING  High grad norm: 12892.18 at epoch=20 step=4351    
[04/19/26 17:37:43] WARNING  High grad norm: 10474.94 at epoch=20 step=4352    
                    WARNING  High grad norm: 9878.38 at epoch=20 step=4353     
                    WARNING  High grad norm: 19660.89 at epoch=20 step=4354    
[04/19/26 17:37:45] WARNING  High grad norm: 10987.14 at epoch=20 step=4355    
                    WARNING  High grad norm: 11138.89 at epoch=20 step=4356    
                    WARNING  High grad norm: 18043.80 at epoch=20 step=4357    
                    WARNING  High grad norm: 5063.60 at epoch=20 step=4358     
[04/19/26 17:37:46] WARNING  High grad norm: 8807.42 at epoch=20 step=4359     
[04/19/26 17:37:47] WARNING  High grad norm: 20597.25 at epoch=20 step=4360    
[04/19/26 17:37:48] WARNING  High grad norm: 4501.65 at epoch=20 step=4361     
                    WARNING  High grad norm: 10836.85 at epoch=20 step=4362    
                    WARNING  High grad norm: 13365.96 at epoch=20 step=4363    
                    WARNING  High grad norm: 10137.72 at epoch=20 step=4364    
[04/19/26 17:37:50] WARNING  High grad norm: 13544.81 at epoch=20 step=4365    
                    WARNING  High grad norm: 19809.22 at epoch=20 step=4366    
                    WARNING  High grad norm: 9146.79 at epoch=20 step=4367     
[04/19/26 17:37:51] WARNING  High grad norm: 10920.43 at epoch=20 step=4368    
[04/19/26 17:37:52] WARNING  High grad norm: 11621.89 at epoch=20 step=4369    
                    WARNING  High grad norm: 9793.13 at epoch=20 step=4370     
[04/19/26 17:37:53] WARNING  High grad norm: 13448.34 at epoch=20 step=4371    
                    WARNING  High grad norm: 10014.24 at epoch=20 step=4372    
                    WARNING  High grad norm: 5546.55 at epoch=20 step=4373     
[04/19/26 17:37:55] WARNING  High grad norm: 10992.17 at epoch=20 step=4374    
                    WARNING  High grad norm: 19332.47 at epoch=20 step=4375    
                    WARNING  High grad norm: 5725.74 at epoch=20 step=4376     
                    WARNING  High grad norm: 12184.27 at epoch=20 step=4377    
[04/19/26 17:37:57] WARNING  High grad norm: 14692.74 at epoch=20 step=4378    
                    WARNING  High grad norm: 10178.56 at epoch=20 step=4379    
[04/19/26 17:37:58] WARNING  High grad norm: 7666.81 at epoch=20 step=4380     
                    WARNING  High grad norm: 11686.81 at epoch=20 step=4381    
                    WARNING  High grad norm: 4375.62 at epoch=20 step=4382     
[04/19/26 17:38:00] WARNING  High grad norm: 17662.65 at epoch=20 step=4383    
                    WARNING  High grad norm: 20808.06 at epoch=20 step=4384    
                    WARNING  High grad norm: 12765.40 at epoch=20 step=4385    
                    WARNING  High grad norm: 4050.15 at epoch=20 step=4386     
[04/19/26 17:38:01] WARNING  High grad norm: 14080.75 at epoch=20 step=4387    
[04/19/26 17:38:02] WARNING  High grad norm: 5765.97 at epoch=20 step=4388     
                    WARNING  High grad norm: 12662.42 at epoch=20 step=4389    
[04/19/26 17:38:03] WARNING  High grad norm: 11478.67 at epoch=20 step=4390    
                    WARNING  High grad norm: 12390.97 at epoch=20 step=4391    
[04/19/26 17:38:05] WARNING  High grad norm: 10104.18 at epoch=20 step=4392    
                    WARNING  High grad norm: 15254.01 at epoch=20 step=4393    
                    WARNING  High grad norm: 4721.01 at epoch=20 step=4394     
                    WARNING  High grad norm: 9764.27 at epoch=20 step=4395     
                    WARNING  High grad norm: 10817.80 at epoch=20 step=4396    
[04/19/26 17:38:07] WARNING  High grad norm: 7352.28 at epoch=20 step=4397     
                    WARNING  High grad norm: 15639.28 at epoch=20 step=4398    
[04/19/26 17:38:08] WARNING  High grad norm: 17432.54 at epoch=20 step=4399    
                    INFO     epoch=20 step=4400 loss=535.3601                  
                             grad_norm=17432.5430 lr=1.33e-04                  
                    WARNING  High grad norm: 9301.12 at epoch=20 step=4400     
[04/19/26 17:38:09] WARNING  High grad norm: 4337.94 at epoch=20 step=4401     
[04/19/26 17:38:10] WARNING  High grad norm: 14799.29 at epoch=20 step=4402    
                    WARNING  High grad norm: 3889.83 at epoch=20 step=4403     
                    WARNING  High grad norm: 8024.25 at epoch=20 step=4404     
                    WARNING  High grad norm: 8039.26 at epoch=20 step=4405     
[04/19/26 17:38:12] WARNING  High grad norm: 6554.98 at epoch=20 step=4406     
                    WARNING  High grad norm: 2838.36 at epoch=20 step=4407     
                    WARNING  High grad norm: 4508.14 at epoch=20 step=4408     
[04/19/26 17:38:13] WARNING  High grad norm: 2283.55 at epoch=20 step=4409     
                    WARNING  High grad norm: 8052.12 at epoch=20 step=4410     
                    WARNING  High grad norm: 3398.66 at epoch=20 step=4411     
                    WARNING  High grad norm: 10859.50 at epoch=20 step=4412    
[04/19/26 17:38:14] WARNING  High grad norm: 6137.41 at epoch=20 step=4413     
                    WARNING  High grad norm: 7214.45 at epoch=20 step=4414     
                    WARNING  High grad norm: 6301.68 at epoch=20 step=4415     
                    WARNING  High grad norm: 3068.94 at epoch=20 step=4416     
                    WARNING  High grad norm: 2270.39 at epoch=20 step=4417     
[04/19/26 17:38:15] WARNING  High grad norm: 3120.56 at epoch=20 step=4418     
                    WARNING  High grad norm: 7924.96 at epoch=20 step=4419     
                    WARNING  High grad norm: 5504.90 at epoch=20 step=4420     
                    WARNING  High grad norm: 6647.38 at epoch=20 step=4421     
                    WARNING  High grad norm: 7798.77 at epoch=20 step=4422     
[04/19/26 17:38:16] WARNING  High grad norm: 6950.47 at epoch=20 step=4423     
                    WARNING  High grad norm: 4828.46 at epoch=20 step=4424     
                    WARNING  High grad norm: 7334.08 at epoch=20 step=4425     
                    WARNING  High grad norm: 9958.09 at epoch=20 step=4426     
[04/19/26 17:38:17] WARNING  High grad norm: 5031.98 at epoch=20 step=4427     
                    WARNING  High grad norm: 7159.76 at epoch=20 step=4428     
                    WARNING  High grad norm: 4952.92 at epoch=20 step=4429     
                    WARNING  High grad norm: 2965.97 at epoch=20 step=4430     
                    WARNING  High grad norm: 6603.95 at epoch=20 step=4431     
[04/19/26 17:38:18] WARNING  High grad norm: 2851.32 at epoch=20 step=4432     
                    WARNING  High grad norm: 8777.66 at epoch=20 step=4433     
                    WARNING  High grad norm: 11175.54 at epoch=20 step=4434    
                    WARNING  High grad norm: 5832.43 at epoch=20 step=4435     
[04/19/26 17:38:19] WARNING  High grad norm: 8907.11 at epoch=20 step=4436     
                    WARNING  High grad norm: 2339.96 at epoch=20 step=4437     
                    WARNING  High grad norm: 1794.61 at epoch=20 step=4438     
                    WARNING  High grad norm: 6511.64 at epoch=20 step=4439     
                    WARNING  High grad norm: 2440.14 at epoch=20 step=4440     
[04/19/26 17:38:20] WARNING  High grad norm: 11921.82 at epoch=20 step=4441    
                    WARNING  High grad norm: 8313.29 at epoch=20 step=4442     
                    WARNING  High grad norm: 4174.70 at epoch=20 step=4443     
                    WARNING  High grad norm: 4232.90 at epoch=20 step=4444     
[04/19/26 17:38:21] WARNING  High grad norm: 5453.80 at epoch=20 step=4445     
                    WARNING  High grad norm: 4114.39 at epoch=20 step=4446     
                    WARNING  High grad norm: 6590.13 at epoch=20 step=4447     
                    WARNING  High grad norm: 6937.17 at epoch=20 step=4448     
                    WARNING  High grad norm: 9707.87 at epoch=20 step=4449     
[04/19/26 17:38:22] WARNING  High grad norm: 6083.63 at epoch=20 step=4450     
                    WARNING  High grad norm: 5871.26 at epoch=20 step=4451     
                    WARNING  High grad norm: 6084.23 at epoch=20 step=4452     
                    WARNING  High grad norm: 3522.82 at epoch=20 step=4453     
[04/19/26 17:38:23] WARNING  High grad norm: 5903.18 at epoch=20 step=4454     
                    WARNING  High grad norm: 8122.66 at epoch=20 step=4455     
                    WARNING  High grad norm: 7348.03 at epoch=20 step=4456     
                    WARNING  High grad norm: 5843.77 at epoch=20 step=4457     
[04/19/26 17:38:24] WARNING  High grad norm: 6059.65 at epoch=20 step=4458     
                    WARNING  High grad norm: 8591.40 at epoch=20 step=4459     
                    INFO     epoch=20 avg_loss=537.2987 lr=1.31e-04            
[04/19/26 17:38:33] INFO     Saved checkpoint to                               
                             C:\Users\artun\Desktop\ITS-project\checkpoints\sco
                             re_fmnist_v2\score_epoch_0020.pt                  
[04/19/26 17:38:49] WARNING  High grad norm: 6636.38 at epoch=21 step=4460     
                    WARNING  High grad norm: 5951.05 at epoch=21 step=4461     
                    WARNING  High grad norm: 5523.11 at epoch=21 step=4462     
                    WARNING  High grad norm: 6599.51 at epoch=21 step=4463     
                    WARNING  High grad norm: 4762.57 at epoch=21 step=4464     
[04/19/26 17:38:50] WARNING  High grad norm: 12247.71 at epoch=21 step=4465    
                    WARNING  High grad norm: 10974.89 at epoch=21 step=4466    
                    WARNING  High grad norm: 2538.30 at epoch=21 step=4467     
                    WARNING  High grad norm: 3513.90 at epoch=21 step=4468     
[04/19/26 17:38:51] WARNING  High grad norm: 4000.68 at epoch=21 step=4469     
                    WARNING  High grad norm: 3607.02 at epoch=21 step=4470     
                    WARNING  High grad norm: 8832.89 at epoch=21 step=4471     
                    WARNING  High grad norm: 7023.37 at epoch=21 step=4472     
                    WARNING  High grad norm: 5544.88 at epoch=21 step=4473     
[04/19/26 17:38:52] WARNING  High grad norm: 8089.22 at epoch=21 step=4474     
                    WARNING  High grad norm: 3236.29 at epoch=21 step=4475     
                    WARNING  High grad norm: 2096.72 at epoch=21 step=4476     
                    WARNING  High grad norm: 3693.10 at epoch=21 step=4477     
[04/19/26 17:38:53] WARNING  High grad norm: 1744.69 at epoch=21 step=4478     
                    WARNING  High grad norm: 3577.09 at epoch=21 step=4479     
                    WARNING  High grad norm: 2374.22 at epoch=21 step=4480     
                    WARNING  High grad norm: 12687.32 at epoch=21 step=4481    
                    WARNING  High grad norm: 9712.89 at epoch=21 step=4482     
[04/19/26 17:38:54] WARNING  High grad norm: 3891.21 at epoch=21 step=4483     
                    WARNING  High grad norm: 4952.51 at epoch=21 step=4484     
                    WARNING  High grad norm: 3900.89 at epoch=21 step=4485     
                    WARNING  High grad norm: 3170.69 at epoch=21 step=4486     
[04/19/26 17:38:55] WARNING  High grad norm: 3751.33 at epoch=21 step=4487     
                    WARNING  High grad norm: 2059.61 at epoch=21 step=4488     
                    WARNING  High grad norm: 8858.15 at epoch=21 step=4489     
                    WARNING  High grad norm: 7320.90 at epoch=21 step=4490     
                    WARNING  High grad norm: 9944.98 at epoch=21 step=4491     
[04/19/26 17:38:56] WARNING  High grad norm: 12354.63 at epoch=21 step=4492    
                    WARNING  High grad norm: 5265.34 at epoch=21 step=4493     
                    WARNING  High grad norm: 11040.75 at epoch=21 step=4494    
                    WARNING  High grad norm: 10500.62 at epoch=21 step=4495    
[04/19/26 17:38:57] WARNING  High grad norm: 6942.75 at epoch=21 step=4496     
                    WARNING  High grad norm: 9364.00 at epoch=21 step=4497     
                    WARNING  High grad norm: 11023.70 at epoch=21 step=4498    
                    WARNING  High grad norm: 3449.72 at epoch=21 step=4499     
                    INFO     epoch=21 step=4500 loss=538.4238                  
                             grad_norm=3449.7239 lr=1.30e-04                   
                    WARNING  High grad norm: 6905.96 at epoch=21 step=4500     
[04/19/26 17:38:58] WARNING  High grad norm: 4250.10 at epoch=21 step=4501     
                    WARNING  High grad norm: 4413.08 at epoch=21 step=4502     
                    WARNING  High grad norm: 7384.95 at epoch=21 step=4503     
                    WARNING  High grad norm: 2841.92 at epoch=21 step=4504     
                    WARNING  High grad norm: 4030.42 at epoch=21 step=4505     
[04/19/26 17:38:59] WARNING  High grad norm: 1833.29 at epoch=21 step=4506     
                    WARNING  High grad norm: 2329.88 at epoch=21 step=4507     
                    WARNING  High grad norm: 1942.18 at epoch=21 step=4508     
                    WARNING  High grad norm: 3798.95 at epoch=21 step=4509     
[04/19/26 17:39:00] WARNING  High grad norm: 2873.94 at epoch=21 step=4510     
                    WARNING  High grad norm: 5477.06 at epoch=21 step=4511     
                    WARNING  High grad norm: 2570.96 at epoch=21 step=4512     
                    WARNING  High grad norm: 16500.55 at epoch=21 step=4513    
                    WARNING  High grad norm: 10061.47 at epoch=21 step=4514    
[04/19/26 17:39:01] WARNING  High grad norm: 4270.85 at epoch=21 step=4515     
                    WARNING  High grad norm: 13723.73 at epoch=21 step=4516    
                    WARNING  High grad norm: 14235.59 at epoch=21 step=4517    
                    WARNING  High grad norm: 8030.87 at epoch=21 step=4518     
[04/19/26 17:39:02] WARNING  High grad norm: 15196.45 at epoch=21 step=4519    
                    WARNING  High grad norm: 22751.28 at epoch=21 step=4520    
                    WARNING  High grad norm: 8014.16 at epoch=21 step=4521     
                    WARNING  High grad norm: 15506.79 at epoch=21 step=4522    
                    WARNING  High grad norm: 17069.53 at epoch=21 step=4523    
[04/19/26 17:39:03] WARNING  High grad norm: 10618.35 at epoch=21 step=4524    
                    WARNING  High grad norm: 13062.77 at epoch=21 step=4525    
                    WARNING  High grad norm: 22019.17 at epoch=21 step=4526    
                    WARNING  High grad norm: 9578.47 at epoch=21 step=4527     
[04/19/26 17:39:04] WARNING  High grad norm: 10159.59 at epoch=21 step=4528    
                    WARNING  High grad norm: 7007.20 at epoch=21 step=4529     
                    WARNING  High grad norm: 3221.90 at epoch=21 step=4530     
                    WARNING  High grad norm: 14033.38 at epoch=21 step=4531    
                    WARNING  High grad norm: 21170.46 at epoch=21 step=4532    
[04/19/26 17:39:05] WARNING  High grad norm: 10394.90 at epoch=21 step=4533    
                    WARNING  High grad norm: 12750.40 at epoch=21 step=4534    
                    WARNING  High grad norm: 15367.54 at epoch=21 step=4535    
                    WARNING  High grad norm: 11279.24 at epoch=21 step=4536    
[04/19/26 17:39:06] WARNING  High grad norm: 6757.18 at epoch=21 step=4537     
                    WARNING  High grad norm: 16669.04 at epoch=21 step=4538    
                    WARNING  High grad norm: 5932.28 at epoch=21 step=4539     
                    WARNING  High grad norm: 15770.12 at epoch=21 step=4540    
                    WARNING  High grad norm: 15425.73 at epoch=21 step=4541    
[04/19/26 17:39:07] WARNING  High grad norm: 8311.80 at epoch=21 step=4542     
                    WARNING  High grad norm: 9188.66 at epoch=21 step=4543     
                    WARNING  High grad norm: 12222.67 at epoch=21 step=4544    
                    WARNING  High grad norm: 5836.30 at epoch=21 step=4545     
[04/19/26 17:39:08] WARNING  High grad norm: 9905.00 at epoch=21 step=4546     
                    WARNING  High grad norm: 21357.94 at epoch=21 step=4547    
                    WARNING  High grad norm: 8578.14 at epoch=21 step=4548     
                    WARNING  High grad norm: 11033.58 at epoch=21 step=4549    
                    WARNING  High grad norm: 12426.27 at epoch=21 step=4550    
[04/19/26 17:39:09] WARNING  High grad norm: 9822.30 at epoch=21 step=4551     
                    WARNING  High grad norm: 15384.85 at epoch=21 step=4552    
                    WARNING  High grad norm: 17432.79 at epoch=21 step=4553    
                    WARNING  High grad norm: 5797.28 at epoch=21 step=4554     
                    WARNING  High grad norm: 10996.17 at epoch=21 step=4555    
[04/19/26 17:39:10] WARNING  High grad norm: 14178.96 at epoch=21 step=4556    
                    WARNING  High grad norm: 8836.59 at epoch=21 step=4557     
                    WARNING  High grad norm: 10041.83 at epoch=21 step=4558    
                    WARNING  High grad norm: 16299.51 at epoch=21 step=4559    
[04/19/26 17:39:11] WARNING  High grad norm: 8129.67 at epoch=21 step=4560     
                    WARNING  High grad norm: 9937.90 at epoch=21 step=4561     
                    WARNING  High grad norm: 12404.75 at epoch=21 step=4562    
                    WARNING  High grad norm: 8416.74 at epoch=21 step=4563     
                    WARNING  High grad norm: 9602.96 at epoch=21 step=4564     
[04/19/26 17:39:12] WARNING  High grad norm: 16436.49 at epoch=21 step=4565    
                    WARNING  High grad norm: 10469.20 at epoch=21 step=4566    
                    WARNING  High grad norm: 9094.77 at epoch=21 step=4567     
                    WARNING  High grad norm: 11793.97 at epoch=21 step=4568    
[04/19/26 17:39:13] WARNING  High grad norm: 7522.88 at epoch=21 step=4569     
                    WARNING  High grad norm: 9647.52 at epoch=21 step=4570     
                    WARNING  High grad norm: 15782.38 at epoch=21 step=4571    
                    WARNING  High grad norm: 6167.30 at epoch=21 step=4572     
                    WARNING  High grad norm: 10170.04 at epoch=21 step=4573    
[04/19/26 17:39:14] WARNING  High grad norm: 11633.92 at epoch=21 step=4574    
                    WARNING  High grad norm: 6353.80 at epoch=21 step=4575     
                    WARNING  High grad norm: 11167.21 at epoch=21 step=4576    
                    WARNING  High grad norm: 18127.09 at epoch=21 step=4577    
[04/19/26 17:39:15] WARNING  High grad norm: 8367.13 at epoch=21 step=4578     
                    WARNING  High grad norm: 11766.50 at epoch=21 step=4579    
                    WARNING  High grad norm: 13994.95 at epoch=21 step=4580    
                    WARNING  High grad norm: 9817.98 at epoch=21 step=4581     
                    WARNING  High grad norm: 12265.84 at epoch=21 step=4582    
[04/19/26 17:39:16] WARNING  High grad norm: 19032.94 at epoch=21 step=4583    
                    WARNING  High grad norm: 5774.87 at epoch=21 step=4584     
                    WARNING  High grad norm: 7791.63 at epoch=21 step=4585     
                    WARNING  High grad norm: 11934.57 at epoch=21 step=4586    
[04/19/26 17:39:17] WARNING  High grad norm: 7732.57 at epoch=21 step=4587     
                    WARNING  High grad norm: 7282.89 at epoch=21 step=4588     
                    WARNING  High grad norm: 16851.47 at epoch=21 step=4589    
                    WARNING  High grad norm: 8568.31 at epoch=21 step=4590     
                    WARNING  High grad norm: 8918.60 at epoch=21 step=4591     
[04/19/26 17:39:18] WARNING  High grad norm: 11683.62 at epoch=21 step=4592    
                    WARNING  High grad norm: 5612.04 at epoch=21 step=4593     
                    WARNING  High grad norm: 12929.77 at epoch=21 step=4594    
                    WARNING  High grad norm: 11857.83 at epoch=21 step=4595    
[04/19/26 17:39:19] WARNING  High grad norm: 9228.15 at epoch=21 step=4596     
                    WARNING  High grad norm: 12114.18 at epoch=21 step=4597    
                    WARNING  High grad norm: 15488.91 at epoch=21 step=4598    
                    WARNING  High grad norm: 11130.72 at epoch=21 step=4599    
                    INFO     epoch=21 step=4600 loss=539.3395                  
                             grad_norm=11130.7207 lr=1.27e-04                  
                    WARNING  High grad norm: 7831.34 at epoch=21 step=4600     
[04/19/26 17:39:20] WARNING  High grad norm: 12172.99 at epoch=21 step=4601    
                    WARNING  High grad norm: 9401.69 at epoch=21 step=4602     
                    WARNING  High grad norm: 8121.50 at epoch=21 step=4603     
                    WARNING  High grad norm: 11767.04 at epoch=21 step=4604    
[04/19/26 17:39:21] WARNING  High grad norm: 5189.06 at epoch=21 step=4605     
                    WARNING  High grad norm: 10132.30 at epoch=21 step=4606    
                    WARNING  High grad norm: 9906.22 at epoch=21 step=4607     
                    WARNING  High grad norm: 3722.77 at epoch=21 step=4608     
                    WARNING  High grad norm: 7758.23 at epoch=21 step=4609     
[04/19/26 17:39:22] WARNING  High grad norm: 10055.93 at epoch=21 step=4610    
                    WARNING  High grad norm: 6060.11 at epoch=21 step=4611     
                    WARNING  High grad norm: 8474.74 at epoch=21 step=4612     
                    WARNING  High grad norm: 7169.57 at epoch=21 step=4613     
[04/19/26 17:39:23] WARNING  High grad norm: 6676.65 at epoch=21 step=4614     
                    WARNING  High grad norm: 3880.23 at epoch=21 step=4615     
                    WARNING  High grad norm: 6496.18 at epoch=21 step=4616     
                    WARNING  High grad norm: 8495.36 at epoch=21 step=4617     
                    WARNING  High grad norm: 3052.49 at epoch=21 step=4618     
[04/19/26 17:39:24] WARNING  High grad norm: 5201.95 at epoch=21 step=4619     
                    WARNING  High grad norm: 4852.28 at epoch=21 step=4620     
                    WARNING  High grad norm: 6375.90 at epoch=21 step=4621     
                    WARNING  High grad norm: 2989.09 at epoch=21 step=4622     
[04/19/26 17:39:25] WARNING  High grad norm: 4010.17 at epoch=21 step=4623     
                    WARNING  High grad norm: 7231.46 at epoch=21 step=4624     
                    WARNING  High grad norm: 6214.55 at epoch=21 step=4625     
                    WARNING  High grad norm: 7544.55 at epoch=21 step=4626     
                    WARNING  High grad norm: 9937.87 at epoch=21 step=4627     
[04/19/26 17:39:26] WARNING  High grad norm: 2479.41 at epoch=21 step=4628     
                    WARNING  High grad norm: 6574.32 at epoch=21 step=4629     
                    WARNING  High grad norm: 2888.26 at epoch=21 step=4630     
                    WARNING  High grad norm: 4173.49 at epoch=21 step=4631     
[04/19/26 17:39:27] WARNING  High grad norm: 3085.04 at epoch=21 step=4632     
                    WARNING  High grad norm: 3781.35 at epoch=21 step=4633     
                    WARNING  High grad norm: 2002.25 at epoch=21 step=4634     
                    WARNING  High grad norm: 15096.44 at epoch=21 step=4635    
                    WARNING  High grad norm: 12506.23 at epoch=21 step=4636    
[04/19/26 17:39:28] WARNING  High grad norm: 9351.19 at epoch=21 step=4637     
                    WARNING  High grad norm: 15430.97 at epoch=21 step=4638    
                    WARNING  High grad norm: 30456.27 at epoch=21 step=4639    
                    WARNING  High grad norm: 21960.81 at epoch=21 step=4640    
                    WARNING  High grad norm: 8440.93 at epoch=21 step=4641     
[04/19/26 17:39:29] WARNING  High grad norm: 18163.14 at epoch=21 step=4642    
                    WARNING  High grad norm: 15467.71 at epoch=21 step=4643    
                    WARNING  High grad norm: 22004.23 at epoch=21 step=4644    
                    WARNING  High grad norm: 6318.66 at epoch=21 step=4645     
[04/19/26 17:39:30] WARNING  High grad norm: 10878.95 at epoch=21 step=4646    
                    WARNING  High grad norm: 24423.45 at epoch=21 step=4647    
                    WARNING  High grad norm: 13199.94 at epoch=21 step=4648    
                    WARNING  High grad norm: 1932.10 at epoch=21 step=4649     
                    WARNING  High grad norm: 12948.16 at epoch=21 step=4650    
[04/19/26 17:39:31] WARNING  High grad norm: 10403.57 at epoch=21 step=4651    
                    WARNING  High grad norm: 5270.54 at epoch=21 step=4652     
                    WARNING  High grad norm: 4771.95 at epoch=21 step=4653     
                    WARNING  High grad norm: 3866.90 at epoch=21 step=4654     
[04/19/26 17:39:32] WARNING  High grad norm: 2915.24 at epoch=21 step=4655     
                    WARNING  High grad norm: 5271.44 at epoch=21 step=4656     
                    WARNING  High grad norm: 4734.81 at epoch=21 step=4657     
                    WARNING  High grad norm: 3166.82 at epoch=21 step=4658     
                    WARNING  High grad norm: 2727.17 at epoch=21 step=4659     
[04/19/26 17:39:33] WARNING  High grad norm: 3527.99 at epoch=21 step=4660     
                    WARNING  High grad norm: 1578.84 at epoch=21 step=4661     
                    WARNING  High grad norm: 4242.47 at epoch=21 step=4662     
                    WARNING  High grad norm: 6527.40 at epoch=21 step=4663     
[04/19/26 17:39:34] WARNING  High grad norm: 3258.93 at epoch=21 step=4664     
                    WARNING  High grad norm: 4921.74 at epoch=21 step=4665     
                    WARNING  High grad norm: 3703.77 at epoch=21 step=4666     
                    WARNING  High grad norm: 11950.25 at epoch=21 step=4667    
                    WARNING  High grad norm: 8468.92 at epoch=21 step=4668     
[04/19/26 17:39:35] WARNING  High grad norm: 9324.25 at epoch=21 step=4669     
                    WARNING  High grad norm: 9267.38 at epoch=21 step=4670     
                    WARNING  High grad norm: 2427.99 at epoch=21 step=4671     
                    WARNING  High grad norm: 11517.91 at epoch=21 step=4672    
[04/19/26 17:39:36] WARNING  High grad norm: 15680.84 at epoch=21 step=4673    
                    WARNING  High grad norm: 5168.59 at epoch=21 step=4674     
                    WARNING  High grad norm: 23748.70 at epoch=21 step=4675    
                    WARNING  High grad norm: 21611.60 at epoch=21 step=4676    
                    WARNING  High grad norm: 23683.04 at epoch=21 step=4677    
[04/19/26 17:39:37] WARNING  High grad norm: 10762.85 at epoch=21 step=4678    
                    WARNING  High grad norm: 14425.38 at epoch=21 step=4679    
                    WARNING  High grad norm: 31518.39 at epoch=21 step=4680    
                    WARNING  High grad norm: 23726.60 at epoch=21 step=4681    
                    WARNING  High grad norm: 15914.58 at epoch=21 step=4682    
[04/19/26 17:39:38] INFO     epoch=21 avg_loss=539.9441 lr=1.25e-04            
[04/19/26 17:39:53] WARNING  High grad norm: 8760.39 at epoch=22 step=4683     
                    WARNING  High grad norm: 12721.78 at epoch=22 step=4684    
                    WARNING  High grad norm: 11507.82 at epoch=22 step=4685    
                    WARNING  High grad norm: 6022.79 at epoch=22 step=4686     
[04/19/26 17:39:54] WARNING  High grad norm: 10582.94 at epoch=22 step=4687    
                    WARNING  High grad norm: 1980.76 at epoch=22 step=4688     
                    WARNING  High grad norm: 3408.95 at epoch=22 step=4689     
                    WARNING  High grad norm: 4902.39 at epoch=22 step=4690     
                    WARNING  High grad norm: 5881.66 at epoch=22 step=4691     
[04/19/26 17:39:55] WARNING  High grad norm: 8055.63 at epoch=22 step=4692     
                    WARNING  High grad norm: 4113.92 at epoch=22 step=4693     
                    WARNING  High grad norm: 9903.92 at epoch=22 step=4694     
                    WARNING  High grad norm: 5837.04 at epoch=22 step=4695     
[04/19/26 17:39:56] WARNING  High grad norm: 6201.48 at epoch=22 step=4696     
                    WARNING  High grad norm: 6479.18 at epoch=22 step=4697     
                    WARNING  High grad norm: 3416.53 at epoch=22 step=4698     
                    WARNING  High grad norm: 3947.37 at epoch=22 step=4699     
                    INFO     epoch=22 step=4700 loss=569.1733                  
                             grad_norm=3947.3745 lr=1.25e-04                   
                    WARNING  High grad norm: 6887.87 at epoch=22 step=4700     
[04/19/26 17:39:57] WARNING  High grad norm: 2592.01 at epoch=22 step=4701     
                    WARNING  High grad norm: 11927.36 at epoch=22 step=4702    
                    WARNING  High grad norm: 12391.19 at epoch=22 step=4703    
                    WARNING  High grad norm: 3744.00 at epoch=22 step=4704     
[04/19/26 17:39:58] WARNING  High grad norm: 6965.56 at epoch=22 step=4705     
                    WARNING  High grad norm: 10835.84 at epoch=22 step=4706    
                    WARNING  High grad norm: 4189.48 at epoch=22 step=4707     
                    WARNING  High grad norm: 8358.55 at epoch=22 step=4708     
                    WARNING  High grad norm: 4645.76 at epoch=22 step=4709     
[04/19/26 17:39:59] WARNING  High grad norm: 11074.55 at epoch=22 step=4710    
                    WARNING  High grad norm: 6355.00 at epoch=22 step=4711     
                    WARNING  High grad norm: 2577.57 at epoch=22 step=4712     
                    WARNING  High grad norm: 2419.76 at epoch=22 step=4713     
[04/19/26 17:40:00] WARNING  High grad norm: 3621.44 at epoch=22 step=4714     
                    WARNING  High grad norm: 1613.26 at epoch=22 step=4715     
                    WARNING  High grad norm: 12286.81 at epoch=22 step=4716    
                    WARNING  High grad norm: 7827.81 at epoch=22 step=4717     
                    WARNING  High grad norm: 6624.39 at epoch=22 step=4718     
[04/19/26 17:40:01] WARNING  High grad norm: 11949.51 at epoch=22 step=4719    
                    WARNING  High grad norm: 3522.03 at epoch=22 step=4720     
                    WARNING  High grad norm: 14140.48 at epoch=22 step=4721    
                    WARNING  High grad norm: 11974.31 at epoch=22 step=4722    
[04/19/26 17:40:02] WARNING  High grad norm: 5966.63 at epoch=22 step=4723     
                    WARNING  High grad norm: 10235.51 at epoch=22 step=4724    
                    WARNING  High grad norm: 11081.90 at epoch=22 step=4725    
                    WARNING  High grad norm: 4716.39 at epoch=22 step=4726     
                    WARNING  High grad norm: 12713.94 at epoch=22 step=4727    
[04/19/26 17:40:03] WARNING  High grad norm: 18610.67 at epoch=22 step=4728    
                    WARNING  High grad norm: 18601.71 at epoch=22 step=4729    
                    WARNING  High grad norm: 2822.27 at epoch=22 step=4730     
                    WARNING  High grad norm: 13173.98 at epoch=22 step=4731    
                    WARNING  High grad norm: 8646.40 at epoch=22 step=4732     
[04/19/26 17:40:04] WARNING  High grad norm: 6339.24 at epoch=22 step=4733     
                    WARNING  High grad norm: 14904.91 at epoch=22 step=4734    
                    WARNING  High grad norm: 2303.82 at epoch=22 step=4735     
                    WARNING  High grad norm: 5603.89 at epoch=22 step=4736     
[04/19/26 17:40:05] WARNING  High grad norm: 3168.13 at epoch=22 step=4737     
                    WARNING  High grad norm: 5732.15 at epoch=22 step=4738     
                    WARNING  High grad norm: 5715.35 at epoch=22 step=4739     
                    WARNING  High grad norm: 4051.63 at epoch=22 step=4740     
                    WARNING  High grad norm: 7159.25 at epoch=22 step=4741     
[04/19/26 17:40:06] WARNING  High grad norm: 8103.90 at epoch=22 step=4742     
                    WARNING  High grad norm: 2780.40 at epoch=22 step=4743     
                    WARNING  High grad norm: 2620.14 at epoch=22 step=4744     
                    WARNING  High grad norm: 2331.65 at epoch=22 step=4745     
[04/19/26 17:40:07] WARNING  High grad norm: 2464.10 at epoch=22 step=4746     
                    WARNING  High grad norm: 2632.04 at epoch=22 step=4747     
                    WARNING  High grad norm: 5378.81 at epoch=22 step=4748     
                    WARNING  High grad norm: 3843.87 at epoch=22 step=4749     
                    WARNING  High grad norm: 6396.54 at epoch=22 step=4750     
[04/19/26 17:40:08] WARNING  High grad norm: 2706.71 at epoch=22 step=4751     
                    WARNING  High grad norm: 2060.49 at epoch=22 step=4752     
                    WARNING  High grad norm: 4441.27 at epoch=22 step=4753     
                    WARNING  High grad norm: 4116.88 at epoch=22 step=4754     
[04/19/26 17:40:09] WARNING  High grad norm: 2847.52 at epoch=22 step=4755     
                    WARNING  High grad norm: 11328.32 at epoch=22 step=4756    
                    WARNING  High grad norm: 8322.76 at epoch=22 step=4757     
                    WARNING  High grad norm: 3634.92 at epoch=22 step=4758     
                    WARNING  High grad norm: 13601.14 at epoch=22 step=4759    
[04/19/26 17:40:10] WARNING  High grad norm: 6795.96 at epoch=22 step=4760     
                    WARNING  High grad norm: 8072.21 at epoch=22 step=4761     
                    WARNING  High grad norm: 9035.97 at epoch=22 step=4762     
                    WARNING  High grad norm: 3649.47 at epoch=22 step=4763     
                    WARNING  High grad norm: 15550.54 at epoch=22 step=4764    
[04/19/26 17:40:11] WARNING  High grad norm: 17463.51 at epoch=22 step=4765    
                    WARNING  High grad norm: 4592.62 at epoch=22 step=4766     
                    WARNING  High grad norm: 12698.81 at epoch=22 step=4767    
                    WARNING  High grad norm: 26248.83 at epoch=22 step=4768    
[04/19/26 17:40:12] WARNING  High grad norm: 11485.65 at epoch=22 step=4769    
                    WARNING  High grad norm: 4766.91 at epoch=22 step=4770     
                    WARNING  High grad norm: 10510.61 at epoch=22 step=4771    
                    WARNING  High grad norm: 5378.95 at epoch=22 step=4772     
                    WARNING  High grad norm: 10803.78 at epoch=22 step=4773    
[04/19/26 17:40:13] WARNING  High grad norm: 11212.23 at epoch=22 step=4774    
                    WARNING  High grad norm: 7437.29 at epoch=22 step=4775     
                    WARNING  High grad norm: 10040.26 at epoch=22 step=4776    
                    WARNING  High grad norm: 17127.99 at epoch=22 step=4777    
[04/19/26 17:40:14] WARNING  High grad norm: 9344.15 at epoch=22 step=4778     
                    WARNING  High grad norm: 7042.03 at epoch=22 step=4779     
                    WARNING  High grad norm: 13037.77 at epoch=22 step=4780    
                    WARNING  High grad norm: 3962.67 at epoch=22 step=4781     
                    WARNING  High grad norm: 12569.81 at epoch=22 step=4782    
[04/19/26 17:40:15] WARNING  High grad norm: 19887.69 at epoch=22 step=4783    
                    WARNING  High grad norm: 8028.29 at epoch=22 step=4784     
                    WARNING  High grad norm: 12649.43 at epoch=22 step=4785    
                    WARNING  High grad norm: 17020.02 at epoch=22 step=4786    
[04/19/26 17:40:16] WARNING  High grad norm: 8198.58 at epoch=22 step=4787     
                    WARNING  High grad norm: 10596.39 at epoch=22 step=4788    
                    WARNING  High grad norm: 11661.40 at epoch=22 step=4789    
                    WARNING  High grad norm: 9615.23 at epoch=22 step=4790     
                    WARNING  High grad norm: 8705.00 at epoch=22 step=4791     
[04/19/26 17:40:17] WARNING  High grad norm: 16194.07 at epoch=22 step=4792    
                    WARNING  High grad norm: 5600.41 at epoch=22 step=4793     
                    WARNING  High grad norm: 8571.74 at epoch=22 step=4794     
                    WARNING  High grad norm: 11269.92 at epoch=22 step=4795    
[04/19/26 17:40:18] WARNING  High grad norm: 7569.11 at epoch=22 step=4796     
                    WARNING  High grad norm: 12469.96 at epoch=22 step=4797    
                    WARNING  High grad norm: 12930.02 at epoch=22 step=4798    
                    WARNING  High grad norm: 8913.09 at epoch=22 step=4799     
                    INFO     epoch=22 step=4800 loss=541.7211                  
                             grad_norm=8913.0908 lr=1.22e-04                   
                    WARNING  High grad norm: 7761.03 at epoch=22 step=4800     
[04/19/26 17:40:19] WARNING  High grad norm: 13668.16 at epoch=22 step=4801    
                    WARNING  High grad norm: 4529.18 at epoch=22 step=4802     
                    WARNING  High grad norm: 15139.82 at epoch=22 step=4803    
                    WARNING  High grad norm: 18859.61 at epoch=22 step=4804    
                    WARNING  High grad norm: 10205.50 at epoch=22 step=4805    
[04/19/26 17:40:20] WARNING  High grad norm: 10198.04 at epoch=22 step=4806    
                    WARNING  High grad norm: 18070.73 at epoch=22 step=4807    
                    WARNING  High grad norm: 5644.42 at epoch=22 step=4808     
                    WARNING  High grad norm: 9180.70 at epoch=22 step=4809     
[04/19/26 17:40:21] WARNING  High grad norm: 12042.49 at epoch=22 step=4810    
                    WARNING  High grad norm: 9672.15 at epoch=22 step=4811     
                    WARNING  High grad norm: 6916.48 at epoch=22 step=4812     
                    WARNING  High grad norm: 17029.46 at epoch=22 step=4813    
                    WARNING  High grad norm: 4614.38 at epoch=22 step=4814     
[04/19/26 17:40:22] WARNING  High grad norm: 10474.93 at epoch=22 step=4815    
                    WARNING  High grad norm: 18887.79 at epoch=22 step=4816    
                    WARNING  High grad norm: 7914.46 at epoch=22 step=4817     
                    WARNING  High grad norm: 10233.67 at epoch=22 step=4818    
[04/19/26 17:40:23] WARNING  High grad norm: 16061.69 at epoch=22 step=4819    
                    WARNING  High grad norm: 3462.28 at epoch=22 step=4820     
                    WARNING  High grad norm: 10198.11 at epoch=22 step=4821    
                    WARNING  High grad norm: 11138.34 at epoch=22 step=4822    
                    WARNING  High grad norm: 7118.46 at epoch=22 step=4823     
[04/19/26 17:40:24] WARNING  High grad norm: 10284.29 at epoch=22 step=4824    
                    WARNING  High grad norm: 15016.69 at epoch=22 step=4825    
                    WARNING  High grad norm: 5938.63 at epoch=22 step=4826     
                    WARNING  High grad norm: 9807.02 at epoch=22 step=4827     
[04/19/26 17:40:25] WARNING  High grad norm: 9733.89 at epoch=22 step=4828     
                    WARNING  High grad norm: 6039.11 at epoch=22 step=4829     
                    WARNING  High grad norm: 11758.03 at epoch=22 step=4830    
                    WARNING  High grad norm: 15559.38 at epoch=22 step=4831    
                    WARNING  High grad norm: 6099.77 at epoch=22 step=4832     
[04/19/26 17:40:26] WARNING  High grad norm: 10736.39 at epoch=22 step=4833    
                    WARNING  High grad norm: 14450.41 at epoch=22 step=4834    
                    WARNING  High grad norm: 7955.99 at epoch=22 step=4835     
                    WARNING  High grad norm: 8686.08 at epoch=22 step=4836     
[04/19/26 17:40:27] WARNING  High grad norm: 10341.83 at epoch=22 step=4837    
                    WARNING  High grad norm: 6161.12 at epoch=22 step=4838     
                    WARNING  High grad norm: 14934.81 at epoch=22 step=4839    
                    WARNING  High grad norm: 13638.48 at epoch=22 step=4840    
                    WARNING  High grad norm: 6994.69 at epoch=22 step=4841     
[04/19/26 17:40:28] WARNING  High grad norm: 11345.23 at epoch=22 step=4842    
                    WARNING  High grad norm: 15328.02 at epoch=22 step=4843    
                    WARNING  High grad norm: 6735.05 at epoch=22 step=4844     
                    WARNING  High grad norm: 11629.10 at epoch=22 step=4845    
[04/19/26 17:40:29] WARNING  High grad norm: 13506.92 at epoch=22 step=4846    
                    WARNING  High grad norm: 5375.48 at epoch=22 step=4847     
                    WARNING  High grad norm: 9433.46 at epoch=22 step=4848     
                    WARNING  High grad norm: 16413.82 at epoch=22 step=4849    
                    WARNING  High grad norm: 6489.45 at epoch=22 step=4850     
[04/19/26 17:40:30] WARNING  High grad norm: 13062.02 at epoch=22 step=4851    
                    WARNING  High grad norm: 17408.75 at epoch=22 step=4852    
                    WARNING  High grad norm: 6571.35 at epoch=22 step=4853     
                    WARNING  High grad norm: 9832.72 at epoch=22 step=4854     
[04/19/26 17:40:31] WARNING  High grad norm: 10867.48 at epoch=22 step=4855    
                    WARNING  High grad norm: 7426.51 at epoch=22 step=4856     
                    WARNING  High grad norm: 7205.10 at epoch=22 step=4857     
                    WARNING  High grad norm: 10661.68 at epoch=22 step=4858    
                    WARNING  High grad norm: 4886.24 at epoch=22 step=4859     
[04/19/26 17:40:32] WARNING  High grad norm: 8906.38 at epoch=22 step=4860     
                    WARNING  High grad norm: 11670.18 at epoch=22 step=4861    
                    WARNING  High grad norm: 7673.60 at epoch=22 step=4862     
                    WARNING  High grad norm: 9677.53 at epoch=22 step=4863     
[04/19/26 17:40:33] WARNING  High grad norm: 13742.00 at epoch=22 step=4864    
                    WARNING  High grad norm: 7100.31 at epoch=22 step=4865     
                    WARNING  High grad norm: 10276.29 at epoch=22 step=4866    
                    WARNING  High grad norm: 15468.32 at epoch=22 step=4867    
                    WARNING  High grad norm: 8253.51 at epoch=22 step=4868     
[04/19/26 17:40:34] WARNING  High grad norm: 9037.32 at epoch=22 step=4869     
                    WARNING  High grad norm: 12005.21 at epoch=22 step=4870    
                    WARNING  High grad norm: 6004.44 at epoch=22 step=4871     
                    WARNING  High grad norm: 4491.05 at epoch=22 step=4872     
                    WARNING  High grad norm: 13638.66 at epoch=22 step=4873    
[04/19/26 17:40:35] WARNING  High grad norm: 6339.59 at epoch=22 step=4874     
                    WARNING  High grad norm: 10783.45 at epoch=22 step=4875    
                    WARNING  High grad norm: 13299.02 at epoch=22 step=4876    
                    WARNING  High grad norm: 7701.48 at epoch=22 step=4877     
[04/19/26 17:40:36] WARNING  High grad norm: 9864.04 at epoch=22 step=4878     
                    WARNING  High grad norm: 11297.86 at epoch=22 step=4879    
                    WARNING  High grad norm: 4819.30 at epoch=22 step=4880     
                    WARNING  High grad norm: 7652.53 at epoch=22 step=4881     
                    WARNING  High grad norm: 14803.35 at epoch=22 step=4882    
[04/19/26 17:40:37] WARNING  High grad norm: 5420.76 at epoch=22 step=4883     
                    WARNING  High grad norm: 7956.41 at epoch=22 step=4884     
                    WARNING  High grad norm: 13565.10 at epoch=22 step=4885    
                    WARNING  High grad norm: 3375.87 at epoch=22 step=4886     
[04/19/26 17:40:38] WARNING  High grad norm: 9339.05 at epoch=22 step=4887     
                    WARNING  High grad norm: 14718.11 at epoch=22 step=4888    
                    WARNING  High grad norm: 4284.17 at epoch=22 step=4889     
                    WARNING  High grad norm: 14511.35 at epoch=22 step=4890    
                    WARNING  High grad norm: 13682.02 at epoch=22 step=4891    
[04/19/26 17:40:39] WARNING  High grad norm: 7847.02 at epoch=22 step=4892     
                    WARNING  High grad norm: 8018.45 at epoch=22 step=4893     
                    WARNING  High grad norm: 13650.47 at epoch=22 step=4894    
                    WARNING  High grad norm: 11426.88 at epoch=22 step=4895    
[04/19/26 17:40:40] WARNING  High grad norm: 7724.79 at epoch=22 step=4896     
                    WARNING  High grad norm: 10298.81 at epoch=22 step=4897    
                    WARNING  High grad norm: 4882.98 at epoch=22 step=4898     
                    WARNING  High grad norm: 10905.17 at epoch=22 step=4899    
                    INFO     epoch=22 step=4900 loss=536.8022                  
                             grad_norm=10905.1660 lr=1.19e-04                  
                    WARNING  High grad norm: 9747.22 at epoch=22 step=4900     
[04/19/26 17:40:41] WARNING  High grad norm: 4896.81 at epoch=22 step=4901     
                    WARNING  High grad norm: 9622.03 at epoch=22 step=4902     
                    WARNING  High grad norm: 10292.49 at epoch=22 step=4903    
                    WARNING  High grad norm: 5005.83 at epoch=22 step=4904     
                    WARNING  High grad norm: 12005.37 at epoch=22 step=4905    
[04/19/26 17:40:42] INFO     epoch=22 avg_loss=535.6940 lr=1.19e-04            
[04/19/26 17:40:56] WARNING  High grad norm: 12982.33 at epoch=23 step=4906    
                    WARNING  High grad norm: 11088.49 at epoch=23 step=4907    
[04/19/26 17:40:57] WARNING  High grad norm: 7210.26 at epoch=23 step=4908     
                    WARNING  High grad norm: 10804.94 at epoch=23 step=4909    
                    WARNING  High grad norm: 6968.78 at epoch=23 step=4910     
                    WARNING  High grad norm: 5389.01 at epoch=23 step=4911     
[04/19/26 17:40:58] WARNING  High grad norm: 11046.91 at epoch=23 step=4912    
                    WARNING  High grad norm: 2174.53 at epoch=23 step=4913     
                    WARNING  High grad norm: 10242.83 at epoch=23 step=4914    
                    WARNING  High grad norm: 11822.49 at epoch=23 step=4915    
                    WARNING  High grad norm: 4511.88 at epoch=23 step=4916     
[04/19/26 17:40:59] WARNING  High grad norm: 9227.54 at epoch=23 step=4917     
                    WARNING  High grad norm: 13330.87 at epoch=23 step=4918    
                    WARNING  High grad norm: 7079.80 at epoch=23 step=4919     
                    WARNING  High grad norm: 11693.83 at epoch=23 step=4920    
[04/19/26 17:41:00] WARNING  High grad norm: 17745.78 at epoch=23 step=4921    
                    WARNING  High grad norm: 7752.71 at epoch=23 step=4922     
                    WARNING  High grad norm: 6145.67 at epoch=23 step=4923     
                    WARNING  High grad norm: 7999.03 at epoch=23 step=4924     
                    WARNING  High grad norm: 5008.15 at epoch=23 step=4925     
[04/19/26 17:41:01] WARNING  High grad norm: 13995.93 at epoch=23 step=4926    
                    WARNING  High grad norm: 16054.43 at epoch=23 step=4927    
                    WARNING  High grad norm: 6829.62 at epoch=23 step=4928     
                    WARNING  High grad norm: 8324.20 at epoch=23 step=4929     
                    WARNING  High grad norm: 15800.10 at epoch=23 step=4930    
[04/19/26 17:41:02] WARNING  High grad norm: 7448.34 at epoch=23 step=4931     
                    WARNING  High grad norm: 4092.94 at epoch=23 step=4932     
                    WARNING  High grad norm: 13246.33 at epoch=23 step=4933    
                    WARNING  High grad norm: 3052.29 at epoch=23 step=4934     
[04/19/26 17:41:03] WARNING  High grad norm: 10363.45 at epoch=23 step=4935    
                    WARNING  High grad norm: 12939.33 at epoch=23 step=4936    
                    WARNING  High grad norm: 5209.16 at epoch=23 step=4937     
                    WARNING  High grad norm: 8775.56 at epoch=23 step=4938     
                    WARNING  High grad norm: 13660.27 at epoch=23 step=4939    
[04/19/26 17:41:04] WARNING  High grad norm: 6343.54 at epoch=23 step=4940     
                    WARNING  High grad norm: 5685.17 at epoch=23 step=4941     
                    WARNING  High grad norm: 11712.11 at epoch=23 step=4942    
                    WARNING  High grad norm: 6550.93 at epoch=23 step=4943     
[04/19/26 17:41:05] WARNING  High grad norm: 12227.97 at epoch=23 step=4944    
                    WARNING  High grad norm: 12538.54 at epoch=23 step=4945    
                    WARNING  High grad norm: 8343.32 at epoch=23 step=4946     
                    WARNING  High grad norm: 10024.75 at epoch=23 step=4947    
                    WARNING  High grad norm: 12026.90 at epoch=23 step=4948    
[04/19/26 17:41:06] WARNING  High grad norm: 4670.79 at epoch=23 step=4949     
                    WARNING  High grad norm: 10332.31 at epoch=23 step=4950    
                    WARNING  High grad norm: 14781.97 at epoch=23 step=4951    
                    WARNING  High grad norm: 11611.98 at epoch=23 step=4952    
[04/19/26 17:41:07] WARNING  High grad norm: 5910.33 at epoch=23 step=4953     
                    WARNING  High grad norm: 11302.22 at epoch=23 step=4954    
                    WARNING  High grad norm: 6223.27 at epoch=23 step=4955     
                    WARNING  High grad norm: 7961.19 at epoch=23 step=4956     
                    WARNING  High grad norm: 12534.43 at epoch=23 step=4957    
[04/19/26 17:41:08] WARNING  High grad norm: 6089.74 at epoch=23 step=4958     
                    WARNING  High grad norm: 11454.45 at epoch=23 step=4959    
                    WARNING  High grad norm: 17794.22 at epoch=23 step=4960    
                    WARNING  High grad norm: 8948.85 at epoch=23 step=4961     
                    WARNING  High grad norm: 7430.45 at epoch=23 step=4962     
[04/19/26 17:41:09] WARNING  High grad norm: 16230.64 at epoch=23 step=4963    
                    WARNING  High grad norm: 5844.75 at epoch=23 step=4964     
                    WARNING  High grad norm: 12380.35 at epoch=23 step=4965    
                    WARNING  High grad norm: 10756.17 at epoch=23 step=4966    
[04/19/26 17:41:10] WARNING  High grad norm: 7479.35 at epoch=23 step=4967     
                    WARNING  High grad norm: 9536.92 at epoch=23 step=4968     
                    WARNING  High grad norm: 13027.55 at epoch=23 step=4969    
                    WARNING  High grad norm: 5820.69 at epoch=23 step=4970     
                    WARNING  High grad norm: 10646.21 at epoch=23 step=4971    
[04/19/26 17:41:11] WARNING  High grad norm: 7739.57 at epoch=23 step=4972     
                    WARNING  High grad norm: 4067.46 at epoch=23 step=4973     
                    WARNING  High grad norm: 10729.78 at epoch=23 step=4974    
                    WARNING  High grad norm: 11288.59 at epoch=23 step=4975    
[04/19/26 17:41:12] WARNING  High grad norm: 5624.13 at epoch=23 step=4976     
                    WARNING  High grad norm: 11780.65 at epoch=23 step=4977    
                    WARNING  High grad norm: 11132.74 at epoch=23 step=4978    
                    WARNING  High grad norm: 5499.74 at epoch=23 step=4979     
                    WARNING  High grad norm: 9855.83 at epoch=23 step=4980     
[04/19/26 17:41:13] WARNING  High grad norm: 13845.52 at epoch=23 step=4981    
                    WARNING  High grad norm: 5895.22 at epoch=23 step=4982     
                    WARNING  High grad norm: 9417.20 at epoch=23 step=4983     
                    WARNING  High grad norm: 12687.81 at epoch=23 step=4984    
[04/19/26 17:41:14] WARNING  High grad norm: 5231.55 at epoch=23 step=4985     
                    WARNING  High grad norm: 10845.18 at epoch=23 step=4986    
                    WARNING  High grad norm: 13799.47 at epoch=23 step=4987    
                    WARNING  High grad norm: 8263.28 at epoch=23 step=4988     
                    WARNING  High grad norm: 6773.16 at epoch=23 step=4989     
[04/19/26 17:41:15] WARNING  High grad norm: 15308.82 at epoch=23 step=4990    
                    WARNING  High grad norm: 9427.31 at epoch=23 step=4991     
                    WARNING  High grad norm: 7123.25 at epoch=23 step=4992     
                    WARNING  High grad norm: 9603.04 at epoch=23 step=4993     
[04/19/26 17:41:16] WARNING  High grad norm: 3816.85 at epoch=23 step=4994     
                    WARNING  High grad norm: 11291.92 at epoch=23 step=4995    
                    WARNING  High grad norm: 15439.24 at epoch=23 step=4996    
                    WARNING  High grad norm: 5990.44 at epoch=23 step=4997     
                    WARNING  High grad norm: 8320.99 at epoch=23 step=4998     
[04/19/26 17:41:17] WARNING  High grad norm: 13550.68 at epoch=23 step=4999    
                    INFO     epoch=23 step=5000 loss=525.8898                  
                             grad_norm=13550.6768 lr=1.17e-04                  
                    WARNING  High grad norm: 5440.25 at epoch=23 step=5000     
                    WARNING  High grad norm: 11053.38 at epoch=23 step=5001    
                    WARNING  High grad norm: 13469.95 at epoch=23 step=5002    
[04/19/26 17:41:18] WARNING  High grad norm: 8008.88 at epoch=23 step=5003     
                    WARNING  High grad norm: 8537.94 at epoch=23 step=5004     
                    WARNING  High grad norm: 14515.62 at epoch=23 step=5005    
                    WARNING  High grad norm: 6433.29 at epoch=23 step=5006     
                    WARNING  High grad norm: 7921.93 at epoch=23 step=5007     
[04/19/26 17:41:19] WARNING  High grad norm: 9771.04 at epoch=23 step=5008     
                    WARNING  High grad norm: 4885.32 at epoch=23 step=5009     
                    WARNING  High grad norm: 11359.59 at epoch=23 step=5010    
                    WARNING  High grad norm: 15105.55 at epoch=23 step=5011    
                    WARNING  High grad norm: 5882.77 at epoch=23 step=5012     
[04/19/26 17:41:20] WARNING  High grad norm: 11820.55 at epoch=23 step=5013    
                    WARNING  High grad norm: 13424.66 at epoch=23 step=5014    
                    WARNING  High grad norm: 5226.24 at epoch=23 step=5015     
                    WARNING  High grad norm: 6574.41 at epoch=23 step=5016     
[04/19/26 17:41:21] WARNING  High grad norm: 11261.96 at epoch=23 step=5017    
                    WARNING  High grad norm: 6374.53 at epoch=23 step=5018     
                    WARNING  High grad norm: 8514.76 at epoch=23 step=5019     
                    WARNING  High grad norm: 12423.98 at epoch=23 step=5020    
                    WARNING  High grad norm: 5468.19 at epoch=23 step=5021     
[04/19/26 17:41:22] WARNING  High grad norm: 10537.95 at epoch=23 step=5022    
                    WARNING  High grad norm: 11904.65 at epoch=23 step=5023    
                    WARNING  High grad norm: 5655.96 at epoch=23 step=5024     
                    WARNING  High grad norm: 5242.39 at epoch=23 step=5025     
[04/19/26 17:41:23] WARNING  High grad norm: 11606.26 at epoch=23 step=5026    
                    WARNING  High grad norm: 7457.29 at epoch=23 step=5027     
                    WARNING  High grad norm: 8006.30 at epoch=23 step=5028     
                    WARNING  High grad norm: 9970.28 at epoch=23 step=5029     
                    WARNING  High grad norm: 5207.27 at epoch=23 step=5030     
[04/19/26 17:41:24] WARNING  High grad norm: 8700.62 at epoch=23 step=5031     
                    WARNING  High grad norm: 8008.40 at epoch=23 step=5032     
                    WARNING  High grad norm: 5296.74 at epoch=23 step=5033     
                    WARNING  High grad norm: 10733.82 at epoch=23 step=5034    
[04/19/26 17:41:25] WARNING  High grad norm: 11323.65 at epoch=23 step=5035    
                    WARNING  High grad norm: 5624.49 at epoch=23 step=5036     
                    WARNING  High grad norm: 9511.47 at epoch=23 step=5037     
                    WARNING  High grad norm: 7871.45 at epoch=23 step=5038     
                    WARNING  High grad norm: 4370.57 at epoch=23 step=5039     
[04/19/26 17:41:26] WARNING  High grad norm: 6014.05 at epoch=23 step=5040     
                    WARNING  High grad norm: 6902.17 at epoch=23 step=5041     
                    WARNING  High grad norm: 3447.71 at epoch=23 step=5042     
                    WARNING  High grad norm: 2222.57 at epoch=23 step=5043     
[04/19/26 17:41:27] WARNING  High grad norm: 5418.11 at epoch=23 step=5044     
                    WARNING  High grad norm: 3208.14 at epoch=23 step=5045     
                    WARNING  High grad norm: 2085.32 at epoch=23 step=5046     
                    WARNING  High grad norm: 4271.43 at epoch=23 step=5047     
                    WARNING  High grad norm: 3973.73 at epoch=23 step=5048     
[04/19/26 17:41:28] WARNING  High grad norm: 5042.06 at epoch=23 step=5049     
                    WARNING  High grad norm: 7640.71 at epoch=23 step=5050     
                    WARNING  High grad norm: 5353.81 at epoch=23 step=5051     
                    WARNING  High grad norm: 4611.99 at epoch=23 step=5052     
[04/19/26 17:41:29] WARNING  High grad norm: 1910.40 at epoch=23 step=5053     
                    WARNING  High grad norm: 4527.55 at epoch=23 step=5054     
                    WARNING  High grad norm: 3201.72 at epoch=23 step=5055     
                    WARNING  High grad norm: 3287.81 at epoch=23 step=5056     
                    WARNING  High grad norm: 4986.53 at epoch=23 step=5057     
[04/19/26 17:41:30] WARNING  High grad norm: 3685.30 at epoch=23 step=5058     
                    WARNING  High grad norm: 9732.92 at epoch=23 step=5059     
                    WARNING  High grad norm: 9416.40 at epoch=23 step=5060     
                    WARNING  High grad norm: 4330.61 at epoch=23 step=5061     
                    WARNING  High grad norm: 9450.75 at epoch=23 step=5062     
[04/19/26 17:41:31] WARNING  High grad norm: 7341.84 at epoch=23 step=5063     
                    WARNING  High grad norm: 4654.58 at epoch=23 step=5064     
                    WARNING  High grad norm: 7836.52 at epoch=23 step=5065     
                    WARNING  High grad norm: 4010.02 at epoch=23 step=5066     
[04/19/26 17:41:32] WARNING  High grad norm: 9669.42 at epoch=23 step=5067     
                    WARNING  High grad norm: 9055.67 at epoch=23 step=5068     
                    WARNING  High grad norm: 2942.58 at epoch=23 step=5069     
                    WARNING  High grad norm: 6109.27 at epoch=23 step=5070     
                    WARNING  High grad norm: 6022.80 at epoch=23 step=5071     
[04/19/26 17:41:33] WARNING  High grad norm: 7672.56 at epoch=23 step=5072     
                    WARNING  High grad norm: 3799.72 at epoch=23 step=5073     
                    WARNING  High grad norm: 3605.26 at epoch=23 step=5074     
                    WARNING  High grad norm: 4281.47 at epoch=23 step=5075     
[04/19/26 17:41:34] WARNING  High grad norm: 7204.50 at epoch=23 step=5076     
                    WARNING  High grad norm: 8405.17 at epoch=23 step=5077     
                    WARNING  High grad norm: 2361.21 at epoch=23 step=5078     
                    WARNING  High grad norm: 12138.90 at epoch=23 step=5079    
                    WARNING  High grad norm: 10289.03 at epoch=23 step=5080    
[04/19/26 17:41:35] WARNING  High grad norm: 4865.88 at epoch=23 step=5081     
                    WARNING  High grad norm: 12851.58 at epoch=23 step=5082    
                    WARNING  High grad norm: 12603.42 at epoch=23 step=5083    
                    WARNING  High grad norm: 7820.31 at epoch=23 step=5084     
[04/19/26 17:41:36] WARNING  High grad norm: 5186.34 at epoch=23 step=5085     
                    WARNING  High grad norm: 6752.83 at epoch=23 step=5086     
                    WARNING  High grad norm: 3929.48 at epoch=23 step=5087     
                    WARNING  High grad norm: 8992.62 at epoch=23 step=5088     
                    WARNING  High grad norm: 8895.44 at epoch=23 step=5089     
[04/19/26 17:41:37] WARNING  High grad norm: 3445.44 at epoch=23 step=5090     
                    WARNING  High grad norm: 6615.37 at epoch=23 step=5091     
                    WARNING  High grad norm: 3144.29 at epoch=23 step=5092     
                    WARNING  High grad norm: 1930.64 at epoch=23 step=5093     
[04/19/26 17:41:38] WARNING  High grad norm: 5538.50 at epoch=23 step=5094     
                    WARNING  High grad norm: 3490.55 at epoch=23 step=5095     
                    WARNING  High grad norm: 5368.24 at epoch=23 step=5096     
                    WARNING  High grad norm: 3756.50 at epoch=23 step=5097     
                    WARNING  High grad norm: 3743.62 at epoch=23 step=5098     
[04/19/26 17:41:39] WARNING  High grad norm: 4008.86 at epoch=23 step=5099     
                    INFO     epoch=23 step=5100 loss=531.5953                  
                             grad_norm=4008.8589 lr=1.14e-04                   
                    WARNING  High grad norm: 3242.52 at epoch=23 step=5100     
                    WARNING  High grad norm: 4906.74 at epoch=23 step=5101     
                    WARNING  High grad norm: 4747.33 at epoch=23 step=5102     
                    WARNING  High grad norm: 7035.63 at epoch=23 step=5103     
[04/19/26 17:41:40] WARNING  High grad norm: 4385.17 at epoch=23 step=5104     
                    WARNING  High grad norm: 7514.43 at epoch=23 step=5105     
                    WARNING  High grad norm: 7366.96 at epoch=23 step=5106     
                    WARNING  High grad norm: 3750.62 at epoch=23 step=5107     
[04/19/26 17:41:41] WARNING  High grad norm: 6595.12 at epoch=23 step=5108     
                    WARNING  High grad norm: 2092.66 at epoch=23 step=5109     
                    WARNING  High grad norm: 9688.19 at epoch=23 step=5110     
                    WARNING  High grad norm: 7339.47 at epoch=23 step=5111     
                    WARNING  High grad norm: 4970.54 at epoch=23 step=5112     
[04/19/26 17:41:42] WARNING  High grad norm: 6505.06 at epoch=23 step=5113     
                    WARNING  High grad norm: 5444.26 at epoch=23 step=5114     
                    WARNING  High grad norm: 2253.34 at epoch=23 step=5115     
                    WARNING  High grad norm: 4405.30 at epoch=23 step=5116     
[04/19/26 17:41:43] WARNING  High grad norm: 3165.02 at epoch=23 step=5117     
                    WARNING  High grad norm: 3239.12 at epoch=23 step=5118     
                    WARNING  High grad norm: 4088.33 at epoch=23 step=5119     
                    WARNING  High grad norm: 5282.42 at epoch=23 step=5120     
                    WARNING  High grad norm: 3738.15 at epoch=23 step=5121     
[04/19/26 17:41:44] WARNING  High grad norm: 3655.60 at epoch=23 step=5122     
                    WARNING  High grad norm: 4608.18 at epoch=23 step=5123     
                    WARNING  High grad norm: 6612.20 at epoch=23 step=5124     
                    WARNING  High grad norm: 7594.11 at epoch=23 step=5125     
[04/19/26 17:41:45] WARNING  High grad norm: 4328.96 at epoch=23 step=5126     
                    WARNING  High grad norm: 4913.17 at epoch=23 step=5127     
                    WARNING  High grad norm: 1738.83 at epoch=23 step=5128     
[04/19/26 17:41:46] INFO     epoch=23 avg_loss=529.2658 lr=1.13e-04            
[04/19/26 17:42:00] WARNING  High grad norm: 2331.52 at epoch=24 step=5129     
                    WARNING  High grad norm: 3055.97 at epoch=24 step=5130     
                    WARNING  High grad norm: 1418.97 at epoch=24 step=5131     
                    WARNING  High grad norm: 3221.58 at epoch=24 step=5132     
[04/19/26 17:42:01] WARNING  High grad norm: 5676.83 at epoch=24 step=5133     
                    WARNING  High grad norm: 2346.09 at epoch=24 step=5134     
                    WARNING  High grad norm: 4141.56 at epoch=24 step=5135     
                    WARNING  High grad norm: 4731.53 at epoch=24 step=5136     
[04/19/26 17:42:02] WARNING  High grad norm: 2347.26 at epoch=24 step=5137     
                    WARNING  High grad norm: 5739.57 at epoch=24 step=5138     
                    WARNING  High grad norm: 3657.09 at epoch=24 step=5139     
                    WARNING  High grad norm: 3865.83 at epoch=24 step=5140     
                    WARNING  High grad norm: 2687.06 at epoch=24 step=5141     
[04/19/26 17:42:03] WARNING  High grad norm: 3094.78 at epoch=24 step=5142     
                    WARNING  High grad norm: 5898.77 at epoch=24 step=5143     
                    WARNING  High grad norm: 5026.55 at epoch=24 step=5144     
                    WARNING  High grad norm: 2325.54 at epoch=24 step=5145     
                    WARNING  High grad norm: 5872.16 at epoch=24 step=5146     
[04/19/26 17:42:04] WARNING  High grad norm: 2534.97 at epoch=24 step=5147     
                    WARNING  High grad norm: 6530.17 at epoch=24 step=5148     
                    WARNING  High grad norm: 7158.82 at epoch=24 step=5149     
                    WARNING  High grad norm: 5268.26 at epoch=24 step=5150     
[04/19/26 17:42:05] WARNING  High grad norm: 6745.32 at epoch=24 step=5151     
                    WARNING  High grad norm: 3894.41 at epoch=24 step=5152     
                    WARNING  High grad norm: 8853.33 at epoch=24 step=5153     
                    WARNING  High grad norm: 6520.60 at epoch=24 step=5154     
                    WARNING  High grad norm: 4344.66 at epoch=24 step=5155     
[04/19/26 17:42:06] WARNING  High grad norm: 1686.24 at epoch=24 step=5156     
                    WARNING  High grad norm: 9893.51 at epoch=24 step=5157     
                    WARNING  High grad norm: 6769.65 at epoch=24 step=5158     
                    WARNING  High grad norm: 9132.47 at epoch=24 step=5159     
[04/19/26 17:42:07] WARNING  High grad norm: 11922.14 at epoch=24 step=5160    
                    WARNING  High grad norm: 6541.75 at epoch=24 step=5161     
                    WARNING  High grad norm: 4289.45 at epoch=24 step=5162     
                    WARNING  High grad norm: 7885.43 at epoch=24 step=5163     
                    WARNING  High grad norm: 2458.91 at epoch=24 step=5164     
[04/19/26 17:42:08] WARNING  High grad norm: 9485.65 at epoch=24 step=5165     
                    WARNING  High grad norm: 6351.51 at epoch=24 step=5166     
                    WARNING  High grad norm: 5025.29 at epoch=24 step=5167     
                    WARNING  High grad norm: 3542.03 at epoch=24 step=5168     
[04/19/26 17:42:09] WARNING  High grad norm: 7378.18 at epoch=24 step=5169     
                    WARNING  High grad norm: 7526.93 at epoch=24 step=5170     
                    WARNING  High grad norm: 3211.13 at epoch=24 step=5171     
                    WARNING  High grad norm: 5691.47 at epoch=24 step=5172     
                    WARNING  High grad norm: 1489.14 at epoch=24 step=5173     
[04/19/26 17:42:10] WARNING  High grad norm: 3590.94 at epoch=24 step=5174     
                    WARNING  High grad norm: 2908.75 at epoch=24 step=5175     
                    WARNING  High grad norm: 3554.64 at epoch=24 step=5176     
                    WARNING  High grad norm: 5541.47 at epoch=24 step=5177     
                    WARNING  High grad norm: 3498.94 at epoch=24 step=5178     
[04/19/26 17:42:11] WARNING  High grad norm: 12361.98 at epoch=24 step=5179    
                    WARNING  High grad norm: 12567.05 at epoch=24 step=5180    
                    WARNING  High grad norm: 3479.90 at epoch=24 step=5181     
                    WARNING  High grad norm: 13400.90 at epoch=24 step=5182    
[04/19/26 17:42:12] WARNING  High grad norm: 6199.56 at epoch=24 step=5183     
                    WARNING  High grad norm: 3619.17 at epoch=24 step=5184     
                    WARNING  High grad norm: 8309.38 at epoch=24 step=5185     
                    WARNING  High grad norm: 2508.92 at epoch=24 step=5186     
                    WARNING  High grad norm: 3697.51 at epoch=24 step=5187     
[04/19/26 17:42:13] WARNING  High grad norm: 2847.16 at epoch=24 step=5188     
                    WARNING  High grad norm: 2217.87 at epoch=24 step=5189     
                    WARNING  High grad norm: 8799.10 at epoch=24 step=5190     
                    WARNING  High grad norm: 11950.53 at epoch=24 step=5191    
[04/19/26 17:42:14] WARNING  High grad norm: 3218.42 at epoch=24 step=5192     
                    WARNING  High grad norm: 13506.02 at epoch=24 step=5193    
                    WARNING  High grad norm: 12927.27 at epoch=24 step=5194    
                    WARNING  High grad norm: 7471.12 at epoch=24 step=5195     
                    WARNING  High grad norm: 10126.29 at epoch=24 step=5196    
[04/19/26 17:42:15] WARNING  High grad norm: 11636.53 at epoch=24 step=5197    
                    WARNING  High grad norm: 3181.82 at epoch=24 step=5198     
                    WARNING  High grad norm: 9139.02 at epoch=24 step=5199     
                    INFO     epoch=24 step=5200 loss=536.6251                  
                             grad_norm=9139.0166 lr=1.11e-04                   
                    WARNING  High grad norm: 11804.59 at epoch=24 step=5200    
[04/19/26 17:42:16] WARNING  High grad norm: 3536.00 at epoch=24 step=5201     
                    WARNING  High grad norm: 9411.49 at epoch=24 step=5202     
                    WARNING  High grad norm: 12571.30 at epoch=24 step=5203    
                    WARNING  High grad norm: 8895.96 at epoch=24 step=5204     
                    WARNING  High grad norm: 10475.71 at epoch=24 step=5205    
[04/19/26 17:42:17] WARNING  High grad norm: 15154.67 at epoch=24 step=5206    
                    WARNING  High grad norm: 10134.84 at epoch=24 step=5207    
                    WARNING  High grad norm: 2656.88 at epoch=24 step=5208     
                    WARNING  High grad norm: 5176.07 at epoch=24 step=5209     
[04/19/26 17:42:18] WARNING  High grad norm: 6106.73 at epoch=24 step=5210     
                    WARNING  High grad norm: 4002.49 at epoch=24 step=5211     
                    WARNING  High grad norm: 5319.92 at epoch=24 step=5212     
                    WARNING  High grad norm: 2991.09 at epoch=24 step=5213     
                    WARNING  High grad norm: 2464.52 at epoch=24 step=5214     
[04/19/26 17:42:19] WARNING  High grad norm: 8196.31 at epoch=24 step=5215     
                    WARNING  High grad norm: 8575.12 at epoch=24 step=5216     
                    WARNING  High grad norm: 2428.43 at epoch=24 step=5217     
                    WARNING  High grad norm: 6864.04 at epoch=24 step=5218     
[04/19/26 17:42:20] WARNING  High grad norm: 3198.12 at epoch=24 step=5219     
                    WARNING  High grad norm: 7277.74 at epoch=24 step=5220     
                    WARNING  High grad norm: 5487.61 at epoch=24 step=5221     
                    WARNING  High grad norm: 6069.82 at epoch=24 step=5222     
                    WARNING  High grad norm: 10713.46 at epoch=24 step=5223    
[04/19/26 17:42:21] WARNING  High grad norm: 2552.35 at epoch=24 step=5224     
                    WARNING  High grad norm: 15918.55 at epoch=24 step=5225    
                    WARNING  High grad norm: 21504.93 at epoch=24 step=5226    
                    WARNING  High grad norm: 9871.05 at epoch=24 step=5227     
                    WARNING  High grad norm: 6500.65 at epoch=24 step=5228     
[04/19/26 17:42:22] WARNING  High grad norm: 8642.53 at epoch=24 step=5229     
                    WARNING  High grad norm: 4661.30 at epoch=24 step=5230     
                    WARNING  High grad norm: 9124.66 at epoch=24 step=5231     
                    WARNING  High grad norm: 6478.22 at epoch=24 step=5232     
[04/19/26 17:42:23] WARNING  High grad norm: 2274.97 at epoch=24 step=5233     
                    WARNING  High grad norm: 7497.88 at epoch=24 step=5234     
                    WARNING  High grad norm: 5996.40 at epoch=24 step=5235     
                    WARNING  High grad norm: 4228.05 at epoch=24 step=5236     
                    WARNING  High grad norm: 3943.11 at epoch=24 step=5237     
[04/19/26 17:42:24] WARNING  High grad norm: 4314.49 at epoch=24 step=5238     
                    WARNING  High grad norm: 6021.87 at epoch=24 step=5239     
                    WARNING  High grad norm: 3212.61 at epoch=24 step=5240     
                    WARNING  High grad norm: 1820.75 at epoch=24 step=5241     
[04/19/26 17:42:25] WARNING  High grad norm: 2088.52 at epoch=24 step=5242     
                    WARNING  High grad norm: 3049.94 at epoch=24 step=5243     
                    WARNING  High grad norm: 4715.75 at epoch=24 step=5244     
                    WARNING  High grad norm: 4409.21 at epoch=24 step=5245     
                    WARNING  High grad norm: 3838.32 at epoch=24 step=5246     
[04/19/26 17:42:26] WARNING  High grad norm: 7657.83 at epoch=24 step=5247     
                    WARNING  High grad norm: 4207.46 at epoch=24 step=5248     
                    WARNING  High grad norm: 2170.41 at epoch=24 step=5249     
                    WARNING  High grad norm: 6867.38 at epoch=24 step=5250     
[04/19/26 17:42:27] WARNING  High grad norm: 5074.39 at epoch=24 step=5251     
                    WARNING  High grad norm: 8530.40 at epoch=24 step=5252     
                    WARNING  High grad norm: 12465.91 at epoch=24 step=5253    
                    WARNING  High grad norm: 3500.50 at epoch=24 step=5254     
                    WARNING  High grad norm: 19073.99 at epoch=24 step=5255    
[04/19/26 17:42:28] WARNING  High grad norm: 15536.28 at epoch=24 step=5256    
                    WARNING  High grad norm: 18161.02 at epoch=24 step=5257    
                    WARNING  High grad norm: 3416.70 at epoch=24 step=5258     
                    WARNING  High grad norm: 10957.99 at epoch=24 step=5259    
[04/19/26 17:42:29] WARNING  High grad norm: 15081.40 at epoch=24 step=5260    
                    WARNING  High grad norm: 8425.04 at epoch=24 step=5261     
                    WARNING  High grad norm: 7275.65 at epoch=24 step=5262     
                    WARNING  High grad norm: 7974.22 at epoch=24 step=5263     
                    WARNING  High grad norm: 4025.20 at epoch=24 step=5264     
[04/19/26 17:42:30] WARNING  High grad norm: 3692.15 at epoch=24 step=5265     
                    WARNING  High grad norm: 1753.36 at epoch=24 step=5266     
                    WARNING  High grad norm: 6362.65 at epoch=24 step=5267     
                    WARNING  High grad norm: 3952.59 at epoch=24 step=5268     
[04/19/26 17:42:31] WARNING  High grad norm: 6703.18 at epoch=24 step=5269     
                    WARNING  High grad norm: 10486.22 at epoch=24 step=5270    
                    WARNING  High grad norm: 2797.32 at epoch=24 step=5271     
                    WARNING  High grad norm: 10554.58 at epoch=24 step=5272    
                    WARNING  High grad norm: 9036.29 at epoch=24 step=5273     
[04/19/26 17:42:32] WARNING  High grad norm: 3220.96 at epoch=24 step=5274     
                    WARNING  High grad norm: 5968.30 at epoch=24 step=5275     
                    WARNING  High grad norm: 4533.03 at epoch=24 step=5276     
                    WARNING  High grad norm: 6084.35 at epoch=24 step=5277     
                    WARNING  High grad norm: 4379.51 at epoch=24 step=5278     
[04/19/26 17:42:33] WARNING  High grad norm: 8642.03 at epoch=24 step=5279     
                    WARNING  High grad norm: 11885.80 at epoch=24 step=5280    
                    WARNING  High grad norm: 2901.03 at epoch=24 step=5281     
                    WARNING  High grad norm: 8962.21 at epoch=24 step=5282     
[04/19/26 17:42:34] WARNING  High grad norm: 11332.15 at epoch=24 step=5283    
                    WARNING  High grad norm: 4883.86 at epoch=24 step=5284     
                    WARNING  High grad norm: 6469.83 at epoch=24 step=5285     
                    WARNING  High grad norm: 4141.49 at epoch=24 step=5286     
                    WARNING  High grad norm: 8464.80 at epoch=24 step=5287     
[04/19/26 17:42:35] WARNING  High grad norm: 12395.11 at epoch=24 step=5288    
                    WARNING  High grad norm: 1882.10 at epoch=24 step=5289     
                    WARNING  High grad norm: 9239.33 at epoch=24 step=5290     
                    WARNING  High grad norm: 7894.49 at epoch=24 step=5291     
[04/19/26 17:42:36] WARNING  High grad norm: 4981.85 at epoch=24 step=5292     
                    WARNING  High grad norm: 4099.32 at epoch=24 step=5293     
                    WARNING  High grad norm: 5194.71 at epoch=24 step=5294     
                    WARNING  High grad norm: 5187.39 at epoch=24 step=5295     
                    WARNING  High grad norm: 2493.67 at epoch=24 step=5296     
[04/19/26 17:42:37] WARNING  High grad norm: 2144.60 at epoch=24 step=5297     
                    WARNING  High grad norm: 2009.54 at epoch=24 step=5298     
                    WARNING  High grad norm: 2938.97 at epoch=24 step=5299     
                    INFO     epoch=24 step=5300 loss=529.3013                  
                             grad_norm=2938.9739 lr=1.08e-04                   
                    WARNING  High grad norm: 5237.70 at epoch=24 step=5300     
[04/19/26 17:42:38] WARNING  High grad norm: 7002.30 at epoch=24 step=5301     
                    WARNING  High grad norm: 3525.71 at epoch=24 step=5302     
                    WARNING  High grad norm: 9462.97 at epoch=24 step=5303     
                    WARNING  High grad norm: 6874.45 at epoch=24 step=5304     
                    WARNING  High grad norm: 2165.27 at epoch=24 step=5305     
[04/19/26 17:42:39] WARNING  High grad norm: 1864.71 at epoch=24 step=5306     
                    WARNING  High grad norm: 2639.69 at epoch=24 step=5307     
                    WARNING  High grad norm: 4564.92 at epoch=24 step=5308     
                    WARNING  High grad norm: 9094.24 at epoch=24 step=5309     
                    WARNING  High grad norm: 8922.92 at epoch=24 step=5310     
[04/19/26 17:42:40] WARNING  High grad norm: 4971.38 at epoch=24 step=5311     
                    WARNING  High grad norm: 4232.03 at epoch=24 step=5312     
                    WARNING  High grad norm: 6021.41 at epoch=24 step=5313     
                    WARNING  High grad norm: 5145.21 at epoch=24 step=5314     
[04/19/26 17:42:41] WARNING  High grad norm: 11398.38 at epoch=24 step=5315    
                    WARNING  High grad norm: 17484.67 at epoch=24 step=5316    
                    WARNING  High grad norm: 4565.63 at epoch=24 step=5317     
                    WARNING  High grad norm: 8260.94 at epoch=24 step=5318     
                    WARNING  High grad norm: 8607.20 at epoch=24 step=5319     
[04/19/26 17:42:42] WARNING  High grad norm: 1542.33 at epoch=24 step=5320     
                    WARNING  High grad norm: 2371.29 at epoch=24 step=5321     
                    WARNING  High grad norm: 4267.45 at epoch=24 step=5322     
                    WARNING  High grad norm: 3400.24 at epoch=24 step=5323     
[04/19/26 17:42:43] WARNING  High grad norm: 4227.51 at epoch=24 step=5324     
                    WARNING  High grad norm: 5415.05 at epoch=24 step=5325     
                    WARNING  High grad norm: 2523.02 at epoch=24 step=5326     
                    WARNING  High grad norm: 8135.28 at epoch=24 step=5327     
                    WARNING  High grad norm: 6256.23 at epoch=24 step=5328     
[04/19/26 17:42:44] WARNING  High grad norm: 3360.28 at epoch=24 step=5329     
                    WARNING  High grad norm: 7962.56 at epoch=24 step=5330     
                    WARNING  High grad norm: 2461.89 at epoch=24 step=5331     
                    WARNING  High grad norm: 10081.90 at epoch=24 step=5332    
[04/19/26 17:42:45] WARNING  High grad norm: 16579.08 at epoch=24 step=5333    
                    WARNING  High grad norm: 9775.28 at epoch=24 step=5334     
                    WARNING  High grad norm: 7041.95 at epoch=24 step=5335     
                    WARNING  High grad norm: 7199.66 at epoch=24 step=5336     
                    WARNING  High grad norm: 3953.21 at epoch=24 step=5337     
[04/19/26 17:42:46] WARNING  High grad norm: 9088.11 at epoch=24 step=5338     
                    WARNING  High grad norm: 9746.65 at epoch=24 step=5339     
                    WARNING  High grad norm: 5826.63 at epoch=24 step=5340     
                    WARNING  High grad norm: 12815.58 at epoch=24 step=5341    
[04/19/26 17:42:47] WARNING  High grad norm: 15668.80 at epoch=24 step=5342    
                    WARNING  High grad norm: 7352.46 at epoch=24 step=5343     
                    WARNING  High grad norm: 7368.62 at epoch=24 step=5344     
                    WARNING  High grad norm: 9158.75 at epoch=24 step=5345     
                    WARNING  High grad norm: 3328.05 at epoch=24 step=5346     
[04/19/26 17:42:48] WARNING  High grad norm: 9878.15 at epoch=24 step=5347     
                    WARNING  High grad norm: 17154.53 at epoch=24 step=5348    
                    WARNING  High grad norm: 5147.76 at epoch=24 step=5349     
                    WARNING  High grad norm: 7799.35 at epoch=24 step=5350     
[04/19/26 17:42:49] WARNING  High grad norm: 13224.57 at epoch=24 step=5351    
                    INFO     epoch=24 avg_loss=529.0471 lr=1.07e-04            
[04/19/26 17:43:03] WARNING  High grad norm: 6307.19 at epoch=25 step=5352     
[04/19/26 17:43:04] WARNING  High grad norm: 7727.40 at epoch=25 step=5353     
                    WARNING  High grad norm: 12069.08 at epoch=25 step=5354    
                    WARNING  High grad norm: 11109.41 at epoch=25 step=5355    
                    WARNING  High grad norm: 5573.17 at epoch=25 step=5356     
                    WARNING  High grad norm: 8472.38 at epoch=25 step=5357     
[04/19/26 17:43:05] WARNING  High grad norm: 2877.50 at epoch=25 step=5358     
                    WARNING  High grad norm: 10596.25 at epoch=25 step=5359    
                    WARNING  High grad norm: 11515.76 at epoch=25 step=5360    
                    WARNING  High grad norm: 5110.58 at epoch=25 step=5361     
                    WARNING  High grad norm: 13914.92 at epoch=25 step=5362    
[04/19/26 17:43:06] WARNING  High grad norm: 17641.66 at epoch=25 step=5363    
                    WARNING  High grad norm: 6333.58 at epoch=25 step=5364     
                    WARNING  High grad norm: 13297.14 at epoch=25 step=5365    
                    WARNING  High grad norm: 12854.95 at epoch=25 step=5366    
[04/19/26 17:43:07] WARNING  High grad norm: 9272.45 at epoch=25 step=5367     
                    WARNING  High grad norm: 5193.20 at epoch=25 step=5368     
                    WARNING  High grad norm: 9613.65 at epoch=25 step=5369     
                    WARNING  High grad norm: 5293.56 at epoch=25 step=5370     
                    WARNING  High grad norm: 7503.58 at epoch=25 step=5371     
[04/19/26 17:43:08] WARNING  High grad norm: 12309.76 at epoch=25 step=5372    
                    WARNING  High grad norm: 1905.72 at epoch=25 step=5373     
                    WARNING  High grad norm: 10729.30 at epoch=25 step=5374    
                    WARNING  High grad norm: 14870.49 at epoch=25 step=5375    
[04/19/26 17:43:09] WARNING  High grad norm: 10123.49 at epoch=25 step=5376    
                    WARNING  High grad norm: 6264.38 at epoch=25 step=5377     
                    WARNING  High grad norm: 16217.61 at epoch=25 step=5378    
                    WARNING  High grad norm: 7635.31 at epoch=25 step=5379     
                    WARNING  High grad norm: 4375.62 at epoch=25 step=5380     
[04/19/26 17:43:10] WARNING  High grad norm: 5436.73 at epoch=25 step=5381     
                    WARNING  High grad norm: 4933.91 at epoch=25 step=5382     
                    WARNING  High grad norm: 6691.71 at epoch=25 step=5383     
                    WARNING  High grad norm: 14577.81 at epoch=25 step=5384    
[04/19/26 17:43:11] WARNING  High grad norm: 4912.41 at epoch=25 step=5385     
                    WARNING  High grad norm: 7546.30 at epoch=25 step=5386     
                    WARNING  High grad norm: 10186.83 at epoch=25 step=5387    
                    WARNING  High grad norm: 3273.40 at epoch=25 step=5388     
                    WARNING  High grad norm: 7440.84 at epoch=25 step=5389     
[04/19/26 17:43:12] WARNING  High grad norm: 16876.93 at epoch=25 step=5390    
                    WARNING  High grad norm: 5887.75 at epoch=25 step=5391     
                    WARNING  High grad norm: 9937.40 at epoch=25 step=5392     
                    WARNING  High grad norm: 17304.13 at epoch=25 step=5393    
                    WARNING  High grad norm: 11492.42 at epoch=25 step=5394    
[04/19/26 17:43:13] WARNING  High grad norm: 4086.88 at epoch=25 step=5395     
                    WARNING  High grad norm: 7257.02 at epoch=25 step=5396     
                    WARNING  High grad norm: 8860.04 at epoch=25 step=5397     
                    WARNING  High grad norm: 4641.06 at epoch=25 step=5398     
[04/19/26 17:43:14] WARNING  High grad norm: 7072.86 at epoch=25 step=5399     
                    INFO     epoch=25 step=5400 loss=530.8012                  
                             grad_norm=7072.8623 lr=1.05e-04                   
                    WARNING  High grad norm: 5519.76 at epoch=25 step=5400     
                    WARNING  High grad norm: 6919.23 at epoch=25 step=5401     
                    WARNING  High grad norm: 2260.12 at epoch=25 step=5402     
                    WARNING  High grad norm: 6308.08 at epoch=25 step=5403     
[04/19/26 17:43:15] WARNING  High grad norm: 3503.88 at epoch=25 step=5404     
                    WARNING  High grad norm: 7141.15 at epoch=25 step=5405     
                    WARNING  High grad norm: 10092.26 at epoch=25 step=5406    
                    WARNING  High grad norm: 5611.78 at epoch=25 step=5407     
[04/19/26 17:43:16] WARNING  High grad norm: 9333.40 at epoch=25 step=5408     
                    WARNING  High grad norm: 9477.72 at epoch=25 step=5409     
                    WARNING  High grad norm: 7247.20 at epoch=25 step=5410     
                    WARNING  High grad norm: 6005.43 at epoch=25 step=5411     
                    WARNING  High grad norm: 9790.06 at epoch=25 step=5412     
[04/19/26 17:43:17] WARNING  High grad norm: 3748.39 at epoch=25 step=5413     
                    WARNING  High grad norm: 8328.23 at epoch=25 step=5414     
                    WARNING  High grad norm: 10202.42 at epoch=25 step=5415    
                    WARNING  High grad norm: 2709.13 at epoch=25 step=5416     
[04/19/26 17:43:18] WARNING  High grad norm: 9665.59 at epoch=25 step=5417     
                    WARNING  High grad norm: 12419.72 at epoch=25 step=5418    
                    WARNING  High grad norm: 10014.96 at epoch=25 step=5419    
                    WARNING  High grad norm: 7560.73 at epoch=25 step=5420     
                    WARNING  High grad norm: 12716.75 at epoch=25 step=5421    
[04/19/26 17:43:19] WARNING  High grad norm: 7912.76 at epoch=25 step=5422     
                    WARNING  High grad norm: 5307.35 at epoch=25 step=5423     
                    WARNING  High grad norm: 7332.62 at epoch=25 step=5424     
                    WARNING  High grad norm: 1572.48 at epoch=25 step=5425     
                    WARNING  High grad norm: 5892.29 at epoch=25 step=5426     
[04/19/26 17:43:20] WARNING  High grad norm: 1912.76 at epoch=25 step=5427     
                    WARNING  High grad norm: 2705.78 at epoch=25 step=5428     
                    WARNING  High grad norm: 3138.99 at epoch=25 step=5429     
                    WARNING  High grad norm: 1999.92 at epoch=25 step=5430     
[04/19/26 17:43:21] WARNING  High grad norm: 8156.68 at epoch=25 step=5431     
                    WARNING  High grad norm: 7936.07 at epoch=25 step=5432     
                    WARNING  High grad norm: 3670.68 at epoch=25 step=5433     
                    WARNING  High grad norm: 6589.91 at epoch=25 step=5434     
                    WARNING  High grad norm: 2716.25 at epoch=25 step=5435     
[04/19/26 17:43:22] WARNING  High grad norm: 2115.11 at epoch=25 step=5436     
                    WARNING  High grad norm: 2816.22 at epoch=25 step=5437     
                    WARNING  High grad norm: 2883.04 at epoch=25 step=5438     
                    WARNING  High grad norm: 3521.74 at epoch=25 step=5439     
[04/19/26 17:43:23] WARNING  High grad norm: 3427.00 at epoch=25 step=5440     
                    WARNING  High grad norm: 1118.02 at epoch=25 step=5441     
                    WARNING  High grad norm: 1915.86 at epoch=25 step=5442     
                    WARNING  High grad norm: 2437.60 at epoch=25 step=5443     
                    WARNING  High grad norm: 6186.97 at epoch=25 step=5444     
[04/19/26 17:43:24] WARNING  High grad norm: 2207.75 at epoch=25 step=5445     
                    WARNING  High grad norm: 4969.10 at epoch=25 step=5446     
                    WARNING  High grad norm: 2740.67 at epoch=25 step=5447     
                    WARNING  High grad norm: 2409.70 at epoch=25 step=5448     
[04/19/26 17:43:25] WARNING  High grad norm: 1451.98 at epoch=25 step=5449     
                    WARNING  High grad norm: 5063.18 at epoch=25 step=5450     
                    WARNING  High grad norm: 3964.87 at epoch=25 step=5451     
                    WARNING  High grad norm: 5343.55 at epoch=25 step=5452     
                    WARNING  High grad norm: 3760.71 at epoch=25 step=5453     
[04/19/26 17:43:26] WARNING  High grad norm: 6044.44 at epoch=25 step=5454     
                    WARNING  High grad norm: 3243.88 at epoch=25 step=5455     
                    WARNING  High grad norm: 6772.23 at epoch=25 step=5456     
                    WARNING  High grad norm: 5694.04 at epoch=25 step=5457     
                    WARNING  High grad norm: 2891.24 at epoch=25 step=5458     
[04/19/26 17:43:27] WARNING  High grad norm: 3124.16 at epoch=25 step=5459     
                    WARNING  High grad norm: 6538.08 at epoch=25 step=5460     
                    WARNING  High grad norm: 3974.81 at epoch=25 step=5461     
                    WARNING  High grad norm: 6796.78 at epoch=25 step=5462     
[04/19/26 17:43:28] WARNING  High grad norm: 8182.57 at epoch=25 step=5463     
                    WARNING  High grad norm: 2216.38 at epoch=25 step=5464     
                    WARNING  High grad norm: 7050.75 at epoch=25 step=5465     
                    WARNING  High grad norm: 3610.87 at epoch=25 step=5466     
                    WARNING  High grad norm: 5266.04 at epoch=25 step=5467     
[04/19/26 17:43:29] WARNING  High grad norm: 9773.54 at epoch=25 step=5468     
                    WARNING  High grad norm: 3614.52 at epoch=25 step=5469     
                    WARNING  High grad norm: 4995.35 at epoch=25 step=5470     
                    WARNING  High grad norm: 1978.15 at epoch=25 step=5471     
[04/19/26 17:43:30] WARNING  High grad norm: 2216.37 at epoch=25 step=5472     
                    WARNING  High grad norm: 5978.25 at epoch=25 step=5473     
                    WARNING  High grad norm: 2842.92 at epoch=25 step=5474     
                    WARNING  High grad norm: 6899.06 at epoch=25 step=5475     
                    WARNING  High grad norm: 4635.41 at epoch=25 step=5476     
[04/19/26 17:43:31] WARNING  High grad norm: 3694.84 at epoch=25 step=5477     
                    WARNING  High grad norm: 2364.07 at epoch=25 step=5478     
                    WARNING  High grad norm: 5962.33 at epoch=25 step=5479     
                    WARNING  High grad norm: 2563.09 at epoch=25 step=5480     
[04/19/26 17:43:32] WARNING  High grad norm: 8430.90 at epoch=25 step=5481     
                    WARNING  High grad norm: 3945.07 at epoch=25 step=5482     
                    WARNING  High grad norm: 4732.59 at epoch=25 step=5483     
                    WARNING  High grad norm: 6539.10 at epoch=25 step=5484     
                    WARNING  High grad norm: 2945.92 at epoch=25 step=5485     
[04/19/26 17:43:33] WARNING  High grad norm: 1365.85 at epoch=25 step=5486     
                    WARNING  High grad norm: 6757.38 at epoch=25 step=5487     
                    WARNING  High grad norm: 3417.64 at epoch=25 step=5488     
                    WARNING  High grad norm: 8959.91 at epoch=25 step=5489     
[04/19/26 17:43:34] WARNING  High grad norm: 10779.52 at epoch=25 step=5490    
                    WARNING  High grad norm: 7192.30 at epoch=25 step=5491     
                    WARNING  High grad norm: 11769.73 at epoch=25 step=5492    
                    WARNING  High grad norm: 14529.42 at epoch=25 step=5493    
                    WARNING  High grad norm: 7993.17 at epoch=25 step=5494     
[04/19/26 17:43:35] WARNING  High grad norm: 2119.16 at epoch=25 step=5495     
                    WARNING  High grad norm: 5225.79 at epoch=25 step=5496     
                    WARNING  High grad norm: 2622.94 at epoch=25 step=5497     
                    WARNING  High grad norm: 1183.61 at epoch=25 step=5498     
[04/19/26 17:43:36] WARNING  High grad norm: 4143.43 at epoch=25 step=5499     
                    INFO     epoch=25 step=5500 loss=515.5699                  
                             grad_norm=4143.4287 lr=1.03e-04                   
                    WARNING  High grad norm: 3654.22 at epoch=25 step=5500     
                    WARNING  High grad norm: 6891.72 at epoch=25 step=5501     
                    WARNING  High grad norm: 6775.19 at epoch=25 step=5502     
                    WARNING  High grad norm: 3584.24 at epoch=25 step=5503     
[04/19/26 17:43:37] WARNING  High grad norm: 10080.27 at epoch=25 step=5504    
                    WARNING  High grad norm: 8884.97 at epoch=25 step=5505     
                    WARNING  High grad norm: 5564.73 at epoch=25 step=5506     
                    WARNING  High grad norm: 3338.87 at epoch=25 step=5507     
[04/19/26 17:43:38] WARNING  High grad norm: 5307.55 at epoch=25 step=5508     
                    WARNING  High grad norm: 3132.15 at epoch=25 step=5509     
                    WARNING  High grad norm: 4450.66 at epoch=25 step=5510     
                    WARNING  High grad norm: 4175.12 at epoch=25 step=5511     
                    WARNING  High grad norm: 5796.44 at epoch=25 step=5512     
[04/19/26 17:43:39] WARNING  High grad norm: 3104.01 at epoch=25 step=5513     
                    WARNING  High grad norm: 2336.20 at epoch=25 step=5514     
                    WARNING  High grad norm: 2823.21 at epoch=25 step=5515     
                    WARNING  High grad norm: 4957.88 at epoch=25 step=5516     
[04/19/26 17:43:40] WARNING  High grad norm: 3073.34 at epoch=25 step=5517     
                    WARNING  High grad norm: 2327.82 at epoch=25 step=5518     
                    WARNING  High grad norm: 3024.09 at epoch=25 step=5519     
                    WARNING  High grad norm: 6421.32 at epoch=25 step=5520     
                    WARNING  High grad norm: 1961.25 at epoch=25 step=5521     
[04/19/26 17:43:41] WARNING  High grad norm: 10175.99 at epoch=25 step=5522    
                    WARNING  High grad norm: 11498.20 at epoch=25 step=5523    
                    WARNING  High grad norm: 7765.22 at epoch=25 step=5524     
                    WARNING  High grad norm: 6872.58 at epoch=25 step=5525     
[04/19/26 17:43:42] WARNING  High grad norm: 8470.58 at epoch=25 step=5526     
                    WARNING  High grad norm: 4058.97 at epoch=25 step=5527     
                    WARNING  High grad norm: 8663.40 at epoch=25 step=5528     
                    WARNING  High grad norm: 6962.09 at epoch=25 step=5529     
                    WARNING  High grad norm: 3016.74 at epoch=25 step=5530     
[04/19/26 17:43:43] WARNING  High grad norm: 15104.29 at epoch=25 step=5531    
                    WARNING  High grad norm: 19430.01 at epoch=25 step=5532    
                    WARNING  High grad norm: 8431.79 at epoch=25 step=5533     
                    WARNING  High grad norm: 6481.72 at epoch=25 step=5534     
[04/19/26 17:43:44] WARNING  High grad norm: 11448.04 at epoch=25 step=5535    
                    WARNING  High grad norm: 9529.57 at epoch=25 step=5536     
                    WARNING  High grad norm: 4723.43 at epoch=25 step=5537     
                    WARNING  High grad norm: 5880.00 at epoch=25 step=5538     
                    WARNING  High grad norm: 3365.98 at epoch=25 step=5539     
[04/19/26 17:43:45] WARNING  High grad norm: 6775.37 at epoch=25 step=5540     
                    WARNING  High grad norm: 6190.46 at epoch=25 step=5541     
                    WARNING  High grad norm: 5041.19 at epoch=25 step=5542     
                    WARNING  High grad norm: 4302.08 at epoch=25 step=5543     
                    WARNING  High grad norm: 8114.02 at epoch=25 step=5544     
[04/19/26 17:43:46] WARNING  High grad norm: 7351.10 at epoch=25 step=5545     
                    WARNING  High grad norm: 1476.89 at epoch=25 step=5546     
                    WARNING  High grad norm: 10002.86 at epoch=25 step=5547    
                    WARNING  High grad norm: 7465.15 at epoch=25 step=5548     
[04/19/26 17:43:47] WARNING  High grad norm: 8464.50 at epoch=25 step=5549     
                    WARNING  High grad norm: 8787.95 at epoch=25 step=5550     
                    WARNING  High grad norm: 7131.79 at epoch=25 step=5551     
                    WARNING  High grad norm: 3103.01 at epoch=25 step=5552     
                    WARNING  High grad norm: 3241.55 at epoch=25 step=5553     
[04/19/26 17:43:48] WARNING  High grad norm: 4600.78 at epoch=25 step=5554     
                    WARNING  High grad norm: 4581.02 at epoch=25 step=5555     
                    WARNING  High grad norm: 7415.56 at epoch=25 step=5556     
                    WARNING  High grad norm: 11402.15 at epoch=25 step=5557    
[04/19/26 17:43:49] WARNING  High grad norm: 2696.29 at epoch=25 step=5558     
                    WARNING  High grad norm: 10137.87 at epoch=25 step=5559    
                    WARNING  High grad norm: 15959.20 at epoch=25 step=5560    
                    WARNING  High grad norm: 15992.98 at epoch=25 step=5561    
                    WARNING  High grad norm: 2144.84 at epoch=25 step=5562     
[04/19/26 17:43:50] WARNING  High grad norm: 13994.88 at epoch=25 step=5563    
                    WARNING  High grad norm: 22787.16 at epoch=25 step=5564    
                    WARNING  High grad norm: 11953.57 at epoch=25 step=5565    
                    WARNING  High grad norm: 4503.01 at epoch=25 step=5566     
[04/19/26 17:43:51] WARNING  High grad norm: 8577.58 at epoch=25 step=5567     
                    WARNING  High grad norm: 8225.53 at epoch=25 step=5568     
                    WARNING  High grad norm: 8585.03 at epoch=25 step=5569     
                    WARNING  High grad norm: 4220.78 at epoch=25 step=5570     
                    WARNING  High grad norm: 3037.89 at epoch=25 step=5571     
[04/19/26 17:43:52] WARNING  High grad norm: 3106.98 at epoch=25 step=5572     
                    WARNING  High grad norm: 4994.20 at epoch=25 step=5573     
                    WARNING  High grad norm: 3829.17 at epoch=25 step=5574     
[04/19/26 17:43:53] INFO     epoch=25 avg_loss=517.6779 lr=1.01e-04            
[04/19/26 17:44:00] INFO     Saved checkpoint to                               
                             C:\Users\artun\Desktop\ITS-project\checkpoints\sco
                             re_fmnist_v2\score_epoch_0025.pt                  
[04/19/26 17:44:14] WARNING  High grad norm: 6835.07 at epoch=26 step=5575     
                    WARNING  High grad norm: 2612.95 at epoch=26 step=5576     
                    WARNING  High grad norm: 2525.21 at epoch=26 step=5577     
[04/19/26 17:44:15] WARNING  High grad norm: 2851.75 at epoch=26 step=5578     
                    WARNING  High grad norm: 1689.14 at epoch=26 step=5579     
                    WARNING  High grad norm: 5431.33 at epoch=26 step=5580     
                    WARNING  High grad norm: 2295.30 at epoch=26 step=5581     
                    WARNING  High grad norm: 5685.93 at epoch=26 step=5582     
[04/19/26 17:44:16] WARNING  High grad norm: 3669.49 at epoch=26 step=5583     
                    WARNING  High grad norm: 7039.48 at epoch=26 step=5584     
                    WARNING  High grad norm: 3952.61 at epoch=26 step=5585     
                    WARNING  High grad norm: 4761.51 at epoch=26 step=5586     
                    WARNING  High grad norm: 6765.14 at epoch=26 step=5587     
[04/19/26 17:44:17] WARNING  High grad norm: 4683.85 at epoch=26 step=5588     
                    WARNING  High grad norm: 4928.04 at epoch=26 step=5589     
                    WARNING  High grad norm: 3843.44 at epoch=26 step=5590     
                    WARNING  High grad norm: 7432.93 at epoch=26 step=5591     
[04/19/26 17:44:18] WARNING  High grad norm: 3209.90 at epoch=26 step=5592     
                    WARNING  High grad norm: 8276.28 at epoch=26 step=5593     
                    WARNING  High grad norm: 7430.05 at epoch=26 step=5594     
                    WARNING  High grad norm: 1965.29 at epoch=26 step=5595     
                    WARNING  High grad norm: 3669.60 at epoch=26 step=5596     
[04/19/26 17:44:19] WARNING  High grad norm: 2591.08 at epoch=26 step=5597     
                    WARNING  High grad norm: 2126.63 at epoch=26 step=5598     
                    WARNING  High grad norm: 3194.21 at epoch=26 step=5599     
                    INFO     epoch=26 step=5600 loss=529.6192                  
                             grad_norm=3194.2078 lr=9.98e-05                   
                    WARNING  High grad norm: 2224.04 at epoch=26 step=5600     
[04/19/26 17:44:20] WARNING  High grad norm: 5561.85 at epoch=26 step=5601     
                    WARNING  High grad norm: 3806.12 at epoch=26 step=5602     
                    WARNING  High grad norm: 7148.79 at epoch=26 step=5603     
                    WARNING  High grad norm: 8109.13 at epoch=26 step=5604     
                    WARNING  High grad norm: 2798.35 at epoch=26 step=5605     
[04/19/26 17:44:21] WARNING  High grad norm: 3379.77 at epoch=26 step=5606     
                    WARNING  High grad norm: 2575.81 at epoch=26 step=5607     
                    WARNING  High grad norm: 7247.69 at epoch=26 step=5608     
                    WARNING  High grad norm: 3939.47 at epoch=26 step=5609     
                    WARNING  High grad norm: 4968.02 at epoch=26 step=5610     
[04/19/26 17:44:22] WARNING  High grad norm: 4695.03 at epoch=26 step=5611     
                    WARNING  High grad norm: 2028.81 at epoch=26 step=5612     
                    WARNING  High grad norm: 3047.38 at epoch=26 step=5613     
                    WARNING  High grad norm: 6201.39 at epoch=26 step=5614     
[04/19/26 17:44:23] WARNING  High grad norm: 6645.02 at epoch=26 step=5615     
                    WARNING  High grad norm: 5020.02 at epoch=26 step=5616     
                    WARNING  High grad norm: 5838.09 at epoch=26 step=5617     
                    WARNING  High grad norm: 5886.53 at epoch=26 step=5618     
                    WARNING  High grad norm: 3260.38 at epoch=26 step=5619     
[04/19/26 17:44:24] WARNING  High grad norm: 3774.33 at epoch=26 step=5620     
                    WARNING  High grad norm: 3829.02 at epoch=26 step=5621     
                    WARNING  High grad norm: 3776.67 at epoch=26 step=5622     
                    WARNING  High grad norm: 4282.04 at epoch=26 step=5623     
[04/19/26 17:44:25] WARNING  High grad norm: 6836.88 at epoch=26 step=5624     
                    WARNING  High grad norm: 4338.11 at epoch=26 step=5625     
                    WARNING  High grad norm: 4687.28 at epoch=26 step=5626     
                    WARNING  High grad norm: 2849.97 at epoch=26 step=5627     
                    WARNING  High grad norm: 6443.98 at epoch=26 step=5628     
[04/19/26 17:44:26] WARNING  High grad norm: 7065.32 at epoch=26 step=5629     
                    WARNING  High grad norm: 2106.15 at epoch=26 step=5630     
                    WARNING  High grad norm: 8093.85 at epoch=26 step=5631     
                    WARNING  High grad norm: 5597.18 at epoch=26 step=5632     
[04/19/26 17:44:27] WARNING  High grad norm: 11624.65 at epoch=26 step=5633    
                    WARNING  High grad norm: 9159.94 at epoch=26 step=5634     
                    WARNING  High grad norm: 9069.60 at epoch=26 step=5635     
                    WARNING  High grad norm: 6025.17 at epoch=26 step=5636     
                    WARNING  High grad norm: 10887.32 at epoch=26 step=5637    
[04/19/26 17:44:28] WARNING  High grad norm: 1620.06 at epoch=26 step=5638     
                    WARNING  High grad norm: 3980.99 at epoch=26 step=5639     
                    WARNING  High grad norm: 3790.46 at epoch=26 step=5640     
                    WARNING  High grad norm: 8413.69 at epoch=26 step=5641     
                    WARNING  High grad norm: 9947.11 at epoch=26 step=5642     
[04/19/26 17:44:29] WARNING  High grad norm: 5979.03 at epoch=26 step=5643     
                    WARNING  High grad norm: 5769.13 at epoch=26 step=5644     
                    WARNING  High grad norm: 5845.07 at epoch=26 step=5645     
                    WARNING  High grad norm: 2504.58 at epoch=26 step=5646     
[04/19/26 17:44:30] WARNING  High grad norm: 2493.13 at epoch=26 step=5647     
                    WARNING  High grad norm: 5673.71 at epoch=26 step=5648     
                    WARNING  High grad norm: 2136.71 at epoch=26 step=5649     
                    WARNING  High grad norm: 8252.12 at epoch=26 step=5650     
                    WARNING  High grad norm: 5950.13 at epoch=26 step=5651     
[04/19/26 17:44:31] WARNING  High grad norm: 3141.21 at epoch=26 step=5652     
                    WARNING  High grad norm: 5506.34 at epoch=26 step=5653     
                    WARNING  High grad norm: 3392.29 at epoch=26 step=5654     
                    WARNING  High grad norm: 8009.53 at epoch=26 step=5655     
[04/19/26 17:44:32] WARNING  High grad norm: 4987.11 at epoch=26 step=5656     
                    WARNING  High grad norm: 7232.51 at epoch=26 step=5657     
                    WARNING  High grad norm: 5028.60 at epoch=26 step=5658     
                    WARNING  High grad norm: 2395.41 at epoch=26 step=5659     
                    WARNING  High grad norm: 3652.69 at epoch=26 step=5660     
[04/19/26 17:44:33] WARNING  High grad norm: 4520.10 at epoch=26 step=5661     
                    WARNING  High grad norm: 3295.37 at epoch=26 step=5662     
                    WARNING  High grad norm: 6527.72 at epoch=26 step=5663     
                    WARNING  High grad norm: 6655.89 at epoch=26 step=5664     
[04/19/26 17:44:34] WARNING  High grad norm: 8124.81 at epoch=26 step=5665     
                    WARNING  High grad norm: 4117.21 at epoch=26 step=5666     
                    WARNING  High grad norm: 3074.33 at epoch=26 step=5667     
                    WARNING  High grad norm: 4704.45 at epoch=26 step=5668     
                    WARNING  High grad norm: 4424.91 at epoch=26 step=5669     
[04/19/26 17:44:35] WARNING  High grad norm: 4645.15 at epoch=26 step=5670     
                    WARNING  High grad norm: 6259.03 at epoch=26 step=5671     
                    WARNING  High grad norm: 4932.16 at epoch=26 step=5672     
                    WARNING  High grad norm: 4647.09 at epoch=26 step=5673     
                    WARNING  High grad norm: 4718.83 at epoch=26 step=5674     
[04/19/26 17:44:36] WARNING  High grad norm: 4887.20 at epoch=26 step=5675     
                    WARNING  High grad norm: 3395.51 at epoch=26 step=5676     
                    WARNING  High grad norm: 4043.79 at epoch=26 step=5677     
                    WARNING  High grad norm: 3402.22 at epoch=26 step=5678     
[04/19/26 17:44:37] WARNING  High grad norm: 7081.57 at epoch=26 step=5679     
                    WARNING  High grad norm: 6170.19 at epoch=26 step=5680     
                    WARNING  High grad norm: 5019.13 at epoch=26 step=5681     
                    WARNING  High grad norm: 2723.56 at epoch=26 step=5682     
                    WARNING  High grad norm: 4015.11 at epoch=26 step=5683     
[04/19/26 17:44:38] WARNING  High grad norm: 3108.74 at epoch=26 step=5684     
                    WARNING  High grad norm: 4634.14 at epoch=26 step=5685     
                    WARNING  High grad norm: 3936.90 at epoch=26 step=5686     
                    WARNING  High grad norm: 2447.04 at epoch=26 step=5687     
[04/19/26 17:44:39] WARNING  High grad norm: 3987.25 at epoch=26 step=5688     
                    WARNING  High grad norm: 4571.84 at epoch=26 step=5689     
                    WARNING  High grad norm: 4334.35 at epoch=26 step=5690     
                    WARNING  High grad norm: 4998.19 at epoch=26 step=5691     
                    WARNING  High grad norm: 4826.62 at epoch=26 step=5692     
[04/19/26 17:44:40] WARNING  High grad norm: 3031.45 at epoch=26 step=5693     
                    WARNING  High grad norm: 4975.84 at epoch=26 step=5694     
                    WARNING  High grad norm: 5743.55 at epoch=26 step=5695     
                    WARNING  High grad norm: 3206.81 at epoch=26 step=5696     
[04/19/26 17:44:41] WARNING  High grad norm: 5908.25 at epoch=26 step=5697     
                    WARNING  High grad norm: 6285.41 at epoch=26 step=5698     
                    WARNING  High grad norm: 4124.69 at epoch=26 step=5699     
                    INFO     epoch=26 step=5700 loss=514.6445                  
                             grad_norm=4124.6885 lr=9.70e-05                   
                    WARNING  High grad norm: 4969.45 at epoch=26 step=5700     
                    WARNING  High grad norm: 3048.83 at epoch=26 step=5701     
[04/19/26 17:44:42] WARNING  High grad norm: 2857.32 at epoch=26 step=5702     
                    WARNING  High grad norm: 6203.22 at epoch=26 step=5703     
                    WARNING  High grad norm: 4917.13 at epoch=26 step=5704     
                    WARNING  High grad norm: 6071.05 at epoch=26 step=5705     
[04/19/26 17:44:43] WARNING  High grad norm: 7215.31 at epoch=26 step=5706     
                    WARNING  High grad norm: 4044.68 at epoch=26 step=5707     
                    WARNING  High grad norm: 3873.49 at epoch=26 step=5708     
                    WARNING  High grad norm: 4105.43 at epoch=26 step=5709     
                    WARNING  High grad norm: 3498.32 at epoch=26 step=5710     
[04/19/26 17:44:44] WARNING  High grad norm: 3030.44 at epoch=26 step=5711     
                    WARNING  High grad norm: 4083.35 at epoch=26 step=5712     
                    WARNING  High grad norm: 3681.19 at epoch=26 step=5713     
                    WARNING  High grad norm: 3288.83 at epoch=26 step=5714     
                    WARNING  High grad norm: 4585.09 at epoch=26 step=5715     
[04/19/26 17:44:45] WARNING  High grad norm: 6250.19 at epoch=26 step=5716     
                    WARNING  High grad norm: 6356.98 at epoch=26 step=5717     
                    WARNING  High grad norm: 4402.15 at epoch=26 step=5718     
                    WARNING  High grad norm: 4080.24 at epoch=26 step=5719     
[04/19/26 17:44:46] WARNING  High grad norm: 2937.52 at epoch=26 step=5720     
                    WARNING  High grad norm: 7052.64 at epoch=26 step=5721     
                    WARNING  High grad norm: 3000.20 at epoch=26 step=5722     
                    WARNING  High grad norm: 6312.06 at epoch=26 step=5723     
                    WARNING  High grad norm: 4973.16 at epoch=26 step=5724     
[04/19/26 17:44:47] WARNING  High grad norm: 3314.64 at epoch=26 step=5725     
                    WARNING  High grad norm: 3282.97 at epoch=26 step=5726     
                    WARNING  High grad norm: 6797.53 at epoch=26 step=5727     
                    WARNING  High grad norm: 6443.14 at epoch=26 step=5728     
[04/19/26 17:44:48] WARNING  High grad norm: 4283.74 at epoch=26 step=5729     
                    WARNING  High grad norm: 3819.45 at epoch=26 step=5730     
                    WARNING  High grad norm: 4929.71 at epoch=26 step=5731     
                    WARNING  High grad norm: 3935.49 at epoch=26 step=5732     
                    WARNING  High grad norm: 6180.71 at epoch=26 step=5733     
[04/19/26 17:44:49] WARNING  High grad norm: 5117.86 at epoch=26 step=5734     
                    WARNING  High grad norm: 1135.38 at epoch=26 step=5735     
                    WARNING  High grad norm: 16015.75 at epoch=26 step=5736    
                    WARNING  High grad norm: 22764.20 at epoch=26 step=5737    
[04/19/26 17:44:50] WARNING  High grad norm: 15488.08 at epoch=26 step=5738    
                    WARNING  High grad norm: 3695.24 at epoch=26 step=5739     
                    WARNING  High grad norm: 7875.48 at epoch=26 step=5740     
                    WARNING  High grad norm: 12233.53 at epoch=26 step=5741    
                    WARNING  High grad norm: 6342.51 at epoch=26 step=5742     
[04/19/26 17:44:51] WARNING  High grad norm: 9453.73 at epoch=26 step=5743     
                    WARNING  High grad norm: 11004.83 at epoch=26 step=5744    
                    WARNING  High grad norm: 3616.09 at epoch=26 step=5745     
                    WARNING  High grad norm: 7746.88 at epoch=26 step=5746     
[04/19/26 17:44:52] WARNING  High grad norm: 11642.30 at epoch=26 step=5747    
                    WARNING  High grad norm: 5846.44 at epoch=26 step=5748     
                    WARNING  High grad norm: 8774.62 at epoch=26 step=5749     
                    WARNING  High grad norm: 9383.12 at epoch=26 step=5750     
                    WARNING  High grad norm: 12530.97 at epoch=26 step=5751    
[04/19/26 17:44:53] WARNING  High grad norm: 2804.72 at epoch=26 step=5752     
                    WARNING  High grad norm: 8653.42 at epoch=26 step=5753     
                    WARNING  High grad norm: 4082.79 at epoch=26 step=5754     
                    WARNING  High grad norm: 5916.63 at epoch=26 step=5755     
                    WARNING  High grad norm: 9410.70 at epoch=26 step=5756     
[04/19/26 17:44:54] WARNING  High grad norm: 3043.51 at epoch=26 step=5757     
                    WARNING  High grad norm: 5297.65 at epoch=26 step=5758     
                    WARNING  High grad norm: 3713.69 at epoch=26 step=5759     
                    WARNING  High grad norm: 2700.34 at epoch=26 step=5760     
[04/19/26 17:44:55] WARNING  High grad norm: 3003.28 at epoch=26 step=5761     
                    WARNING  High grad norm: 3550.00 at epoch=26 step=5762     
                    WARNING  High grad norm: 3005.76 at epoch=26 step=5763     
                    WARNING  High grad norm: 4471.70 at epoch=26 step=5764     
                    WARNING  High grad norm: 3682.29 at epoch=26 step=5765     
[04/19/26 17:44:56] WARNING  High grad norm: 2017.08 at epoch=26 step=5766     
                    WARNING  High grad norm: 2677.32 at epoch=26 step=5767     
                    WARNING  High grad norm: 3395.28 at epoch=26 step=5768     
                    WARNING  High grad norm: 2733.98 at epoch=26 step=5769     
[04/19/26 17:44:57] WARNING  High grad norm: 5379.08 at epoch=26 step=5770     
                    WARNING  High grad norm: 2979.88 at epoch=26 step=5771     
                    WARNING  High grad norm: 4981.45 at epoch=26 step=5772     
                    WARNING  High grad norm: 3007.99 at epoch=26 step=5773     
                    WARNING  High grad norm: 4552.69 at epoch=26 step=5774     
[04/19/26 17:44:58] WARNING  High grad norm: 3967.18 at epoch=26 step=5775     
                    WARNING  High grad norm: 1443.37 at epoch=26 step=5776     
                    WARNING  High grad norm: 6785.17 at epoch=26 step=5777     
                    WARNING  High grad norm: 4092.98 at epoch=26 step=5778     
[04/19/26 17:44:59] WARNING  High grad norm: 4095.87 at epoch=26 step=5779     
                    WARNING  High grad norm: 3573.56 at epoch=26 step=5780     
                    WARNING  High grad norm: 2259.84 at epoch=26 step=5781     
                    WARNING  High grad norm: 2216.21 at epoch=26 step=5782     
                    WARNING  High grad norm: 2845.94 at epoch=26 step=5783     
[04/19/26 17:45:00] WARNING  High grad norm: 4196.43 at epoch=26 step=5784     
                    WARNING  High grad norm: 2727.06 at epoch=26 step=5785     
                    WARNING  High grad norm: 2479.93 at epoch=26 step=5786     
                    WARNING  High grad norm: 3875.67 at epoch=26 step=5787     
[04/19/26 17:45:01] WARNING  High grad norm: 3527.00 at epoch=26 step=5788     
                    WARNING  High grad norm: 2865.88 at epoch=26 step=5789     
                    WARNING  High grad norm: 3910.47 at epoch=26 step=5790     
                    WARNING  High grad norm: 5003.92 at epoch=26 step=5791     
                    WARNING  High grad norm: 3872.48 at epoch=26 step=5792     
[04/19/26 17:45:02] WARNING  High grad norm: 3582.82 at epoch=26 step=5793     
                    WARNING  High grad norm: 4265.72 at epoch=26 step=5794     
                    WARNING  High grad norm: 3675.85 at epoch=26 step=5795     
                    WARNING  High grad norm: 2438.93 at epoch=26 step=5796     
                    WARNING  High grad norm: 3671.71 at epoch=26 step=5797     
[04/19/26 17:45:03] INFO     epoch=26 avg_loss=513.2515 lr=9.43e-05            
[04/19/26 17:45:17] WARNING  High grad norm: 6874.22 at epoch=27 step=5798     
                    WARNING  High grad norm: 3216.62 at epoch=27 step=5799     
                    INFO     epoch=27 step=5800 loss=534.3094                  
                             grad_norm=3216.6218 lr=9.42e-05                   
[04/19/26 17:45:18] WARNING  High grad norm: 1906.94 at epoch=27 step=5800     
                    WARNING  High grad norm: 10166.98 at epoch=27 step=5801    
                    WARNING  High grad norm: 5885.18 at epoch=27 step=5802     
                    WARNING  High grad norm: 8224.04 at epoch=27 step=5803     
                    WARNING  High grad norm: 10393.82 at epoch=27 step=5804    
[04/19/26 17:45:19] WARNING  High grad norm: 9121.44 at epoch=27 step=5805     
                    WARNING  High grad norm: 3279.56 at epoch=27 step=5806     
                    WARNING  High grad norm: 8333.18 at epoch=27 step=5807     
                    WARNING  High grad norm: 4267.02 at epoch=27 step=5808     
[04/19/26 17:45:20] WARNING  High grad norm: 7936.09 at epoch=27 step=5809     
                    WARNING  High grad norm: 6556.11 at epoch=27 step=5810     
                    WARNING  High grad norm: 1621.92 at epoch=27 step=5811     
                    WARNING  High grad norm: 7440.87 at epoch=27 step=5812     
                    WARNING  High grad norm: 6600.60 at epoch=27 step=5813     
[04/19/26 17:45:21] WARNING  High grad norm: 7441.69 at epoch=27 step=5814     
                    WARNING  High grad norm: 10004.68 at epoch=27 step=5815    
                    WARNING  High grad norm: 3483.50 at epoch=27 step=5816     
                    WARNING  High grad norm: 12135.70 at epoch=27 step=5817    
[04/19/26 17:45:22] WARNING  High grad norm: 7988.39 at epoch=27 step=5818     
                    WARNING  High grad norm: 2583.60 at epoch=27 step=5819     
                    WARNING  High grad norm: 4670.29 at epoch=27 step=5820     
                    WARNING  High grad norm: 4776.54 at epoch=27 step=5821     
                    WARNING  High grad norm: 4779.15 at epoch=27 step=5822     
[04/19/26 17:45:23] WARNING  High grad norm: 8325.84 at epoch=27 step=5823     
                    WARNING  High grad norm: 1905.50 at epoch=27 step=5824     
                    WARNING  High grad norm: 8832.01 at epoch=27 step=5825     
                    WARNING  High grad norm: 3335.52 at epoch=27 step=5826     
                    WARNING  High grad norm: 6674.38 at epoch=27 step=5827     
[04/19/26 17:45:24] WARNING  High grad norm: 6779.70 at epoch=27 step=5828     
                    WARNING  High grad norm: 1698.53 at epoch=27 step=5829     
                    WARNING  High grad norm: 7045.26 at epoch=27 step=5830     
                    WARNING  High grad norm: 3668.02 at epoch=27 step=5831     
[04/19/26 17:45:25] WARNING  High grad norm: 5144.97 at epoch=27 step=5832     
                    WARNING  High grad norm: 3310.00 at epoch=27 step=5833     
                    WARNING  High grad norm: 2609.08 at epoch=27 step=5834     
                    WARNING  High grad norm: 3305.26 at epoch=27 step=5835     
                    WARNING  High grad norm: 2685.57 at epoch=27 step=5836     
[04/19/26 17:45:26] WARNING  High grad norm: 2653.65 at epoch=27 step=5837     
                    WARNING  High grad norm: 3970.43 at epoch=27 step=5838     
                    WARNING  High grad norm: 4269.24 at epoch=27 step=5839     
                    WARNING  High grad norm: 1908.76 at epoch=27 step=5840     
[04/19/26 17:45:27] WARNING  High grad norm: 3159.56 at epoch=27 step=5841     
                    WARNING  High grad norm: 5481.56 at epoch=27 step=5842     
                    WARNING  High grad norm: 4335.36 at epoch=27 step=5843     
                    WARNING  High grad norm: 1380.20 at epoch=27 step=5844     
                    WARNING  High grad norm: 5000.51 at epoch=27 step=5845     
[04/19/26 17:45:28] WARNING  High grad norm: 1551.43 at epoch=27 step=5846     
                    WARNING  High grad norm: 2373.95 at epoch=27 step=5847     
                    WARNING  High grad norm: 1947.07 at epoch=27 step=5848     
                    WARNING  High grad norm: 6201.77 at epoch=27 step=5849     
[04/19/26 17:45:29] WARNING  High grad norm: 4768.77 at epoch=27 step=5850     
                    WARNING  High grad norm: 3882.62 at epoch=27 step=5851     
                    WARNING  High grad norm: 5530.88 at epoch=27 step=5852     
                    WARNING  High grad norm: 5996.48 at epoch=27 step=5853     
                    WARNING  High grad norm: 4382.01 at epoch=27 step=5854     
[04/19/26 17:45:30] WARNING  High grad norm: 1773.57 at epoch=27 step=5855     
                    WARNING  High grad norm: 4705.25 at epoch=27 step=5856     
                    WARNING  High grad norm: 3252.68 at epoch=27 step=5857     
                    WARNING  High grad norm: 10534.82 at epoch=27 step=5858    
                    WARNING  High grad norm: 11234.84 at epoch=27 step=5859    
[04/19/26 17:45:31] WARNING  High grad norm: 5403.79 at epoch=27 step=5860     
                    WARNING  High grad norm: 5303.91 at epoch=27 step=5861     
                    WARNING  High grad norm: 9595.91 at epoch=27 step=5862     
                    WARNING  High grad norm: 2577.19 at epoch=27 step=5863     
[04/19/26 17:45:32] WARNING  High grad norm: 5740.76 at epoch=27 step=5864     
                    WARNING  High grad norm: 8033.70 at epoch=27 step=5865     
                    WARNING  High grad norm: 3974.99 at epoch=27 step=5866     
                    WARNING  High grad norm: 3379.35 at epoch=27 step=5867     
                    WARNING  High grad norm: 3055.73 at epoch=27 step=5868     
[04/19/26 17:45:33] WARNING  High grad norm: 3691.34 at epoch=27 step=5869     
                    WARNING  High grad norm: 4300.34 at epoch=27 step=5870     
                    WARNING  High grad norm: 3231.48 at epoch=27 step=5871     
                    WARNING  High grad norm: 7415.13 at epoch=27 step=5872     
[04/19/26 17:45:34] WARNING  High grad norm: 5040.14 at epoch=27 step=5873     
                    WARNING  High grad norm: 5891.45 at epoch=27 step=5874     
                    WARNING  High grad norm: 8559.50 at epoch=27 step=5875     
                    WARNING  High grad norm: 1522.86 at epoch=27 step=5876     
                    WARNING  High grad norm: 5512.74 at epoch=27 step=5877     
[04/19/26 17:45:35] WARNING  High grad norm: 1933.81 at epoch=27 step=5878     
                    WARNING  High grad norm: 7801.99 at epoch=27 step=5879     
                    WARNING  High grad norm: 10224.08 at epoch=27 step=5880    
                    WARNING  High grad norm: 3167.24 at epoch=27 step=5881     
[04/19/26 17:45:36] WARNING  High grad norm: 9707.75 at epoch=27 step=5882     
                    WARNING  High grad norm: 9283.56 at epoch=27 step=5883     
                    WARNING  High grad norm: 4173.60 at epoch=27 step=5884     
                    WARNING  High grad norm: 7330.23 at epoch=27 step=5885     
                    WARNING  High grad norm: 11255.44 at epoch=27 step=5886    
[04/19/26 17:45:37] WARNING  High grad norm: 4420.26 at epoch=27 step=5887     
                    WARNING  High grad norm: 9222.62 at epoch=27 step=5888     
                    WARNING  High grad norm: 4507.58 at epoch=27 step=5889     
                    WARNING  High grad norm: 3862.07 at epoch=27 step=5890     
                    WARNING  High grad norm: 3872.59 at epoch=27 step=5891     
[04/19/26 17:45:38] WARNING  High grad norm: 4536.32 at epoch=27 step=5892     
                    WARNING  High grad norm: 2647.88 at epoch=27 step=5893     
                    WARNING  High grad norm: 2408.90 at epoch=27 step=5894     
                    WARNING  High grad norm: 4686.01 at epoch=27 step=5895     
[04/19/26 17:45:39] WARNING  High grad norm: 1841.54 at epoch=27 step=5896     
                    WARNING  High grad norm: 4662.46 at epoch=27 step=5897     
                    WARNING  High grad norm: 4251.05 at epoch=27 step=5898     
                    WARNING  High grad norm: 3224.28 at epoch=27 step=5899     
                    INFO     epoch=27 step=5900 loss=517.8572                  
                             grad_norm=3224.2830 lr=9.14e-05                   
                    WARNING  High grad norm: 4617.39 at epoch=27 step=5900     
[04/19/26 17:45:40] WARNING  High grad norm: 3933.86 at epoch=27 step=5901     
                    WARNING  High grad norm: 1899.75 at epoch=27 step=5902     
                    WARNING  High grad norm: 5135.37 at epoch=27 step=5903     
                    WARNING  High grad norm: 6669.11 at epoch=27 step=5904     
[04/19/26 17:45:41] WARNING  High grad norm: 5832.94 at epoch=27 step=5905     
                    WARNING  High grad norm: 10346.27 at epoch=27 step=5906    
                    WARNING  High grad norm: 2427.29 at epoch=27 step=5907     
                    WARNING  High grad norm: 2508.09 at epoch=27 step=5908     
                    WARNING  High grad norm: 4198.04 at epoch=27 step=5909     
[04/19/26 17:45:42] WARNING  High grad norm: 1522.61 at epoch=27 step=5910     
                    WARNING  High grad norm: 3924.82 at epoch=27 step=5911     
                    WARNING  High grad norm: 2165.00 at epoch=27 step=5912     
                    WARNING  High grad norm: 2584.75 at epoch=27 step=5913     
[04/19/26 17:45:43] WARNING  High grad norm: 4213.40 at epoch=27 step=5914     
                    WARNING  High grad norm: 4928.05 at epoch=27 step=5915     
                    WARNING  High grad norm: 1951.43 at epoch=27 step=5916     
                    WARNING  High grad norm: 1976.00 at epoch=27 step=5917     
                    WARNING  High grad norm: 4447.86 at epoch=27 step=5918     
[04/19/26 17:45:44] WARNING  High grad norm: 1859.40 at epoch=27 step=5919     
                    WARNING  High grad norm: 4609.85 at epoch=27 step=5920     
                    WARNING  High grad norm: 4753.76 at epoch=27 step=5921     
                    WARNING  High grad norm: 2010.57 at epoch=27 step=5922     
[04/19/26 17:45:45] WARNING  High grad norm: 2551.93 at epoch=27 step=5923     
                    WARNING  High grad norm: 3969.28 at epoch=27 step=5924     
                    WARNING  High grad norm: 2799.49 at epoch=27 step=5925     
                    WARNING  High grad norm: 2959.33 at epoch=27 step=5926     
                    WARNING  High grad norm: 4015.06 at epoch=27 step=5927     
[04/19/26 17:45:46] WARNING  High grad norm: 4686.55 at epoch=27 step=5928     
                    WARNING  High grad norm: 5626.72 at epoch=27 step=5929     
                    WARNING  High grad norm: 3815.39 at epoch=27 step=5930     
                    WARNING  High grad norm: 1664.53 at epoch=27 step=5931     
[04/19/26 17:45:47] WARNING  High grad norm: 5294.54 at epoch=27 step=5932     
                    WARNING  High grad norm: 2556.03 at epoch=27 step=5933     
                    WARNING  High grad norm: 3375.03 at epoch=27 step=5934     
                    WARNING  High grad norm: 1671.73 at epoch=27 step=5935     
                    WARNING  High grad norm: 1540.58 at epoch=27 step=5936     
[04/19/26 17:45:48] WARNING  High grad norm: 6233.47 at epoch=27 step=5937     
                    WARNING  High grad norm: 3667.35 at epoch=27 step=5938     
                    WARNING  High grad norm: 10627.50 at epoch=27 step=5939    
                    WARNING  High grad norm: 9703.56 at epoch=27 step=5940     
[04/19/26 17:45:49] WARNING  High grad norm: 5714.65 at epoch=27 step=5941     
                    WARNING  High grad norm: 12119.48 at epoch=27 step=5942    
                    WARNING  High grad norm: 14523.26 at epoch=27 step=5943    
                    WARNING  High grad norm: 5635.02 at epoch=27 step=5944     
                    WARNING  High grad norm: 8155.98 at epoch=27 step=5945     
[04/19/26 17:45:50] WARNING  High grad norm: 13243.64 at epoch=27 step=5946    
                    WARNING  High grad norm: 4870.05 at epoch=27 step=5947     
                    WARNING  High grad norm: 7965.47 at epoch=27 step=5948     
                    WARNING  High grad norm: 15527.80 at epoch=27 step=5949    
[04/19/26 17:45:51] WARNING  High grad norm: 8367.76 at epoch=27 step=5950     
                    WARNING  High grad norm: 4435.73 at epoch=27 step=5951     
                    WARNING  High grad norm: 7582.00 at epoch=27 step=5952     
                    WARNING  High grad norm: 5209.75 at epoch=27 step=5953     
                    WARNING  High grad norm: 5334.56 at epoch=27 step=5954     
[04/19/26 17:45:52] WARNING  High grad norm: 7580.81 at epoch=27 step=5955     
                    WARNING  High grad norm: 1445.78 at epoch=27 step=5956     
                    WARNING  High grad norm: 8408.97 at epoch=27 step=5957     
                    WARNING  High grad norm: 5332.45 at epoch=27 step=5958     
[04/19/26 17:45:53] WARNING  High grad norm: 5657.58 at epoch=27 step=5959     
                    WARNING  High grad norm: 5523.41 at epoch=27 step=5960     
                    WARNING  High grad norm: 4330.48 at epoch=27 step=5961     
                    WARNING  High grad norm: 3798.92 at epoch=27 step=5962     
                    WARNING  High grad norm: 2279.92 at epoch=27 step=5963     
[04/19/26 17:45:54] WARNING  High grad norm: 3418.08 at epoch=27 step=5964     
                    WARNING  High grad norm: 5148.00 at epoch=27 step=5965     
                    WARNING  High grad norm: 3570.50 at epoch=27 step=5966     
                    WARNING  High grad norm: 6109.38 at epoch=27 step=5967     
                    WARNING  High grad norm: 6905.19 at epoch=27 step=5968     
[04/19/26 17:45:55] WARNING  High grad norm: 4286.45 at epoch=27 step=5969     
                    WARNING  High grad norm: 3613.52 at epoch=27 step=5970     
                    WARNING  High grad norm: 5018.58 at epoch=27 step=5971     
                    WARNING  High grad norm: 2220.50 at epoch=27 step=5972     
[04/19/26 17:45:56] WARNING  High grad norm: 3611.27 at epoch=27 step=5973     
                    WARNING  High grad norm: 2740.64 at epoch=27 step=5974     
                    WARNING  High grad norm: 5854.96 at epoch=27 step=5975     
                    WARNING  High grad norm: 6980.90 at epoch=27 step=5976     
                    WARNING  High grad norm: 6651.99 at epoch=27 step=5977     
[04/19/26 17:45:57] WARNING  High grad norm: 5959.06 at epoch=27 step=5978     
                    WARNING  High grad norm: 1719.50 at epoch=27 step=5979     
                    WARNING  High grad norm: 6032.81 at epoch=27 step=5980     
                    WARNING  High grad norm: 3055.35 at epoch=27 step=5981     
[04/19/26 17:45:58] WARNING  High grad norm: 3819.10 at epoch=27 step=5982     
                    WARNING  High grad norm: 3410.18 at epoch=27 step=5983     
                    WARNING  High grad norm: 5499.04 at epoch=27 step=5984     
                    WARNING  High grad norm: 9855.42 at epoch=27 step=5985     
                    WARNING  High grad norm: 3460.68 at epoch=27 step=5986     
[04/19/26 17:45:59] WARNING  High grad norm: 3293.68 at epoch=27 step=5987     
                    WARNING  High grad norm: 4974.25 at epoch=27 step=5988     
                    WARNING  High grad norm: 4907.19 at epoch=27 step=5989     
                    WARNING  High grad norm: 6706.46 at epoch=27 step=5990     
[04/19/26 17:46:00] WARNING  High grad norm: 3684.18 at epoch=27 step=5991     
                    WARNING  High grad norm: 1412.84 at epoch=27 step=5992     
                    WARNING  High grad norm: 4521.94 at epoch=27 step=5993     
                    WARNING  High grad norm: 1919.25 at epoch=27 step=5994     
                    WARNING  High grad norm: 9403.09 at epoch=27 step=5995     
[04/19/26 17:46:01] WARNING  High grad norm: 8256.85 at epoch=27 step=5996     
                    WARNING  High grad norm: 4059.28 at epoch=27 step=5997     
                    WARNING  High grad norm: 8646.92 at epoch=27 step=5998     
                    WARNING  High grad norm: 16464.38 at epoch=27 step=5999    
                    INFO     epoch=27 step=6000 loss=514.0834                  
                             grad_norm=16464.3848 lr=8.86e-05                  
[04/19/26 17:46:02] WARNING  High grad norm: 8374.23 at epoch=27 step=6000     
                    WARNING  High grad norm: 6141.96 at epoch=27 step=6001     
                    WARNING  High grad norm: 6500.73 at epoch=27 step=6002     
                    WARNING  High grad norm: 1556.22 at epoch=27 step=6003     
                    WARNING  High grad norm: 1364.93 at epoch=27 step=6004     
[04/19/26 17:46:03] WARNING  High grad norm: 4277.08 at epoch=27 step=6005     
                    WARNING  High grad norm: 3081.36 at epoch=27 step=6006     
                    WARNING  High grad norm: 5469.61 at epoch=27 step=6007     
                    WARNING  High grad norm: 3964.81 at epoch=27 step=6008     
                    WARNING  High grad norm: 2136.52 at epoch=27 step=6009     
[04/19/26 17:46:04] WARNING  High grad norm: 2424.53 at epoch=27 step=6010     
                    WARNING  High grad norm: 6885.09 at epoch=27 step=6011     
                    WARNING  High grad norm: 5449.90 at epoch=27 step=6012     
                    WARNING  High grad norm: 4291.52 at epoch=27 step=6013     
[04/19/26 17:46:05] WARNING  High grad norm: 6782.91 at epoch=27 step=6014     
                    WARNING  High grad norm: 1899.42 at epoch=27 step=6015     
                    WARNING  High grad norm: 5019.95 at epoch=27 step=6016     
                    WARNING  High grad norm: 4466.63 at epoch=27 step=6017     
                    WARNING  High grad norm: 4129.16 at epoch=27 step=6018     
[04/19/26 17:46:06] WARNING  High grad norm: 1530.95 at epoch=27 step=6019     
                    WARNING  High grad norm: 5863.46 at epoch=27 step=6020     
                    INFO     epoch=27 avg_loss=512.6528 lr=8.80e-05            
[04/19/26 17:46:21] WARNING  High grad norm: 8119.77 at epoch=28 step=6021     
                    WARNING  High grad norm: 2966.36 at epoch=28 step=6022     
[04/19/26 17:46:22] WARNING  High grad norm: 14832.51 at epoch=28 step=6023    
                    WARNING  High grad norm: 11996.79 at epoch=28 step=6024    
                    WARNING  High grad norm: 9976.74 at epoch=28 step=6025     
                    WARNING  High grad norm: 4051.42 at epoch=28 step=6026     
                    WARNING  High grad norm: 15290.49 at epoch=28 step=6027    
[04/19/26 17:46:23] WARNING  High grad norm: 9492.72 at epoch=28 step=6028     
                    WARNING  High grad norm: 4599.75 at epoch=28 step=6029     
                    WARNING  High grad norm: 7151.93 at epoch=28 step=6030     
                    WARNING  High grad norm: 2498.92 at epoch=28 step=6031     
                    WARNING  High grad norm: 8710.49 at epoch=28 step=6032     
[04/19/26 17:46:24] WARNING  High grad norm: 10551.55 at epoch=28 step=6033    
                    WARNING  High grad norm: 5147.35 at epoch=28 step=6034     
                    WARNING  High grad norm: 10845.86 at epoch=28 step=6035    
                    WARNING  High grad norm: 9379.37 at epoch=28 step=6036     
[04/19/26 17:46:25] WARNING  High grad norm: 11441.21 at epoch=28 step=6037    
                    WARNING  High grad norm: 3665.96 at epoch=28 step=6038     
                    WARNING  High grad norm: 6875.53 at epoch=28 step=6039     
                    WARNING  High grad norm: 4040.79 at epoch=28 step=6040     
                    WARNING  High grad norm: 4857.07 at epoch=28 step=6041     
[04/19/26 17:46:26] WARNING  High grad norm: 6598.92 at epoch=28 step=6042     
                    WARNING  High grad norm: 2767.27 at epoch=28 step=6043     
                    WARNING  High grad norm: 7665.55 at epoch=28 step=6044     
                    WARNING  High grad norm: 3589.15 at epoch=28 step=6045     
[04/19/26 17:46:27] WARNING  High grad norm: 5604.76 at epoch=28 step=6046     
                    WARNING  High grad norm: 5403.46 at epoch=28 step=6047     
                    WARNING  High grad norm: 2830.36 at epoch=28 step=6048     
                    WARNING  High grad norm: 3986.62 at epoch=28 step=6049     
                    WARNING  High grad norm: 5264.77 at epoch=28 step=6050     
[04/19/26 17:46:28] WARNING  High grad norm: 1920.66 at epoch=28 step=6051     
                    WARNING  High grad norm: 7281.08 at epoch=28 step=6052     
                    WARNING  High grad norm: 9337.89 at epoch=28 step=6053     
                    WARNING  High grad norm: 2437.12 at epoch=28 step=6054     
[04/19/26 17:46:29] WARNING  High grad norm: 7196.33 at epoch=28 step=6055     
                    WARNING  High grad norm: 3688.19 at epoch=28 step=6056     
                    WARNING  High grad norm: 6870.90 at epoch=28 step=6057     
                    WARNING  High grad norm: 6977.24 at epoch=28 step=6058     
                    WARNING  High grad norm: 4988.20 at epoch=28 step=6059     
[04/19/26 17:46:30] WARNING  High grad norm: 6290.35 at epoch=28 step=6060     
                    WARNING  High grad norm: 11207.49 at epoch=28 step=6061    
                    WARNING  High grad norm: 4456.63 at epoch=28 step=6062     
                    WARNING  High grad norm: 8910.05 at epoch=28 step=6063     
[04/19/26 17:46:31] WARNING  High grad norm: 10546.76 at epoch=28 step=6064    
                    WARNING  High grad norm: 4276.85 at epoch=28 step=6065     
                    WARNING  High grad norm: 7582.39 at epoch=28 step=6066     
                    WARNING  High grad norm: 11299.52 at epoch=28 step=6067    
                    WARNING  High grad norm: 6591.90 at epoch=28 step=6068     
[04/19/26 17:46:32] WARNING  High grad norm: 5454.40 at epoch=28 step=6069     
                    WARNING  High grad norm: 7851.55 at epoch=28 step=6070     
                    WARNING  High grad norm: 3383.08 at epoch=28 step=6071     
                    WARNING  High grad norm: 9077.78 at epoch=28 step=6072     
                    WARNING  High grad norm: 15471.47 at epoch=28 step=6073    
[04/19/26 17:46:33] WARNING  High grad norm: 7852.47 at epoch=28 step=6074     
                    WARNING  High grad norm: 6512.35 at epoch=28 step=6075     
                    WARNING  High grad norm: 12502.56 at epoch=28 step=6076    
                    WARNING  High grad norm: 5501.39 at epoch=28 step=6077     
[04/19/26 17:46:34] WARNING  High grad norm: 8243.68 at epoch=28 step=6078     
                    WARNING  High grad norm: 10813.81 at epoch=28 step=6079    
                    WARNING  High grad norm: 4147.20 at epoch=28 step=6080     
                    WARNING  High grad norm: 8178.50 at epoch=28 step=6081     
                    WARNING  High grad norm: 18670.00 at epoch=28 step=6082    
[04/19/26 17:46:35] WARNING  High grad norm: 8317.93 at epoch=28 step=6083     
                    WARNING  High grad norm: 3767.76 at epoch=28 step=6084     
                    WARNING  High grad norm: 5281.74 at epoch=28 step=6085     
                    WARNING  High grad norm: 2165.35 at epoch=28 step=6086     
[04/19/26 17:46:36] WARNING  High grad norm: 9454.44 at epoch=28 step=6087     
                    WARNING  High grad norm: 9582.89 at epoch=28 step=6088     
                    WARNING  High grad norm: 3096.33 at epoch=28 step=6089     
                    WARNING  High grad norm: 7240.52 at epoch=28 step=6090     
                    WARNING  High grad norm: 13283.92 at epoch=28 step=6091    
[04/19/26 17:46:37] WARNING  High grad norm: 9046.39 at epoch=28 step=6092     
                    WARNING  High grad norm: 4531.79 at epoch=28 step=6093     
                    WARNING  High grad norm: 9649.70 at epoch=28 step=6094     
                    WARNING  High grad norm: 4611.70 at epoch=28 step=6095     
[04/19/26 17:46:38] WARNING  High grad norm: 5070.51 at epoch=28 step=6096     
                    WARNING  High grad norm: 6024.40 at epoch=28 step=6097     
                    WARNING  High grad norm: 3425.50 at epoch=28 step=6098     
                    WARNING  High grad norm: 7597.33 at epoch=28 step=6099     
                    INFO     epoch=28 step=6100 loss=520.6772                  
                             grad_norm=7597.3311 lr=8.58e-05                   
                    WARNING  High grad norm: 6125.73 at epoch=28 step=6100     
[04/19/26 17:46:39] WARNING  High grad norm: 4703.09 at epoch=28 step=6101     
                    WARNING  High grad norm: 3696.04 at epoch=28 step=6102     
                    WARNING  High grad norm: 2188.75 at epoch=28 step=6103     
                    WARNING  High grad norm: 3360.15 at epoch=28 step=6104     
                    WARNING  High grad norm: 3390.23 at epoch=28 step=6105     
[04/19/26 17:46:40] WARNING  High grad norm: 3171.85 at epoch=28 step=6106     
                    WARNING  High grad norm: 2573.28 at epoch=28 step=6107     
                    WARNING  High grad norm: 2268.69 at epoch=28 step=6108     
                    WARNING  High grad norm: 5536.23 at epoch=28 step=6109     
[04/19/26 17:46:41] WARNING  High grad norm: 1741.05 at epoch=28 step=6110     
                    WARNING  High grad norm: 5074.25 at epoch=28 step=6111     
                    WARNING  High grad norm: 8579.64 at epoch=28 step=6112     
                    WARNING  High grad norm: 2044.27 at epoch=28 step=6113     
                    WARNING  High grad norm: 11729.03 at epoch=28 step=6114    
[04/19/26 17:46:42] WARNING  High grad norm: 10316.52 at epoch=28 step=6115    
                    WARNING  High grad norm: 4315.04 at epoch=28 step=6116     
                    WARNING  High grad norm: 7373.23 at epoch=28 step=6117     
                    WARNING  High grad norm: 6740.26 at epoch=28 step=6118     
[04/19/26 17:46:43] WARNING  High grad norm: 3893.18 at epoch=28 step=6119     
                    WARNING  High grad norm: 6671.62 at epoch=28 step=6120     
                    WARNING  High grad norm: 4104.49 at epoch=28 step=6121     
                    WARNING  High grad norm: 5231.46 at epoch=28 step=6122     
                    WARNING  High grad norm: 6166.13 at epoch=28 step=6123     
[04/19/26 17:46:44] WARNING  High grad norm: 2339.01 at epoch=28 step=6124     
                    WARNING  High grad norm: 4302.05 at epoch=28 step=6125     
                    WARNING  High grad norm: 2108.10 at epoch=28 step=6126     
                    WARNING  High grad norm: 1407.90 at epoch=28 step=6127     
[04/19/26 17:46:45] WARNING  High grad norm: 2093.68 at epoch=28 step=6128     
                    WARNING  High grad norm: 2685.58 at epoch=28 step=6129     
                    WARNING  High grad norm: 1228.31 at epoch=28 step=6130     
                    WARNING  High grad norm: 1634.42 at epoch=28 step=6131     
                    WARNING  High grad norm: 2381.53 at epoch=28 step=6132     
[04/19/26 17:46:46] WARNING  High grad norm: 5404.29 at epoch=28 step=6133     
                    WARNING  High grad norm: 2634.76 at epoch=28 step=6134     
                    WARNING  High grad norm: 7567.84 at epoch=28 step=6135     
                    WARNING  High grad norm: 7088.65 at epoch=28 step=6136     
                    WARNING  High grad norm: 3034.71 at epoch=28 step=6137     
[04/19/26 17:46:47] WARNING  High grad norm: 4069.98 at epoch=28 step=6138     
                    WARNING  High grad norm: 4056.37 at epoch=28 step=6139     
                    WARNING  High grad norm: 6541.11 at epoch=28 step=6140     
                    WARNING  High grad norm: 5078.78 at epoch=28 step=6141     
[04/19/26 17:46:48] WARNING  High grad norm: 2742.10 at epoch=28 step=6142     
                    WARNING  High grad norm: 2816.33 at epoch=28 step=6143     
                    WARNING  High grad norm: 3023.73 at epoch=28 step=6144     
                    WARNING  High grad norm: 3478.58 at epoch=28 step=6145     
                    WARNING  High grad norm: 2715.00 at epoch=28 step=6146     
[04/19/26 17:46:49] WARNING  High grad norm: 3690.48 at epoch=28 step=6147     
                    WARNING  High grad norm: 3484.20 at epoch=28 step=6148     
                    WARNING  High grad norm: 4038.95 at epoch=28 step=6149     
                    WARNING  High grad norm: 3301.54 at epoch=28 step=6150     
[04/19/26 17:46:50] WARNING  High grad norm: 1201.53 at epoch=28 step=6151     
                    WARNING  High grad norm: 2670.78 at epoch=28 step=6152     
                    WARNING  High grad norm: 4727.95 at epoch=28 step=6153     
                    WARNING  High grad norm: 1479.83 at epoch=28 step=6154     
                    WARNING  High grad norm: 7613.50 at epoch=28 step=6155     
[04/19/26 17:46:51] WARNING  High grad norm: 6726.94 at epoch=28 step=6156     
                    WARNING  High grad norm: 3821.20 at epoch=28 step=6157     
                    WARNING  High grad norm: 8794.39 at epoch=28 step=6158     
                    WARNING  High grad norm: 5169.78 at epoch=28 step=6159     
[04/19/26 17:46:52] WARNING  High grad norm: 5486.18 at epoch=28 step=6160     
                    WARNING  High grad norm: 2875.82 at epoch=28 step=6161     
                    WARNING  High grad norm: 3315.05 at epoch=28 step=6162     
                    WARNING  High grad norm: 1791.87 at epoch=28 step=6163     
                    WARNING  High grad norm: 2626.92 at epoch=28 step=6164     
[04/19/26 17:46:53] WARNING  High grad norm: 3087.85 at epoch=28 step=6165     
                    WARNING  High grad norm: 2516.12 at epoch=28 step=6166     
                    WARNING  High grad norm: 3257.84 at epoch=28 step=6167     
                    WARNING  High grad norm: 2132.22 at epoch=28 step=6168     
[04/19/26 17:46:54] WARNING  High grad norm: 1897.67 at epoch=28 step=6169     
                    WARNING  High grad norm: 3566.42 at epoch=28 step=6170     
                    WARNING  High grad norm: 2766.20 at epoch=28 step=6171     
                    WARNING  High grad norm: 2304.95 at epoch=28 step=6172     
                    WARNING  High grad norm: 3549.05 at epoch=28 step=6173     
[04/19/26 17:46:55] WARNING  High grad norm: 2612.73 at epoch=28 step=6174     
                    WARNING  High grad norm: 6059.75 at epoch=28 step=6175     
                    WARNING  High grad norm: 5222.54 at epoch=28 step=6176     
                    WARNING  High grad norm: 2517.55 at epoch=28 step=6177     
[04/19/26 17:46:56] WARNING  High grad norm: 3613.40 at epoch=28 step=6178     
                    WARNING  High grad norm: 5194.05 at epoch=28 step=6179     
                    WARNING  High grad norm: 2681.37 at epoch=28 step=6180     
                    WARNING  High grad norm: 3602.90 at epoch=28 step=6181     
                    WARNING  High grad norm: 4506.57 at epoch=28 step=6182     
[04/19/26 17:46:57] WARNING  High grad norm: 1265.57 at epoch=28 step=6183     
                    WARNING  High grad norm: 3082.10 at epoch=28 step=6184     
                    WARNING  High grad norm: 5284.13 at epoch=28 step=6185     
                    WARNING  High grad norm: 5300.86 at epoch=28 step=6186     
                    WARNING  High grad norm: 3441.63 at epoch=28 step=6187     
[04/19/26 17:46:58] WARNING  High grad norm: 4929.19 at epoch=28 step=6188     
                    WARNING  High grad norm: 6213.26 at epoch=28 step=6189     
                    WARNING  High grad norm: 3119.82 at epoch=28 step=6190     
                    WARNING  High grad norm: 3127.13 at epoch=28 step=6191     
[04/19/26 17:46:59] WARNING  High grad norm: 3018.34 at epoch=28 step=6192     
                    WARNING  High grad norm: 4093.37 at epoch=28 step=6193     
                    WARNING  High grad norm: 3580.14 at epoch=28 step=6194     
                    WARNING  High grad norm: 3308.20 at epoch=28 step=6195     
                    WARNING  High grad norm: 4352.29 at epoch=28 step=6196     
[04/19/26 17:47:00] WARNING  High grad norm: 3802.69 at epoch=28 step=6197     
                    WARNING  High grad norm: 2850.44 at epoch=28 step=6198     
                    WARNING  High grad norm: 1812.61 at epoch=28 step=6199     
                    INFO     epoch=28 step=6200 loss=515.8081                  
                             grad_norm=1812.6096 lr=8.31e-05                   
                    WARNING  High grad norm: 2988.23 at epoch=28 step=6200     
[04/19/26 17:47:01] WARNING  High grad norm: 1839.02 at epoch=28 step=6201     
                    WARNING  High grad norm: 6184.26 at epoch=28 step=6202     
                    WARNING  High grad norm: 7130.67 at epoch=28 step=6203     
                    WARNING  High grad norm: 3136.10 at epoch=28 step=6204     
                    WARNING  High grad norm: 1341.05 at epoch=28 step=6205     
[04/19/26 17:47:02] WARNING  High grad norm: 3590.40 at epoch=28 step=6206     
                    WARNING  High grad norm: 3192.70 at epoch=28 step=6207     
                    WARNING  High grad norm: 10374.59 at epoch=28 step=6208    
                    WARNING  High grad norm: 9922.59 at epoch=28 step=6209     
[04/19/26 17:47:03] WARNING  High grad norm: 8810.68 at epoch=28 step=6210     
                    WARNING  High grad norm: 7327.45 at epoch=28 step=6211     
                    WARNING  High grad norm: 11462.14 at epoch=28 step=6212    
                    WARNING  High grad norm: 3822.95 at epoch=28 step=6213     
                    WARNING  High grad norm: 7824.14 at epoch=28 step=6214     
[04/19/26 17:47:04] WARNING  High grad norm: 8988.78 at epoch=28 step=6215     
                    WARNING  High grad norm: 2228.30 at epoch=28 step=6216     
                    WARNING  High grad norm: 12255.04 at epoch=28 step=6217    
                    WARNING  High grad norm: 17912.52 at epoch=28 step=6218    
                    WARNING  High grad norm: 14462.53 at epoch=28 step=6219    
[04/19/26 17:47:05] WARNING  High grad norm: 2488.34 at epoch=28 step=6220     
                    WARNING  High grad norm: 20717.94 at epoch=28 step=6221    
                    WARNING  High grad norm: 27757.61 at epoch=28 step=6222    
                    WARNING  High grad norm: 23647.90 at epoch=28 step=6223    
[04/19/26 17:47:06] WARNING  High grad norm: 13751.63 at epoch=28 step=6224    
                    WARNING  High grad norm: 4191.74 at epoch=28 step=6225     
                    WARNING  High grad norm: 9907.21 at epoch=28 step=6226     
                    WARNING  High grad norm: 12877.03 at epoch=28 step=6227    
                    WARNING  High grad norm: 6270.68 at epoch=28 step=6228     
[04/19/26 17:47:07] WARNING  High grad norm: 8963.14 at epoch=28 step=6229     
                    WARNING  High grad norm: 9324.77 at epoch=28 step=6230     
                    WARNING  High grad norm: 4866.44 at epoch=28 step=6231     
                    WARNING  High grad norm: 5779.54 at epoch=28 step=6232     
[04/19/26 17:47:08] WARNING  High grad norm: 9441.21 at epoch=28 step=6233     
                    WARNING  High grad norm: 4534.29 at epoch=28 step=6234     
                    WARNING  High grad norm: 7344.66 at epoch=28 step=6235     
                    WARNING  High grad norm: 12178.44 at epoch=28 step=6236    
                    WARNING  High grad norm: 5780.23 at epoch=28 step=6237     
[04/19/26 17:47:09] WARNING  High grad norm: 5232.45 at epoch=28 step=6238     
                    WARNING  High grad norm: 8644.10 at epoch=28 step=6239     
                    WARNING  High grad norm: 3379.80 at epoch=28 step=6240     
                    WARNING  High grad norm: 7856.19 at epoch=28 step=6241     
[04/19/26 17:47:10] WARNING  High grad norm: 10242.62 at epoch=28 step=6242    
                    WARNING  High grad norm: 4423.38 at epoch=28 step=6243     
                    INFO     epoch=28 avg_loss=515.7520 lr=8.19e-05            
[04/19/26 17:47:26] WARNING  High grad norm: 10208.45 at epoch=29 step=6244    
                    WARNING  High grad norm: 9142.26 at epoch=29 step=6245     
[04/19/26 17:47:27] WARNING  High grad norm: 8430.33 at epoch=29 step=6246     
                    WARNING  High grad norm: 7384.44 at epoch=29 step=6247     
                    WARNING  High grad norm: 9614.80 at epoch=29 step=6248     
                    WARNING  High grad norm: 4951.81 at epoch=29 step=6249     
[04/19/26 17:47:28] WARNING  High grad norm: 8530.15 at epoch=29 step=6250     
                    WARNING  High grad norm: 8825.72 at epoch=29 step=6251     
                    WARNING  High grad norm: 5771.01 at epoch=29 step=6252     
                    WARNING  High grad norm: 8711.86 at epoch=29 step=6253     
                    WARNING  High grad norm: 10054.85 at epoch=29 step=6254    
[04/19/26 17:47:29] WARNING  High grad norm: 4619.71 at epoch=29 step=6255     
                    WARNING  High grad norm: 6814.79 at epoch=29 step=6256     
                    WARNING  High grad norm: 9749.22 at epoch=29 step=6257     
                    WARNING  High grad norm: 5290.74 at epoch=29 step=6258     
                    WARNING  High grad norm: 7146.46 at epoch=29 step=6259     
[04/19/26 17:47:30] WARNING  High grad norm: 4876.50 at epoch=29 step=6260     
                    WARNING  High grad norm: 6134.44 at epoch=29 step=6261     
                    WARNING  High grad norm: 8659.05 at epoch=29 step=6262     
                    WARNING  High grad norm: 8168.21 at epoch=29 step=6263     
[04/19/26 17:47:31] WARNING  High grad norm: 2536.24 at epoch=29 step=6264     
                    WARNING  High grad norm: 9376.24 at epoch=29 step=6265     
                    WARNING  High grad norm: 12429.83 at epoch=29 step=6266    
                    WARNING  High grad norm: 2872.98 at epoch=29 step=6267     
                    WARNING  High grad norm: 7917.59 at epoch=29 step=6268     
[04/19/26 17:47:32] WARNING  High grad norm: 11872.50 at epoch=29 step=6269    
                    WARNING  High grad norm: 5858.67 at epoch=29 step=6270     
                    WARNING  High grad norm: 4830.66 at epoch=29 step=6271     
                    WARNING  High grad norm: 6679.31 at epoch=29 step=6272     
[04/19/26 17:47:33] WARNING  High grad norm: 5204.37 at epoch=29 step=6273     
                    WARNING  High grad norm: 6615.20 at epoch=29 step=6274     
                    WARNING  High grad norm: 11588.93 at epoch=29 step=6275    
                    WARNING  High grad norm: 2444.15 at epoch=29 step=6276     
                    WARNING  High grad norm: 10021.29 at epoch=29 step=6277    
[04/19/26 17:47:34] WARNING  High grad norm: 8367.17 at epoch=29 step=6278     
                    WARNING  High grad norm: 4739.06 at epoch=29 step=6279     
                    WARNING  High grad norm: 8194.95 at epoch=29 step=6280     
                    WARNING  High grad norm: 10209.12 at epoch=29 step=6281    
[04/19/26 17:47:35] WARNING  High grad norm: 6009.70 at epoch=29 step=6282     
                    WARNING  High grad norm: 4440.80 at epoch=29 step=6283     
                    WARNING  High grad norm: 10198.83 at epoch=29 step=6284    
                    WARNING  High grad norm: 3335.55 at epoch=29 step=6285     
                    WARNING  High grad norm: 3856.34 at epoch=29 step=6286     
[04/19/26 17:47:36] WARNING  High grad norm: 5589.68 at epoch=29 step=6287     
                    WARNING  High grad norm: 1281.72 at epoch=29 step=6288     
                    WARNING  High grad norm: 3893.83 at epoch=29 step=6289     
                    WARNING  High grad norm: 3543.85 at epoch=29 step=6290     
[04/19/26 17:47:37] WARNING  High grad norm: 5788.37 at epoch=29 step=6291     
                    WARNING  High grad norm: 4523.03 at epoch=29 step=6292     
                    WARNING  High grad norm: 2524.59 at epoch=29 step=6293     
                    WARNING  High grad norm: 10374.65 at epoch=29 step=6294    
                    WARNING  High grad norm: 9392.55 at epoch=29 step=6295     
[04/19/26 17:47:38] WARNING  High grad norm: 2581.70 at epoch=29 step=6296     
                    WARNING  High grad norm: 8625.60 at epoch=29 step=6297     
                    WARNING  High grad norm: 18006.47 at epoch=29 step=6298    
                    WARNING  High grad norm: 21346.45 at epoch=29 step=6299    
                    INFO     epoch=29 step=6300 loss=503.1901                  
                             grad_norm=21346.4492 lr=8.03e-05                  
                    WARNING  High grad norm: 6906.69 at epoch=29 step=6300     
[04/19/26 17:47:39] WARNING  High grad norm: 7859.86 at epoch=29 step=6301     
                    WARNING  High grad norm: 13802.02 at epoch=29 step=6302    
                    WARNING  High grad norm: 13841.80 at epoch=29 step=6303    
                    WARNING  High grad norm: 9397.08 at epoch=29 step=6304     
[04/19/26 17:47:40] WARNING  High grad norm: 5247.63 at epoch=29 step=6305     
                    WARNING  High grad norm: 9900.94 at epoch=29 step=6306     
                    WARNING  High grad norm: 11619.51 at epoch=29 step=6307    
                    WARNING  High grad norm: 4916.23 at epoch=29 step=6308     
                    WARNING  High grad norm: 5230.73 at epoch=29 step=6309     
[04/19/26 17:47:41] WARNING  High grad norm: 2213.94 at epoch=29 step=6310     
                    WARNING  High grad norm: 3443.27 at epoch=29 step=6311     
                    WARNING  High grad norm: 3891.40 at epoch=29 step=6312     
                    WARNING  High grad norm: 4943.25 at epoch=29 step=6313     
[04/19/26 17:47:42] WARNING  High grad norm: 6100.18 at epoch=29 step=6314     
                    WARNING  High grad norm: 2801.93 at epoch=29 step=6315     
                    WARNING  High grad norm: 3187.68 at epoch=29 step=6316     
                    WARNING  High grad norm: 2158.47 at epoch=29 step=6317     
                    WARNING  High grad norm: 6190.59 at epoch=29 step=6318     
[04/19/26 17:47:43] WARNING  High grad norm: 3972.33 at epoch=29 step=6319     
                    WARNING  High grad norm: 3880.47 at epoch=29 step=6320     
                    WARNING  High grad norm: 5363.19 at epoch=29 step=6321     
                    WARNING  High grad norm: 2676.12 at epoch=29 step=6322     
[04/19/26 17:47:44] WARNING  High grad norm: 1081.08 at epoch=29 step=6323     
                    WARNING  High grad norm: 1862.54 at epoch=29 step=6324     
                    WARNING  High grad norm: 5685.92 at epoch=29 step=6325     
                    WARNING  High grad norm: 3406.89 at epoch=29 step=6326     
                    WARNING  High grad norm: 1550.27 at epoch=29 step=6327     
[04/19/26 17:47:45] WARNING  High grad norm: 8890.98 at epoch=29 step=6328     
                    WARNING  High grad norm: 11833.58 at epoch=29 step=6329    
                    WARNING  High grad norm: 4104.19 at epoch=29 step=6330     
                    WARNING  High grad norm: 5282.80 at epoch=29 step=6331     
                    WARNING  High grad norm: 2341.38 at epoch=29 step=6332     
[04/19/26 17:47:46] WARNING  High grad norm: 3255.37 at epoch=29 step=6333     
                    WARNING  High grad norm: 2384.04 at epoch=29 step=6334     
                    WARNING  High grad norm: 7758.19 at epoch=29 step=6335     
                    WARNING  High grad norm: 10654.74 at epoch=29 step=6336    
[04/19/26 17:47:47] WARNING  High grad norm: 4519.01 at epoch=29 step=6337     
                    WARNING  High grad norm: 3169.39 at epoch=29 step=6338     
                    WARNING  High grad norm: 4981.79 at epoch=29 step=6339     
                    WARNING  High grad norm: 1952.08 at epoch=29 step=6340     
                    WARNING  High grad norm: 1871.98 at epoch=29 step=6341     
[04/19/26 17:47:48] WARNING  High grad norm: 4516.12 at epoch=29 step=6342     
                    WARNING  High grad norm: 4042.60 at epoch=29 step=6343     
                    WARNING  High grad norm: 5343.83 at epoch=29 step=6344     
                    WARNING  High grad norm: 12391.10 at epoch=29 step=6345    
[04/19/26 17:47:49] WARNING  High grad norm: 4684.00 at epoch=29 step=6346     
                    WARNING  High grad norm: 4934.86 at epoch=29 step=6347     
                    WARNING  High grad norm: 8993.15 at epoch=29 step=6348     
                    WARNING  High grad norm: 4905.76 at epoch=29 step=6349     
                    WARNING  High grad norm: 7751.84 at epoch=29 step=6350     
[04/19/26 17:47:50] WARNING  High grad norm: 12150.03 at epoch=29 step=6351    
                    WARNING  High grad norm: 6879.30 at epoch=29 step=6352     
                    WARNING  High grad norm: 2195.35 at epoch=29 step=6353     
                    WARNING  High grad norm: 8688.95 at epoch=29 step=6354     
[04/19/26 17:47:51] WARNING  High grad norm: 10118.51 at epoch=29 step=6355    
                    WARNING  High grad norm: 4272.89 at epoch=29 step=6356     
                    WARNING  High grad norm: 7099.20 at epoch=29 step=6357     
                    WARNING  High grad norm: 7892.48 at epoch=29 step=6358     
                    WARNING  High grad norm: 6039.64 at epoch=29 step=6359     
[04/19/26 17:47:52] WARNING  High grad norm: 4002.96 at epoch=29 step=6360     
                    WARNING  High grad norm: 7546.57 at epoch=29 step=6361     
                    WARNING  High grad norm: 2665.88 at epoch=29 step=6362     
                    WARNING  High grad norm: 6638.73 at epoch=29 step=6363     
[04/19/26 17:47:53] WARNING  High grad norm: 6285.70 at epoch=29 step=6364     
                    WARNING  High grad norm: 1802.11 at epoch=29 step=6365     
                    WARNING  High grad norm: 7675.75 at epoch=29 step=6366     
                    WARNING  High grad norm: 4487.35 at epoch=29 step=6367     
                    WARNING  High grad norm: 6454.19 at epoch=29 step=6368     
[04/19/26 17:47:54] WARNING  High grad norm: 8927.92 at epoch=29 step=6369     
                    WARNING  High grad norm: 5766.92 at epoch=29 step=6370     
                    WARNING  High grad norm: 4349.04 at epoch=29 step=6371     
                    WARNING  High grad norm: 5930.44 at epoch=29 step=6372     
[04/19/26 17:47:55] WARNING  High grad norm: 1534.42 at epoch=29 step=6373     
                    WARNING  High grad norm: 1703.94 at epoch=29 step=6374     
                    WARNING  High grad norm: 3446.26 at epoch=29 step=6375     
                    WARNING  High grad norm: 2610.79 at epoch=29 step=6376     
                    WARNING  High grad norm: 5278.32 at epoch=29 step=6377     
[04/19/26 17:47:56] WARNING  High grad norm: 6835.48 at epoch=29 step=6378     
                    WARNING  High grad norm: 3339.90 at epoch=29 step=6379     
                    WARNING  High grad norm: 3751.49 at epoch=29 step=6380     
                    WARNING  High grad norm: 1766.64 at epoch=29 step=6381     
                    WARNING  High grad norm: 4885.60 at epoch=29 step=6382     
[04/19/26 17:47:57] WARNING  High grad norm: 2165.52 at epoch=29 step=6383     
                    WARNING  High grad norm: 3129.48 at epoch=29 step=6384     
                    WARNING  High grad norm: 3100.45 at epoch=29 step=6385     
                    WARNING  High grad norm: 1426.12 at epoch=29 step=6386     
[04/19/26 17:47:58] WARNING  High grad norm: 4710.46 at epoch=29 step=6387     
                    WARNING  High grad norm: 5577.24 at epoch=29 step=6388     
                    WARNING  High grad norm: 4904.97 at epoch=29 step=6389     
                    WARNING  High grad norm: 5744.91 at epoch=29 step=6390     
                    WARNING  High grad norm: 2393.43 at epoch=29 step=6391     
[04/19/26 17:47:59] WARNING  High grad norm: 4944.05 at epoch=29 step=6392     
                    WARNING  High grad norm: 9418.85 at epoch=29 step=6393     
                    WARNING  High grad norm: 3331.24 at epoch=29 step=6394     
                    WARNING  High grad norm: 7820.36 at epoch=29 step=6395     
[04/19/26 17:48:00] WARNING  High grad norm: 7286.84 at epoch=29 step=6396     
                    WARNING  High grad norm: 1752.13 at epoch=29 step=6397     
                    WARNING  High grad norm: 7826.87 at epoch=29 step=6398     
                    WARNING  High grad norm: 3188.00 at epoch=29 step=6399     
                    INFO     epoch=29 step=6400 loss=506.2101                  
                             grad_norm=3187.9993 lr=7.76e-05                   
                    WARNING  High grad norm: 5526.20 at epoch=29 step=6400     
[04/19/26 17:48:01] WARNING  High grad norm: 3691.96 at epoch=29 step=6401     
                    WARNING  High grad norm: 4690.38 at epoch=29 step=6402     
                    WARNING  High grad norm: 4938.60 at epoch=29 step=6403     
                    WARNING  High grad norm: 1390.05 at epoch=29 step=6404     
[04/19/26 17:48:02] WARNING  High grad norm: 3117.57 at epoch=29 step=6405     
                    WARNING  High grad norm: 3423.32 at epoch=29 step=6406     
                    WARNING  High grad norm: 1913.22 at epoch=29 step=6407     
                    WARNING  High grad norm: 2588.15 at epoch=29 step=6408     
                    WARNING  High grad norm: 3279.04 at epoch=29 step=6409     
[04/19/26 17:48:03] WARNING  High grad norm: 5488.51 at epoch=29 step=6410     
                    WARNING  High grad norm: 5678.96 at epoch=29 step=6411     
                    WARNING  High grad norm: 2148.35 at epoch=29 step=6412     
                    WARNING  High grad norm: 4154.99 at epoch=29 step=6413     
[04/19/26 17:48:04] WARNING  High grad norm: 1350.61 at epoch=29 step=6414     
                    WARNING  High grad norm: 1530.80 at epoch=29 step=6415     
                    WARNING  High grad norm: 2262.79 at epoch=29 step=6416     
                    WARNING  High grad norm: 3577.14 at epoch=29 step=6417     
                    WARNING  High grad norm: 4602.62 at epoch=29 step=6418     
[04/19/26 17:48:05] WARNING  High grad norm: 1981.16 at epoch=29 step=6419     
                    WARNING  High grad norm: 4384.18 at epoch=29 step=6420     
                    WARNING  High grad norm: 3176.46 at epoch=29 step=6421     
                    WARNING  High grad norm: 8045.01 at epoch=29 step=6422     
[04/19/26 17:48:06] WARNING  High grad norm: 12534.72 at epoch=29 step=6423    
                    WARNING  High grad norm: 5249.21 at epoch=29 step=6424     
                    WARNING  High grad norm: 1926.92 at epoch=29 step=6425     
                    WARNING  High grad norm: 2025.25 at epoch=29 step=6426     
                    WARNING  High grad norm: 2345.04 at epoch=29 step=6427     
[04/19/26 17:48:07] WARNING  High grad norm: 2518.25 at epoch=29 step=6428     
                    WARNING  High grad norm: 2768.50 at epoch=29 step=6429     
                    WARNING  High grad norm: 6815.04 at epoch=29 step=6430     
                    WARNING  High grad norm: 8092.20 at epoch=29 step=6431     
                    WARNING  High grad norm: 1604.47 at epoch=29 step=6432     
[04/19/26 17:48:08] WARNING  High grad norm: 3825.34 at epoch=29 step=6433     
                    WARNING  High grad norm: 2755.76 at epoch=29 step=6434     
                    WARNING  High grad norm: 2695.08 at epoch=29 step=6435     
                    WARNING  High grad norm: 5453.64 at epoch=29 step=6436     
[04/19/26 17:48:09] WARNING  High grad norm: 9396.24 at epoch=29 step=6437     
                    WARNING  High grad norm: 4414.42 at epoch=29 step=6438     
                    WARNING  High grad norm: 6419.50 at epoch=29 step=6439     
                    WARNING  High grad norm: 12702.71 at epoch=29 step=6440    
                    WARNING  High grad norm: 6033.10 at epoch=29 step=6441     
[04/19/26 17:48:10] WARNING  High grad norm: 1904.43 at epoch=29 step=6442     
                    WARNING  High grad norm: 3099.12 at epoch=29 step=6443     
                    WARNING  High grad norm: 3703.95 at epoch=29 step=6444     
                    WARNING  High grad norm: 1680.75 at epoch=29 step=6445     
[04/19/26 17:48:11] WARNING  High grad norm: 6874.78 at epoch=29 step=6446     
                    WARNING  High grad norm: 7310.39 at epoch=29 step=6447     
                    WARNING  High grad norm: 4725.38 at epoch=29 step=6448     
                    WARNING  High grad norm: 8034.32 at epoch=29 step=6449     
                    WARNING  High grad norm: 10221.70 at epoch=29 step=6450    
[04/19/26 17:48:12] WARNING  High grad norm: 6096.95 at epoch=29 step=6451     
                    WARNING  High grad norm: 3466.90 at epoch=29 step=6452     
                    WARNING  High grad norm: 5818.02 at epoch=29 step=6453     
                    WARNING  High grad norm: 3184.52 at epoch=29 step=6454     
[04/19/26 17:48:13] WARNING  High grad norm: 6442.98 at epoch=29 step=6455     
                    WARNING  High grad norm: 7818.04 at epoch=29 step=6456     
                    WARNING  High grad norm: 2536.21 at epoch=29 step=6457     
                    WARNING  High grad norm: 10655.15 at epoch=29 step=6458    
                    WARNING  High grad norm: 12088.19 at epoch=29 step=6459    
[04/19/26 17:48:14] WARNING  High grad norm: 6304.42 at epoch=29 step=6460     
                    WARNING  High grad norm: 3933.54 at epoch=29 step=6461     
                    WARNING  High grad norm: 6009.87 at epoch=29 step=6462     
                    WARNING  High grad norm: 3222.32 at epoch=29 step=6463     
[04/19/26 17:48:15] WARNING  High grad norm: 6074.80 at epoch=29 step=6464     
                    WARNING  High grad norm: 5844.69 at epoch=29 step=6465     
                    WARNING  High grad norm: 1369.31 at epoch=29 step=6466     
[04/19/26 17:48:16] INFO     epoch=29 avg_loss=499.9622 lr=7.58e-05            
[04/19/26 17:48:32] WARNING  High grad norm: 8956.78 at epoch=30 step=6467     
                    WARNING  High grad norm: 6997.03 at epoch=30 step=6468     
                    WARNING  High grad norm: 3634.23 at epoch=30 step=6469     
                    WARNING  High grad norm: 6445.58 at epoch=30 step=6470     
                    WARNING  High grad norm: 5904.23 at epoch=30 step=6471     
[04/19/26 17:48:33] WARNING  High grad norm: 3069.17 at epoch=30 step=6472     
                    WARNING  High grad norm: 3330.15 at epoch=30 step=6473     
                    WARNING  High grad norm: 2033.55 at epoch=30 step=6474     
                    WARNING  High grad norm: 1857.57 at epoch=30 step=6475     
                    WARNING  High grad norm: 2013.87 at epoch=30 step=6476     
[04/19/26 17:48:34] WARNING  High grad norm: 3146.20 at epoch=30 step=6477     
                    WARNING  High grad norm: 2498.02 at epoch=30 step=6478     
                    WARNING  High grad norm: 2204.68 at epoch=30 step=6479     
                    WARNING  High grad norm: 3707.01 at epoch=30 step=6480     
[04/19/26 17:48:35] WARNING  High grad norm: 2318.88 at epoch=30 step=6481     
                    WARNING  High grad norm: 2929.42 at epoch=30 step=6482     
                    WARNING  High grad norm: 2153.87 at epoch=30 step=6483     
                    WARNING  High grad norm: 2562.63 at epoch=30 step=6484     
                    WARNING  High grad norm: 3707.55 at epoch=30 step=6485     
[04/19/26 17:48:36] WARNING  High grad norm: 4341.33 at epoch=30 step=6486     
                    WARNING  High grad norm: 2256.34 at epoch=30 step=6487     
                    WARNING  High grad norm: 7039.12 at epoch=30 step=6488     
                    WARNING  High grad norm: 9393.88 at epoch=30 step=6489     
[04/19/26 17:48:37] WARNING  High grad norm: 4046.16 at epoch=30 step=6490     
                    WARNING  High grad norm: 7137.89 at epoch=30 step=6491     
                    WARNING  High grad norm: 8684.55 at epoch=30 step=6492     
                    WARNING  High grad norm: 7087.60 at epoch=30 step=6493     
                    WARNING  High grad norm: 5029.36 at epoch=30 step=6494     
[04/19/26 17:48:38] WARNING  High grad norm: 8308.95 at epoch=30 step=6495     
                    WARNING  High grad norm: 3022.65 at epoch=30 step=6496     
                    WARNING  High grad norm: 6778.25 at epoch=30 step=6497     
                    WARNING  High grad norm: 10058.54 at epoch=30 step=6498    
[04/19/26 17:48:39] WARNING  High grad norm: 4464.07 at epoch=30 step=6499     
                    INFO     epoch=30 step=6500 loss=497.6683                  
                             grad_norm=4464.0718 lr=7.49e-05                   
                    WARNING  High grad norm: 8900.88 at epoch=30 step=6500     
                    WARNING  High grad norm: 11745.88 at epoch=30 step=6501    
                    WARNING  High grad norm: 7083.55 at epoch=30 step=6502     
                    WARNING  High grad norm: 4027.84 at epoch=30 step=6503     
[04/19/26 17:48:40] WARNING  High grad norm: 6123.00 at epoch=30 step=6504     
                    WARNING  High grad norm: 3083.79 at epoch=30 step=6505     
                    WARNING  High grad norm: 6679.34 at epoch=30 step=6506     
                    WARNING  High grad norm: 9353.63 at epoch=30 step=6507     
[04/19/26 17:48:41] WARNING  High grad norm: 3887.38 at epoch=30 step=6508     
                    WARNING  High grad norm: 4919.67 at epoch=30 step=6509     
                    WARNING  High grad norm: 7233.47 at epoch=30 step=6510     
                    WARNING  High grad norm: 3552.23 at epoch=30 step=6511     
                    WARNING  High grad norm: 6660.31 at epoch=30 step=6512     
[04/19/26 17:48:42] WARNING  High grad norm: 13091.61 at epoch=30 step=6513    
                    WARNING  High grad norm: 4695.28 at epoch=30 step=6514     
                    WARNING  High grad norm: 5354.94 at epoch=30 step=6515     
                    WARNING  High grad norm: 10358.22 at epoch=30 step=6516    
                    WARNING  High grad norm: 4252.36 at epoch=30 step=6517     
[04/19/26 17:48:43] WARNING  High grad norm: 5426.29 at epoch=30 step=6518     
                    WARNING  High grad norm: 7459.29 at epoch=30 step=6519     
                    WARNING  High grad norm: 4856.74 at epoch=30 step=6520     
                    WARNING  High grad norm: 3744.36 at epoch=30 step=6521     
[04/19/26 17:48:44] WARNING  High grad norm: 9025.25 at epoch=30 step=6522     
                    WARNING  High grad norm: 2960.59 at epoch=30 step=6523     
                    WARNING  High grad norm: 7134.49 at epoch=30 step=6524     
                    WARNING  High grad norm: 9499.36 at epoch=30 step=6525     
                    WARNING  High grad norm: 4865.48 at epoch=30 step=6526     
[04/19/26 17:48:45] WARNING  High grad norm: 4411.61 at epoch=30 step=6527     
                    WARNING  High grad norm: 11021.40 at epoch=30 step=6528    
                    WARNING  High grad norm: 5138.38 at epoch=30 step=6529     
                    WARNING  High grad norm: 6293.45 at epoch=30 step=6530     
[04/19/26 17:48:46] WARNING  High grad norm: 8461.82 at epoch=30 step=6531     
                    WARNING  High grad norm: 4382.82 at epoch=30 step=6532     
                    WARNING  High grad norm: 6325.44 at epoch=30 step=6533     
                    WARNING  High grad norm: 13114.47 at epoch=30 step=6534    
                    WARNING  High grad norm: 5944.41 at epoch=30 step=6535     
[04/19/26 17:48:47] WARNING  High grad norm: 4823.89 at epoch=30 step=6536     
                    WARNING  High grad norm: 8502.27 at epoch=30 step=6537     
                    WARNING  High grad norm: 5033.44 at epoch=30 step=6538     
                    WARNING  High grad norm: 4330.47 at epoch=30 step=6539     
[04/19/26 17:48:48] WARNING  High grad norm: 7519.63 at epoch=30 step=6540     
                    WARNING  High grad norm: 3927.89 at epoch=30 step=6541     
                    WARNING  High grad norm: 6426.51 at epoch=30 step=6542     
                    WARNING  High grad norm: 8374.11 at epoch=30 step=6543     
                    WARNING  High grad norm: 3683.35 at epoch=30 step=6544     
[04/19/26 17:48:49] WARNING  High grad norm: 8599.68 at epoch=30 step=6545     
                    WARNING  High grad norm: 8084.46 at epoch=30 step=6546     
                    WARNING  High grad norm: 4316.11 at epoch=30 step=6547     
                    WARNING  High grad norm: 9453.27 at epoch=30 step=6548     
[04/19/26 17:48:50] WARNING  High grad norm: 11999.15 at epoch=30 step=6549    
                    WARNING  High grad norm: 5842.00 at epoch=30 step=6550     
                    WARNING  High grad norm: 4386.99 at epoch=30 step=6551     
                    WARNING  High grad norm: 7878.16 at epoch=30 step=6552     
                    WARNING  High grad norm: 461.21 at epoch=30 step=6553      
[04/19/26 17:48:51] WARNING  High grad norm: 1232.43 at epoch=30 step=6554     
                    WARNING  High grad norm: 2118.79 at epoch=30 step=6555     
                    WARNING  High grad norm: 1427.12 at epoch=30 step=6556     
                    WARNING  High grad norm: 2620.49 at epoch=30 step=6557     
                    WARNING  High grad norm: 1236.38 at epoch=30 step=6558     
[04/19/26 17:48:52] WARNING  High grad norm: 1868.59 at epoch=30 step=6559     
                    WARNING  High grad norm: 3502.11 at epoch=30 step=6560     
                    WARNING  High grad norm: 1709.03 at epoch=30 step=6561     
                    WARNING  High grad norm: 5561.78 at epoch=30 step=6562     
[04/19/26 17:48:53] WARNING  High grad norm: 6667.78 at epoch=30 step=6563     
                    WARNING  High grad norm: 2868.42 at epoch=30 step=6564     
                    WARNING  High grad norm: 6470.64 at epoch=30 step=6565     
                    WARNING  High grad norm: 5484.37 at epoch=30 step=6566     
                    WARNING  High grad norm: 2493.27 at epoch=30 step=6567     
[04/19/26 17:48:54] WARNING  High grad norm: 2223.36 at epoch=30 step=6568     
                    WARNING  High grad norm: 2921.50 at epoch=30 step=6569     
                    WARNING  High grad norm: 5169.70 at epoch=30 step=6570     
                    WARNING  High grad norm: 5698.57 at epoch=30 step=6571     
[04/19/26 17:48:55] WARNING  High grad norm: 1662.09 at epoch=30 step=6572     
                    WARNING  High grad norm: 9076.40 at epoch=30 step=6573     
                    WARNING  High grad norm: 7668.32 at epoch=30 step=6574     
                    WARNING  High grad norm: 9592.77 at epoch=30 step=6575     
[04/19/26 17:48:56] WARNING  High grad norm: 5350.97 at epoch=30 step=6576     
                    WARNING  High grad norm: 6140.25 at epoch=30 step=6577     
                    WARNING  High grad norm: 4729.10 at epoch=30 step=6578     
                    WARNING  High grad norm: 3986.26 at epoch=30 step=6579     
                    WARNING  High grad norm: 9026.69 at epoch=30 step=6580     
[04/19/26 17:48:57] WARNING  High grad norm: 3790.96 at epoch=30 step=6581     
                    WARNING  High grad norm: 6050.56 at epoch=30 step=6582     
                    WARNING  High grad norm: 10993.80 at epoch=30 step=6583    
                    WARNING  High grad norm: 5384.41 at epoch=30 step=6584     
[04/19/26 17:48:58] WARNING  High grad norm: 5078.26 at epoch=30 step=6585     
                    WARNING  High grad norm: 6313.52 at epoch=30 step=6586     
                    WARNING  High grad norm: 4250.53 at epoch=30 step=6587     
                    WARNING  High grad norm: 5669.94 at epoch=30 step=6588     
                    WARNING  High grad norm: 9236.02 at epoch=30 step=6589     
[04/19/26 17:48:59] WARNING  High grad norm: 4212.92 at epoch=30 step=6590     
                    WARNING  High grad norm: 7903.42 at epoch=30 step=6591     
                    WARNING  High grad norm: 7286.18 at epoch=30 step=6592     
                    WARNING  High grad norm: 5713.93 at epoch=30 step=6593     
                    WARNING  High grad norm: 4058.69 at epoch=30 step=6594     
[04/19/26 17:49:00] WARNING  High grad norm: 11345.61 at epoch=30 step=6595    
                    WARNING  High grad norm: 3385.18 at epoch=30 step=6596     
                    WARNING  High grad norm: 4980.22 at epoch=30 step=6597     
                    WARNING  High grad norm: 4962.05 at epoch=30 step=6598     
[04/19/26 17:49:01] WARNING  High grad norm: 3964.28 at epoch=30 step=6599     
                    INFO     epoch=30 step=6600 loss=498.7854                  
                             grad_norm=3964.2783 lr=7.22e-05                   
                    WARNING  High grad norm: 6983.47 at epoch=30 step=6600     
                    WARNING  High grad norm: 8545.94 at epoch=30 step=6601     
                    WARNING  High grad norm: 3492.21 at epoch=30 step=6602     
                    WARNING  High grad norm: 9429.40 at epoch=30 step=6603     
[04/19/26 17:49:02] WARNING  High grad norm: 9067.53 at epoch=30 step=6604     
                    WARNING  High grad norm: 4709.25 at epoch=30 step=6605     
                    WARNING  High grad norm: 5289.10 at epoch=30 step=6606     
                    WARNING  High grad norm: 8447.25 at epoch=30 step=6607     
[04/19/26 17:49:03] WARNING  High grad norm: 2646.58 at epoch=30 step=6608     
                    WARNING  High grad norm: 5901.15 at epoch=30 step=6609     
                    WARNING  High grad norm: 9658.19 at epoch=30 step=6610     
                    WARNING  High grad norm: 7660.39 at epoch=30 step=6611     
                    WARNING  High grad norm: 3489.01 at epoch=30 step=6612     
[04/19/26 17:49:04] WARNING  High grad norm: 6432.91 at epoch=30 step=6613     
                    WARNING  High grad norm: 2466.07 at epoch=30 step=6614     
                    WARNING  High grad norm: 5682.99 at epoch=30 step=6615     
                    WARNING  High grad norm: 4553.53 at epoch=30 step=6616     
[04/19/26 17:49:05] WARNING  High grad norm: 2302.62 at epoch=30 step=6617     
                    WARNING  High grad norm: 3220.84 at epoch=30 step=6618     
                    WARNING  High grad norm: 4143.67 at epoch=30 step=6619     
                    WARNING  High grad norm: 2682.78 at epoch=30 step=6620     
                    WARNING  High grad norm: 4264.80 at epoch=30 step=6621     
[04/19/26 17:49:06] WARNING  High grad norm: 6675.35 at epoch=30 step=6622     
                    WARNING  High grad norm: 2223.83 at epoch=30 step=6623     
                    WARNING  High grad norm: 6004.37 at epoch=30 step=6624     
                    WARNING  High grad norm: 4197.58 at epoch=30 step=6625     
[04/19/26 17:49:07] WARNING  High grad norm: 1526.20 at epoch=30 step=6626     
                    WARNING  High grad norm: 3990.00 at epoch=30 step=6627     
                    WARNING  High grad norm: 7007.99 at epoch=30 step=6628     
                    WARNING  High grad norm: 3003.36 at epoch=30 step=6629     
                    WARNING  High grad norm: 3903.12 at epoch=30 step=6630     
[04/19/26 17:49:08] WARNING  High grad norm: 5559.11 at epoch=30 step=6631     
                    WARNING  High grad norm: 3380.22 at epoch=30 step=6632     
                    WARNING  High grad norm: 3335.74 at epoch=30 step=6633     
                    WARNING  High grad norm: 4835.82 at epoch=30 step=6634     
[04/19/26 17:49:09] WARNING  High grad norm: 3936.12 at epoch=30 step=6635     
                    WARNING  High grad norm: 3472.25 at epoch=30 step=6636     
                    WARNING  High grad norm: 4001.82 at epoch=30 step=6637     
                    WARNING  High grad norm: 3844.03 at epoch=30 step=6638     
                    WARNING  High grad norm: 1542.97 at epoch=30 step=6639     
[04/19/26 17:49:10] WARNING  High grad norm: 6974.96 at epoch=30 step=6640     
                    WARNING  High grad norm: 4636.61 at epoch=30 step=6641     
                    WARNING  High grad norm: 1859.93 at epoch=30 step=6642     
                    WARNING  High grad norm: 4673.02 at epoch=30 step=6643     
[04/19/26 17:49:11] WARNING  High grad norm: 2960.01 at epoch=30 step=6644     
                    WARNING  High grad norm: 2559.09 at epoch=30 step=6645     
                    WARNING  High grad norm: 1725.62 at epoch=30 step=6646     
                    WARNING  High grad norm: 1761.46 at epoch=30 step=6647     
                    WARNING  High grad norm: 2779.82 at epoch=30 step=6648     
[04/19/26 17:49:12] WARNING  High grad norm: 3289.61 at epoch=30 step=6649     
                    WARNING  High grad norm: 1699.36 at epoch=30 step=6650     
                    WARNING  High grad norm: 2673.13 at epoch=30 step=6651     
                    WARNING  High grad norm: 4106.08 at epoch=30 step=6652     
[04/19/26 17:49:13] WARNING  High grad norm: 2249.09 at epoch=30 step=6653     
                    WARNING  High grad norm: 2892.53 at epoch=30 step=6654     
                    WARNING  High grad norm: 2993.16 at epoch=30 step=6655     
                    WARNING  High grad norm: 2012.10 at epoch=30 step=6656     
                    WARNING  High grad norm: 4851.03 at epoch=30 step=6657     
[04/19/26 17:49:14] WARNING  High grad norm: 2756.24 at epoch=30 step=6658     
                    WARNING  High grad norm: 2464.20 at epoch=30 step=6659     
                    WARNING  High grad norm: 4572.31 at epoch=30 step=6660     
                    WARNING  High grad norm: 2820.20 at epoch=30 step=6661     
[04/19/26 17:49:15] WARNING  High grad norm: 4367.93 at epoch=30 step=6662     
                    WARNING  High grad norm: 2879.75 at epoch=30 step=6663     
                    WARNING  High grad norm: 3273.91 at epoch=30 step=6664     
                    WARNING  High grad norm: 3749.53 at epoch=30 step=6665     
                    WARNING  High grad norm: 2156.44 at epoch=30 step=6666     
[04/19/26 17:49:16] WARNING  High grad norm: 2003.40 at epoch=30 step=6667     
                    WARNING  High grad norm: 2388.05 at epoch=30 step=6668     
                    WARNING  High grad norm: 2138.15 at epoch=30 step=6669     
                    WARNING  High grad norm: 2066.57 at epoch=30 step=6670     
[04/19/26 17:49:17] WARNING  High grad norm: 2855.99 at epoch=30 step=6671     
                    WARNING  High grad norm: 2040.24 at epoch=30 step=6672     
                    WARNING  High grad norm: 2010.97 at epoch=30 step=6673     
                    WARNING  High grad norm: 2165.69 at epoch=30 step=6674     
                    WARNING  High grad norm: 1845.52 at epoch=30 step=6675     
[04/19/26 17:49:18] WARNING  High grad norm: 5919.02 at epoch=30 step=6676     
                    WARNING  High grad norm: 5359.92 at epoch=30 step=6677     
                    WARNING  High grad norm: 6377.98 at epoch=30 step=6678     
                    WARNING  High grad norm: 7200.33 at epoch=30 step=6679     
                    WARNING  High grad norm: 3376.39 at epoch=30 step=6680     
[04/19/26 17:49:19] WARNING  High grad norm: 5974.21 at epoch=30 step=6681     
                    WARNING  High grad norm: 5279.17 at epoch=30 step=6682     
                    WARNING  High grad norm: 2094.90 at epoch=30 step=6683     
                    WARNING  High grad norm: 5252.45 at epoch=30 step=6684     
[04/19/26 17:49:20] WARNING  High grad norm: 10659.28 at epoch=30 step=6685    
                    WARNING  High grad norm: 2752.00 at epoch=30 step=6686     
                    WARNING  High grad norm: 10156.60 at epoch=30 step=6687    
                    WARNING  High grad norm: 8909.35 at epoch=30 step=6688     
                    WARNING  High grad norm: 5889.92 at epoch=30 step=6689     
[04/19/26 17:49:21] INFO     epoch=30 avg_loss=496.4650 lr=6.98e-05            
[04/19/26 17:49:29] INFO     Saved checkpoint to                               
                             C:\Users\artun\Desktop\ITS-project\checkpoints\sco
                             re_fmnist_v2\score_epoch_0030.pt                  
[04/19/26 17:49:45] WARNING  High grad norm: 7738.04 at epoch=31 step=6690     
                    WARNING  High grad norm: 8209.26 at epoch=31 step=6691     
                    WARNING  High grad norm: 3900.49 at epoch=31 step=6692     
                    WARNING  High grad norm: 6884.88 at epoch=31 step=6693     
[04/19/26 17:49:46] WARNING  High grad norm: 6730.13 at epoch=31 step=6694     
                    WARNING  High grad norm: 3463.21 at epoch=31 step=6695     
                    WARNING  High grad norm: 5538.11 at epoch=31 step=6696     
                    WARNING  High grad norm: 9017.86 at epoch=31 step=6697     
                    WARNING  High grad norm: 3001.49 at epoch=31 step=6698     
[04/19/26 17:49:47] WARNING  High grad norm: 4745.35 at epoch=31 step=6699     
                    INFO     epoch=31 step=6700 loss=469.7535                  
                             grad_norm=4745.3491 lr=6.95e-05                   
                    WARNING  High grad norm: 9337.44 at epoch=31 step=6700     
                    WARNING  High grad norm: 7573.44 at epoch=31 step=6701     
                    WARNING  High grad norm: 3466.74 at epoch=31 step=6702     
[04/19/26 17:49:48] WARNING  High grad norm: 3846.49 at epoch=31 step=6703     
                    WARNING  High grad norm: 980.73 at epoch=31 step=6704      
                    WARNING  High grad norm: 1728.48 at epoch=31 step=6705     
                    WARNING  High grad norm: 1911.23 at epoch=31 step=6706     
                    WARNING  High grad norm: 828.20 at epoch=31 step=6707      
[04/19/26 17:49:49] WARNING  High grad norm: 2629.85 at epoch=31 step=6708     
                    WARNING  High grad norm: 3715.42 at epoch=31 step=6709     
                    WARNING  High grad norm: 2405.74 at epoch=31 step=6710     
                    WARNING  High grad norm: 4374.89 at epoch=31 step=6711     
                    WARNING  High grad norm: 3287.07 at epoch=31 step=6712     
[04/19/26 17:49:50] WARNING  High grad norm: 1974.32 at epoch=31 step=6713     
                    WARNING  High grad norm: 2819.12 at epoch=31 step=6714     
                    WARNING  High grad norm: 3492.25 at epoch=31 step=6715     
                    WARNING  High grad norm: 2763.14 at epoch=31 step=6716     
[04/19/26 17:49:51] WARNING  High grad norm: 4289.62 at epoch=31 step=6717     
                    WARNING  High grad norm: 2735.81 at epoch=31 step=6718     
                    WARNING  High grad norm: 10650.87 at epoch=31 step=6719    
                    WARNING  High grad norm: 8437.29 at epoch=31 step=6720     
                    WARNING  High grad norm: 5100.64 at epoch=31 step=6721     
[04/19/26 17:49:52] WARNING  High grad norm: 8598.52 at epoch=31 step=6722     
                    WARNING  High grad norm: 8506.10 at epoch=31 step=6723     
                    WARNING  High grad norm: 8157.81 at epoch=31 step=6724     
                    WARNING  High grad norm: 1916.84 at epoch=31 step=6725     
[04/19/26 17:49:53] WARNING  High grad norm: 4601.01 at epoch=31 step=6726     
                    WARNING  High grad norm: 2825.19 at epoch=31 step=6727     
                    WARNING  High grad norm: 8353.19 at epoch=31 step=6728     
                    WARNING  High grad norm: 9667.75 at epoch=31 step=6729     
                    WARNING  High grad norm: 2071.48 at epoch=31 step=6730     
[04/19/26 17:49:54] WARNING  High grad norm: 7015.84 at epoch=31 step=6731     
                    WARNING  High grad norm: 12569.26 at epoch=31 step=6732    
                    WARNING  High grad norm: 8125.80 at epoch=31 step=6733     
                    WARNING  High grad norm: 2303.05 at epoch=31 step=6734     
[04/19/26 17:49:55] WARNING  High grad norm: 3907.31 at epoch=31 step=6735     
                    WARNING  High grad norm: 5528.87 at epoch=31 step=6736     
                    WARNING  High grad norm: 3659.88 at epoch=31 step=6737     
                    WARNING  High grad norm: 6506.62 at epoch=31 step=6738     
                    WARNING  High grad norm: 1902.50 at epoch=31 step=6739     
[04/19/26 17:49:56] WARNING  High grad norm: 4751.24 at epoch=31 step=6740     
                    WARNING  High grad norm: 3910.77 at epoch=31 step=6741     
                    WARNING  High grad norm: 3351.42 at epoch=31 step=6742     
                    WARNING  High grad norm: 2544.08 at epoch=31 step=6743     
[04/19/26 17:49:57] WARNING  High grad norm: 7308.74 at epoch=31 step=6744     
                    WARNING  High grad norm: 5805.74 at epoch=31 step=6745     
                    WARNING  High grad norm: 1921.30 at epoch=31 step=6746     
                    WARNING  High grad norm: 3055.92 at epoch=31 step=6747     
                    WARNING  High grad norm: 2060.61 at epoch=31 step=6748     
[04/19/26 17:49:58] WARNING  High grad norm: 1842.84 at epoch=31 step=6749     
                    WARNING  High grad norm: 2514.85 at epoch=31 step=6750     
                    WARNING  High grad norm: 2018.11 at epoch=31 step=6751     
                    WARNING  High grad norm: 2647.40 at epoch=31 step=6752     
                    WARNING  High grad norm: 5513.99 at epoch=31 step=6753     
[04/19/26 17:49:59] WARNING  High grad norm: 2419.02 at epoch=31 step=6754     
                    WARNING  High grad norm: 3689.77 at epoch=31 step=6755     
                    WARNING  High grad norm: 3578.33 at epoch=31 step=6756     
                    WARNING  High grad norm: 3176.05 at epoch=31 step=6757     
[04/19/26 17:50:00] WARNING  High grad norm: 4316.29 at epoch=31 step=6758     
                    WARNING  High grad norm: 4675.36 at epoch=31 step=6759     
                    WARNING  High grad norm: 4568.65 at epoch=31 step=6760     
                    WARNING  High grad norm: 3427.87 at epoch=31 step=6761     
                    WARNING  High grad norm: 4583.81 at epoch=31 step=6762     
[04/19/26 17:50:01] WARNING  High grad norm: 7079.58 at epoch=31 step=6763     
                    WARNING  High grad norm: 3150.65 at epoch=31 step=6764     
                    WARNING  High grad norm: 4933.16 at epoch=31 step=6765     
                    WARNING  High grad norm: 3606.07 at epoch=31 step=6766     
[04/19/26 17:50:02] WARNING  High grad norm: 1520.76 at epoch=31 step=6767     
                    WARNING  High grad norm: 3621.57 at epoch=31 step=6768     
                    WARNING  High grad norm: 3413.14 at epoch=31 step=6769     
                    WARNING  High grad norm: 4676.45 at epoch=31 step=6770     
                    WARNING  High grad norm: 3602.56 at epoch=31 step=6771     
[04/19/26 17:50:03] WARNING  High grad norm: 3586.62 at epoch=31 step=6772     
                    WARNING  High grad norm: 2203.71 at epoch=31 step=6773     
                    WARNING  High grad norm: 1216.20 at epoch=31 step=6774     
                    WARNING  High grad norm: 1739.45 at epoch=31 step=6775     
[04/19/26 17:50:04] WARNING  High grad norm: 811.20 at epoch=31 step=6776      
                    WARNING  High grad norm: 2312.98 at epoch=31 step=6777     
                    WARNING  High grad norm: 1540.77 at epoch=31 step=6778     
                    WARNING  High grad norm: 4318.01 at epoch=31 step=6779     
                    WARNING  High grad norm: 1891.92 at epoch=31 step=6780     
[04/19/26 17:50:05] WARNING  High grad norm: 4196.66 at epoch=31 step=6781     
                    WARNING  High grad norm: 5464.86 at epoch=31 step=6782     
                    WARNING  High grad norm: 4235.33 at epoch=31 step=6783     
                    WARNING  High grad norm: 7952.89 at epoch=31 step=6784     
[04/19/26 17:50:06] WARNING  High grad norm: 6838.93 at epoch=31 step=6785     
                    WARNING  High grad norm: 2339.13 at epoch=31 step=6786     
                    WARNING  High grad norm: 7013.98 at epoch=31 step=6787     
                    WARNING  High grad norm: 8717.64 at epoch=31 step=6788     
                    WARNING  High grad norm: 4492.43 at epoch=31 step=6789     
[04/19/26 17:50:07] WARNING  High grad norm: 5528.97 at epoch=31 step=6790     
                    WARNING  High grad norm: 2734.46 at epoch=31 step=6791     
                    WARNING  High grad norm: 4867.87 at epoch=31 step=6792     
                    WARNING  High grad norm: 1975.63 at epoch=31 step=6793     
                    WARNING  High grad norm: 2906.92 at epoch=31 step=6794     
[04/19/26 17:50:08] WARNING  High grad norm: 2861.65 at epoch=31 step=6795     
                    WARNING  High grad norm: 1722.05 at epoch=31 step=6796     
                    WARNING  High grad norm: 1906.57 at epoch=31 step=6797     
                    WARNING  High grad norm: 1285.34 at epoch=31 step=6798     
[04/19/26 17:50:09] WARNING  High grad norm: 1738.03 at epoch=31 step=6799     
                    INFO     epoch=31 step=6800 loss=501.4768                  
                             grad_norm=1738.0299 lr=6.68e-05                   
                    WARNING  High grad norm: 2597.28 at epoch=31 step=6800     
                    WARNING  High grad norm: 3338.41 at epoch=31 step=6801     
                    WARNING  High grad norm: 4417.38 at epoch=31 step=6802     
                    WARNING  High grad norm: 2339.66 at epoch=31 step=6803     
[04/19/26 17:50:10] WARNING  High grad norm: 4691.13 at epoch=31 step=6804     
                    WARNING  High grad norm: 4287.29 at epoch=31 step=6805     
                    WARNING  High grad norm: 3016.45 at epoch=31 step=6806     
                    WARNING  High grad norm: 3656.29 at epoch=31 step=6807     
[04/19/26 17:50:11] WARNING  High grad norm: 1481.83 at epoch=31 step=6808     
                    WARNING  High grad norm: 1686.56 at epoch=31 step=6809     
                    WARNING  High grad norm: 5643.10 at epoch=31 step=6810     
                    WARNING  High grad norm: 5324.82 at epoch=31 step=6811     
                    WARNING  High grad norm: 6905.86 at epoch=31 step=6812     
[04/19/26 17:50:12] WARNING  High grad norm: 6272.62 at epoch=31 step=6813     
                    WARNING  High grad norm: 6387.29 at epoch=31 step=6814     
                    WARNING  High grad norm: 3016.21 at epoch=31 step=6815     
                    WARNING  High grad norm: 6792.86 at epoch=31 step=6816     
[04/19/26 17:50:13] WARNING  High grad norm: 12472.68 at epoch=31 step=6817    
                    WARNING  High grad norm: 6385.36 at epoch=31 step=6818     
                    WARNING  High grad norm: 7478.84 at epoch=31 step=6819     
                    WARNING  High grad norm: 6336.04 at epoch=31 step=6820     
                    WARNING  High grad norm: 3666.69 at epoch=31 step=6821     
[04/19/26 17:50:14] WARNING  High grad norm: 6123.48 at epoch=31 step=6822     
                    WARNING  High grad norm: 3829.39 at epoch=31 step=6823     
                    WARNING  High grad norm: 6164.18 at epoch=31 step=6824     
                    WARNING  High grad norm: 7782.29 at epoch=31 step=6825     
                    WARNING  High grad norm: 4266.93 at epoch=31 step=6826     
[04/19/26 17:50:15] WARNING  High grad norm: 5041.35 at epoch=31 step=6827     
                    WARNING  High grad norm: 6346.92 at epoch=31 step=6828     
                    WARNING  High grad norm: 1822.51 at epoch=31 step=6829     
                    WARNING  High grad norm: 1990.54 at epoch=31 step=6830     
[04/19/26 17:50:16] WARNING  High grad norm: 1966.25 at epoch=31 step=6831     
                    WARNING  High grad norm: 817.52 at epoch=31 step=6832      
                    WARNING  High grad norm: 3345.12 at epoch=31 step=6833     
                    WARNING  High grad norm: 2145.66 at epoch=31 step=6834     
                    WARNING  High grad norm: 2432.69 at epoch=31 step=6835     
[04/19/26 17:50:17] WARNING  High grad norm: 2344.73 at epoch=31 step=6836     
                    WARNING  High grad norm: 1781.93 at epoch=31 step=6837     
                    WARNING  High grad norm: 2512.61 at epoch=31 step=6838     
                    WARNING  High grad norm: 1835.96 at epoch=31 step=6839     
[04/19/26 17:50:18] WARNING  High grad norm: 3312.24 at epoch=31 step=6840     
                    WARNING  High grad norm: 2003.30 at epoch=31 step=6841     
                    WARNING  High grad norm: 2700.60 at epoch=31 step=6842     
                    WARNING  High grad norm: 1559.96 at epoch=31 step=6843     
                    WARNING  High grad norm: 2904.46 at epoch=31 step=6844     
[04/19/26 17:50:19] WARNING  High grad norm: 1316.92 at epoch=31 step=6845     
                    WARNING  High grad norm: 3605.51 at epoch=31 step=6846     
                    WARNING  High grad norm: 2526.82 at epoch=31 step=6847     
                    WARNING  High grad norm: 993.46 at epoch=31 step=6848      
[04/19/26 17:50:20] WARNING  High grad norm: 4379.01 at epoch=31 step=6849     
                    WARNING  High grad norm: 3145.16 at epoch=31 step=6850     
                    WARNING  High grad norm: 1049.07 at epoch=31 step=6851     
                    WARNING  High grad norm: 3073.41 at epoch=31 step=6852     
                    WARNING  High grad norm: 2656.28 at epoch=31 step=6853     
[04/19/26 17:50:21] WARNING  High grad norm: 2008.41 at epoch=31 step=6854     
                    WARNING  High grad norm: 2603.33 at epoch=31 step=6855     
                    WARNING  High grad norm: 1489.49 at epoch=31 step=6856     
                    WARNING  High grad norm: 4891.73 at epoch=31 step=6857     
[04/19/26 17:50:22] WARNING  High grad norm: 2311.75 at epoch=31 step=6858     
                    WARNING  High grad norm: 2562.71 at epoch=31 step=6859     
                    WARNING  High grad norm: 3126.37 at epoch=31 step=6860     
                    WARNING  High grad norm: 5133.20 at epoch=31 step=6861     
                    WARNING  High grad norm: 3374.00 at epoch=31 step=6862     
[04/19/26 17:50:23] WARNING  High grad norm: 2198.28 at epoch=31 step=6863     
                    WARNING  High grad norm: 1811.28 at epoch=31 step=6864     
                    WARNING  High grad norm: 2513.24 at epoch=31 step=6865     
                    WARNING  High grad norm: 3094.19 at epoch=31 step=6866     
                    WARNING  High grad norm: 4220.07 at epoch=31 step=6867     
[04/19/26 17:50:24] WARNING  High grad norm: 1747.32 at epoch=31 step=6868     
                    WARNING  High grad norm: 3431.32 at epoch=31 step=6869     
                    WARNING  High grad norm: 2877.33 at epoch=31 step=6870     
                    WARNING  High grad norm: 5596.09 at epoch=31 step=6871     
[04/19/26 17:50:25] WARNING  High grad norm: 6294.43 at epoch=31 step=6872     
                    WARNING  High grad norm: 3067.95 at epoch=31 step=6873     
                    WARNING  High grad norm: 4338.38 at epoch=31 step=6874     
                    WARNING  High grad norm: 2241.97 at epoch=31 step=6875     
                    WARNING  High grad norm: 2567.41 at epoch=31 step=6876     
[04/19/26 17:50:26] WARNING  High grad norm: 4583.93 at epoch=31 step=6877     
                    WARNING  High grad norm: 6247.84 at epoch=31 step=6878     
                    WARNING  High grad norm: 3246.52 at epoch=31 step=6879     
                    WARNING  High grad norm: 5842.56 at epoch=31 step=6880     
[04/19/26 17:50:27] WARNING  High grad norm: 1610.31 at epoch=31 step=6881     
                    WARNING  High grad norm: 1719.03 at epoch=31 step=6882     
                    WARNING  High grad norm: 2916.43 at epoch=31 step=6883     
                    WARNING  High grad norm: 2256.09 at epoch=31 step=6884     
                    WARNING  High grad norm: 2905.94 at epoch=31 step=6885     
[04/19/26 17:50:28] WARNING  High grad norm: 3268.40 at epoch=31 step=6886     
                    WARNING  High grad norm: 2108.79 at epoch=31 step=6887     
                    WARNING  High grad norm: 4330.46 at epoch=31 step=6888     
                    WARNING  High grad norm: 4679.86 at epoch=31 step=6889     
[04/19/26 17:50:29] WARNING  High grad norm: 2795.36 at epoch=31 step=6890     
                    WARNING  High grad norm: 2959.85 at epoch=31 step=6891     
                    WARNING  High grad norm: 4512.13 at epoch=31 step=6892     
                    WARNING  High grad norm: 1722.28 at epoch=31 step=6893     
                    WARNING  High grad norm: 1676.17 at epoch=31 step=6894     
[04/19/26 17:50:30] WARNING  High grad norm: 1460.32 at epoch=31 step=6895     
                    WARNING  High grad norm: 6183.42 at epoch=31 step=6896     
                    WARNING  High grad norm: 4051.61 at epoch=31 step=6897     
                    WARNING  High grad norm: 2666.09 at epoch=31 step=6898     
[04/19/26 17:50:31] WARNING  High grad norm: 1447.90 at epoch=31 step=6899     
                    INFO     epoch=31 step=6900 loss=505.1458                  
                             grad_norm=1447.8975 lr=6.42e-05                   
                    WARNING  High grad norm: 5634.74 at epoch=31 step=6900     
                    WARNING  High grad norm: 5106.68 at epoch=31 step=6901     
                    WARNING  High grad norm: 2204.21 at epoch=31 step=6902     
                    WARNING  High grad norm: 7243.41 at epoch=31 step=6903     
[04/19/26 17:50:32] WARNING  High grad norm: 4411.95 at epoch=31 step=6904     
                    WARNING  High grad norm: 2848.64 at epoch=31 step=6905     
                    WARNING  High grad norm: 4547.33 at epoch=31 step=6906     
                    WARNING  High grad norm: 2846.33 at epoch=31 step=6907     
[04/19/26 17:50:33] WARNING  High grad norm: 1403.39 at epoch=31 step=6908     
                    WARNING  High grad norm: 3302.55 at epoch=31 step=6909     
                    WARNING  High grad norm: 5950.25 at epoch=31 step=6910     
                    WARNING  High grad norm: 2177.59 at epoch=31 step=6911     
                    WARNING  High grad norm: 12222.58 at epoch=31 step=6912    
[04/19/26 17:50:34] INFO     epoch=31 avg_loss=503.4879 lr=6.39e-05            
[04/19/26 17:50:48] WARNING  High grad norm: 11482.74 at epoch=32 step=6913    
[04/19/26 17:50:49] WARNING  High grad norm: 6006.31 at epoch=32 step=6914     
                    WARNING  High grad norm: 2246.66 at epoch=32 step=6915     
                    WARNING  High grad norm: 6313.49 at epoch=32 step=6916     
                    WARNING  High grad norm: 6195.50 at epoch=32 step=6917     
                    WARNING  High grad norm: 5195.98 at epoch=32 step=6918     
[04/19/26 17:50:50] WARNING  High grad norm: 6638.94 at epoch=32 step=6919     
                    WARNING  High grad norm: 3557.94 at epoch=32 step=6920     
                    WARNING  High grad norm: 4122.68 at epoch=32 step=6921     
                    WARNING  High grad norm: 4431.85 at epoch=32 step=6922     
[04/19/26 17:50:51] WARNING  High grad norm: 2505.49 at epoch=32 step=6923     
                    WARNING  High grad norm: 1754.03 at epoch=32 step=6924     
                    WARNING  High grad norm: 2191.07 at epoch=32 step=6925     
                    WARNING  High grad norm: 1918.85 at epoch=32 step=6926     
                    WARNING  High grad norm: 2384.51 at epoch=32 step=6927     
[04/19/26 17:50:52] WARNING  High grad norm: 2296.28 at epoch=32 step=6928     
                    WARNING  High grad norm: 1573.25 at epoch=32 step=6929     
                    WARNING  High grad norm: 2813.86 at epoch=32 step=6930     
                    WARNING  High grad norm: 4601.84 at epoch=32 step=6931     
[04/19/26 17:50:53] WARNING  High grad norm: 3827.83 at epoch=32 step=6932     
                    WARNING  High grad norm: 4250.41 at epoch=32 step=6933     
                    WARNING  High grad norm: 3564.07 at epoch=32 step=6934     
                    WARNING  High grad norm: 1806.93 at epoch=32 step=6935     
                    WARNING  High grad norm: 4919.98 at epoch=32 step=6936     
[04/19/26 17:50:54] WARNING  High grad norm: 2848.15 at epoch=32 step=6937     
                    WARNING  High grad norm: 3510.82 at epoch=32 step=6938     
                    WARNING  High grad norm: 1961.02 at epoch=32 step=6939     
                    WARNING  High grad norm: 6181.06 at epoch=32 step=6940     
[04/19/26 17:50:55] WARNING  High grad norm: 4996.86 at epoch=32 step=6941     
                    WARNING  High grad norm: 2216.63 at epoch=32 step=6942     
                    WARNING  High grad norm: 5774.88 at epoch=32 step=6943     
                    WARNING  High grad norm: 7053.72 at epoch=32 step=6944     
                    WARNING  High grad norm: 3025.94 at epoch=32 step=6945     
[04/19/26 17:50:56] WARNING  High grad norm: 3216.70 at epoch=32 step=6946     
                    WARNING  High grad norm: 1476.33 at epoch=32 step=6947     
                    WARNING  High grad norm: 851.18 at epoch=32 step=6948      
                    WARNING  High grad norm: 4256.95 at epoch=32 step=6949     
[04/19/26 17:50:57] WARNING  High grad norm: 1031.51 at epoch=32 step=6950     
                    WARNING  High grad norm: 3571.11 at epoch=32 step=6951     
                    WARNING  High grad norm: 2059.30 at epoch=32 step=6952     
                    WARNING  High grad norm: 4043.16 at epoch=32 step=6953     
                    WARNING  High grad norm: 2489.41 at epoch=32 step=6954     
[04/19/26 17:50:58] WARNING  High grad norm: 5937.24 at epoch=32 step=6955     
                    WARNING  High grad norm: 5413.84 at epoch=32 step=6956     
                    WARNING  High grad norm: 2961.93 at epoch=32 step=6957     
                    WARNING  High grad norm: 1935.84 at epoch=32 step=6958     
[04/19/26 17:50:59] WARNING  High grad norm: 816.95 at epoch=32 step=6959      
                    WARNING  High grad norm: 2123.50 at epoch=32 step=6960     
                    WARNING  High grad norm: 1085.03 at epoch=32 step=6961     
                    WARNING  High grad norm: 3091.83 at epoch=32 step=6962     
                    WARNING  High grad norm: 4384.06 at epoch=32 step=6963     
[04/19/26 17:51:00] WARNING  High grad norm: 4280.86 at epoch=32 step=6964     
                    WARNING  High grad norm: 7587.52 at epoch=32 step=6965     
                    WARNING  High grad norm: 1567.06 at epoch=32 step=6966     
                    WARNING  High grad norm: 4351.42 at epoch=32 step=6967     
                    WARNING  High grad norm: 2078.50 at epoch=32 step=6968     
[04/19/26 17:51:01] WARNING  High grad norm: 1931.87 at epoch=32 step=6969     
                    WARNING  High grad norm: 6518.44 at epoch=32 step=6970     
                    WARNING  High grad norm: 4466.18 at epoch=32 step=6971     
                    WARNING  High grad norm: 2846.06 at epoch=32 step=6972     
[04/19/26 17:51:02] WARNING  High grad norm: 4897.98 at epoch=32 step=6973     
                    WARNING  High grad norm: 4570.87 at epoch=32 step=6974     
                    WARNING  High grad norm: 3056.45 at epoch=32 step=6975     
                    WARNING  High grad norm: 6526.86 at epoch=32 step=6976     
                    WARNING  High grad norm: 2304.11 at epoch=32 step=6977     
[04/19/26 17:51:03] WARNING  High grad norm: 5862.11 at epoch=32 step=6978     
                    WARNING  High grad norm: 2330.70 at epoch=32 step=6979     
                    WARNING  High grad norm: 6910.90 at epoch=32 step=6980     
                    WARNING  High grad norm: 5423.91 at epoch=32 step=6981     
[04/19/26 17:51:04] WARNING  High grad norm: 4443.29 at epoch=32 step=6982     
                    WARNING  High grad norm: 2765.41 at epoch=32 step=6983     
                    WARNING  High grad norm: 2349.63 at epoch=32 step=6984     
                    WARNING  High grad norm: 1583.85 at epoch=32 step=6985     
                    WARNING  High grad norm: 3048.08 at epoch=32 step=6986     
[04/19/26 17:51:05] WARNING  High grad norm: 3739.90 at epoch=32 step=6987     
                    WARNING  High grad norm: 3864.78 at epoch=32 step=6988     
                    WARNING  High grad norm: 3237.72 at epoch=32 step=6989     
                    WARNING  High grad norm: 3061.16 at epoch=32 step=6990     
[04/19/26 17:51:06] WARNING  High grad norm: 1388.02 at epoch=32 step=6991     
                    WARNING  High grad norm: 3988.95 at epoch=32 step=6992     
                    WARNING  High grad norm: 5073.52 at epoch=32 step=6993     
                    WARNING  High grad norm: 3809.21 at epoch=32 step=6994     
                    WARNING  High grad norm: 3028.29 at epoch=32 step=6995     
[04/19/26 17:51:07] WARNING  High grad norm: 2951.35 at epoch=32 step=6996     
                    WARNING  High grad norm: 1781.97 at epoch=32 step=6997     
                    WARNING  High grad norm: 4690.82 at epoch=32 step=6998     
                    WARNING  High grad norm: 3534.19 at epoch=32 step=6999     
                    INFO     epoch=32 step=7000 loss=486.0160                  
                             grad_norm=3534.1912 lr=6.16e-05                   
                    WARNING  High grad norm: 2122.54 at epoch=32 step=7000     
[04/19/26 17:51:08] WARNING  High grad norm: 2450.83 at epoch=32 step=7001     
                    WARNING  High grad norm: 2386.93 at epoch=32 step=7002     
                    WARNING  High grad norm: 1170.70 at epoch=32 step=7003     
                    WARNING  High grad norm: 1400.28 at epoch=32 step=7004     
[04/19/26 17:51:09] WARNING  High grad norm: 2164.27 at epoch=32 step=7005     
                    WARNING  High grad norm: 2320.68 at epoch=32 step=7006     
                    WARNING  High grad norm: 1825.32 at epoch=32 step=7007     
                    WARNING  High grad norm: 1728.93 at epoch=32 step=7008     
                    WARNING  High grad norm: 6494.94 at epoch=32 step=7009     
[04/19/26 17:51:10] WARNING  High grad norm: 6850.48 at epoch=32 step=7010     
                    WARNING  High grad norm: 3908.02 at epoch=32 step=7011     
                    WARNING  High grad norm: 4061.92 at epoch=32 step=7012     
                    WARNING  High grad norm: 4847.02 at epoch=32 step=7013     
[04/19/26 17:51:11] WARNING  High grad norm: 2429.94 at epoch=32 step=7014     
                    WARNING  High grad norm: 2212.25 at epoch=32 step=7015     
                    WARNING  High grad norm: 5603.31 at epoch=32 step=7016     
                    WARNING  High grad norm: 4316.60 at epoch=32 step=7017     
                    WARNING  High grad norm: 1965.68 at epoch=32 step=7018     
[04/19/26 17:51:12] WARNING  High grad norm: 2164.07 at epoch=32 step=7019     
                    WARNING  High grad norm: 3595.39 at epoch=32 step=7020     
                    WARNING  High grad norm: 3915.97 at epoch=32 step=7021     
                    WARNING  High grad norm: 4579.30 at epoch=32 step=7022     
[04/19/26 17:51:13] WARNING  High grad norm: 3801.26 at epoch=32 step=7023     
                    WARNING  High grad norm: 4042.40 at epoch=32 step=7024     
                    WARNING  High grad norm: 2130.29 at epoch=32 step=7025     
                    WARNING  High grad norm: 2865.45 at epoch=32 step=7026     
                    WARNING  High grad norm: 1480.72 at epoch=32 step=7027     
[04/19/26 17:51:14] WARNING  High grad norm: 2496.90 at epoch=32 step=7028     
                    WARNING  High grad norm: 1694.74 at epoch=32 step=7029     
                    WARNING  High grad norm: 2348.12 at epoch=32 step=7030     
                    WARNING  High grad norm: 6267.45 at epoch=32 step=7031     
[04/19/26 17:51:15] WARNING  High grad norm: 5542.84 at epoch=32 step=7032     
                    WARNING  High grad norm: 2906.79 at epoch=32 step=7033     
                    WARNING  High grad norm: 2093.74 at epoch=32 step=7034     
                    WARNING  High grad norm: 7126.13 at epoch=32 step=7035     
                    WARNING  High grad norm: 2451.21 at epoch=32 step=7036     
[04/19/26 17:51:16] WARNING  High grad norm: 3281.57 at epoch=32 step=7037     
                    WARNING  High grad norm: 4927.28 at epoch=32 step=7038     
                    WARNING  High grad norm: 1759.27 at epoch=32 step=7039     
                    WARNING  High grad norm: 6217.37 at epoch=32 step=7040     
                    WARNING  High grad norm: 4139.09 at epoch=32 step=7041     
[04/19/26 17:51:17] WARNING  High grad norm: 2846.32 at epoch=32 step=7042     
                    WARNING  High grad norm: 4041.53 at epoch=32 step=7043     
                    WARNING  High grad norm: 4270.71 at epoch=32 step=7044     
                    WARNING  High grad norm: 3306.14 at epoch=32 step=7045     
[04/19/26 17:51:18] WARNING  High grad norm: 2848.41 at epoch=32 step=7046     
                    WARNING  High grad norm: 5212.11 at epoch=32 step=7047     
                    WARNING  High grad norm: 1791.16 at epoch=32 step=7048     
                    WARNING  High grad norm: 2959.07 at epoch=32 step=7049     
                    WARNING  High grad norm: 4690.09 at epoch=32 step=7050     
[04/19/26 17:51:19] WARNING  High grad norm: 1941.35 at epoch=32 step=7051     
                    WARNING  High grad norm: 4168.38 at epoch=32 step=7052     
                    WARNING  High grad norm: 1740.11 at epoch=32 step=7053     
                    WARNING  High grad norm: 1470.18 at epoch=32 step=7054     
[04/19/26 17:51:20] WARNING  High grad norm: 1913.80 at epoch=32 step=7055     
                    WARNING  High grad norm: 2277.80 at epoch=32 step=7056     
                    WARNING  High grad norm: 1035.81 at epoch=32 step=7057     
                    WARNING  High grad norm: 3051.53 at epoch=32 step=7058     
                    WARNING  High grad norm: 2700.39 at epoch=32 step=7059     
[04/19/26 17:51:21] WARNING  High grad norm: 2016.86 at epoch=32 step=7060     
                    WARNING  High grad norm: 1807.88 at epoch=32 step=7061     
                    WARNING  High grad norm: 3679.27 at epoch=32 step=7062     
                    WARNING  High grad norm: 2201.30 at epoch=32 step=7063     
[04/19/26 17:51:22] WARNING  High grad norm: 1489.63 at epoch=32 step=7064     
                    WARNING  High grad norm: 2122.97 at epoch=32 step=7065     
                    WARNING  High grad norm: 2281.81 at epoch=32 step=7066     
                    WARNING  High grad norm: 6139.24 at epoch=32 step=7067     
                    WARNING  High grad norm: 7500.64 at epoch=32 step=7068     
[04/19/26 17:51:23] WARNING  High grad norm: 2093.09 at epoch=32 step=7069     
                    WARNING  High grad norm: 1839.54 at epoch=32 step=7070     
                    WARNING  High grad norm: 3054.21 at epoch=32 step=7071     
                    WARNING  High grad norm: 3385.55 at epoch=32 step=7072     
[04/19/26 17:51:24] WARNING  High grad norm: 4417.43 at epoch=32 step=7073     
                    WARNING  High grad norm: 1757.85 at epoch=32 step=7074     
                    WARNING  High grad norm: 2998.85 at epoch=32 step=7075     
                    WARNING  High grad norm: 2332.30 at epoch=32 step=7076     
                    WARNING  High grad norm: 2694.91 at epoch=32 step=7077     
[04/19/26 17:51:25] WARNING  High grad norm: 5053.76 at epoch=32 step=7078     
                    WARNING  High grad norm: 3234.13 at epoch=32 step=7079     
                    WARNING  High grad norm: 5563.42 at epoch=32 step=7080     
                    WARNING  High grad norm: 4361.12 at epoch=32 step=7081     
                    WARNING  High grad norm: 707.35 at epoch=32 step=7082      
[04/19/26 17:51:26] WARNING  High grad norm: 2042.32 at epoch=32 step=7083     
                    WARNING  High grad norm: 1263.03 at epoch=32 step=7084     
                    WARNING  High grad norm: 3168.88 at epoch=32 step=7085     
                    WARNING  High grad norm: 5002.57 at epoch=32 step=7086     
[04/19/26 17:51:27] WARNING  High grad norm: 3618.20 at epoch=32 step=7087     
                    WARNING  High grad norm: 2184.79 at epoch=32 step=7088     
                    WARNING  High grad norm: 1061.70 at epoch=32 step=7089     
                    WARNING  High grad norm: 3364.76 at epoch=32 step=7090     
                    WARNING  High grad norm: 1352.24 at epoch=32 step=7091     
[04/19/26 17:51:28] WARNING  High grad norm: 3523.44 at epoch=32 step=7092     
                    WARNING  High grad norm: 3913.77 at epoch=32 step=7093     
                    WARNING  High grad norm: 6161.89 at epoch=32 step=7094     
                    WARNING  High grad norm: 6674.65 at epoch=32 step=7095     
[04/19/26 17:51:29] WARNING  High grad norm: 2986.64 at epoch=32 step=7096     
                    WARNING  High grad norm: 9008.91 at epoch=32 step=7097     
                    WARNING  High grad norm: 8551.90 at epoch=32 step=7098     
                    WARNING  High grad norm: 6108.53 at epoch=32 step=7099     
                    INFO     epoch=32 step=7100 loss=488.6153                  
                             grad_norm=6108.5342 lr=5.91e-05                   
                    WARNING  High grad norm: 4878.78 at epoch=32 step=7100     
[04/19/26 17:51:30] WARNING  High grad norm: 7259.05 at epoch=32 step=7101     
                    WARNING  High grad norm: 4895.79 at epoch=32 step=7102     
                    WARNING  High grad norm: 8196.98 at epoch=32 step=7103     
                    WARNING  High grad norm: 9817.25 at epoch=32 step=7104     
[04/19/26 17:51:31] WARNING  High grad norm: 4302.69 at epoch=32 step=7105     
                    WARNING  High grad norm: 11651.58 at epoch=32 step=7106    
                    WARNING  High grad norm: 14307.22 at epoch=32 step=7107    
                    WARNING  High grad norm: 7355.80 at epoch=32 step=7108     
                    WARNING  High grad norm: 1541.86 at epoch=32 step=7109     
[04/19/26 17:51:32] WARNING  High grad norm: 2184.79 at epoch=32 step=7110     
                    WARNING  High grad norm: 2584.44 at epoch=32 step=7111     
                    WARNING  High grad norm: 1357.16 at epoch=32 step=7112     
                    WARNING  High grad norm: 2523.90 at epoch=32 step=7113     
[04/19/26 17:51:33] WARNING  High grad norm: 3453.03 at epoch=32 step=7114     
                    WARNING  High grad norm: 1167.64 at epoch=32 step=7115     
                    WARNING  High grad norm: 6163.28 at epoch=32 step=7116     
                    WARNING  High grad norm: 1907.63 at epoch=32 step=7117     
                    WARNING  High grad norm: 1660.94 at epoch=32 step=7118     
[04/19/26 17:51:34] WARNING  High grad norm: 1775.27 at epoch=32 step=7119     
                    WARNING  High grad norm: 3620.43 at epoch=32 step=7120     
                    WARNING  High grad norm: 2731.33 at epoch=32 step=7121     
                    WARNING  High grad norm: 2602.52 at epoch=32 step=7122     
                    WARNING  High grad norm: 2065.40 at epoch=32 step=7123     
[04/19/26 17:51:35] WARNING  High grad norm: 1253.27 at epoch=32 step=7124     
                    WARNING  High grad norm: 2457.86 at epoch=32 step=7125     
                    WARNING  High grad norm: 2596.45 at epoch=32 step=7126     
                    WARNING  High grad norm: 1759.69 at epoch=32 step=7127     
[04/19/26 17:51:36] WARNING  High grad norm: 1905.48 at epoch=32 step=7128     
                    WARNING  High grad norm: 3060.47 at epoch=32 step=7129     
                    WARNING  High grad norm: 3211.92 at epoch=32 step=7130     
                    WARNING  High grad norm: 2897.92 at epoch=32 step=7131     
                    WARNING  High grad norm: 1211.16 at epoch=32 step=7132     
[04/19/26 17:51:37] WARNING  High grad norm: 2045.06 at epoch=32 step=7133     
                    WARNING  High grad norm: 7381.11 at epoch=32 step=7134     
                    WARNING  High grad norm: 5268.63 at epoch=32 step=7135     
[04/19/26 17:51:38] INFO     epoch=32 avg_loss=492.5664 lr=5.81e-05            
[04/19/26 17:51:53] WARNING  High grad norm: 5253.18 at epoch=33 step=7136     
                    WARNING  High grad norm: 4462.81 at epoch=33 step=7137     
                    WARNING  High grad norm: 2083.41 at epoch=33 step=7138     
                    WARNING  High grad norm: 8243.53 at epoch=33 step=7139     
[04/19/26 17:51:54] WARNING  High grad norm: 10520.70 at epoch=33 step=7140    
                    WARNING  High grad norm: 5421.22 at epoch=33 step=7141     
                    WARNING  High grad norm: 8635.09 at epoch=33 step=7142     
                    WARNING  High grad norm: 8789.79 at epoch=33 step=7143     
                    WARNING  High grad norm: 3695.47 at epoch=33 step=7144     
[04/19/26 17:51:55] WARNING  High grad norm: 5470.08 at epoch=33 step=7145     
                    WARNING  High grad norm: 8279.89 at epoch=33 step=7146     
                    WARNING  High grad norm: 5408.77 at epoch=33 step=7147     
                    WARNING  High grad norm: 5273.73 at epoch=33 step=7148     
[04/19/26 17:51:56] WARNING  High grad norm: 7621.58 at epoch=33 step=7149     
                    WARNING  High grad norm: 5766.54 at epoch=33 step=7150     
                    WARNING  High grad norm: 6418.38 at epoch=33 step=7151     
                    WARNING  High grad norm: 7743.27 at epoch=33 step=7152     
                    WARNING  High grad norm: 2324.03 at epoch=33 step=7153     
[04/19/26 17:51:57] WARNING  High grad norm: 9437.53 at epoch=33 step=7154     
                    WARNING  High grad norm: 8394.36 at epoch=33 step=7155     
                    WARNING  High grad norm: 5328.60 at epoch=33 step=7156     
                    WARNING  High grad norm: 4706.52 at epoch=33 step=7157     
[04/19/26 17:51:58] WARNING  High grad norm: 8282.39 at epoch=33 step=7158     
[04/19/26 17:51:59] WARNING  High grad norm: 5044.19 at epoch=33 step=7159     
                    WARNING  High grad norm: 4520.92 at epoch=33 step=7160     
                    WARNING  High grad norm: 7010.58 at epoch=33 step=7161     
                    WARNING  High grad norm: 2959.98 at epoch=33 step=7162     
[04/19/26 17:52:00] WARNING  High grad norm: 7417.80 at epoch=33 step=7163     
                    WARNING  High grad norm: 9140.80 at epoch=33 step=7164     
                    WARNING  High grad norm: 7140.39 at epoch=33 step=7165     
                    WARNING  High grad norm: 3280.15 at epoch=33 step=7166     
[04/19/26 17:52:01] WARNING  High grad norm: 7687.35 at epoch=33 step=7167     
                    WARNING  High grad norm: 4266.55 at epoch=33 step=7168     
                    WARNING  High grad norm: 5629.80 at epoch=33 step=7169     
                    WARNING  High grad norm: 2556.92 at epoch=33 step=7170     
                    WARNING  High grad norm: 1968.31 at epoch=33 step=7171     
[04/19/26 17:52:02] WARNING  High grad norm: 2318.16 at epoch=33 step=7172     
                    WARNING  High grad norm: 3838.19 at epoch=33 step=7173     
                    WARNING  High grad norm: 3303.03 at epoch=33 step=7174     
                    WARNING  High grad norm: 2428.07 at epoch=33 step=7175     
[04/19/26 17:52:03] WARNING  High grad norm: 1334.77 at epoch=33 step=7176     
                    WARNING  High grad norm: 2655.27 at epoch=33 step=7177     
                    WARNING  High grad norm: 5752.45 at epoch=33 step=7178     
                    WARNING  High grad norm: 5137.82 at epoch=33 step=7179     
                    WARNING  High grad norm: 4688.05 at epoch=33 step=7180     
[04/19/26 17:52:04] WARNING  High grad norm: 2677.20 at epoch=33 step=7181     
                    WARNING  High grad norm: 753.07 at epoch=33 step=7182      
                    WARNING  High grad norm: 1614.69 at epoch=33 step=7183     
                    WARNING  High grad norm: 1768.46 at epoch=33 step=7184     
[04/19/26 17:52:05] WARNING  High grad norm: 3056.97 at epoch=33 step=7185     
                    WARNING  High grad norm: 2009.77 at epoch=33 step=7186     
                    WARNING  High grad norm: 4647.99 at epoch=33 step=7187     
                    WARNING  High grad norm: 1490.80 at epoch=33 step=7188     
                    WARNING  High grad norm: 1043.54 at epoch=33 step=7189     
[04/19/26 17:52:06] WARNING  High grad norm: 1864.67 at epoch=33 step=7190     
                    WARNING  High grad norm: 2826.33 at epoch=33 step=7191     
                    WARNING  High grad norm: 1645.97 at epoch=33 step=7192     
                    WARNING  High grad norm: 1026.12 at epoch=33 step=7193     
[04/19/26 17:52:07] WARNING  High grad norm: 5474.16 at epoch=33 step=7194     
                    WARNING  High grad norm: 5998.01 at epoch=33 step=7195     
                    WARNING  High grad norm: 5801.53 at epoch=33 step=7196     
                    WARNING  High grad norm: 5850.14 at epoch=33 step=7197     
                    WARNING  High grad norm: 4582.79 at epoch=33 step=7198     
[04/19/26 17:52:08] WARNING  High grad norm: 2552.03 at epoch=33 step=7199     
                    INFO     epoch=33 step=7200 loss=512.3322                  
                             grad_norm=2552.0330 lr=5.65e-05                   
                    WARNING  High grad norm: 1470.35 at epoch=33 step=7200     
                    WARNING  High grad norm: 3913.14 at epoch=33 step=7201     
                    WARNING  High grad norm: 1561.17 at epoch=33 step=7202     
                    WARNING  High grad norm: 3895.16 at epoch=33 step=7203     
[04/19/26 17:52:09] WARNING  High grad norm: 2983.72 at epoch=33 step=7204     
                    WARNING  High grad norm: 4514.65 at epoch=33 step=7205     
                    WARNING  High grad norm: 2581.09 at epoch=33 step=7206     
                    WARNING  High grad norm: 2725.89 at epoch=33 step=7207     
[04/19/26 17:52:10] WARNING  High grad norm: 5129.07 at epoch=33 step=7208     
                    WARNING  High grad norm: 3445.53 at epoch=33 step=7209     
                    WARNING  High grad norm: 4931.60 at epoch=33 step=7210     
                    WARNING  High grad norm: 3164.99 at epoch=33 step=7211     
[04/19/26 17:52:11] WARNING  High grad norm: 2371.02 at epoch=33 step=7212     
                    WARNING  High grad norm: 1113.58 at epoch=33 step=7213     
                    WARNING  High grad norm: 1861.96 at epoch=33 step=7214     
                    WARNING  High grad norm: 2184.81 at epoch=33 step=7215     
                    WARNING  High grad norm: 2164.60 at epoch=33 step=7216     
[04/19/26 17:52:12] WARNING  High grad norm: 3210.64 at epoch=33 step=7217     
                    WARNING  High grad norm: 3597.68 at epoch=33 step=7218     
                    WARNING  High grad norm: 3347.89 at epoch=33 step=7219     
                    WARNING  High grad norm: 2011.32 at epoch=33 step=7220     
                    WARNING  High grad norm: 2733.66 at epoch=33 step=7221     
[04/19/26 17:52:13] WARNING  High grad norm: 2227.64 at epoch=33 step=7222     
                    WARNING  High grad norm: 2158.80 at epoch=33 step=7223     
                    WARNING  High grad norm: 3685.04 at epoch=33 step=7224     
                    WARNING  High grad norm: 3763.69 at epoch=33 step=7225     
[04/19/26 17:52:14] WARNING  High grad norm: 4568.82 at epoch=33 step=7226     
                    WARNING  High grad norm: 2641.86 at epoch=33 step=7227     
                    WARNING  High grad norm: 3972.24 at epoch=33 step=7228     
                    WARNING  High grad norm: 5136.82 at epoch=33 step=7229     
                    WARNING  High grad norm: 1796.23 at epoch=33 step=7230     
[04/19/26 17:52:15] WARNING  High grad norm: 7391.26 at epoch=33 step=7231     
                    WARNING  High grad norm: 8120.87 at epoch=33 step=7232     
                    WARNING  High grad norm: 3560.60 at epoch=33 step=7233     
                    WARNING  High grad norm: 6896.77 at epoch=33 step=7234     
[04/19/26 17:52:16] WARNING  High grad norm: 8722.12 at epoch=33 step=7235     
                    WARNING  High grad norm: 3472.73 at epoch=33 step=7236     
                    WARNING  High grad norm: 5720.85 at epoch=33 step=7237     
                    WARNING  High grad norm: 6104.76 at epoch=33 step=7238     
                    WARNING  High grad norm: 3657.75 at epoch=33 step=7239     
[04/19/26 17:52:17] WARNING  High grad norm: 5593.38 at epoch=33 step=7240     
                    WARNING  High grad norm: 9589.12 at epoch=33 step=7241     
                    WARNING  High grad norm: 2887.57 at epoch=33 step=7242     
                    WARNING  High grad norm: 5279.26 at epoch=33 step=7243     
[04/19/26 17:52:18] WARNING  High grad norm: 5841.48 at epoch=33 step=7244     
                    WARNING  High grad norm: 3333.36 at epoch=33 step=7245     
                    WARNING  High grad norm: 6838.88 at epoch=33 step=7246     
                    WARNING  High grad norm: 4223.93 at epoch=33 step=7247     
                    WARNING  High grad norm: 2199.76 at epoch=33 step=7248     
[04/19/26 17:52:19] WARNING  High grad norm: 8086.42 at epoch=33 step=7249     
                    WARNING  High grad norm: 9392.05 at epoch=33 step=7250     
                    WARNING  High grad norm: 2805.29 at epoch=33 step=7251     
                    WARNING  High grad norm: 4148.06 at epoch=33 step=7252     
[04/19/26 17:52:20] WARNING  High grad norm: 5032.97 at epoch=33 step=7253     
                    WARNING  High grad norm: 1124.81 at epoch=33 step=7254     
                    WARNING  High grad norm: 821.76 at epoch=33 step=7255      
                    WARNING  High grad norm: 2822.70 at epoch=33 step=7256     
                    WARNING  High grad norm: 1916.93 at epoch=33 step=7257     
[04/19/26 17:52:21] WARNING  High grad norm: 2030.80 at epoch=33 step=7258     
                    WARNING  High grad norm: 6908.18 at epoch=33 step=7259     
                    WARNING  High grad norm: 2104.86 at epoch=33 step=7260     
                    WARNING  High grad norm: 4399.30 at epoch=33 step=7261     
[04/19/26 17:52:22] WARNING  High grad norm: 3226.52 at epoch=33 step=7262     
                    WARNING  High grad norm: 2869.39 at epoch=33 step=7263     
                    WARNING  High grad norm: 5238.26 at epoch=33 step=7264     
                    WARNING  High grad norm: 2270.35 at epoch=33 step=7265     
                    WARNING  High grad norm: 2665.28 at epoch=33 step=7266     
[04/19/26 17:52:23] WARNING  High grad norm: 1215.31 at epoch=33 step=7267     
                    WARNING  High grad norm: 1969.33 at epoch=33 step=7268     
                    WARNING  High grad norm: 3387.61 at epoch=33 step=7269     
                    WARNING  High grad norm: 2405.66 at epoch=33 step=7270     
[04/19/26 17:52:24] WARNING  High grad norm: 4320.08 at epoch=33 step=7271     
                    WARNING  High grad norm: 2940.77 at epoch=33 step=7272     
                    WARNING  High grad norm: 4081.98 at epoch=33 step=7273     
                    WARNING  High grad norm: 5374.16 at epoch=33 step=7274     
                    WARNING  High grad norm: 2652.44 at epoch=33 step=7275     
[04/19/26 17:52:25] WARNING  High grad norm: 3513.31 at epoch=33 step=7276     
                    WARNING  High grad norm: 3865.39 at epoch=33 step=7277     
                    WARNING  High grad norm: 3312.56 at epoch=33 step=7278     
                    WARNING  High grad norm: 2569.67 at epoch=33 step=7279     
                    WARNING  High grad norm: 10296.41 at epoch=33 step=7280    
[04/19/26 17:52:26] WARNING  High grad norm: 5922.99 at epoch=33 step=7281     
                    WARNING  High grad norm: 3962.71 at epoch=33 step=7282     
                    WARNING  High grad norm: 3712.46 at epoch=33 step=7283     
                    WARNING  High grad norm: 4550.29 at epoch=33 step=7284     
[04/19/26 17:52:27] WARNING  High grad norm: 4967.00 at epoch=33 step=7285     
                    WARNING  High grad norm: 3101.62 at epoch=33 step=7286     
                    WARNING  High grad norm: 1883.26 at epoch=33 step=7287     
                    WARNING  High grad norm: 3972.17 at epoch=33 step=7288     
                    WARNING  High grad norm: 3506.78 at epoch=33 step=7289     
[04/19/26 17:52:28] WARNING  High grad norm: 5249.33 at epoch=33 step=7290     
                    WARNING  High grad norm: 7096.47 at epoch=33 step=7291     
                    WARNING  High grad norm: 2838.45 at epoch=33 step=7292     
                    WARNING  High grad norm: 4160.71 at epoch=33 step=7293     
[04/19/26 17:52:29] WARNING  High grad norm: 8175.87 at epoch=33 step=7294     
                    WARNING  High grad norm: 1652.99 at epoch=33 step=7295     
                    WARNING  High grad norm: 1034.51 at epoch=33 step=7296     
                    WARNING  High grad norm: 4357.86 at epoch=33 step=7297     
                    WARNING  High grad norm: 2954.51 at epoch=33 step=7298     
[04/19/26 17:52:30] WARNING  High grad norm: 4230.47 at epoch=33 step=7299     
                    INFO     epoch=33 step=7300 loss=498.8622                  
                             grad_norm=4230.4688 lr=5.40e-05                   
                    WARNING  High grad norm: 8398.50 at epoch=33 step=7300     
                    WARNING  High grad norm: 3410.33 at epoch=33 step=7301     
                    WARNING  High grad norm: 4188.00 at epoch=33 step=7302     
[04/19/26 17:52:31] WARNING  High grad norm: 9000.75 at epoch=33 step=7303     
                    WARNING  High grad norm: 4160.82 at epoch=33 step=7304     
                    WARNING  High grad norm: 3934.56 at epoch=33 step=7305     
                    WARNING  High grad norm: 4964.52 at epoch=33 step=7306     
                    WARNING  High grad norm: 5223.65 at epoch=33 step=7307     
[04/19/26 17:52:32] WARNING  High grad norm: 2853.38 at epoch=33 step=7308     
                    WARNING  High grad norm: 4983.87 at epoch=33 step=7309     
                    WARNING  High grad norm: 3255.82 at epoch=33 step=7310     
                    WARNING  High grad norm: 2921.60 at epoch=33 step=7311     
[04/19/26 17:52:33] WARNING  High grad norm: 2657.60 at epoch=33 step=7312     
                    WARNING  High grad norm: 3070.14 at epoch=33 step=7313     
                    WARNING  High grad norm: 3722.83 at epoch=33 step=7314     
                    WARNING  High grad norm: 3728.46 at epoch=33 step=7315     
                    WARNING  High grad norm: 1919.18 at epoch=33 step=7316     
[04/19/26 17:52:34] WARNING  High grad norm: 1850.88 at epoch=33 step=7317     
                    WARNING  High grad norm: 1027.50 at epoch=33 step=7318     
                    WARNING  High grad norm: 1462.11 at epoch=33 step=7319     
                    WARNING  High grad norm: 3740.20 at epoch=33 step=7320     
[04/19/26 17:52:35] WARNING  High grad norm: 3718.00 at epoch=33 step=7321     
                    WARNING  High grad norm: 1949.90 at epoch=33 step=7322     
                    WARNING  High grad norm: 2706.57 at epoch=33 step=7323     
                    WARNING  High grad norm: 3509.59 at epoch=33 step=7324     
                    WARNING  High grad norm: 1842.50 at epoch=33 step=7325     
[04/19/26 17:52:36] WARNING  High grad norm: 2707.73 at epoch=33 step=7326     
                    WARNING  High grad norm: 3829.25 at epoch=33 step=7327     
                    WARNING  High grad norm: 2728.68 at epoch=33 step=7328     
                    WARNING  High grad norm: 3556.15 at epoch=33 step=7329     
[04/19/26 17:52:37] WARNING  High grad norm: 5729.15 at epoch=33 step=7330     
                    WARNING  High grad norm: 5010.19 at epoch=33 step=7331     
                    WARNING  High grad norm: 1798.69 at epoch=33 step=7332     
                    WARNING  High grad norm: 1718.68 at epoch=33 step=7333     
                    WARNING  High grad norm: 807.07 at epoch=33 step=7334      
[04/19/26 17:52:38] WARNING  High grad norm: 1874.78 at epoch=33 step=7335     
                    WARNING  High grad norm: 1923.10 at epoch=33 step=7336     
                    WARNING  High grad norm: 2615.82 at epoch=33 step=7337     
                    WARNING  High grad norm: 3775.80 at epoch=33 step=7338     
[04/19/26 17:52:39] WARNING  High grad norm: 4013.47 at epoch=33 step=7339     
                    WARNING  High grad norm: 4536.81 at epoch=33 step=7340     
                    WARNING  High grad norm: 3106.67 at epoch=33 step=7341     
                    WARNING  High grad norm: 3676.53 at epoch=33 step=7342     
                    WARNING  High grad norm: 3268.70 at epoch=33 step=7343     
[04/19/26 17:52:40] WARNING  High grad norm: 1211.58 at epoch=33 step=7344     
                    WARNING  High grad norm: 7640.11 at epoch=33 step=7345     
                    WARNING  High grad norm: 6305.44 at epoch=33 step=7346     
                    WARNING  High grad norm: 2090.56 at epoch=33 step=7347     
                    WARNING  High grad norm: 7035.27 at epoch=33 step=7348     
[04/19/26 17:52:41] WARNING  High grad norm: 6894.79 at epoch=33 step=7349     
                    WARNING  High grad norm: 7204.38 at epoch=33 step=7350     
                    WARNING  High grad norm: 5896.35 at epoch=33 step=7351     
                    WARNING  High grad norm: 10660.47 at epoch=33 step=7352    
[04/19/26 17:52:42] WARNING  High grad norm: 6568.23 at epoch=33 step=7353     
                    WARNING  High grad norm: 3367.45 at epoch=33 step=7354     
                    WARNING  High grad norm: 8434.85 at epoch=33 step=7355     
                    WARNING  High grad norm: 13491.31 at epoch=33 step=7356    
                    WARNING  High grad norm: 6117.50 at epoch=33 step=7357     
[04/19/26 17:52:43] WARNING  High grad norm: 4133.60 at epoch=33 step=7358     
                    INFO     epoch=33 avg_loss=498.2644 lr=5.26e-05            
[04/19/26 17:53:00] WARNING  High grad norm: 6252.30 at epoch=34 step=7359     
[04/19/26 17:53:01] WARNING  High grad norm: 3007.97 at epoch=34 step=7360     
                    WARNING  High grad norm: 5582.04 at epoch=34 step=7361     
                    WARNING  High grad norm: 4474.02 at epoch=34 step=7362     
                    WARNING  High grad norm: 1445.41 at epoch=34 step=7363     
                    WARNING  High grad norm: 4558.96 at epoch=34 step=7364     
[04/19/26 17:53:02] WARNING  High grad norm: 2133.17 at epoch=34 step=7365     
                    WARNING  High grad norm: 4300.81 at epoch=34 step=7366     
                    WARNING  High grad norm: 1888.86 at epoch=34 step=7367     
                    WARNING  High grad norm: 1995.63 at epoch=34 step=7368     
                    WARNING  High grad norm: 5030.61 at epoch=34 step=7369     
[04/19/26 17:53:03] WARNING  High grad norm: 3216.25 at epoch=34 step=7370     
                    WARNING  High grad norm: 2693.52 at epoch=34 step=7371     
                    WARNING  High grad norm: 3493.75 at epoch=34 step=7372     
                    WARNING  High grad norm: 4213.20 at epoch=34 step=7373     
[04/19/26 17:53:04] WARNING  High grad norm: 3169.23 at epoch=34 step=7374     
                    WARNING  High grad norm: 7285.68 at epoch=34 step=7375     
                    WARNING  High grad norm: 2869.20 at epoch=34 step=7376     
                    WARNING  High grad norm: 3501.51 at epoch=34 step=7377     
                    WARNING  High grad norm: 4377.33 at epoch=34 step=7378     
[04/19/26 17:53:05] WARNING  High grad norm: 1125.54 at epoch=34 step=7379     
                    WARNING  High grad norm: 4833.24 at epoch=34 step=7380     
                    WARNING  High grad norm: 4841.91 at epoch=34 step=7381     
                    WARNING  High grad norm: 4711.62 at epoch=34 step=7382     
[04/19/26 17:53:06] WARNING  High grad norm: 2222.15 at epoch=34 step=7383     
                    WARNING  High grad norm: 2435.80 at epoch=34 step=7384     
                    WARNING  High grad norm: 2212.41 at epoch=34 step=7385     
                    WARNING  High grad norm: 1952.47 at epoch=34 step=7386     
                    WARNING  High grad norm: 1985.56 at epoch=34 step=7387     
[04/19/26 17:53:07] WARNING  High grad norm: 2968.33 at epoch=34 step=7388     
                    WARNING  High grad norm: 1335.27 at epoch=34 step=7389     
                    WARNING  High grad norm: 3129.32 at epoch=34 step=7390     
                    WARNING  High grad norm: 1800.05 at epoch=34 step=7391     
[04/19/26 17:53:08] WARNING  High grad norm: 1138.70 at epoch=34 step=7392     
                    WARNING  High grad norm: 2112.91 at epoch=34 step=7393     
                    WARNING  High grad norm: 1589.01 at epoch=34 step=7394     
                    WARNING  High grad norm: 2816.00 at epoch=34 step=7395     
                    WARNING  High grad norm: 2142.25 at epoch=34 step=7396     
[04/19/26 17:53:09] WARNING  High grad norm: 4341.60 at epoch=34 step=7397     
                    WARNING  High grad norm: 2234.37 at epoch=34 step=7398     
                    WARNING  High grad norm: 1675.39 at epoch=34 step=7399     
                    INFO     epoch=34 step=7400 loss=507.7417                  
                             grad_norm=1675.3855 lr=5.16e-05                   
                    WARNING  High grad norm: 2323.53 at epoch=34 step=7400     
                    WARNING  High grad norm: 1606.08 at epoch=34 step=7401     
[04/19/26 17:53:10] WARNING  High grad norm: 2406.97 at epoch=34 step=7402     
                    WARNING  High grad norm: 2097.04 at epoch=34 step=7403     
                    WARNING  High grad norm: 1644.20 at epoch=34 step=7404     
                    WARNING  High grad norm: 7094.57 at epoch=34 step=7405     
[04/19/26 17:53:11] WARNING  High grad norm: 7555.73 at epoch=34 step=7406     
                    WARNING  High grad norm: 2987.33 at epoch=34 step=7407     
                    WARNING  High grad norm: 4987.95 at epoch=34 step=7408     
                    WARNING  High grad norm: 9148.90 at epoch=34 step=7409     
                    WARNING  High grad norm: 5177.64 at epoch=34 step=7410     
[04/19/26 17:53:12] WARNING  High grad norm: 5468.85 at epoch=34 step=7411     
                    WARNING  High grad norm: 8952.67 at epoch=34 step=7412     
                    WARNING  High grad norm: 4981.54 at epoch=34 step=7413     
                    WARNING  High grad norm: 4973.71 at epoch=34 step=7414     
[04/19/26 17:53:13] WARNING  High grad norm: 4646.60 at epoch=34 step=7415     
                    WARNING  High grad norm: 1829.40 at epoch=34 step=7416     
                    WARNING  High grad norm: 5855.55 at epoch=34 step=7417     
                    WARNING  High grad norm: 6730.15 at epoch=34 step=7418     
                    WARNING  High grad norm: 2329.01 at epoch=34 step=7419     
[04/19/26 17:53:14] WARNING  High grad norm: 3603.10 at epoch=34 step=7420     
                    WARNING  High grad norm: 3952.02 at epoch=34 step=7421     
                    WARNING  High grad norm: 2094.72 at epoch=34 step=7422     
                    WARNING  High grad norm: 4320.76 at epoch=34 step=7423     
[04/19/26 17:53:15] WARNING  High grad norm: 6295.27 at epoch=34 step=7424     
                    WARNING  High grad norm: 2875.32 at epoch=34 step=7425     
                    WARNING  High grad norm: 2560.54 at epoch=34 step=7426     
                    WARNING  High grad norm: 2295.66 at epoch=34 step=7427     
                    WARNING  High grad norm: 3418.41 at epoch=34 step=7428     
[04/19/26 17:53:16] WARNING  High grad norm: 2233.77 at epoch=34 step=7429     
                    WARNING  High grad norm: 6220.31 at epoch=34 step=7430     
                    WARNING  High grad norm: 5716.67 at epoch=34 step=7431     
                    WARNING  High grad norm: 4927.04 at epoch=34 step=7432     
[04/19/26 17:53:17] WARNING  High grad norm: 6693.39 at epoch=34 step=7433     
                    WARNING  High grad norm: 7148.13 at epoch=34 step=7434     
                    WARNING  High grad norm: 3683.62 at epoch=34 step=7435     
                    WARNING  High grad norm: 3330.29 at epoch=34 step=7436     
                    WARNING  High grad norm: 2945.55 at epoch=34 step=7437     
[04/19/26 17:53:18] WARNING  High grad norm: 968.87 at epoch=34 step=7438      
                    WARNING  High grad norm: 7424.04 at epoch=34 step=7439     
                    WARNING  High grad norm: 3594.30 at epoch=34 step=7440     
                    WARNING  High grad norm: 3267.22 at epoch=34 step=7441     
[04/19/26 17:53:19] WARNING  High grad norm: 6058.99 at epoch=34 step=7442     
                    WARNING  High grad norm: 3439.25 at epoch=34 step=7443     
                    WARNING  High grad norm: 6107.19 at epoch=34 step=7444     
                    WARNING  High grad norm: 6303.14 at epoch=34 step=7445     
                    WARNING  High grad norm: 4320.06 at epoch=34 step=7446     
[04/19/26 17:53:20] WARNING  High grad norm: 3895.55 at epoch=34 step=7447     
                    WARNING  High grad norm: 4703.85 at epoch=34 step=7448     
                    WARNING  High grad norm: 1281.08 at epoch=34 step=7449     
                    WARNING  High grad norm: 5189.78 at epoch=34 step=7450     
[04/19/26 17:53:21] WARNING  High grad norm: 3115.54 at epoch=34 step=7451     
                    WARNING  High grad norm: 3690.16 at epoch=34 step=7452     
                    WARNING  High grad norm: 3336.76 at epoch=34 step=7453     
                    WARNING  High grad norm: 1475.94 at epoch=34 step=7454     
                    WARNING  High grad norm: 1468.26 at epoch=34 step=7455     
[04/19/26 17:53:22] WARNING  High grad norm: 1881.62 at epoch=34 step=7456     
                    WARNING  High grad norm: 4311.12 at epoch=34 step=7457     
                    WARNING  High grad norm: 1919.02 at epoch=34 step=7458     
                    WARNING  High grad norm: 5315.00 at epoch=34 step=7459     
[04/19/26 17:53:23] WARNING  High grad norm: 6869.03 at epoch=34 step=7460     
                    WARNING  High grad norm: 7004.06 at epoch=34 step=7461     
                    WARNING  High grad norm: 2368.82 at epoch=34 step=7462     
                    WARNING  High grad norm: 5145.02 at epoch=34 step=7463     
                    WARNING  High grad norm: 1280.17 at epoch=34 step=7464     
[04/19/26 17:53:24] WARNING  High grad norm: 1343.07 at epoch=34 step=7465     
                    WARNING  High grad norm: 4536.32 at epoch=34 step=7466     
                    WARNING  High grad norm: 4283.72 at epoch=34 step=7467     
                    WARNING  High grad norm: 4303.81 at epoch=34 step=7468     
[04/19/26 17:53:25] WARNING  High grad norm: 4895.03 at epoch=34 step=7469     
                    WARNING  High grad norm: 2611.04 at epoch=34 step=7470     
                    WARNING  High grad norm: 5032.84 at epoch=34 step=7471     
                    WARNING  High grad norm: 10193.62 at epoch=34 step=7472    
                    WARNING  High grad norm: 6881.45 at epoch=34 step=7473     
[04/19/26 17:53:26] WARNING  High grad norm: 3814.55 at epoch=34 step=7474     
                    WARNING  High grad norm: 4603.59 at epoch=34 step=7475     
                    WARNING  High grad norm: 7296.23 at epoch=34 step=7476     
                    WARNING  High grad norm: 2143.25 at epoch=34 step=7477     
[04/19/26 17:53:27] WARNING  High grad norm: 9981.41 at epoch=34 step=7478     
                    WARNING  High grad norm: 17389.12 at epoch=34 step=7479    
                    WARNING  High grad norm: 14189.98 at epoch=34 step=7480    
                    WARNING  High grad norm: 4945.93 at epoch=34 step=7481     
                    WARNING  High grad norm: 4510.06 at epoch=34 step=7482     
[04/19/26 17:53:28] WARNING  High grad norm: 10442.32 at epoch=34 step=7483    
                    WARNING  High grad norm: 7237.76 at epoch=34 step=7484     
                    WARNING  High grad norm: 4218.31 at epoch=34 step=7485     
                    WARNING  High grad norm: 4873.71 at epoch=34 step=7486     
[04/19/26 17:53:29] WARNING  High grad norm: 9692.55 at epoch=34 step=7487     
                    WARNING  High grad norm: 5136.93 at epoch=34 step=7488     
                    WARNING  High grad norm: 1902.14 at epoch=34 step=7489     
                    WARNING  High grad norm: 5422.05 at epoch=34 step=7490     
                    WARNING  High grad norm: 6882.24 at epoch=34 step=7491     
[04/19/26 17:53:30] WARNING  High grad norm: 4514.62 at epoch=34 step=7492     
                    WARNING  High grad norm: 4571.34 at epoch=34 step=7493     
                    WARNING  High grad norm: 7079.50 at epoch=34 step=7494     
                    WARNING  High grad norm: 6485.50 at epoch=34 step=7495     
[04/19/26 17:53:31] WARNING  High grad norm: 5417.80 at epoch=34 step=7496     
                    WARNING  High grad norm: 5988.79 at epoch=34 step=7497     
                    WARNING  High grad norm: 2233.72 at epoch=34 step=7498     
                    WARNING  High grad norm: 4698.25 at epoch=34 step=7499     
                    INFO     epoch=34 step=7500 loss=502.2917                  
                             grad_norm=4698.2456 lr=4.91e-05                   
                    WARNING  High grad norm: 2845.65 at epoch=34 step=7500     
[04/19/26 17:53:32] WARNING  High grad norm: 1506.06 at epoch=34 step=7501     
                    WARNING  High grad norm: 5619.41 at epoch=34 step=7502     
                    WARNING  High grad norm: 2704.09 at epoch=34 step=7503     
                    WARNING  High grad norm: 3724.24 at epoch=34 step=7504     
                    WARNING  High grad norm: 2895.31 at epoch=34 step=7505     
[04/19/26 17:53:33] WARNING  High grad norm: 2446.37 at epoch=34 step=7506     
                    WARNING  High grad norm: 1904.43 at epoch=34 step=7507     
                    WARNING  High grad norm: 2117.71 at epoch=34 step=7508     
                    WARNING  High grad norm: 1205.48 at epoch=34 step=7509     
[04/19/26 17:53:34] WARNING  High grad norm: 2307.39 at epoch=34 step=7510     
                    WARNING  High grad norm: 2992.68 at epoch=34 step=7511     
                    WARNING  High grad norm: 1855.48 at epoch=34 step=7512     
                    WARNING  High grad norm: 3903.31 at epoch=34 step=7513     
                    WARNING  High grad norm: 2518.40 at epoch=34 step=7514     
[04/19/26 17:53:35] WARNING  High grad norm: 2292.08 at epoch=34 step=7515     
                    WARNING  High grad norm: 2026.97 at epoch=34 step=7516     
                    WARNING  High grad norm: 4308.95 at epoch=34 step=7517     
                    WARNING  High grad norm: 4384.87 at epoch=34 step=7518     
[04/19/26 17:53:36] WARNING  High grad norm: 2943.86 at epoch=34 step=7519     
                    WARNING  High grad norm: 3905.25 at epoch=34 step=7520     
                    WARNING  High grad norm: 1450.74 at epoch=34 step=7521     
                    WARNING  High grad norm: 3101.01 at epoch=34 step=7522     
                    WARNING  High grad norm: 1945.29 at epoch=34 step=7523     
[04/19/26 17:53:37] WARNING  High grad norm: 1267.84 at epoch=34 step=7524     
                    WARNING  High grad norm: 5848.32 at epoch=34 step=7525     
                    WARNING  High grad norm: 2095.07 at epoch=34 step=7526     
                    WARNING  High grad norm: 6250.29 at epoch=34 step=7527     
[04/19/26 17:53:38] WARNING  High grad norm: 6265.34 at epoch=34 step=7528     
                    WARNING  High grad norm: 2240.12 at epoch=34 step=7529     
                    WARNING  High grad norm: 5217.13 at epoch=34 step=7530     
                    WARNING  High grad norm: 5668.32 at epoch=34 step=7531     
                    WARNING  High grad norm: 3918.56 at epoch=34 step=7532     
[04/19/26 17:53:39] WARNING  High grad norm: 5970.66 at epoch=34 step=7533     
                    WARNING  High grad norm: 6537.11 at epoch=34 step=7534     
                    WARNING  High grad norm: 6071.14 at epoch=34 step=7535     
                    WARNING  High grad norm: 2616.71 at epoch=34 step=7536     
[04/19/26 17:53:40] WARNING  High grad norm: 4195.05 at epoch=34 step=7537     
                    WARNING  High grad norm: 1348.61 at epoch=34 step=7538     
                    WARNING  High grad norm: 6126.36 at epoch=34 step=7539     
                    WARNING  High grad norm: 1333.79 at epoch=34 step=7540     
                    WARNING  High grad norm: 2833.59 at epoch=34 step=7541     
[04/19/26 17:53:41] WARNING  High grad norm: 4755.97 at epoch=34 step=7542     
                    WARNING  High grad norm: 6076.05 at epoch=34 step=7543     
                    WARNING  High grad norm: 3464.57 at epoch=34 step=7544     
                    WARNING  High grad norm: 1397.14 at epoch=34 step=7545     
[04/19/26 17:53:42] WARNING  High grad norm: 4458.35 at epoch=34 step=7546     
                    WARNING  High grad norm: 1541.19 at epoch=34 step=7547     
                    WARNING  High grad norm: 5050.74 at epoch=34 step=7548     
                    WARNING  High grad norm: 1693.65 at epoch=34 step=7549     
                    WARNING  High grad norm: 4394.30 at epoch=34 step=7550     
[04/19/26 17:53:43] WARNING  High grad norm: 3489.59 at epoch=34 step=7551     
                    WARNING  High grad norm: 1774.53 at epoch=34 step=7552     
                    WARNING  High grad norm: 5271.51 at epoch=34 step=7553     
                    WARNING  High grad norm: 4284.31 at epoch=34 step=7554     
[04/19/26 17:53:44] WARNING  High grad norm: 4544.69 at epoch=34 step=7555     
                    WARNING  High grad norm: 2711.42 at epoch=34 step=7556     
                    WARNING  High grad norm: 4569.44 at epoch=34 step=7557     
                    WARNING  High grad norm: 3764.62 at epoch=34 step=7558     
                    WARNING  High grad norm: 2055.27 at epoch=34 step=7559     
[04/19/26 17:53:45] WARNING  High grad norm: 3362.24 at epoch=34 step=7560     
                    WARNING  High grad norm: 3722.16 at epoch=34 step=7561     
                    WARNING  High grad norm: 2866.20 at epoch=34 step=7562     
                    WARNING  High grad norm: 3000.11 at epoch=34 step=7563     
                    WARNING  High grad norm: 1755.16 at epoch=34 step=7564     
[04/19/26 17:53:46] WARNING  High grad norm: 1525.39 at epoch=34 step=7565     
                    WARNING  High grad norm: 1978.31 at epoch=34 step=7566     
                    WARNING  High grad norm: 1266.99 at epoch=34 step=7567     
                    WARNING  High grad norm: 3256.31 at epoch=34 step=7568     
[04/19/26 17:53:47] WARNING  High grad norm: 2530.09 at epoch=34 step=7569     
                    WARNING  High grad norm: 1061.96 at epoch=34 step=7570     
                    WARNING  High grad norm: 2701.98 at epoch=34 step=7571     
                    WARNING  High grad norm: 1940.43 at epoch=34 step=7572     
                    WARNING  High grad norm: 2601.86 at epoch=34 step=7573     
[04/19/26 17:53:48] WARNING  High grad norm: 2038.96 at epoch=34 step=7574     
                    WARNING  High grad norm: 1878.73 at epoch=34 step=7575     
                    WARNING  High grad norm: 2429.41 at epoch=34 step=7576     
                    WARNING  High grad norm: 2348.74 at epoch=34 step=7577     
[04/19/26 17:53:49] WARNING  High grad norm: 1989.78 at epoch=34 step=7578     
                    WARNING  High grad norm: 1361.00 at epoch=34 step=7579     
                    WARNING  High grad norm: 1793.81 at epoch=34 step=7580     
                    WARNING  High grad norm: 4497.99 at epoch=34 step=7581     
[04/19/26 17:53:50] INFO     epoch=34 avg_loss=504.2699 lr=4.72e-05            
[04/19/26 17:54:04] WARNING  High grad norm: 4416.84 at epoch=35 step=7582     
                    WARNING  High grad norm: 3003.25 at epoch=35 step=7583     
                    WARNING  High grad norm: 4926.20 at epoch=35 step=7584     
                    WARNING  High grad norm: 4378.83 at epoch=35 step=7585     
[04/19/26 17:54:05] WARNING  High grad norm: 6111.83 at epoch=35 step=7586     
                    WARNING  High grad norm: 8673.71 at epoch=35 step=7587     
                    WARNING  High grad norm: 5099.32 at epoch=35 step=7588     
                    WARNING  High grad norm: 6467.47 at epoch=35 step=7589     
[04/19/26 17:54:06] WARNING  High grad norm: 6082.76 at epoch=35 step=7590     
                    WARNING  High grad norm: 2329.89 at epoch=35 step=7591     
                    WARNING  High grad norm: 3828.91 at epoch=35 step=7592     
                    WARNING  High grad norm: 7633.39 at epoch=35 step=7593     
                    WARNING  High grad norm: 4096.98 at epoch=35 step=7594     
[04/19/26 17:54:07] WARNING  High grad norm: 4257.94 at epoch=35 step=7595     
                    WARNING  High grad norm: 6244.32 at epoch=35 step=7596     
                    WARNING  High grad norm: 6503.68 at epoch=35 step=7597     
                    WARNING  High grad norm: 1437.46 at epoch=35 step=7598     
[04/19/26 17:54:08] WARNING  High grad norm: 5224.04 at epoch=35 step=7599     
                    INFO     epoch=35 step=7600 loss=507.4506                  
                             grad_norm=5224.0386 lr=4.68e-05                   
                    WARNING  High grad norm: 2910.31 at epoch=35 step=7600     
                    WARNING  High grad norm: 3449.33 at epoch=35 step=7601     
                    WARNING  High grad norm: 1873.02 at epoch=35 step=7602     
                    WARNING  High grad norm: 3864.18 at epoch=35 step=7603     
[04/19/26 17:54:09] WARNING  High grad norm: 4861.60 at epoch=35 step=7604     
                    WARNING  High grad norm: 1659.82 at epoch=35 step=7605     
                    WARNING  High grad norm: 7773.97 at epoch=35 step=7606     
                    WARNING  High grad norm: 12781.11 at epoch=35 step=7607    
                    WARNING  High grad norm: 12258.58 at epoch=35 step=7608    
[04/19/26 17:54:10] WARNING  High grad norm: 5490.89 at epoch=35 step=7609     
                    WARNING  High grad norm: 9960.59 at epoch=35 step=7610     
                    WARNING  High grad norm: 15616.62 at epoch=35 step=7611    
                    WARNING  High grad norm: 10443.11 at epoch=35 step=7612    
[04/19/26 17:54:11] WARNING  High grad norm: 10045.40 at epoch=35 step=7613    
                    WARNING  High grad norm: 2968.61 at epoch=35 step=7614     
                    WARNING  High grad norm: 5786.00 at epoch=35 step=7615     
                    WARNING  High grad norm: 4633.70 at epoch=35 step=7616     
                    WARNING  High grad norm: 3140.72 at epoch=35 step=7617     
[04/19/26 17:54:12] WARNING  High grad norm: 2178.12 at epoch=35 step=7618     
                    WARNING  High grad norm: 2380.74 at epoch=35 step=7619     
                    WARNING  High grad norm: 3350.43 at epoch=35 step=7620     
                    WARNING  High grad norm: 2432.00 at epoch=35 step=7621     
[04/19/26 17:54:13] WARNING  High grad norm: 5674.29 at epoch=35 step=7622     
                    WARNING  High grad norm: 8332.00 at epoch=35 step=7623     
                    WARNING  High grad norm: 7787.86 at epoch=35 step=7624     
                    WARNING  High grad norm: 3711.12 at epoch=35 step=7625     
                    WARNING  High grad norm: 4364.80 at epoch=35 step=7626     
[04/19/26 17:54:14] WARNING  High grad norm: 7574.26 at epoch=35 step=7627     
                    WARNING  High grad norm: 4218.12 at epoch=35 step=7628     
                    WARNING  High grad norm: 3460.92 at epoch=35 step=7629     
                    WARNING  High grad norm: 2549.31 at epoch=35 step=7630     
[04/19/26 17:54:15] WARNING  High grad norm: 4959.90 at epoch=35 step=7631     
                    WARNING  High grad norm: 6723.00 at epoch=35 step=7632     
                    WARNING  High grad norm: 3290.81 at epoch=35 step=7633     
                    WARNING  High grad norm: 6270.29 at epoch=35 step=7634     
                    WARNING  High grad norm: 12100.34 at epoch=35 step=7635    
[04/19/26 17:54:16] WARNING  High grad norm: 5159.66 at epoch=35 step=7636     
                    WARNING  High grad norm: 2910.74 at epoch=35 step=7637     
                    WARNING  High grad norm: 8688.44 at epoch=35 step=7638     
                    WARNING  High grad norm: 5234.89 at epoch=35 step=7639     
[04/19/26 17:54:17] WARNING  High grad norm: 3385.25 at epoch=35 step=7640     
                    WARNING  High grad norm: 3224.92 at epoch=35 step=7641     
                    WARNING  High grad norm: 3833.98 at epoch=35 step=7642     
                    WARNING  High grad norm: 3306.38 at epoch=35 step=7643     
                    WARNING  High grad norm: 4317.06 at epoch=35 step=7644     
[04/19/26 17:54:18] WARNING  High grad norm: 2958.22 at epoch=35 step=7645     
                    WARNING  High grad norm: 3704.74 at epoch=35 step=7646     
                    WARNING  High grad norm: 5838.87 at epoch=35 step=7647     
                    WARNING  High grad norm: 4396.67 at epoch=35 step=7648     
                    WARNING  High grad norm: 2460.34 at epoch=35 step=7649     
[04/19/26 17:54:19] WARNING  High grad norm: 4967.50 at epoch=35 step=7650     
                    WARNING  High grad norm: 4655.03 at epoch=35 step=7651     
                    WARNING  High grad norm: 1620.90 at epoch=35 step=7652     
                    WARNING  High grad norm: 3035.20 at epoch=35 step=7653     
[04/19/26 17:54:20] WARNING  High grad norm: 3294.30 at epoch=35 step=7654     
                    WARNING  High grad norm: 1531.50 at epoch=35 step=7655     
                    WARNING  High grad norm: 1942.40 at epoch=35 step=7656     
                    WARNING  High grad norm: 2255.72 at epoch=35 step=7657     
                    WARNING  High grad norm: 1343.92 at epoch=35 step=7658     
[04/19/26 17:54:21] WARNING  High grad norm: 4256.29 at epoch=35 step=7659     
                    WARNING  High grad norm: 2500.34 at epoch=35 step=7660     
                    WARNING  High grad norm: 2921.22 at epoch=35 step=7661     
                    WARNING  High grad norm: 2559.24 at epoch=35 step=7662     
[04/19/26 17:54:22] WARNING  High grad norm: 1962.56 at epoch=35 step=7663     
                    WARNING  High grad norm: 1789.26 at epoch=35 step=7664     
                    WARNING  High grad norm: 5959.31 at epoch=35 step=7665     
                    WARNING  High grad norm: 4178.24 at epoch=35 step=7666     
                    WARNING  High grad norm: 2128.17 at epoch=35 step=7667     
[04/19/26 17:54:23] WARNING  High grad norm: 3691.70 at epoch=35 step=7668     
                    WARNING  High grad norm: 2990.64 at epoch=35 step=7669     
                    WARNING  High grad norm: 3116.58 at epoch=35 step=7670     
                    WARNING  High grad norm: 3872.31 at epoch=35 step=7671     
[04/19/26 17:54:24] WARNING  High grad norm: 2018.34 at epoch=35 step=7672     
                    WARNING  High grad norm: 2620.65 at epoch=35 step=7673     
                    WARNING  High grad norm: 3345.19 at epoch=35 step=7674     
                    WARNING  High grad norm: 3330.57 at epoch=35 step=7675     
                    WARNING  High grad norm: 3394.63 at epoch=35 step=7676     
[04/19/26 17:54:25] WARNING  High grad norm: 1855.64 at epoch=35 step=7677     
                    WARNING  High grad norm: 1382.25 at epoch=35 step=7678     
                    WARNING  High grad norm: 865.15 at epoch=35 step=7679      
                    WARNING  High grad norm: 1923.82 at epoch=35 step=7680     
[04/19/26 17:54:26] WARNING  High grad norm: 3084.73 at epoch=35 step=7681     
                    WARNING  High grad norm: 2504.13 at epoch=35 step=7682     
                    WARNING  High grad norm: 1546.50 at epoch=35 step=7683     
                    WARNING  High grad norm: 960.64 at epoch=35 step=7684      
                    WARNING  High grad norm: 1394.63 at epoch=35 step=7685     
[04/19/26 17:54:27] WARNING  High grad norm: 4300.13 at epoch=35 step=7686     
                    WARNING  High grad norm: 4985.99 at epoch=35 step=7687     
                    WARNING  High grad norm: 2809.23 at epoch=35 step=7688     
                    WARNING  High grad norm: 3400.88 at epoch=35 step=7689     
                    WARNING  High grad norm: 3118.66 at epoch=35 step=7690     
[04/19/26 17:54:28] WARNING  High grad norm: 1296.11 at epoch=35 step=7691     
                    WARNING  High grad norm: 1726.85 at epoch=35 step=7692     
                    WARNING  High grad norm: 2013.55 at epoch=35 step=7693     
                    WARNING  High grad norm: 3230.00 at epoch=35 step=7694     
[04/19/26 17:54:29] WARNING  High grad norm: 2254.76 at epoch=35 step=7695     
                    WARNING  High grad norm: 1366.40 at epoch=35 step=7696     
                    WARNING  High grad norm: 6032.04 at epoch=35 step=7697     
                    WARNING  High grad norm: 4479.64 at epoch=35 step=7698     
                    WARNING  High grad norm: 2498.50 at epoch=35 step=7699     
                    INFO     epoch=35 step=7700 loss=498.1921                  
                             grad_norm=2498.4985 lr=4.44e-05                   
[04/19/26 17:54:30] WARNING  High grad norm: 2395.79 at epoch=35 step=7700     
                    WARNING  High grad norm: 1668.15 at epoch=35 step=7701     
                    WARNING  High grad norm: 1606.85 at epoch=35 step=7702     
                    WARNING  High grad norm: 1367.85 at epoch=35 step=7703     
[04/19/26 17:54:31] WARNING  High grad norm: 3572.93 at epoch=35 step=7704     
                    WARNING  High grad norm: 3038.75 at epoch=35 step=7705     
                    WARNING  High grad norm: 2938.81 at epoch=35 step=7706     
                    WARNING  High grad norm: 3041.55 at epoch=35 step=7707     
                    WARNING  High grad norm: 1999.23 at epoch=35 step=7708     
[04/19/26 17:54:32] WARNING  High grad norm: 2122.84 at epoch=35 step=7709     
                    WARNING  High grad norm: 2068.70 at epoch=35 step=7710     
                    WARNING  High grad norm: 1832.43 at epoch=35 step=7711     
                    WARNING  High grad norm: 2459.93 at epoch=35 step=7712     
[04/19/26 17:54:33] WARNING  High grad norm: 2232.94 at epoch=35 step=7713     
                    WARNING  High grad norm: 2313.91 at epoch=35 step=7714     
                    WARNING  High grad norm: 6280.35 at epoch=35 step=7715     
                    WARNING  High grad norm: 2186.66 at epoch=35 step=7716     
                    WARNING  High grad norm: 2953.52 at epoch=35 step=7717     
[04/19/26 17:54:34] WARNING  High grad norm: 3035.14 at epoch=35 step=7718     
                    WARNING  High grad norm: 1090.51 at epoch=35 step=7719     
                    WARNING  High grad norm: 3050.25 at epoch=35 step=7720     
                    WARNING  High grad norm: 972.33 at epoch=35 step=7721      
[04/19/26 17:54:35] WARNING  High grad norm: 1757.95 at epoch=35 step=7722     
                    WARNING  High grad norm: 1908.42 at epoch=35 step=7723     
                    WARNING  High grad norm: 1370.16 at epoch=35 step=7724     
                    WARNING  High grad norm: 1735.69 at epoch=35 step=7725     
                    WARNING  High grad norm: 2340.28 at epoch=35 step=7726     
[04/19/26 17:54:36] WARNING  High grad norm: 3138.46 at epoch=35 step=7727     
                    WARNING  High grad norm: 3167.22 at epoch=35 step=7728     
                    WARNING  High grad norm: 4135.97 at epoch=35 step=7729     
                    WARNING  High grad norm: 1587.03 at epoch=35 step=7730     
                    WARNING  High grad norm: 932.55 at epoch=35 step=7731      
[04/19/26 17:54:37] WARNING  High grad norm: 2842.82 at epoch=35 step=7732     
                    WARNING  High grad norm: 1515.94 at epoch=35 step=7733     
                    WARNING  High grad norm: 1376.20 at epoch=35 step=7734     
                    WARNING  High grad norm: 1286.94 at epoch=35 step=7735     
[04/19/26 17:54:38] WARNING  High grad norm: 2003.00 at epoch=35 step=7736     
                    WARNING  High grad norm: 2271.39 at epoch=35 step=7737     
                    WARNING  High grad norm: 2844.08 at epoch=35 step=7738     
                    WARNING  High grad norm: 2542.97 at epoch=35 step=7739     
                    WARNING  High grad norm: 2061.99 at epoch=35 step=7740     
[04/19/26 17:54:39] WARNING  High grad norm: 994.40 at epoch=35 step=7741      
                    WARNING  High grad norm: 3508.23 at epoch=35 step=7742     
                    WARNING  High grad norm: 1333.66 at epoch=35 step=7743     
                    WARNING  High grad norm: 5042.76 at epoch=35 step=7744     
[04/19/26 17:54:40] WARNING  High grad norm: 8516.00 at epoch=35 step=7745     
                    WARNING  High grad norm: 2736.01 at epoch=35 step=7746     
                    WARNING  High grad norm: 5379.99 at epoch=35 step=7747     
                    WARNING  High grad norm: 10818.52 at epoch=35 step=7748    
                    WARNING  High grad norm: 8946.63 at epoch=35 step=7749     
[04/19/26 17:54:41] WARNING  High grad norm: 2874.69 at epoch=35 step=7750     
                    WARNING  High grad norm: 4893.52 at epoch=35 step=7751     
                    WARNING  High grad norm: 8964.84 at epoch=35 step=7752     
                    WARNING  High grad norm: 7426.63 at epoch=35 step=7753     
[04/19/26 17:54:42] WARNING  High grad norm: 3296.25 at epoch=35 step=7754     
                    WARNING  High grad norm: 5760.50 at epoch=35 step=7755     
                    WARNING  High grad norm: 4681.33 at epoch=35 step=7756     
                    WARNING  High grad norm: 2737.58 at epoch=35 step=7757     
                    WARNING  High grad norm: 3960.96 at epoch=35 step=7758     
[04/19/26 17:54:43] WARNING  High grad norm: 6335.97 at epoch=35 step=7759     
                    WARNING  High grad norm: 2777.26 at epoch=35 step=7760     
                    WARNING  High grad norm: 5993.59 at epoch=35 step=7761     
                    WARNING  High grad norm: 8334.34 at epoch=35 step=7762     
[04/19/26 17:54:44] WARNING  High grad norm: 6356.19 at epoch=35 step=7763     
                    WARNING  High grad norm: 1086.48 at epoch=35 step=7764     
                    WARNING  High grad norm: 4373.07 at epoch=35 step=7765     
                    WARNING  High grad norm: 6901.13 at epoch=35 step=7766     
                    WARNING  High grad norm: 5917.19 at epoch=35 step=7767     
[04/19/26 17:54:45] WARNING  High grad norm: 8094.82 at epoch=35 step=7768     
                    WARNING  High grad norm: 12279.62 at epoch=35 step=7769    
                    WARNING  High grad norm: 5353.32 at epoch=35 step=7770     
                    WARNING  High grad norm: 1842.17 at epoch=35 step=7771     
[04/19/26 17:54:46] WARNING  High grad norm: 5415.22 at epoch=35 step=7772     
                    WARNING  High grad norm: 7002.09 at epoch=35 step=7773     
                    WARNING  High grad norm: 4830.88 at epoch=35 step=7774     
                    WARNING  High grad norm: 5342.38 at epoch=35 step=7775     
                    WARNING  High grad norm: 11304.03 at epoch=35 step=7776    
[04/19/26 17:54:47] WARNING  High grad norm: 7213.05 at epoch=35 step=7777     
                    WARNING  High grad norm: 3115.03 at epoch=35 step=7778     
                    WARNING  High grad norm: 6090.93 at epoch=35 step=7779     
                    WARNING  High grad norm: 10794.45 at epoch=35 step=7780    
[04/19/26 17:54:48] WARNING  High grad norm: 10940.97 at epoch=35 step=7781    
                    WARNING  High grad norm: 2838.71 at epoch=35 step=7782     
                    WARNING  High grad norm: 3416.43 at epoch=35 step=7783     
                    WARNING  High grad norm: 9554.07 at epoch=35 step=7784     
                    WARNING  High grad norm: 4216.56 at epoch=35 step=7785     
[04/19/26 17:54:49] WARNING  High grad norm: 1398.87 at epoch=35 step=7786     
                    WARNING  High grad norm: 4966.77 at epoch=35 step=7787     
                    WARNING  High grad norm: 5325.47 at epoch=35 step=7788     
                    WARNING  High grad norm: 2750.47 at epoch=35 step=7789     
                    WARNING  High grad norm: 1944.85 at epoch=35 step=7790     
[04/19/26 17:54:50] WARNING  High grad norm: 3213.89 at epoch=35 step=7791     
                    WARNING  High grad norm: 2576.28 at epoch=35 step=7792     
                    WARNING  High grad norm: 3117.81 at epoch=35 step=7793     
                    WARNING  High grad norm: 1766.18 at epoch=35 step=7794     
[04/19/26 17:54:51] WARNING  High grad norm: 2259.02 at epoch=35 step=7795     
                    WARNING  High grad norm: 1647.58 at epoch=35 step=7796     
                    WARNING  High grad norm: 1634.53 at epoch=35 step=7797     
                    WARNING  High grad norm: 4410.93 at epoch=35 step=7798     
                    WARNING  High grad norm: 6089.17 at epoch=35 step=7799     
                    INFO     epoch=35 step=7800 loss=492.5127                  
                             grad_norm=6089.1748 lr=4.21e-05                   
[04/19/26 17:54:52] WARNING  High grad norm: 2448.25 at epoch=35 step=7800     
                    WARNING  High grad norm: 5048.52 at epoch=35 step=7801     
                    WARNING  High grad norm: 7011.25 at epoch=35 step=7802     
                    WARNING  High grad norm: 6490.24 at epoch=35 step=7803     
                    WARNING  High grad norm: 1425.31 at epoch=35 step=7804     
[04/19/26 17:54:53] INFO     epoch=35 avg_loss=492.3015 lr=4.20e-05            
[04/19/26 17:55:00] INFO     Saved checkpoint to                               
                             C:\Users\artun\Desktop\ITS-project\checkpoints\sco
                             re_fmnist_v2\score_epoch_0035.pt                  
[04/19/26 17:55:15] WARNING  High grad norm: 4851.96 at epoch=36 step=7805     
                    WARNING  High grad norm: 4945.05 at epoch=36 step=7806     
[04/19/26 17:55:16] WARNING  High grad norm: 2891.05 at epoch=36 step=7807     
                    WARNING  High grad norm: 3949.00 at epoch=36 step=7808     
                    WARNING  High grad norm: 4639.58 at epoch=36 step=7809     
                    WARNING  High grad norm: 2152.39 at epoch=36 step=7810     
                    WARNING  High grad norm: 4533.60 at epoch=36 step=7811     
[04/19/26 17:55:17] WARNING  High grad norm: 1988.09 at epoch=36 step=7812     
                    WARNING  High grad norm: 3255.74 at epoch=36 step=7813     
                    WARNING  High grad norm: 3568.61 at epoch=36 step=7814     
                    WARNING  High grad norm: 2153.78 at epoch=36 step=7815     
[04/19/26 17:55:18] WARNING  High grad norm: 3890.36 at epoch=36 step=7816     
                    WARNING  High grad norm: 3985.96 at epoch=36 step=7817     
                    WARNING  High grad norm: 2085.05 at epoch=36 step=7818     
                    WARNING  High grad norm: 4422.35 at epoch=36 step=7819     
                    WARNING  High grad norm: 6628.28 at epoch=36 step=7820     
[04/19/26 17:55:19] WARNING  High grad norm: 2493.51 at epoch=36 step=7821     
                    WARNING  High grad norm: 3645.69 at epoch=36 step=7822     
                    WARNING  High grad norm: 4793.80 at epoch=36 step=7823     
                    WARNING  High grad norm: 3120.60 at epoch=36 step=7824     
[04/19/26 17:55:20] WARNING  High grad norm: 5102.58 at epoch=36 step=7825     
                    WARNING  High grad norm: 8852.14 at epoch=36 step=7826     
                    WARNING  High grad norm: 5101.85 at epoch=36 step=7827     
                    WARNING  High grad norm: 1063.14 at epoch=36 step=7828     
                    WARNING  High grad norm: 8643.77 at epoch=36 step=7829     
[04/19/26 17:55:21] WARNING  High grad norm: 11707.24 at epoch=36 step=7830    
                    WARNING  High grad norm: 6398.89 at epoch=36 step=7831     
                    WARNING  High grad norm: 2458.02 at epoch=36 step=7832     
                    WARNING  High grad norm: 4065.19 at epoch=36 step=7833     
                    WARNING  High grad norm: 4697.78 at epoch=36 step=7834     
[04/19/26 17:55:22] WARNING  High grad norm: 2690.13 at epoch=36 step=7835     
                    WARNING  High grad norm: 3714.56 at epoch=36 step=7836     
                    WARNING  High grad norm: 4563.04 at epoch=36 step=7837     
                    WARNING  High grad norm: 4756.21 at epoch=36 step=7838     
[04/19/26 17:55:23] WARNING  High grad norm: 6340.53 at epoch=36 step=7839     
                    WARNING  High grad norm: 5786.55 at epoch=36 step=7840     
                    WARNING  High grad norm: 2145.27 at epoch=36 step=7841     
                    WARNING  High grad norm: 5126.94 at epoch=36 step=7842     
                    WARNING  High grad norm: 6562.17 at epoch=36 step=7843     
[04/19/26 17:55:24] WARNING  High grad norm: 5048.45 at epoch=36 step=7844     
                    WARNING  High grad norm: 2531.86 at epoch=36 step=7845     
                    WARNING  High grad norm: 4796.44 at epoch=36 step=7846     
                    WARNING  High grad norm: 2375.28 at epoch=36 step=7847     
[04/19/26 17:55:25] WARNING  High grad norm: 2392.85 at epoch=36 step=7848     
                    WARNING  High grad norm: 5486.34 at epoch=36 step=7849     
                    WARNING  High grad norm: 2626.57 at epoch=36 step=7850     
                    WARNING  High grad norm: 5190.80 at epoch=36 step=7851     
                    WARNING  High grad norm: 5828.98 at epoch=36 step=7852     
[04/19/26 17:55:26] WARNING  High grad norm: 5889.63 at epoch=36 step=7853     
                    WARNING  High grad norm: 1035.36 at epoch=36 step=7854     
                    WARNING  High grad norm: 4442.09 at epoch=36 step=7855     
                    WARNING  High grad norm: 3722.11 at epoch=36 step=7856     
[04/19/26 17:55:27] WARNING  High grad norm: 3395.38 at epoch=36 step=7857     
                    WARNING  High grad norm: 3949.90 at epoch=36 step=7858     
                    WARNING  High grad norm: 1069.30 at epoch=36 step=7859     
                    WARNING  High grad norm: 3484.21 at epoch=36 step=7860     
                    WARNING  High grad norm: 1429.05 at epoch=36 step=7861     
[04/19/26 17:55:28] WARNING  High grad norm: 1055.94 at epoch=36 step=7862     
                    WARNING  High grad norm: 6235.63 at epoch=36 step=7863     
                    WARNING  High grad norm: 3910.74 at epoch=36 step=7864     
                    WARNING  High grad norm: 3793.47 at epoch=36 step=7865     
                    WARNING  High grad norm: 2011.11 at epoch=36 step=7866     
[04/19/26 17:55:29] WARNING  High grad norm: 1592.33 at epoch=36 step=7867     
                    WARNING  High grad norm: 4396.21 at epoch=36 step=7868     
                    WARNING  High grad norm: 5955.31 at epoch=36 step=7869     
                    WARNING  High grad norm: 2452.36 at epoch=36 step=7870     
[04/19/26 17:55:30] WARNING  High grad norm: 4612.55 at epoch=36 step=7871     
                    WARNING  High grad norm: 2741.60 at epoch=36 step=7872     
                    WARNING  High grad norm: 6162.18 at epoch=36 step=7873     
                    WARNING  High grad norm: 5756.26 at epoch=36 step=7874     
                    WARNING  High grad norm: 3193.58 at epoch=36 step=7875     
[04/19/26 17:55:31] WARNING  High grad norm: 3180.00 at epoch=36 step=7876     
                    WARNING  High grad norm: 5543.33 at epoch=36 step=7877     
                    WARNING  High grad norm: 1668.88 at epoch=36 step=7878     
                    WARNING  High grad norm: 3228.54 at epoch=36 step=7879     
[04/19/26 17:55:32] WARNING  High grad norm: 2702.61 at epoch=36 step=7880     
                    WARNING  High grad norm: 3382.09 at epoch=36 step=7881     
                    WARNING  High grad norm: 2694.12 at epoch=36 step=7882     
                    WARNING  High grad norm: 1736.01 at epoch=36 step=7883     
                    WARNING  High grad norm: 5798.25 at epoch=36 step=7884     
[04/19/26 17:55:33] WARNING  High grad norm: 9417.43 at epoch=36 step=7885     
                    WARNING  High grad norm: 10786.92 at epoch=36 step=7886    
                    WARNING  High grad norm: 2219.22 at epoch=36 step=7887     
                    WARNING  High grad norm: 9153.70 at epoch=36 step=7888     
[04/19/26 17:55:34] WARNING  High grad norm: 11394.83 at epoch=36 step=7889    
                    WARNING  High grad norm: 10849.75 at epoch=36 step=7890    
                    WARNING  High grad norm: 5916.40 at epoch=36 step=7891     
                    WARNING  High grad norm: 4117.04 at epoch=36 step=7892     
                    WARNING  High grad norm: 7891.10 at epoch=36 step=7893     
[04/19/26 17:55:35] WARNING  High grad norm: 5765.58 at epoch=36 step=7894     
                    WARNING  High grad norm: 1845.47 at epoch=36 step=7895     
                    WARNING  High grad norm: 3849.64 at epoch=36 step=7896     
                    WARNING  High grad norm: 2856.48 at epoch=36 step=7897     
                    WARNING  High grad norm: 2924.09 at epoch=36 step=7898     
[04/19/26 17:55:36] WARNING  High grad norm: 6540.63 at epoch=36 step=7899     
                    INFO     epoch=36 step=7900 loss=489.4835                  
                             grad_norm=6540.6294 lr=3.99e-05                   
                    WARNING  High grad norm: 6617.08 at epoch=36 step=7900     
                    WARNING  High grad norm: 2036.73 at epoch=36 step=7901     
                    WARNING  High grad norm: 4908.53 at epoch=36 step=7902     
[04/19/26 17:55:37] WARNING  High grad norm: 5179.35 at epoch=36 step=7903     
                    WARNING  High grad norm: 1975.42 at epoch=36 step=7904     
                    WARNING  High grad norm: 2780.27 at epoch=36 step=7905     
                    WARNING  High grad norm: 3825.52 at epoch=36 step=7906     
                    WARNING  High grad norm: 2713.23 at epoch=36 step=7907     
[04/19/26 17:55:38] WARNING  High grad norm: 2885.12 at epoch=36 step=7908     
                    WARNING  High grad norm: 2348.53 at epoch=36 step=7909     
                    WARNING  High grad norm: 1439.36 at epoch=36 step=7910     
                    WARNING  High grad norm: 3512.75 at epoch=36 step=7911     
[04/19/26 17:55:39] WARNING  High grad norm: 1772.06 at epoch=36 step=7912     
                    WARNING  High grad norm: 2808.05 at epoch=36 step=7913     
                    WARNING  High grad norm: 2926.63 at epoch=36 step=7914     
                    WARNING  High grad norm: 4567.21 at epoch=36 step=7915     
                    WARNING  High grad norm: 4200.90 at epoch=36 step=7916     
[04/19/26 17:55:40] WARNING  High grad norm: 1670.28 at epoch=36 step=7917     
                    WARNING  High grad norm: 1440.90 at epoch=36 step=7918     
                    WARNING  High grad norm: 4098.20 at epoch=36 step=7919     
                    WARNING  High grad norm: 2871.84 at epoch=36 step=7920     
[04/19/26 17:55:41] WARNING  High grad norm: 2788.44 at epoch=36 step=7921     
                    WARNING  High grad norm: 1914.54 at epoch=36 step=7922     
                    WARNING  High grad norm: 2216.76 at epoch=36 step=7923     
                    WARNING  High grad norm: 3922.07 at epoch=36 step=7924     
                    WARNING  High grad norm: 1819.49 at epoch=36 step=7925     
[04/19/26 17:55:42] WARNING  High grad norm: 8585.36 at epoch=36 step=7926     
                    WARNING  High grad norm: 7283.78 at epoch=36 step=7927     
                    WARNING  High grad norm: 4264.75 at epoch=36 step=7928     
                    WARNING  High grad norm: 4488.47 at epoch=36 step=7929     
                    WARNING  High grad norm: 6350.07 at epoch=36 step=7930     
[04/19/26 17:55:43] WARNING  High grad norm: 4758.30 at epoch=36 step=7931     
                    WARNING  High grad norm: 2419.74 at epoch=36 step=7932     
                    WARNING  High grad norm: 4375.22 at epoch=36 step=7933     
                    WARNING  High grad norm: 6300.70 at epoch=36 step=7934     
[04/19/26 17:55:44] WARNING  High grad norm: 4687.17 at epoch=36 step=7935     
                    WARNING  High grad norm: 3622.15 at epoch=36 step=7936     
                    WARNING  High grad norm: 2433.01 at epoch=36 step=7937     
                    WARNING  High grad norm: 1108.44 at epoch=36 step=7938     
                    WARNING  High grad norm: 4422.96 at epoch=36 step=7939     
[04/19/26 17:55:45] WARNING  High grad norm: 2958.87 at epoch=36 step=7940     
                    WARNING  High grad norm: 4288.00 at epoch=36 step=7941     
                    WARNING  High grad norm: 7119.19 at epoch=36 step=7942     
                    WARNING  High grad norm: 5859.69 at epoch=36 step=7943     
[04/19/26 17:55:46] WARNING  High grad norm: 1580.92 at epoch=36 step=7944     
                    WARNING  High grad norm: 3013.81 at epoch=36 step=7945     
                    WARNING  High grad norm: 2985.59 at epoch=36 step=7946     
                    WARNING  High grad norm: 2512.22 at epoch=36 step=7947     
                    WARNING  High grad norm: 2401.76 at epoch=36 step=7948     
[04/19/26 17:55:47] WARNING  High grad norm: 1934.96 at epoch=36 step=7949     
                    WARNING  High grad norm: 2225.24 at epoch=36 step=7950     
                    WARNING  High grad norm: 1550.55 at epoch=36 step=7951     
                    WARNING  High grad norm: 1355.49 at epoch=36 step=7952     
[04/19/26 17:55:48] WARNING  High grad norm: 2891.71 at epoch=36 step=7953     
                    WARNING  High grad norm: 4093.82 at epoch=36 step=7954     
                    WARNING  High grad norm: 3296.75 at epoch=36 step=7955     
                    WARNING  High grad norm: 5935.18 at epoch=36 step=7956     
                    WARNING  High grad norm: 3189.66 at epoch=36 step=7957     
[04/19/26 17:55:49] WARNING  High grad norm: 1148.41 at epoch=36 step=7958     
                    WARNING  High grad norm: 2800.31 at epoch=36 step=7959     
                    WARNING  High grad norm: 1190.29 at epoch=36 step=7960     
                    WARNING  High grad norm: 1048.18 at epoch=36 step=7961     
[04/19/26 17:55:50] WARNING  High grad norm: 3272.85 at epoch=36 step=7962     
                    WARNING  High grad norm: 1994.29 at epoch=36 step=7963     
                    WARNING  High grad norm: 1529.78 at epoch=36 step=7964     
                    WARNING  High grad norm: 3221.83 at epoch=36 step=7965     
                    WARNING  High grad norm: 1468.48 at epoch=36 step=7966     
[04/19/26 17:55:51] WARNING  High grad norm: 2806.61 at epoch=36 step=7967     
                    WARNING  High grad norm: 2488.64 at epoch=36 step=7968     
                    WARNING  High grad norm: 1046.66 at epoch=36 step=7969     
                    WARNING  High grad norm: 4103.58 at epoch=36 step=7970     
                    WARNING  High grad norm: 5132.35 at epoch=36 step=7971     
[04/19/26 17:55:52] WARNING  High grad norm: 3640.21 at epoch=36 step=7972     
                    WARNING  High grad norm: 1327.17 at epoch=36 step=7973     
                    WARNING  High grad norm: 2222.34 at epoch=36 step=7974     
                    WARNING  High grad norm: 2362.98 at epoch=36 step=7975     
[04/19/26 17:55:53] WARNING  High grad norm: 4922.91 at epoch=36 step=7976     
                    WARNING  High grad norm: 2202.64 at epoch=36 step=7977     
                    WARNING  High grad norm: 4318.17 at epoch=36 step=7978     
                    WARNING  High grad norm: 5012.99 at epoch=36 step=7979     
                    WARNING  High grad norm: 3727.52 at epoch=36 step=7980     
[04/19/26 17:55:54] WARNING  High grad norm: 4169.73 at epoch=36 step=7981     
                    WARNING  High grad norm: 2726.77 at epoch=36 step=7982     
                    WARNING  High grad norm: 6133.48 at epoch=36 step=7983     
                    WARNING  High grad norm: 4433.02 at epoch=36 step=7984     
[04/19/26 17:55:55] WARNING  High grad norm: 2019.28 at epoch=36 step=7985     
                    WARNING  High grad norm: 1766.01 at epoch=36 step=7986     
                    WARNING  High grad norm: 4192.29 at epoch=36 step=7987     
                    WARNING  High grad norm: 5546.11 at epoch=36 step=7988     
                    WARNING  High grad norm: 3978.26 at epoch=36 step=7989     
[04/19/26 17:55:56] WARNING  High grad norm: 5440.44 at epoch=36 step=7990     
                    WARNING  High grad norm: 2351.00 at epoch=36 step=7991     
                    WARNING  High grad norm: 958.97 at epoch=36 step=7992      
                    WARNING  High grad norm: 1745.51 at epoch=36 step=7993     
[04/19/26 17:55:57] WARNING  High grad norm: 1693.30 at epoch=36 step=7994     
                    WARNING  High grad norm: 5767.22 at epoch=36 step=7995     
                    WARNING  High grad norm: 3751.80 at epoch=36 step=7996     
[04/19/26 17:55:58] WARNING  High grad norm: 1817.52 at epoch=36 step=7997     
                    WARNING  High grad norm: 3386.42 at epoch=36 step=7998     
[04/19/26 17:55:59] WARNING  High grad norm: 2890.68 at epoch=36 step=7999     
                    INFO     epoch=36 step=8000 loss=496.0411                  
                             grad_norm=2890.6777 lr=3.77e-05                   
                    WARNING  High grad norm: 4370.76 at epoch=36 step=8000     
[04/19/26 17:56:00] WARNING  High grad norm: 3277.39 at epoch=36 step=8001     
                    WARNING  High grad norm: 3100.92 at epoch=36 step=8002     
[04/19/26 17:56:01] WARNING  High grad norm: 7261.62 at epoch=36 step=8003     
                    WARNING  High grad norm: 7707.33 at epoch=36 step=8004     
[04/19/26 17:56:02] WARNING  High grad norm: 8270.07 at epoch=36 step=8005     
                    WARNING  High grad norm: 1715.15 at epoch=36 step=8006     
[04/19/26 17:56:03] WARNING  High grad norm: 3172.67 at epoch=36 step=8007     
                    WARNING  High grad norm: 3494.32 at epoch=36 step=8008     
[04/19/26 17:56:04] WARNING  High grad norm: 1805.79 at epoch=36 step=8009     
                    WARNING  High grad norm: 5594.82 at epoch=36 step=8010     
[04/19/26 17:56:05] WARNING  High grad norm: 5324.99 at epoch=36 step=8011     
                    WARNING  High grad norm: 3714.33 at epoch=36 step=8012     
[04/19/26 17:56:06] WARNING  High grad norm: 5850.93 at epoch=36 step=8013     
                    WARNING  High grad norm: 10012.16 at epoch=36 step=8014    
[04/19/26 17:56:07] WARNING  High grad norm: 4011.96 at epoch=36 step=8015     
                    WARNING  High grad norm: 1560.77 at epoch=36 step=8016     
[04/19/26 17:56:08] WARNING  High grad norm: 8549.56 at epoch=36 step=8017     
                    WARNING  High grad norm: 11328.75 at epoch=36 step=8018    
                    WARNING  High grad norm: 8238.15 at epoch=36 step=8019     
                    WARNING  High grad norm: 4684.43 at epoch=36 step=8020     
[04/19/26 17:56:09] WARNING  High grad norm: 6115.38 at epoch=36 step=8021     
                    WARNING  High grad norm: 8341.32 at epoch=36 step=8022     
                    WARNING  High grad norm: 6742.21 at epoch=36 step=8023     
                    WARNING  High grad norm: 2293.94 at epoch=36 step=8024     
[04/19/26 17:56:10] WARNING  High grad norm: 4109.78 at epoch=36 step=8025     
                    WARNING  High grad norm: 5454.47 at epoch=36 step=8026     
                    WARNING  High grad norm: 1635.56 at epoch=36 step=8027     
[04/19/26 17:56:11] INFO     epoch=36 avg_loss=494.1246 lr=3.71e-05            
[04/19/26 17:56:25] WARNING  High grad norm: 4595.39 at epoch=37 step=8028     
                    WARNING  High grad norm: 1926.19 at epoch=37 step=8029     
                    WARNING  High grad norm: 3443.68 at epoch=37 step=8030     
[04/19/26 17:56:26] WARNING  High grad norm: 1615.30 at epoch=37 step=8031     
                    WARNING  High grad norm: 4597.99 at epoch=37 step=8032     
                    WARNING  High grad norm: 3190.62 at epoch=37 step=8033     
                    WARNING  High grad norm: 1646.26 at epoch=37 step=8034     
                    WARNING  High grad norm: 7638.17 at epoch=37 step=8035     
[04/19/26 17:56:27] WARNING  High grad norm: 2846.83 at epoch=37 step=8036     
                    WARNING  High grad norm: 2065.60 at epoch=37 step=8037     
                    WARNING  High grad norm: 3880.42 at epoch=37 step=8038     
                    WARNING  High grad norm: 5177.15 at epoch=37 step=8039     
[04/19/26 17:56:28] WARNING  High grad norm: 4630.58 at epoch=37 step=8040     
                    WARNING  High grad norm: 3956.53 at epoch=37 step=8041     
                    WARNING  High grad norm: 3324.31 at epoch=37 step=8042     
                    WARNING  High grad norm: 5623.86 at epoch=37 step=8043     
                    WARNING  High grad norm: 2478.26 at epoch=37 step=8044     
[04/19/26 17:56:29] WARNING  High grad norm: 3802.99 at epoch=37 step=8045     
                    WARNING  High grad norm: 3947.60 at epoch=37 step=8046     
                    WARNING  High grad norm: 2321.78 at epoch=37 step=8047     
                    WARNING  High grad norm: 2230.42 at epoch=37 step=8048     
                    WARNING  High grad norm: 3369.81 at epoch=37 step=8049     
[04/19/26 17:56:30] WARNING  High grad norm: 3242.49 at epoch=37 step=8050     
                    WARNING  High grad norm: 5840.47 at epoch=37 step=8051     
                    WARNING  High grad norm: 2443.98 at epoch=37 step=8052     
                    WARNING  High grad norm: 4228.65 at epoch=37 step=8053     
[04/19/26 17:56:31] WARNING  High grad norm: 2843.38 at epoch=37 step=8054     
                    WARNING  High grad norm: 3472.21 at epoch=37 step=8055     
                    WARNING  High grad norm: 4126.49 at epoch=37 step=8056     
                    WARNING  High grad norm: 3697.73 at epoch=37 step=8057     
                    WARNING  High grad norm: 2886.17 at epoch=37 step=8058     
[04/19/26 17:56:32] WARNING  High grad norm: 4702.04 at epoch=37 step=8059     
                    WARNING  High grad norm: 4850.51 at epoch=37 step=8060     
                    WARNING  High grad norm: 1708.40 at epoch=37 step=8061     
                    WARNING  High grad norm: 4477.36 at epoch=37 step=8062     
[04/19/26 17:56:33] WARNING  High grad norm: 5148.50 at epoch=37 step=8063     
                    WARNING  High grad norm: 1977.06 at epoch=37 step=8064     
                    WARNING  High grad norm: 1530.07 at epoch=37 step=8065     
                    WARNING  High grad norm: 2778.31 at epoch=37 step=8066     
                    WARNING  High grad norm: 2472.97 at epoch=37 step=8067     
[04/19/26 17:56:34] WARNING  High grad norm: 3261.11 at epoch=37 step=8068     
                    WARNING  High grad norm: 2897.63 at epoch=37 step=8069     
                    WARNING  High grad norm: 1878.43 at epoch=37 step=8070     
                    WARNING  High grad norm: 6281.70 at epoch=37 step=8071     
[04/19/26 17:56:35] WARNING  High grad norm: 1400.61 at epoch=37 step=8072     
                    WARNING  High grad norm: 1084.28 at epoch=37 step=8073     
                    WARNING  High grad norm: 1679.02 at epoch=37 step=8074     
                    WARNING  High grad norm: 1663.14 at epoch=37 step=8075     
                    WARNING  High grad norm: 1118.16 at epoch=37 step=8076     
[04/19/26 17:56:36] WARNING  High grad norm: 3396.31 at epoch=37 step=8077     
                    WARNING  High grad norm: 3991.92 at epoch=37 step=8078     
                    WARNING  High grad norm: 1458.11 at epoch=37 step=8079     
                    WARNING  High grad norm: 2124.85 at epoch=37 step=8080     
[04/19/26 17:56:37] WARNING  High grad norm: 1804.69 at epoch=37 step=8081     
                    WARNING  High grad norm: 1944.18 at epoch=37 step=8082     
                    WARNING  High grad norm: 1773.30 at epoch=37 step=8083     
                    WARNING  High grad norm: 5732.05 at epoch=37 step=8084     
                    WARNING  High grad norm: 1423.21 at epoch=37 step=8085     
[04/19/26 17:56:38] WARNING  High grad norm: 3597.52 at epoch=37 step=8086     
                    WARNING  High grad norm: 1668.22 at epoch=37 step=8087     
                    WARNING  High grad norm: 1590.42 at epoch=37 step=8088     
                    WARNING  High grad norm: 2496.20 at epoch=37 step=8089     
[04/19/26 17:56:39] WARNING  High grad norm: 2636.36 at epoch=37 step=8090     
                    WARNING  High grad norm: 1095.98 at epoch=37 step=8091     
                    WARNING  High grad norm: 1398.36 at epoch=37 step=8092     
                    WARNING  High grad norm: 1926.84 at epoch=37 step=8093     
                    WARNING  High grad norm: 4935.09 at epoch=37 step=8094     
[04/19/26 17:56:40] WARNING  High grad norm: 3470.80 at epoch=37 step=8095     
                    WARNING  High grad norm: 4047.27 at epoch=37 step=8096     
                    WARNING  High grad norm: 4841.96 at epoch=37 step=8097     
                    WARNING  High grad norm: 4388.37 at epoch=37 step=8098     
                    WARNING  High grad norm: 1550.87 at epoch=37 step=8099     
                    INFO     epoch=37 step=8100 loss=492.7942                  
                             grad_norm=1550.8684 lr=3.55e-05                   
[04/19/26 17:56:41] WARNING  High grad norm: 1564.72 at epoch=37 step=8100     
                    WARNING  High grad norm: 4507.49 at epoch=37 step=8101     
                    WARNING  High grad norm: 2543.53 at epoch=37 step=8102     
                    WARNING  High grad norm: 3594.19 at epoch=37 step=8103     
[04/19/26 17:56:42] WARNING  High grad norm: 3850.45 at epoch=37 step=8104     
                    WARNING  High grad norm: 1666.85 at epoch=37 step=8105     
                    WARNING  High grad norm: 2621.94 at epoch=37 step=8106     
                    WARNING  High grad norm: 3207.79 at epoch=37 step=8107     
                    WARNING  High grad norm: 1613.41 at epoch=37 step=8108     
[04/19/26 17:56:43] WARNING  High grad norm: 2077.64 at epoch=37 step=8109     
                    WARNING  High grad norm: 2623.19 at epoch=37 step=8110     
                    WARNING  High grad norm: 1734.84 at epoch=37 step=8111     
                    WARNING  High grad norm: 3437.11 at epoch=37 step=8112     
[04/19/26 17:56:44] WARNING  High grad norm: 2665.77 at epoch=37 step=8113     
                    WARNING  High grad norm: 2208.84 at epoch=37 step=8114     
                    WARNING  High grad norm: 1969.83 at epoch=37 step=8115     
                    WARNING  High grad norm: 2810.52 at epoch=37 step=8116     
                    WARNING  High grad norm: 1685.57 at epoch=37 step=8117     
[04/19/26 17:56:45] WARNING  High grad norm: 2794.58 at epoch=37 step=8118     
                    WARNING  High grad norm: 4531.78 at epoch=37 step=8119     
                    WARNING  High grad norm: 1200.87 at epoch=37 step=8120     
                    WARNING  High grad norm: 3525.33 at epoch=37 step=8121     
[04/19/26 17:56:46] WARNING  High grad norm: 4021.06 at epoch=37 step=8122     
                    WARNING  High grad norm: 2510.61 at epoch=37 step=8123     
                    WARNING  High grad norm: 1660.09 at epoch=37 step=8124     
                    WARNING  High grad norm: 1538.51 at epoch=37 step=8125     
                    WARNING  High grad norm: 2701.16 at epoch=37 step=8126     
[04/19/26 17:56:47] WARNING  High grad norm: 1200.03 at epoch=37 step=8127     
                    WARNING  High grad norm: 3922.06 at epoch=37 step=8128     
                    WARNING  High grad norm: 3183.34 at epoch=37 step=8129     
                    WARNING  High grad norm: 1090.43 at epoch=37 step=8130     
                    WARNING  High grad norm: 4431.11 at epoch=37 step=8131     
[04/19/26 17:56:48] WARNING  High grad norm: 3080.26 at epoch=37 step=8132     
                    WARNING  High grad norm: 1678.46 at epoch=37 step=8133     
                    WARNING  High grad norm: 2738.51 at epoch=37 step=8134     
                    WARNING  High grad norm: 4336.93 at epoch=37 step=8135     
[04/19/26 17:56:49] WARNING  High grad norm: 2824.87 at epoch=37 step=8136     
                    WARNING  High grad norm: 2239.30 at epoch=37 step=8137     
                    WARNING  High grad norm: 1449.04 at epoch=37 step=8138     
                    WARNING  High grad norm: 5173.00 at epoch=37 step=8139     
                    WARNING  High grad norm: 3702.12 at epoch=37 step=8140     
[04/19/26 17:56:50] WARNING  High grad norm: 2678.21 at epoch=37 step=8141     
                    WARNING  High grad norm: 3632.32 at epoch=37 step=8142     
                    WARNING  High grad norm: 5658.18 at epoch=37 step=8143     
                    WARNING  High grad norm: 2647.61 at epoch=37 step=8144     
[04/19/26 17:56:51] WARNING  High grad norm: 4839.19 at epoch=37 step=8145     
                    WARNING  High grad norm: 4624.56 at epoch=37 step=8146     
                    WARNING  High grad norm: 1853.28 at epoch=37 step=8147     
                    WARNING  High grad norm: 6187.55 at epoch=37 step=8148     
                    WARNING  High grad norm: 7647.29 at epoch=37 step=8149     
[04/19/26 17:56:52] WARNING  High grad norm: 4261.70 at epoch=37 step=8150     
                    WARNING  High grad norm: 1325.32 at epoch=37 step=8151     
                    WARNING  High grad norm: 5577.24 at epoch=37 step=8152     
                    WARNING  High grad norm: 5574.03 at epoch=37 step=8153     
[04/19/26 17:56:53] WARNING  High grad norm: 2709.10 at epoch=37 step=8154     
                    WARNING  High grad norm: 4215.78 at epoch=37 step=8155     
                    WARNING  High grad norm: 8348.35 at epoch=37 step=8156     
                    WARNING  High grad norm: 4708.13 at epoch=37 step=8157     
                    WARNING  High grad norm: 2317.75 at epoch=37 step=8158     
[04/19/26 17:56:54] WARNING  High grad norm: 4774.83 at epoch=37 step=8159     
                    WARNING  High grad norm: 924.13 at epoch=37 step=8160      
                    WARNING  High grad norm: 826.01 at epoch=37 step=8161      
                    WARNING  High grad norm: 1641.64 at epoch=37 step=8162     
[04/19/26 17:56:55] WARNING  High grad norm: 2487.22 at epoch=37 step=8163     
                    WARNING  High grad norm: 3801.84 at epoch=37 step=8164     
                    WARNING  High grad norm: 1958.23 at epoch=37 step=8165     
                    WARNING  High grad norm: 1739.37 at epoch=37 step=8166     
                    WARNING  High grad norm: 2014.49 at epoch=37 step=8167     
[04/19/26 17:56:56] WARNING  High grad norm: 3096.46 at epoch=37 step=8168     
                    WARNING  High grad norm: 2534.28 at epoch=37 step=8169     
                    WARNING  High grad norm: 2134.99 at epoch=37 step=8170     
[04/19/26 17:56:57] WARNING  High grad norm: 1869.51 at epoch=37 step=8171     
                    WARNING  High grad norm: 1310.77 at epoch=37 step=8172     
[04/19/26 17:56:58] WARNING  High grad norm: 1100.77 at epoch=37 step=8173     
                    WARNING  High grad norm: 1482.03 at epoch=37 step=8174     
[04/19/26 17:56:59] WARNING  High grad norm: 1404.12 at epoch=37 step=8175     
                    WARNING  High grad norm: 1102.35 at epoch=37 step=8176     
[04/19/26 17:57:00] WARNING  High grad norm: 756.46 at epoch=37 step=8177      
                    WARNING  High grad norm: 3168.13 at epoch=37 step=8178     
[04/19/26 17:57:01] WARNING  High grad norm: 2738.78 at epoch=37 step=8179     
                    WARNING  High grad norm: 1392.33 at epoch=37 step=8180     
[04/19/26 17:57:02] WARNING  High grad norm: 762.40 at epoch=37 step=8181      
                    WARNING  High grad norm: 1855.54 at epoch=37 step=8182     
[04/19/26 17:57:03] WARNING  High grad norm: 2003.20 at epoch=37 step=8183     
                    WARNING  High grad norm: 3326.57 at epoch=37 step=8184     
[04/19/26 17:57:04] WARNING  High grad norm: 1295.69 at epoch=37 step=8185     
                    WARNING  High grad norm: 1985.86 at epoch=37 step=8186     
[04/19/26 17:57:05] WARNING  High grad norm: 2407.68 at epoch=37 step=8187     
                    WARNING  High grad norm: 3491.96 at epoch=37 step=8188     
[04/19/26 17:57:06] WARNING  High grad norm: 2388.34 at epoch=37 step=8189     
                    WARNING  High grad norm: 2116.04 at epoch=37 step=8190     
[04/19/26 17:57:07] WARNING  High grad norm: 1892.27 at epoch=37 step=8191     
                    WARNING  High grad norm: 2136.47 at epoch=37 step=8192     
[04/19/26 17:57:08] WARNING  High grad norm: 2263.86 at epoch=37 step=8193     
                    WARNING  High grad norm: 1229.17 at epoch=37 step=8194     
                    WARNING  High grad norm: 1748.30 at epoch=37 step=8195     
                    WARNING  High grad norm: 1260.11 at epoch=37 step=8196     
                    WARNING  High grad norm: 4887.85 at epoch=37 step=8197     
[04/19/26 17:57:09] WARNING  High grad norm: 5257.63 at epoch=37 step=8198     
                    WARNING  High grad norm: 2137.28 at epoch=37 step=8199     
                    INFO     epoch=37 step=8200 loss=496.2500                  
                             grad_norm=2137.2808 lr=3.34e-05                   
                    WARNING  High grad norm: 3750.73 at epoch=37 step=8200     
                    WARNING  High grad norm: 5206.51 at epoch=37 step=8201     
[04/19/26 17:57:10] WARNING  High grad norm: 2554.36 at epoch=37 step=8202     
                    WARNING  High grad norm: 2427.02 at epoch=37 step=8203     
                    WARNING  High grad norm: 2850.91 at epoch=37 step=8204     
                    WARNING  High grad norm: 1537.67 at epoch=37 step=8205     
                    WARNING  High grad norm: 3764.66 at epoch=37 step=8206     
[04/19/26 17:57:11] WARNING  High grad norm: 2802.52 at epoch=37 step=8207     
                    WARNING  High grad norm: 1431.64 at epoch=37 step=8208     
                    WARNING  High grad norm: 4312.83 at epoch=37 step=8209     
                    WARNING  High grad norm: 1778.80 at epoch=37 step=8210     
                    WARNING  High grad norm: 2569.91 at epoch=37 step=8211     
[04/19/26 17:57:12] WARNING  High grad norm: 1137.92 at epoch=37 step=8212     
                    WARNING  High grad norm: 1616.68 at epoch=37 step=8213     
                    WARNING  High grad norm: 1802.39 at epoch=37 step=8214     
                    WARNING  High grad norm: 2209.88 at epoch=37 step=8215     
[04/19/26 17:57:13] WARNING  High grad norm: 2472.72 at epoch=37 step=8216     
                    WARNING  High grad norm: 1577.11 at epoch=37 step=8217     
                    WARNING  High grad norm: 2868.07 at epoch=37 step=8218     
                    WARNING  High grad norm: 1180.99 at epoch=37 step=8219     
                    WARNING  High grad norm: 2242.01 at epoch=37 step=8220     
[04/19/26 17:57:14] WARNING  High grad norm: 1089.25 at epoch=37 step=8221     
                    WARNING  High grad norm: 1082.98 at epoch=37 step=8222     
                    WARNING  High grad norm: 4066.86 at epoch=37 step=8223     
                    WARNING  High grad norm: 3678.76 at epoch=37 step=8224     
[04/19/26 17:57:15] WARNING  High grad norm: 1758.13 at epoch=37 step=8225     
                    WARNING  High grad norm: 4287.74 at epoch=37 step=8226     
                    WARNING  High grad norm: 3503.75 at epoch=37 step=8227     
                    WARNING  High grad norm: 1396.00 at epoch=37 step=8228     
                    WARNING  High grad norm: 1938.79 at epoch=37 step=8229     
[04/19/26 17:57:16] WARNING  High grad norm: 2152.02 at epoch=37 step=8230     
                    WARNING  High grad norm: 1971.24 at epoch=37 step=8231     
                    WARNING  High grad norm: 2114.34 at epoch=37 step=8232     
                    WARNING  High grad norm: 2460.90 at epoch=37 step=8233     
[04/19/26 17:57:17] WARNING  High grad norm: 2050.96 at epoch=37 step=8234     
                    WARNING  High grad norm: 1953.04 at epoch=37 step=8235     
                    WARNING  High grad norm: 1518.14 at epoch=37 step=8236     
                    WARNING  High grad norm: 1799.05 at epoch=37 step=8237     
                    WARNING  High grad norm: 3244.94 at epoch=37 step=8238     
[04/19/26 17:57:18] WARNING  High grad norm: 3156.14 at epoch=37 step=8239     
                    WARNING  High grad norm: 1692.08 at epoch=37 step=8240     
                    WARNING  High grad norm: 3162.48 at epoch=37 step=8241     
                    WARNING  High grad norm: 4907.62 at epoch=37 step=8242     
[04/19/26 17:57:19] WARNING  High grad norm: 2140.43 at epoch=37 step=8243     
                    WARNING  High grad norm: 4463.86 at epoch=37 step=8244     
                    WARNING  High grad norm: 2053.42 at epoch=37 step=8245     
                    WARNING  High grad norm: 2439.21 at epoch=37 step=8246     
                    WARNING  High grad norm: 5383.60 at epoch=37 step=8247     
[04/19/26 17:57:20] WARNING  High grad norm: 1820.79 at epoch=37 step=8248     
                    WARNING  High grad norm: 5196.33 at epoch=37 step=8249     
                    WARNING  High grad norm: 6455.83 at epoch=37 step=8250     
[04/19/26 17:57:21] INFO     epoch=37 avg_loss=498.1683 lr=3.24e-05            
[04/19/26 17:57:35] WARNING  High grad norm: 5232.08 at epoch=38 step=8251     
                    WARNING  High grad norm: 1395.50 at epoch=38 step=8252     
[04/19/26 17:57:36] WARNING  High grad norm: 5198.51 at epoch=38 step=8253     
                    WARNING  High grad norm: 7071.08 at epoch=38 step=8254     
                    WARNING  High grad norm: 4303.56 at epoch=38 step=8255     
                    WARNING  High grad norm: 1699.34 at epoch=38 step=8256     
                    WARNING  High grad norm: 6043.74 at epoch=38 step=8257     
[04/19/26 17:57:37] WARNING  High grad norm: 5469.43 at epoch=38 step=8258     
                    WARNING  High grad norm: 3071.33 at epoch=38 step=8259     
                    WARNING  High grad norm: 4318.87 at epoch=38 step=8260     
                    WARNING  High grad norm: 6480.43 at epoch=38 step=8261     
[04/19/26 17:57:38] WARNING  High grad norm: 6143.72 at epoch=38 step=8262     
                    WARNING  High grad norm: 1888.71 at epoch=38 step=8263     
                    WARNING  High grad norm: 6190.10 at epoch=38 step=8264     
                    WARNING  High grad norm: 4076.13 at epoch=38 step=8265     
                    WARNING  High grad norm: 2034.29 at epoch=38 step=8266     
[04/19/26 17:57:39] WARNING  High grad norm: 3190.25 at epoch=38 step=8267     
                    WARNING  High grad norm: 3567.24 at epoch=38 step=8268     
                    WARNING  High grad norm: 1659.84 at epoch=38 step=8269     
                    WARNING  High grad norm: 4922.74 at epoch=38 step=8270     
                    WARNING  High grad norm: 4930.76 at epoch=38 step=8271     
[04/19/26 17:57:40] WARNING  High grad norm: 4775.34 at epoch=38 step=8272     
                    WARNING  High grad norm: 3474.29 at epoch=38 step=8273     
                    WARNING  High grad norm: 4342.62 at epoch=38 step=8274     
                    WARNING  High grad norm: 4007.07 at epoch=38 step=8275     
[04/19/26 17:57:41] WARNING  High grad norm: 1288.51 at epoch=38 step=8276     
                    WARNING  High grad norm: 1361.10 at epoch=38 step=8277     
                    WARNING  High grad norm: 1005.23 at epoch=38 step=8278     
                    WARNING  High grad norm: 1447.82 at epoch=38 step=8279     
                    WARNING  High grad norm: 3285.10 at epoch=38 step=8280     
[04/19/26 17:57:42] WARNING  High grad norm: 1420.45 at epoch=38 step=8281     
                    WARNING  High grad norm: 1370.60 at epoch=38 step=8282     
                    WARNING  High grad norm: 1717.16 at epoch=38 step=8283     
                    WARNING  High grad norm: 1804.32 at epoch=38 step=8284     
[04/19/26 17:57:43] WARNING  High grad norm: 1980.06 at epoch=38 step=8285     
                    WARNING  High grad norm: 4171.93 at epoch=38 step=8286     
                    WARNING  High grad norm: 5146.88 at epoch=38 step=8287     
                    WARNING  High grad norm: 2406.43 at epoch=38 step=8288     
                    WARNING  High grad norm: 4901.95 at epoch=38 step=8289     
[04/19/26 17:57:44] WARNING  High grad norm: 2592.12 at epoch=38 step=8290     
                    WARNING  High grad norm: 1875.67 at epoch=38 step=8291     
                    WARNING  High grad norm: 3010.54 at epoch=38 step=8292     
                    WARNING  High grad norm: 1803.88 at epoch=38 step=8293     
[04/19/26 17:57:45] WARNING  High grad norm: 3202.82 at epoch=38 step=8294     
                    WARNING  High grad norm: 4175.90 at epoch=38 step=8295     
                    WARNING  High grad norm: 1789.36 at epoch=38 step=8296     
                    WARNING  High grad norm: 1442.12 at epoch=38 step=8297     
                    WARNING  High grad norm: 3978.13 at epoch=38 step=8298     
[04/19/26 17:57:46] WARNING  High grad norm: 1413.26 at epoch=38 step=8299     
                    INFO     epoch=38 step=8300 loss=499.0323                  
                             grad_norm=1413.2568 lr=3.14e-05                   
                    WARNING  High grad norm: 2635.29 at epoch=38 step=8300     
                    WARNING  High grad norm: 5865.66 at epoch=38 step=8301     
                    WARNING  High grad norm: 5587.27 at epoch=38 step=8302     
                    WARNING  High grad norm: 2285.08 at epoch=38 step=8303     
[04/19/26 17:57:47] WARNING  High grad norm: 5012.19 at epoch=38 step=8304     
                    WARNING  High grad norm: 6721.88 at epoch=38 step=8305     
                    WARNING  High grad norm: 5766.36 at epoch=38 step=8306     
                    WARNING  High grad norm: 2261.09 at epoch=38 step=8307     
[04/19/26 17:57:48] WARNING  High grad norm: 9576.84 at epoch=38 step=8308     
                    WARNING  High grad norm: 6972.39 at epoch=38 step=8309     
                    WARNING  High grad norm: 10117.71 at epoch=38 step=8310    
                    WARNING  High grad norm: 6645.03 at epoch=38 step=8311     
                    WARNING  High grad norm: 4208.47 at epoch=38 step=8312     
[04/19/26 17:57:49] WARNING  High grad norm: 6851.85 at epoch=38 step=8313     
                    WARNING  High grad norm: 5020.08 at epoch=38 step=8314     
                    WARNING  High grad norm: 2242.63 at epoch=38 step=8315     
                    WARNING  High grad norm: 3726.62 at epoch=38 step=8316     
[04/19/26 17:57:50] WARNING  High grad norm: 2709.00 at epoch=38 step=8317     
                    WARNING  High grad norm: 1215.72 at epoch=38 step=8318     
                    WARNING  High grad norm: 6219.70 at epoch=38 step=8319     
                    WARNING  High grad norm: 3299.59 at epoch=38 step=8320     
                    WARNING  High grad norm: 3190.92 at epoch=38 step=8321     
[04/19/26 17:57:51] WARNING  High grad norm: 4476.73 at epoch=38 step=8322     
                    WARNING  High grad norm: 4110.71 at epoch=38 step=8323     
                    WARNING  High grad norm: 3731.83 at epoch=38 step=8324     
                    WARNING  High grad norm: 2305.65 at epoch=38 step=8325     
[04/19/26 17:57:52] WARNING  High grad norm: 2391.41 at epoch=38 step=8326     
                    WARNING  High grad norm: 1609.57 at epoch=38 step=8327     
                    WARNING  High grad norm: 3883.02 at epoch=38 step=8328     
                    WARNING  High grad norm: 7151.83 at epoch=38 step=8329     
                    WARNING  High grad norm: 6906.53 at epoch=38 step=8330     
[04/19/26 17:57:53] WARNING  High grad norm: 1367.07 at epoch=38 step=8331     
                    WARNING  High grad norm: 5325.09 at epoch=38 step=8332     
                    WARNING  High grad norm: 3385.99 at epoch=38 step=8333     
                    WARNING  High grad norm: 2433.17 at epoch=38 step=8334     
                    WARNING  High grad norm: 2797.86 at epoch=38 step=8335     
[04/19/26 17:57:54] WARNING  High grad norm: 1834.17 at epoch=38 step=8336     
                    WARNING  High grad norm: 1861.67 at epoch=38 step=8337     
                    WARNING  High grad norm: 2603.89 at epoch=38 step=8338     
                    WARNING  High grad norm: 3504.75 at epoch=38 step=8339     
[04/19/26 17:57:55] WARNING  High grad norm: 3658.54 at epoch=38 step=8340     
                    WARNING  High grad norm: 4750.80 at epoch=38 step=8341     
                    WARNING  High grad norm: 1933.31 at epoch=38 step=8342     
                    WARNING  High grad norm: 4067.41 at epoch=38 step=8343     
                    WARNING  High grad norm: 10484.48 at epoch=38 step=8344    
[04/19/26 17:57:56] WARNING  High grad norm: 4919.85 at epoch=38 step=8345     
                    WARNING  High grad norm: 1713.87 at epoch=38 step=8346     
                    WARNING  High grad norm: 4742.89 at epoch=38 step=8347     
                    WARNING  High grad norm: 3049.60 at epoch=38 step=8348     
[04/19/26 17:57:57] WARNING  High grad norm: 2617.02 at epoch=38 step=8349     
                    WARNING  High grad norm: 4535.48 at epoch=38 step=8350     
                    WARNING  High grad norm: 1366.09 at epoch=38 step=8351     
                    WARNING  High grad norm: 5368.73 at epoch=38 step=8352     
                    WARNING  High grad norm: 4601.57 at epoch=38 step=8353     
[04/19/26 17:57:58] WARNING  High grad norm: 1826.34 at epoch=38 step=8354     
                    WARNING  High grad norm: 2268.12 at epoch=38 step=8355     
                    WARNING  High grad norm: 2528.96 at epoch=38 step=8356     
                    WARNING  High grad norm: 1326.39 at epoch=38 step=8357     
[04/19/26 17:57:59] WARNING  High grad norm: 3045.06 at epoch=38 step=8358     
                    WARNING  High grad norm: 2196.41 at epoch=38 step=8359     
                    WARNING  High grad norm: 841.08 at epoch=38 step=8360      
                    WARNING  High grad norm: 533.46 at epoch=38 step=8361      
                    WARNING  High grad norm: 2534.39 at epoch=38 step=8362     
[04/19/26 17:58:00] WARNING  High grad norm: 1500.31 at epoch=38 step=8363     
                    WARNING  High grad norm: 2357.43 at epoch=38 step=8364     
                    WARNING  High grad norm: 1417.38 at epoch=38 step=8365     
                    WARNING  High grad norm: 1616.10 at epoch=38 step=8366     
                    WARNING  High grad norm: 2254.36 at epoch=38 step=8367     
[04/19/26 17:58:01] WARNING  High grad norm: 1496.17 at epoch=38 step=8368     
                    WARNING  High grad norm: 3263.31 at epoch=38 step=8369     
                    WARNING  High grad norm: 2314.99 at epoch=38 step=8370     
                    WARNING  High grad norm: 2614.07 at epoch=38 step=8371     
[04/19/26 17:58:02] WARNING  High grad norm: 4145.02 at epoch=38 step=8372     
                    WARNING  High grad norm: 4032.39 at epoch=38 step=8373     
                    WARNING  High grad norm: 1745.50 at epoch=38 step=8374     
                    WARNING  High grad norm: 3465.61 at epoch=38 step=8375     
                    WARNING  High grad norm: 1538.16 at epoch=38 step=8376     
[04/19/26 17:58:03] WARNING  High grad norm: 2726.61 at epoch=38 step=8377     
                    WARNING  High grad norm: 2362.69 at epoch=38 step=8378     
                    WARNING  High grad norm: 1814.64 at epoch=38 step=8379     
                    WARNING  High grad norm: 2196.99 at epoch=38 step=8380     
[04/19/26 17:58:04] WARNING  High grad norm: 1052.46 at epoch=38 step=8381     
                    WARNING  High grad norm: 2120.25 at epoch=38 step=8382     
                    WARNING  High grad norm: 1981.99 at epoch=38 step=8383     
                    WARNING  High grad norm: 1116.58 at epoch=38 step=8384     
                    WARNING  High grad norm: 1453.17 at epoch=38 step=8385     
[04/19/26 17:58:05] WARNING  High grad norm: 3403.09 at epoch=38 step=8386     
                    WARNING  High grad norm: 1993.77 at epoch=38 step=8387     
                    WARNING  High grad norm: 2752.18 at epoch=38 step=8388     
                    WARNING  High grad norm: 4514.37 at epoch=38 step=8389     
[04/19/26 17:58:06] WARNING  High grad norm: 2343.61 at epoch=38 step=8390     
                    WARNING  High grad norm: 1652.87 at epoch=38 step=8391     
                    WARNING  High grad norm: 3319.88 at epoch=38 step=8392     
                    WARNING  High grad norm: 2230.46 at epoch=38 step=8393     
                    WARNING  High grad norm: 3877.97 at epoch=38 step=8394     
[04/19/26 17:58:07] WARNING  High grad norm: 1546.14 at epoch=38 step=8395     
                    WARNING  High grad norm: 768.04 at epoch=38 step=8396      
                    WARNING  High grad norm: 1166.14 at epoch=38 step=8397     
                    WARNING  High grad norm: 2557.06 at epoch=38 step=8398     
[04/19/26 17:58:08] WARNING  High grad norm: 1416.28 at epoch=38 step=8399     
                    INFO     epoch=38 step=8400 loss=488.9836                  
                             grad_norm=1416.2769 lr=2.94e-05                   
                    WARNING  High grad norm: 4467.22 at epoch=38 step=8400     
                    WARNING  High grad norm: 3676.45 at epoch=38 step=8401     
                    WARNING  High grad norm: 2029.74 at epoch=38 step=8402     
                    WARNING  High grad norm: 1330.78 at epoch=38 step=8403     
[04/19/26 17:58:09] WARNING  High grad norm: 3427.97 at epoch=38 step=8404     
                    WARNING  High grad norm: 3661.52 at epoch=38 step=8405     
                    WARNING  High grad norm: 1081.07 at epoch=38 step=8406     
                    WARNING  High grad norm: 2833.61 at epoch=38 step=8407     
                    WARNING  High grad norm: 2180.83 at epoch=38 step=8408     
[04/19/26 17:58:10] WARNING  High grad norm: 2926.28 at epoch=38 step=8409     
                    WARNING  High grad norm: 1878.70 at epoch=38 step=8410     
                    WARNING  High grad norm: 4274.98 at epoch=38 step=8411     
                    WARNING  High grad norm: 2994.53 at epoch=38 step=8412     
[04/19/26 17:58:11] WARNING  High grad norm: 1459.07 at epoch=38 step=8413     
                    WARNING  High grad norm: 2113.08 at epoch=38 step=8414     
                    WARNING  High grad norm: 2247.09 at epoch=38 step=8415     
                    WARNING  High grad norm: 1571.26 at epoch=38 step=8416     
                    WARNING  High grad norm: 1600.01 at epoch=38 step=8417     
[04/19/26 17:58:12] WARNING  High grad norm: 3308.88 at epoch=38 step=8418     
                    WARNING  High grad norm: 1387.10 at epoch=38 step=8419     
                    WARNING  High grad norm: 2784.33 at epoch=38 step=8420     
                    WARNING  High grad norm: 4052.80 at epoch=38 step=8421     
[04/19/26 17:58:13] WARNING  High grad norm: 2786.20 at epoch=38 step=8422     
                    WARNING  High grad norm: 1774.75 at epoch=38 step=8423     
                    WARNING  High grad norm: 1505.59 at epoch=38 step=8424     
                    WARNING  High grad norm: 2074.35 at epoch=38 step=8425     
                    WARNING  High grad norm: 1472.68 at epoch=38 step=8426     
[04/19/26 17:58:14] WARNING  High grad norm: 2048.18 at epoch=38 step=8427     
                    WARNING  High grad norm: 1976.25 at epoch=38 step=8428     
                    WARNING  High grad norm: 2396.59 at epoch=38 step=8429     
                    WARNING  High grad norm: 2288.19 at epoch=38 step=8430     
[04/19/26 17:58:15] WARNING  High grad norm: 946.53 at epoch=38 step=8431      
                    WARNING  High grad norm: 2238.73 at epoch=38 step=8432     
                    WARNING  High grad norm: 1357.91 at epoch=38 step=8433     
                    WARNING  High grad norm: 1443.10 at epoch=38 step=8434     
                    WARNING  High grad norm: 1189.68 at epoch=38 step=8435     
[04/19/26 17:58:16] WARNING  High grad norm: 2200.73 at epoch=38 step=8436     
                    WARNING  High grad norm: 2417.08 at epoch=38 step=8437     
                    WARNING  High grad norm: 1711.53 at epoch=38 step=8438     
                    WARNING  High grad norm: 2850.78 at epoch=38 step=8439     
[04/19/26 17:58:17] WARNING  High grad norm: 1496.94 at epoch=38 step=8440     
                    WARNING  High grad norm: 1855.55 at epoch=38 step=8441     
                    WARNING  High grad norm: 4249.89 at epoch=38 step=8442     
                    WARNING  High grad norm: 3166.35 at epoch=38 step=8443     
                    WARNING  High grad norm: 1235.38 at epoch=38 step=8444     
[04/19/26 17:58:18] WARNING  High grad norm: 5142.84 at epoch=38 step=8445     
                    WARNING  High grad norm: 4335.00 at epoch=38 step=8446     
                    WARNING  High grad norm: 4390.72 at epoch=38 step=8447     
                    WARNING  High grad norm: 3258.06 at epoch=38 step=8448     
[04/19/26 17:58:19] WARNING  High grad norm: 6589.56 at epoch=38 step=8449     
                    WARNING  High grad norm: 5539.75 at epoch=38 step=8450     
                    WARNING  High grad norm: 1421.58 at epoch=38 step=8451     
                    WARNING  High grad norm: 3524.49 at epoch=38 step=8452     
                    WARNING  High grad norm: 2013.83 at epoch=38 step=8453     
[04/19/26 17:58:20] WARNING  High grad norm: 1959.65 at epoch=38 step=8454     
                    WARNING  High grad norm: 1278.00 at epoch=38 step=8455     
                    WARNING  High grad norm: 2131.83 at epoch=38 step=8456     
                    WARNING  High grad norm: 5214.35 at epoch=38 step=8457     
[04/19/26 17:58:21] WARNING  High grad norm: 1665.44 at epoch=38 step=8458     
                    WARNING  High grad norm: 3817.45 at epoch=38 step=8459     
                    WARNING  High grad norm: 6092.01 at epoch=38 step=8460     
                    WARNING  High grad norm: 3810.02 at epoch=38 step=8461     
                    WARNING  High grad norm: 2715.60 at epoch=38 step=8462     
[04/19/26 17:58:22] WARNING  High grad norm: 4701.93 at epoch=38 step=8463     
                    WARNING  High grad norm: 1399.76 at epoch=38 step=8464     
                    WARNING  High grad norm: 3219.23 at epoch=38 step=8465     
                    WARNING  High grad norm: 1278.50 at epoch=38 step=8466     
[04/19/26 17:58:23] WARNING  High grad norm: 1591.52 at epoch=38 step=8467     
                    WARNING  High grad norm: 1053.21 at epoch=38 step=8468     
                    WARNING  High grad norm: 1718.58 at epoch=38 step=8469     
                    WARNING  High grad norm: 1842.03 at epoch=38 step=8470     
                    WARNING  High grad norm: 1469.18 at epoch=38 step=8471     
[04/19/26 17:58:24] WARNING  High grad norm: 1129.53 at epoch=38 step=8472     
                    WARNING  High grad norm: 5560.78 at epoch=38 step=8473     
                    INFO     epoch=38 avg_loss=490.3332 lr=2.80e-05            
[04/19/26 17:58:38] WARNING  High grad norm: 2654.44 at epoch=39 step=8474     
[04/19/26 17:58:39] WARNING  High grad norm: 1366.55 at epoch=39 step=8475     
                    WARNING  High grad norm: 3816.56 at epoch=39 step=8476     
                    WARNING  High grad norm: 2832.92 at epoch=39 step=8477     
                    WARNING  High grad norm: 2029.62 at epoch=39 step=8478     
                    WARNING  High grad norm: 2715.74 at epoch=39 step=8479     
[04/19/26 17:58:40] WARNING  High grad norm: 1346.15 at epoch=39 step=8480     
                    WARNING  High grad norm: 1838.85 at epoch=39 step=8481     
                    WARNING  High grad norm: 1403.78 at epoch=39 step=8482     
                    WARNING  High grad norm: 4941.48 at epoch=39 step=8483     
[04/19/26 17:58:41] WARNING  High grad norm: 4858.12 at epoch=39 step=8484     
                    WARNING  High grad norm: 1638.15 at epoch=39 step=8485     
                    WARNING  High grad norm: 3874.85 at epoch=39 step=8486     
                    WARNING  High grad norm: 6384.01 at epoch=39 step=8487     
                    WARNING  High grad norm: 2737.91 at epoch=39 step=8488     
[04/19/26 17:58:42] WARNING  High grad norm: 3065.01 at epoch=39 step=8489     
                    WARNING  High grad norm: 5904.61 at epoch=39 step=8490     
                    WARNING  High grad norm: 3221.74 at epoch=39 step=8491     
                    WARNING  High grad norm: 2608.06 at epoch=39 step=8492     
[04/19/26 17:58:43] WARNING  High grad norm: 3591.38 at epoch=39 step=8493     
                    WARNING  High grad norm: 2950.55 at epoch=39 step=8494     
                    WARNING  High grad norm: 1269.79 at epoch=39 step=8495     
                    WARNING  High grad norm: 4645.02 at epoch=39 step=8496     
                    WARNING  High grad norm: 4680.25 at epoch=39 step=8497     
[04/19/26 17:58:44] WARNING  High grad norm: 1642.79 at epoch=39 step=8498     
                    WARNING  High grad norm: 3001.62 at epoch=39 step=8499     
                    INFO     epoch=39 step=8500 loss=491.3315                  
                             grad_norm=3001.6187 lr=2.75e-05                   
                    WARNING  High grad norm: 2130.33 at epoch=39 step=8500     
                    WARNING  High grad norm: 2695.56 at epoch=39 step=8501     
[04/19/26 17:58:45] WARNING  High grad norm: 4020.59 at epoch=39 step=8502     
                    WARNING  High grad norm: 1017.04 at epoch=39 step=8503     
                    WARNING  High grad norm: 2658.01 at epoch=39 step=8504     
                    WARNING  High grad norm: 1114.16 at epoch=39 step=8505     
                    WARNING  High grad norm: 2233.75 at epoch=39 step=8506     
[04/19/26 17:58:46] WARNING  High grad norm: 2938.68 at epoch=39 step=8507     
                    WARNING  High grad norm: 2171.32 at epoch=39 step=8508     
                    WARNING  High grad norm: 1704.98 at epoch=39 step=8509     
                    WARNING  High grad norm: 1503.06 at epoch=39 step=8510     
                    WARNING  High grad norm: 3159.49 at epoch=39 step=8511     
[04/19/26 17:58:47] WARNING  High grad norm: 2095.05 at epoch=39 step=8512     
                    WARNING  High grad norm: 2792.55 at epoch=39 step=8513     
                    WARNING  High grad norm: 2513.52 at epoch=39 step=8514     
                    WARNING  High grad norm: 4064.25 at epoch=39 step=8515     
[04/19/26 17:58:48] WARNING  High grad norm: 6309.07 at epoch=39 step=8516     
                    WARNING  High grad norm: 3431.96 at epoch=39 step=8517     
                    WARNING  High grad norm: 2278.58 at epoch=39 step=8518     
                    WARNING  High grad norm: 2520.78 at epoch=39 step=8519     
                    WARNING  High grad norm: 5037.66 at epoch=39 step=8520     
[04/19/26 17:58:49] WARNING  High grad norm: 2539.94 at epoch=39 step=8521     
                    WARNING  High grad norm: 3951.04 at epoch=39 step=8522     
                    WARNING  High grad norm: 5416.02 at epoch=39 step=8523     
                    WARNING  High grad norm: 1935.18 at epoch=39 step=8524     
[04/19/26 17:58:50] WARNING  High grad norm: 2573.74 at epoch=39 step=8525     
                    WARNING  High grad norm: 2471.65 at epoch=39 step=8526     
                    WARNING  High grad norm: 1585.12 at epoch=39 step=8527     
                    WARNING  High grad norm: 1024.40 at epoch=39 step=8528     
                    WARNING  High grad norm: 1624.56 at epoch=39 step=8529     
[04/19/26 17:58:51] WARNING  High grad norm: 906.15 at epoch=39 step=8530      
                    WARNING  High grad norm: 2540.69 at epoch=39 step=8531     
                    WARNING  High grad norm: 1087.33 at epoch=39 step=8532     
                    WARNING  High grad norm: 2751.42 at epoch=39 step=8533     
[04/19/26 17:58:52] WARNING  High grad norm: 1766.17 at epoch=39 step=8534     
                    WARNING  High grad norm: 1155.95 at epoch=39 step=8535     
                    WARNING  High grad norm: 1105.72 at epoch=39 step=8536     
                    WARNING  High grad norm: 3513.31 at epoch=39 step=8537     
                    WARNING  High grad norm: 2446.67 at epoch=39 step=8538     
[04/19/26 17:58:53] WARNING  High grad norm: 2066.11 at epoch=39 step=8539     
                    WARNING  High grad norm: 2437.11 at epoch=39 step=8540     
                    WARNING  High grad norm: 2518.64 at epoch=39 step=8541     
                    WARNING  High grad norm: 2941.49 at epoch=39 step=8542     
[04/19/26 17:58:54] WARNING  High grad norm: 1053.23 at epoch=39 step=8543     
                    WARNING  High grad norm: 2286.70 at epoch=39 step=8544     
                    WARNING  High grad norm: 1140.44 at epoch=39 step=8545     
                    WARNING  High grad norm: 1512.66 at epoch=39 step=8546     
                    WARNING  High grad norm: 2235.89 at epoch=39 step=8547     
[04/19/26 17:58:55] WARNING  High grad norm: 1426.62 at epoch=39 step=8548     
                    WARNING  High grad norm: 1100.90 at epoch=39 step=8549     
                    WARNING  High grad norm: 7521.08 at epoch=39 step=8550     
                    WARNING  High grad norm: 6074.30 at epoch=39 step=8551     
[04/19/26 17:58:56] WARNING  High grad norm: 2387.48 at epoch=39 step=8552     
                    WARNING  High grad norm: 5815.71 at epoch=39 step=8553     
                    WARNING  High grad norm: 6422.05 at epoch=39 step=8554     
                    WARNING  High grad norm: 5707.44 at epoch=39 step=8555     
                    WARNING  High grad norm: 3659.83 at epoch=39 step=8556     
[04/19/26 17:58:57] WARNING  High grad norm: 3037.76 at epoch=39 step=8557     
                    WARNING  High grad norm: 5854.03 at epoch=39 step=8558     
                    WARNING  High grad norm: 3525.93 at epoch=39 step=8559     
                    WARNING  High grad norm: 1858.19 at epoch=39 step=8560     
                    WARNING  High grad norm: 4081.82 at epoch=39 step=8561     
[04/19/26 17:58:58] WARNING  High grad norm: 670.93 at epoch=39 step=8562      
                    WARNING  High grad norm: 3837.91 at epoch=39 step=8563     
                    WARNING  High grad norm: 4305.19 at epoch=39 step=8564     
                    WARNING  High grad norm: 1636.24 at epoch=39 step=8565     
[04/19/26 17:58:59] WARNING  High grad norm: 3145.74 at epoch=39 step=8566     
                    WARNING  High grad norm: 2997.43 at epoch=39 step=8567     
                    WARNING  High grad norm: 2720.58 at epoch=39 step=8568     
                    WARNING  High grad norm: 2190.33 at epoch=39 step=8569     
                    WARNING  High grad norm: 3430.16 at epoch=39 step=8570     
[04/19/26 17:59:00] WARNING  High grad norm: 2765.49 at epoch=39 step=8571     
                    WARNING  High grad norm: 2079.43 at epoch=39 step=8572     
                    WARNING  High grad norm: 1005.53 at epoch=39 step=8573     
                    WARNING  High grad norm: 757.63 at epoch=39 step=8574      
[04/19/26 17:59:01] WARNING  High grad norm: 1343.17 at epoch=39 step=8575     
                    WARNING  High grad norm: 1827.54 at epoch=39 step=8576     
                    WARNING  High grad norm: 2939.35 at epoch=39 step=8577     
                    WARNING  High grad norm: 2277.39 at epoch=39 step=8578     
                    WARNING  High grad norm: 2317.45 at epoch=39 step=8579     
[04/19/26 17:59:02] WARNING  High grad norm: 1469.47 at epoch=39 step=8580     
                    WARNING  High grad norm: 1661.26 at epoch=39 step=8581     
                    WARNING  High grad norm: 1874.34 at epoch=39 step=8582     
                    WARNING  High grad norm: 4353.03 at epoch=39 step=8583     
[04/19/26 17:59:03] WARNING  High grad norm: 1012.03 at epoch=39 step=8584     
                    WARNING  High grad norm: 1485.87 at epoch=39 step=8585     
                    WARNING  High grad norm: 1613.82 at epoch=39 step=8586     
                    WARNING  High grad norm: 2401.57 at epoch=39 step=8587     
                    WARNING  High grad norm: 3364.25 at epoch=39 step=8588     
[04/19/26 17:59:04] WARNING  High grad norm: 4142.55 at epoch=39 step=8589     
                    WARNING  High grad norm: 1681.08 at epoch=39 step=8590     
                    WARNING  High grad norm: 2568.01 at epoch=39 step=8591     
                    WARNING  High grad norm: 3356.59 at epoch=39 step=8592     
                    WARNING  High grad norm: 1640.98 at epoch=39 step=8593     
[04/19/26 17:59:05] WARNING  High grad norm: 3608.02 at epoch=39 step=8594     
                    WARNING  High grad norm: 4837.37 at epoch=39 step=8595     
                    WARNING  High grad norm: 1972.57 at epoch=39 step=8596     
                    WARNING  High grad norm: 3603.50 at epoch=39 step=8597     
[04/19/26 17:59:06] WARNING  High grad norm: 4070.84 at epoch=39 step=8598     
                    WARNING  High grad norm: 3432.71 at epoch=39 step=8599     
                    INFO     epoch=39 step=8600 loss=491.4807                  
                             grad_norm=3432.7122 lr=2.56e-05                   
                    WARNING  High grad norm: 2075.38 at epoch=39 step=8600     
                    WARNING  High grad norm: 1357.39 at epoch=39 step=8601     
                    WARNING  High grad norm: 1999.12 at epoch=39 step=8602     
[04/19/26 17:59:07] WARNING  High grad norm: 4032.02 at epoch=39 step=8603     
                    WARNING  High grad norm: 5191.32 at epoch=39 step=8604     
                    WARNING  High grad norm: 1340.94 at epoch=39 step=8605     
                    WARNING  High grad norm: 2074.98 at epoch=39 step=8606     
[04/19/26 17:59:08] WARNING  High grad norm: 2083.17 at epoch=39 step=8607     
                    WARNING  High grad norm: 1444.35 at epoch=39 step=8608     
                    WARNING  High grad norm: 1575.57 at epoch=39 step=8609     
                    WARNING  High grad norm: 1453.80 at epoch=39 step=8610     
                    WARNING  High grad norm: 1777.40 at epoch=39 step=8611     
[04/19/26 17:59:09] WARNING  High grad norm: 3689.63 at epoch=39 step=8612     
                    WARNING  High grad norm: 2322.97 at epoch=39 step=8613     
                    WARNING  High grad norm: 1545.36 at epoch=39 step=8614     
                    WARNING  High grad norm: 1960.81 at epoch=39 step=8615     
[04/19/26 17:59:10] WARNING  High grad norm: 1088.02 at epoch=39 step=8616     
                    WARNING  High grad norm: 1972.58 at epoch=39 step=8617     
                    WARNING  High grad norm: 1130.45 at epoch=39 step=8618     
                    WARNING  High grad norm: 808.53 at epoch=39 step=8619      
                    WARNING  High grad norm: 2500.65 at epoch=39 step=8620     
[04/19/26 17:59:11] WARNING  High grad norm: 4074.58 at epoch=39 step=8621     
                    WARNING  High grad norm: 1666.02 at epoch=39 step=8622     
                    WARNING  High grad norm: 4141.03 at epoch=39 step=8623     
                    WARNING  High grad norm: 4607.64 at epoch=39 step=8624     
[04/19/26 17:59:12] WARNING  High grad norm: 1567.34 at epoch=39 step=8625     
                    WARNING  High grad norm: 2968.54 at epoch=39 step=8626     
                    WARNING  High grad norm: 3275.04 at epoch=39 step=8627     
                    WARNING  High grad norm: 1548.62 at epoch=39 step=8628     
                    WARNING  High grad norm: 1549.08 at epoch=39 step=8629     
[04/19/26 17:59:13] WARNING  High grad norm: 1685.23 at epoch=39 step=8630     
                    WARNING  High grad norm: 593.57 at epoch=39 step=8631      
                    WARNING  High grad norm: 1523.39 at epoch=39 step=8632     
                    WARNING  High grad norm: 1252.44 at epoch=39 step=8633     
                    WARNING  High grad norm: 1024.79 at epoch=39 step=8634     
[04/19/26 17:59:14] WARNING  High grad norm: 4160.29 at epoch=39 step=8635     
                    WARNING  High grad norm: 4946.96 at epoch=39 step=8636     
                    WARNING  High grad norm: 1770.88 at epoch=39 step=8637     
                    WARNING  High grad norm: 1109.46 at epoch=39 step=8638     
[04/19/26 17:59:15] WARNING  High grad norm: 6803.07 at epoch=39 step=8639     
                    WARNING  High grad norm: 7361.99 at epoch=39 step=8640     
                    WARNING  High grad norm: 6118.59 at epoch=39 step=8641     
                    WARNING  High grad norm: 1674.91 at epoch=39 step=8642     
                    WARNING  High grad norm: 5510.51 at epoch=39 step=8643     
[04/19/26 17:59:16] WARNING  High grad norm: 11994.63 at epoch=39 step=8644    
                    WARNING  High grad norm: 10290.71 at epoch=39 step=8645    
                    WARNING  High grad norm: 10012.26 at epoch=39 step=8646    
                    WARNING  High grad norm: 2780.89 at epoch=39 step=8647     
[04/19/26 17:59:17] WARNING  High grad norm: 4285.88 at epoch=39 step=8648     
                    WARNING  High grad norm: 6333.71 at epoch=39 step=8649     
                    WARNING  High grad norm: 6363.64 at epoch=39 step=8650     
                    WARNING  High grad norm: 6834.38 at epoch=39 step=8651     
                    WARNING  High grad norm: 1964.85 at epoch=39 step=8652     
[04/19/26 17:59:18] WARNING  High grad norm: 5769.92 at epoch=39 step=8653     
                    WARNING  High grad norm: 6815.88 at epoch=39 step=8654     
                    WARNING  High grad norm: 5812.99 at epoch=39 step=8655     
                    WARNING  High grad norm: 2495.06 at epoch=39 step=8656     
[04/19/26 17:59:19] WARNING  High grad norm: 3914.15 at epoch=39 step=8657     
                    WARNING  High grad norm: 5809.75 at epoch=39 step=8658     
                    WARNING  High grad norm: 4510.78 at epoch=39 step=8659     
                    WARNING  High grad norm: 2496.42 at epoch=39 step=8660     
                    WARNING  High grad norm: 4032.71 at epoch=39 step=8661     
[04/19/26 17:59:20] WARNING  High grad norm: 5965.16 at epoch=39 step=8662     
                    WARNING  High grad norm: 10002.44 at epoch=39 step=8663    
                    WARNING  High grad norm: 3370.33 at epoch=39 step=8664     
                    WARNING  High grad norm: 2245.25 at epoch=39 step=8665     
[04/19/26 17:59:21] WARNING  High grad norm: 6254.27 at epoch=39 step=8666     
                    WARNING  High grad norm: 4506.55 at epoch=39 step=8667     
                    WARNING  High grad norm: 5583.46 at epoch=39 step=8668     
                    WARNING  High grad norm: 2057.09 at epoch=39 step=8669     
                    WARNING  High grad norm: 6211.25 at epoch=39 step=8670     
[04/19/26 17:59:22] WARNING  High grad norm: 2333.27 at epoch=39 step=8671     
                    WARNING  High grad norm: 2522.35 at epoch=39 step=8672     
                    WARNING  High grad norm: 4146.85 at epoch=39 step=8673     
                    WARNING  High grad norm: 3590.32 at epoch=39 step=8674     
[04/19/26 17:59:23] WARNING  High grad norm: 2658.14 at epoch=39 step=8675     
                    WARNING  High grad norm: 2455.11 at epoch=39 step=8676     
                    WARNING  High grad norm: 4229.55 at epoch=39 step=8677     
                    WARNING  High grad norm: 5518.94 at epoch=39 step=8678     
                    WARNING  High grad norm: 2674.16 at epoch=39 step=8679     
[04/19/26 17:59:24] WARNING  High grad norm: 3450.74 at epoch=39 step=8680     
                    WARNING  High grad norm: 6623.30 at epoch=39 step=8681     
                    WARNING  High grad norm: 4497.03 at epoch=39 step=8682     
                    WARNING  High grad norm: 2231.87 at epoch=39 step=8683     
[04/19/26 17:59:25] WARNING  High grad norm: 5278.17 at epoch=39 step=8684     
                    WARNING  High grad norm: 6037.16 at epoch=39 step=8685     
                    WARNING  High grad norm: 3800.96 at epoch=39 step=8686     
                    WARNING  High grad norm: 2272.19 at epoch=39 step=8687     
                    WARNING  High grad norm: 4393.19 at epoch=39 step=8688     
[04/19/26 17:59:26] WARNING  High grad norm: 4248.35 at epoch=39 step=8689     
                    WARNING  High grad norm: 3536.62 at epoch=39 step=8690     
                    WARNING  High grad norm: 2063.64 at epoch=39 step=8691     
                    WARNING  High grad norm: 2064.63 at epoch=39 step=8692     
[04/19/26 17:59:27] WARNING  High grad norm: 3893.06 at epoch=39 step=8693     
                    WARNING  High grad norm: 2775.70 at epoch=39 step=8694     
                    WARNING  High grad norm: 2534.52 at epoch=39 step=8695     
                    WARNING  High grad norm: 4605.42 at epoch=39 step=8696     
[04/19/26 17:59:28] INFO     epoch=39 avg_loss=486.9594 lr=2.38e-05            
[04/19/26 17:59:42] WARNING  High grad norm: 3344.45 at epoch=40 step=8697     
                    WARNING  High grad norm: 2469.90 at epoch=40 step=8698     
                    WARNING  High grad norm: 3269.18 at epoch=40 step=8699     
                    INFO     epoch=40 step=8700 loss=496.6012                  
                             grad_norm=3269.1804 lr=2.38e-05                   
                    WARNING  High grad norm: 4341.00 at epoch=40 step=8700     
[04/19/26 17:59:43] WARNING  High grad norm: 2047.77 at epoch=40 step=8701     
                    WARNING  High grad norm: 2605.43 at epoch=40 step=8702     
                    WARNING  High grad norm: 1698.26 at epoch=40 step=8703     
                    WARNING  High grad norm: 2484.49 at epoch=40 step=8704     
                    WARNING  High grad norm: 2316.27 at epoch=40 step=8705     
[04/19/26 17:59:44] WARNING  High grad norm: 3365.60 at epoch=40 step=8706     
                    WARNING  High grad norm: 2844.29 at epoch=40 step=8707     
                    WARNING  High grad norm: 1794.21 at epoch=40 step=8708     
                    WARNING  High grad norm: 2738.09 at epoch=40 step=8709     
[04/19/26 17:59:45] WARNING  High grad norm: 5190.57 at epoch=40 step=8710     
                    WARNING  High grad norm: 3781.05 at epoch=40 step=8711     
                    WARNING  High grad norm: 2090.10 at epoch=40 step=8712     
                    WARNING  High grad norm: 4688.44 at epoch=40 step=8713     
                    WARNING  High grad norm: 6179.21 at epoch=40 step=8714     
[04/19/26 17:59:46] WARNING  High grad norm: 5432.99 at epoch=40 step=8715     
                    WARNING  High grad norm: 2472.58 at epoch=40 step=8716     
                    WARNING  High grad norm: 3009.68 at epoch=40 step=8717     
                    WARNING  High grad norm: 3999.48 at epoch=40 step=8718     
[04/19/26 17:59:47] WARNING  High grad norm: 1203.01 at epoch=40 step=8719     
                    WARNING  High grad norm: 1383.57 at epoch=40 step=8720     
                    WARNING  High grad norm: 1765.91 at epoch=40 step=8721     
                    WARNING  High grad norm: 3958.14 at epoch=40 step=8722     
                    WARNING  High grad norm: 1848.16 at epoch=40 step=8723     
[04/19/26 17:59:48] WARNING  High grad norm: 959.57 at epoch=40 step=8724      
                    WARNING  High grad norm: 3405.44 at epoch=40 step=8725     
                    WARNING  High grad norm: 2829.35 at epoch=40 step=8726     
                    WARNING  High grad norm: 2114.11 at epoch=40 step=8727     
[04/19/26 17:59:49] WARNING  High grad norm: 3201.57 at epoch=40 step=8728     
                    WARNING  High grad norm: 1845.22 at epoch=40 step=8729     
                    WARNING  High grad norm: 2213.59 at epoch=40 step=8730     
                    WARNING  High grad norm: 3180.25 at epoch=40 step=8731     
                    WARNING  High grad norm: 1324.26 at epoch=40 step=8732     
[04/19/26 17:59:50] WARNING  High grad norm: 1049.28 at epoch=40 step=8733     
                    WARNING  High grad norm: 3632.26 at epoch=40 step=8734     
                    WARNING  High grad norm: 3779.80 at epoch=40 step=8735     
                    WARNING  High grad norm: 1963.44 at epoch=40 step=8736     
[04/19/26 17:59:51] WARNING  High grad norm: 5185.24 at epoch=40 step=8737     
                    WARNING  High grad norm: 6359.53 at epoch=40 step=8738     
                    WARNING  High grad norm: 3130.80 at epoch=40 step=8739     
[04/19/26 17:59:52] WARNING  High grad norm: 1385.72 at epoch=40 step=8740     
                    WARNING  High grad norm: 5367.45 at epoch=40 step=8741     
                    WARNING  High grad norm: 5711.63 at epoch=40 step=8742     
                    WARNING  High grad norm: 6231.89 at epoch=40 step=8743     
                    WARNING  High grad norm: 1721.94 at epoch=40 step=8744     
[04/19/26 17:59:53] WARNING  High grad norm: 4551.13 at epoch=40 step=8745     
                    WARNING  High grad norm: 4744.22 at epoch=40 step=8746     
                    WARNING  High grad norm: 3877.33 at epoch=40 step=8747     
                    WARNING  High grad norm: 2086.50 at epoch=40 step=8748     
[04/19/26 17:59:54] WARNING  High grad norm: 6236.65 at epoch=40 step=8749     
                    WARNING  High grad norm: 4421.29 at epoch=40 step=8750     
                    WARNING  High grad norm: 3548.73 at epoch=40 step=8751     
                    WARNING  High grad norm: 2957.34 at epoch=40 step=8752     
                    WARNING  High grad norm: 3716.79 at epoch=40 step=8753     
[04/19/26 17:59:55] WARNING  High grad norm: 3282.52 at epoch=40 step=8754     
                    WARNING  High grad norm: 1687.24 at epoch=40 step=8755     
                    WARNING  High grad norm: 3175.27 at epoch=40 step=8756     
                    WARNING  High grad norm: 5110.95 at epoch=40 step=8757     
[04/19/26 17:59:56] WARNING  High grad norm: 1557.84 at epoch=40 step=8758     
                    WARNING  High grad norm: 1118.89 at epoch=40 step=8759     
                    WARNING  High grad norm: 3802.22 at epoch=40 step=8760     
                    WARNING  High grad norm: 5290.16 at epoch=40 step=8761     
[04/19/26 17:59:57] WARNING  High grad norm: 3416.70 at epoch=40 step=8762     
                    WARNING  High grad norm: 2564.88 at epoch=40 step=8763     
                    WARNING  High grad norm: 4533.48 at epoch=40 step=8764     
                    WARNING  High grad norm: 3879.84 at epoch=40 step=8765     
                    WARNING  High grad norm: 1357.36 at epoch=40 step=8766     
[04/19/26 17:59:58] WARNING  High grad norm: 2909.24 at epoch=40 step=8767     
                    WARNING  High grad norm: 2570.02 at epoch=40 step=8768     
                    WARNING  High grad norm: 639.96 at epoch=40 step=8769      
                    WARNING  High grad norm: 5967.47 at epoch=40 step=8770     
[04/19/26 17:59:59] WARNING  High grad norm: 5463.95 at epoch=40 step=8771     
                    WARNING  High grad norm: 6553.01 at epoch=40 step=8772     
                    WARNING  High grad norm: 1773.09 at epoch=40 step=8773     
                    WARNING  High grad norm: 3001.93 at epoch=40 step=8774     
                    WARNING  High grad norm: 7758.54 at epoch=40 step=8775     
[04/19/26 18:00:00] WARNING  High grad norm: 4658.49 at epoch=40 step=8776     
                    WARNING  High grad norm: 2949.57 at epoch=40 step=8777     
                    WARNING  High grad norm: 2137.94 at epoch=40 step=8778     
                    WARNING  High grad norm: 3117.75 at epoch=40 step=8779     
                    WARNING  High grad norm: 1844.40 at epoch=40 step=8780     
[04/19/26 18:00:01] WARNING  High grad norm: 4427.40 at epoch=40 step=8781     
                    WARNING  High grad norm: 2921.30 at epoch=40 step=8782     
                    WARNING  High grad norm: 1717.75 at epoch=40 step=8783     
                    WARNING  High grad norm: 4843.55 at epoch=40 step=8784     
[04/19/26 18:00:02] WARNING  High grad norm: 4888.81 at epoch=40 step=8785     
                    WARNING  High grad norm: 3927.00 at epoch=40 step=8786     
                    WARNING  High grad norm: 1301.14 at epoch=40 step=8787     
                    WARNING  High grad norm: 2787.63 at epoch=40 step=8788     
                    WARNING  High grad norm: 6118.41 at epoch=40 step=8789     
[04/19/26 18:00:03] WARNING  High grad norm: 3166.36 at epoch=40 step=8790     
                    WARNING  High grad norm: 1778.25 at epoch=40 step=8791     
                    WARNING  High grad norm: 3562.94 at epoch=40 step=8792     
                    WARNING  High grad norm: 4334.52 at epoch=40 step=8793     
[04/19/26 18:00:04] WARNING  High grad norm: 6114.78 at epoch=40 step=8794     
                    WARNING  High grad norm: 2190.48 at epoch=40 step=8795     
                    WARNING  High grad norm: 2951.55 at epoch=40 step=8796     
                    WARNING  High grad norm: 3621.42 at epoch=40 step=8797     
                    WARNING  High grad norm: 2155.45 at epoch=40 step=8798     
[04/19/26 18:00:05] WARNING  High grad norm: 3049.66 at epoch=40 step=8799     
                    INFO     epoch=40 step=8800 loss=486.4527                  
                             grad_norm=3049.6597 lr=2.20e-05                   
                    WARNING  High grad norm: 2992.14 at epoch=40 step=8800     
                    WARNING  High grad norm: 3147.26 at epoch=40 step=8801     
                    WARNING  High grad norm: 789.48 at epoch=40 step=8802      
[04/19/26 18:00:06] WARNING  High grad norm: 3011.17 at epoch=40 step=8803     
                    WARNING  High grad norm: 4029.27 at epoch=40 step=8804     
                    WARNING  High grad norm: 2234.29 at epoch=40 step=8805     
                    WARNING  High grad norm: 3424.97 at epoch=40 step=8806     
                    WARNING  High grad norm: 3953.41 at epoch=40 step=8807     
[04/19/26 18:00:07] WARNING  High grad norm: 1370.21 at epoch=40 step=8808     
                    WARNING  High grad norm: 1538.21 at epoch=40 step=8809     
                    WARNING  High grad norm: 2828.50 at epoch=40 step=8810     
                    WARNING  High grad norm: 2943.68 at epoch=40 step=8811     
[04/19/26 18:00:08] WARNING  High grad norm: 1693.78 at epoch=40 step=8812     
                    WARNING  High grad norm: 3619.60 at epoch=40 step=8813     
                    WARNING  High grad norm: 2754.08 at epoch=40 step=8814     
                    WARNING  High grad norm: 1327.49 at epoch=40 step=8815     
                    WARNING  High grad norm: 3209.93 at epoch=40 step=8816     
[04/19/26 18:00:09] WARNING  High grad norm: 6585.26 at epoch=40 step=8817     
                    WARNING  High grad norm: 3786.19 at epoch=40 step=8818     
                    WARNING  High grad norm: 1524.22 at epoch=40 step=8819     
                    WARNING  High grad norm: 5429.13 at epoch=40 step=8820     
                    WARNING  High grad norm: 9653.56 at epoch=40 step=8821     
[04/19/26 18:00:10] WARNING  High grad norm: 4166.90 at epoch=40 step=8822     
                    WARNING  High grad norm: 3281.87 at epoch=40 step=8823     
                    WARNING  High grad norm: 4762.73 at epoch=40 step=8824     
                    WARNING  High grad norm: 4345.67 at epoch=40 step=8825     
[04/19/26 18:00:11] WARNING  High grad norm: 3644.15 at epoch=40 step=8826     
                    WARNING  High grad norm: 1276.68 at epoch=40 step=8827     
                    WARNING  High grad norm: 4905.70 at epoch=40 step=8828     
                    WARNING  High grad norm: 6573.96 at epoch=40 step=8829     
                    WARNING  High grad norm: 4092.74 at epoch=40 step=8830     
[04/19/26 18:00:12] WARNING  High grad norm: 940.43 at epoch=40 step=8831      
                    WARNING  High grad norm: 3818.24 at epoch=40 step=8832     
                    WARNING  High grad norm: 5469.14 at epoch=40 step=8833     
                    WARNING  High grad norm: 2726.46 at epoch=40 step=8834     
[04/19/26 18:00:13] WARNING  High grad norm: 3061.79 at epoch=40 step=8835     
                    WARNING  High grad norm: 2819.40 at epoch=40 step=8836     
                    WARNING  High grad norm: 1047.32 at epoch=40 step=8837     
                    WARNING  High grad norm: 2087.43 at epoch=40 step=8838     
                    WARNING  High grad norm: 2680.14 at epoch=40 step=8839     
[04/19/26 18:00:14] WARNING  High grad norm: 765.08 at epoch=40 step=8840      
                    WARNING  High grad norm: 783.10 at epoch=40 step=8841      
                    WARNING  High grad norm: 1479.12 at epoch=40 step=8842     
                    WARNING  High grad norm: 1010.71 at epoch=40 step=8843     
[04/19/26 18:00:15] WARNING  High grad norm: 930.82 at epoch=40 step=8844      
                    WARNING  High grad norm: 3804.02 at epoch=40 step=8845     
                    WARNING  High grad norm: 3601.61 at epoch=40 step=8846     
                    WARNING  High grad norm: 1745.38 at epoch=40 step=8847     
                    WARNING  High grad norm: 3635.07 at epoch=40 step=8848     
[04/19/26 18:00:16] WARNING  High grad norm: 3256.63 at epoch=40 step=8849     
                    WARNING  High grad norm: 4441.48 at epoch=40 step=8850     
                    WARNING  High grad norm: 2111.08 at epoch=40 step=8851     
                    WARNING  High grad norm: 2905.50 at epoch=40 step=8852     
                    WARNING  High grad norm: 1247.55 at epoch=40 step=8853     
[04/19/26 18:00:17] WARNING  High grad norm: 2587.00 at epoch=40 step=8854     
                    WARNING  High grad norm: 3202.32 at epoch=40 step=8855     
                    WARNING  High grad norm: 3449.89 at epoch=40 step=8856     
                    WARNING  High grad norm: 2618.29 at epoch=40 step=8857     
[04/19/26 18:00:18] WARNING  High grad norm: 2576.40 at epoch=40 step=8858     
                    WARNING  High grad norm: 4762.29 at epoch=40 step=8859     
                    WARNING  High grad norm: 1191.51 at epoch=40 step=8860     
                    WARNING  High grad norm: 1825.26 at epoch=40 step=8861     
                    WARNING  High grad norm: 2066.44 at epoch=40 step=8862     
[04/19/26 18:00:19] WARNING  High grad norm: 1400.75 at epoch=40 step=8863     
                    WARNING  High grad norm: 1825.19 at epoch=40 step=8864     
                    WARNING  High grad norm: 570.20 at epoch=40 step=8865      
                    WARNING  High grad norm: 1628.70 at epoch=40 step=8866     
[04/19/26 18:00:20] WARNING  High grad norm: 1322.81 at epoch=40 step=8867     
                    WARNING  High grad norm: 1558.03 at epoch=40 step=8868     
                    WARNING  High grad norm: 1385.95 at epoch=40 step=8869     
                    WARNING  High grad norm: 1301.94 at epoch=40 step=8870     
                    WARNING  High grad norm: 709.34 at epoch=40 step=8871      
[04/19/26 18:00:21] WARNING  High grad norm: 4453.38 at epoch=40 step=8872     
                    WARNING  High grad norm: 3083.51 at epoch=40 step=8873     
                    WARNING  High grad norm: 2934.65 at epoch=40 step=8874     
                    WARNING  High grad norm: 2050.64 at epoch=40 step=8875     
[04/19/26 18:00:22] WARNING  High grad norm: 3629.03 at epoch=40 step=8876     
                    WARNING  High grad norm: 2095.79 at epoch=40 step=8877     
                    WARNING  High grad norm: 1703.60 at epoch=40 step=8878     
                    WARNING  High grad norm: 4063.92 at epoch=40 step=8879     
                    WARNING  High grad norm: 2470.51 at epoch=40 step=8880     
[04/19/26 18:00:23] WARNING  High grad norm: 3346.62 at epoch=40 step=8881     
                    WARNING  High grad norm: 2988.92 at epoch=40 step=8882     
                    WARNING  High grad norm: 1968.89 at epoch=40 step=8883     
                    WARNING  High grad norm: 3003.31 at epoch=40 step=8884     
[04/19/26 18:00:24] WARNING  High grad norm: 2349.59 at epoch=40 step=8885     
                    WARNING  High grad norm: 1969.82 at epoch=40 step=8886     
                    WARNING  High grad norm: 2071.68 at epoch=40 step=8887     
                    WARNING  High grad norm: 3166.33 at epoch=40 step=8888     
                    WARNING  High grad norm: 2178.08 at epoch=40 step=8889     
[04/19/26 18:00:25] WARNING  High grad norm: 1572.00 at epoch=40 step=8890     
                    WARNING  High grad norm: 1285.97 at epoch=40 step=8891     
                    WARNING  High grad norm: 977.88 at epoch=40 step=8892      
                    WARNING  High grad norm: 1757.81 at epoch=40 step=8893     
[04/19/26 18:00:26] WARNING  High grad norm: 1817.27 at epoch=40 step=8894     
                    WARNING  High grad norm: 921.84 at epoch=40 step=8895      
                    WARNING  High grad norm: 1241.00 at epoch=40 step=8896     
                    WARNING  High grad norm: 4151.50 at epoch=40 step=8897     
                    WARNING  High grad norm: 4253.91 at epoch=40 step=8898     
[04/19/26 18:00:27] WARNING  High grad norm: 1854.59 at epoch=40 step=8899     
                    INFO     epoch=40 step=8900 loss=489.0981                  
                             grad_norm=1854.5941 lr=2.03e-05                   
                    WARNING  High grad norm: 4429.61 at epoch=40 step=8900     
                    WARNING  High grad norm: 5829.81 at epoch=40 step=8901     
                    WARNING  High grad norm: 4584.18 at epoch=40 step=8902     
[04/19/26 18:00:28] WARNING  High grad norm: 1518.24 at epoch=40 step=8903     
                    WARNING  High grad norm: 3150.77 at epoch=40 step=8904     
                    WARNING  High grad norm: 4323.97 at epoch=40 step=8905     
                    WARNING  High grad norm: 1987.28 at epoch=40 step=8906     
                    WARNING  High grad norm: 1997.77 at epoch=40 step=8907     
[04/19/26 18:00:29] WARNING  High grad norm: 1268.33 at epoch=40 step=8908     
                    WARNING  High grad norm: 2458.91 at epoch=40 step=8909     
                    WARNING  High grad norm: 2927.62 at epoch=40 step=8910     
                    WARNING  High grad norm: 1766.05 at epoch=40 step=8911     
[04/19/26 18:00:30] WARNING  High grad norm: 1147.54 at epoch=40 step=8912     
                    WARNING  High grad norm: 1749.85 at epoch=40 step=8913     
                    WARNING  High grad norm: 2204.91 at epoch=40 step=8914     
                    WARNING  High grad norm: 1166.05 at epoch=40 step=8915     
                    WARNING  High grad norm: 1566.80 at epoch=40 step=8916     
[04/19/26 18:00:31] WARNING  High grad norm: 2421.06 at epoch=40 step=8917     
                    WARNING  High grad norm: 1654.46 at epoch=40 step=8918     
                    WARNING  High grad norm: 2118.77 at epoch=40 step=8919     
[04/19/26 18:00:32] INFO     epoch=40 avg_loss=488.0546 lr=2.00e-05            
[04/19/26 18:00:38] INFO     Saved checkpoint to                               
                             C:\Users\artun\Desktop\ITS-project\checkpoints\sco
                             re_fmnist_v2\score_epoch_0040.pt                  
[04/19/26 18:00:53] WARNING  High grad norm: 1310.04 at epoch=41 step=8920     
                    WARNING  High grad norm: 756.97 at epoch=41 step=8921      
                    WARNING  High grad norm: 1156.57 at epoch=41 step=8922     
[04/19/26 18:00:54] WARNING  High grad norm: 1315.76 at epoch=41 step=8923     
                    WARNING  High grad norm: 2505.93 at epoch=41 step=8924     
                    WARNING  High grad norm: 3199.25 at epoch=41 step=8925     
                    WARNING  High grad norm: 2368.73 at epoch=41 step=8926     
                    WARNING  High grad norm: 1190.06 at epoch=41 step=8927     
[04/19/26 18:00:55] WARNING  High grad norm: 2261.02 at epoch=41 step=8928     
                    WARNING  High grad norm: 1498.17 at epoch=41 step=8929     
                    WARNING  High grad norm: 1404.06 at epoch=41 step=8930     
                    WARNING  High grad norm: 3938.90 at epoch=41 step=8931     
[04/19/26 18:00:56] WARNING  High grad norm: 3743.97 at epoch=41 step=8932     
                    WARNING  High grad norm: 2161.37 at epoch=41 step=8933     
                    WARNING  High grad norm: 2134.36 at epoch=41 step=8934     
                    WARNING  High grad norm: 3297.85 at epoch=41 step=8935     
                    WARNING  High grad norm: 2880.90 at epoch=41 step=8936     
[04/19/26 18:00:57] WARNING  High grad norm: 1383.81 at epoch=41 step=8937     
                    WARNING  High grad norm: 4452.40 at epoch=41 step=8938     
                    WARNING  High grad norm: 4467.54 at epoch=41 step=8939     
                    WARNING  High grad norm: 1989.55 at epoch=41 step=8940     
                    WARNING  High grad norm: 3036.73 at epoch=41 step=8941     
[04/19/26 18:00:58] WARNING  High grad norm: 3317.14 at epoch=41 step=8942     
                    WARNING  High grad norm: 1369.95 at epoch=41 step=8943     
                    WARNING  High grad norm: 1574.53 at epoch=41 step=8944     
                    WARNING  High grad norm: 1932.60 at epoch=41 step=8945     
[04/19/26 18:00:59] WARNING  High grad norm: 1454.43 at epoch=41 step=8946     
                    WARNING  High grad norm: 1908.83 at epoch=41 step=8947     
                    WARNING  High grad norm: 2340.56 at epoch=41 step=8948     
                    WARNING  High grad norm: 1188.18 at epoch=41 step=8949     
                    WARNING  High grad norm: 3269.68 at epoch=41 step=8950     
[04/19/26 18:01:00] WARNING  High grad norm: 2214.76 at epoch=41 step=8951     
                    WARNING  High grad norm: 1831.28 at epoch=41 step=8952     
                    WARNING  High grad norm: 3450.07 at epoch=41 step=8953     
                    WARNING  High grad norm: 2411.31 at epoch=41 step=8954     
[04/19/26 18:01:01] WARNING  High grad norm: 1493.35 at epoch=41 step=8955     
                    WARNING  High grad norm: 2686.61 at epoch=41 step=8956     
                    WARNING  High grad norm: 4782.38 at epoch=41 step=8957     
                    WARNING  High grad norm: 5922.03 at epoch=41 step=8958     
                    WARNING  High grad norm: 2672.50 at epoch=41 step=8959     
[04/19/26 18:01:02] WARNING  High grad norm: 2354.43 at epoch=41 step=8960     
                    WARNING  High grad norm: 2257.74 at epoch=41 step=8961     
                    WARNING  High grad norm: 4897.03 at epoch=41 step=8962     
                    WARNING  High grad norm: 1550.38 at epoch=41 step=8963     
                    WARNING  High grad norm: 1737.73 at epoch=41 step=8964     
[04/19/26 18:01:03] WARNING  High grad norm: 2218.73 at epoch=41 step=8965     
                    WARNING  High grad norm: 1412.04 at epoch=41 step=8966     
                    WARNING  High grad norm: 1859.38 at epoch=41 step=8967     
                    WARNING  High grad norm: 2172.61 at epoch=41 step=8968     
[04/19/26 18:01:04] WARNING  High grad norm: 4413.10 at epoch=41 step=8969     
                    WARNING  High grad norm: 4374.15 at epoch=41 step=8970     
                    WARNING  High grad norm: 1311.55 at epoch=41 step=8971     
                    WARNING  High grad norm: 4162.59 at epoch=41 step=8972     
                    WARNING  High grad norm: 4952.17 at epoch=41 step=8973     
[04/19/26 18:01:05] WARNING  High grad norm: 4561.27 at epoch=41 step=8974     
                    WARNING  High grad norm: 2873.27 at epoch=41 step=8975     
                    WARNING  High grad norm: 3119.04 at epoch=41 step=8976     
                    WARNING  High grad norm: 6882.43 at epoch=41 step=8977     
[04/19/26 18:01:06] WARNING  High grad norm: 2781.33 at epoch=41 step=8978     
                    WARNING  High grad norm: 2373.34 at epoch=41 step=8979     
                    WARNING  High grad norm: 2890.11 at epoch=41 step=8980     
                    WARNING  High grad norm: 3655.73 at epoch=41 step=8981     
                    WARNING  High grad norm: 4292.78 at epoch=41 step=8982     
[04/19/26 18:01:07] WARNING  High grad norm: 4199.97 at epoch=41 step=8983     
                    WARNING  High grad norm: 1992.00 at epoch=41 step=8984     
                    WARNING  High grad norm: 7571.29 at epoch=41 step=8985     
                    WARNING  High grad norm: 5229.79 at epoch=41 step=8986     
[04/19/26 18:01:08] WARNING  High grad norm: 1885.17 at epoch=41 step=8987     
                    WARNING  High grad norm: 2350.95 at epoch=41 step=8988     
                    WARNING  High grad norm: 3051.57 at epoch=41 step=8989     
                    WARNING  High grad norm: 1520.91 at epoch=41 step=8990     
                    WARNING  High grad norm: 2122.58 at epoch=41 step=8991     
[04/19/26 18:01:09] WARNING  High grad norm: 2221.83 at epoch=41 step=8992     
                    WARNING  High grad norm: 1401.18 at epoch=41 step=8993     
                    WARNING  High grad norm: 2923.37 at epoch=41 step=8994     
                    WARNING  High grad norm: 3226.41 at epoch=41 step=8995     
[04/19/26 18:01:10] WARNING  High grad norm: 1907.54 at epoch=41 step=8996     
                    WARNING  High grad norm: 1808.55 at epoch=41 step=8997     
                    WARNING  High grad norm: 2619.30 at epoch=41 step=8998     
                    WARNING  High grad norm: 2113.43 at epoch=41 step=8999     
                    INFO     epoch=41 step=9000 loss=484.4055                  
                             grad_norm=2113.4314 lr=1.87e-05                   
                    WARNING  High grad norm: 1290.69 at epoch=41 step=9000     
[04/19/26 18:01:11] WARNING  High grad norm: 5057.20 at epoch=41 step=9001     
                    WARNING  High grad norm: 7065.48 at epoch=41 step=9002     
                    WARNING  High grad norm: 4495.52 at epoch=41 step=9003     
                    WARNING  High grad norm: 2695.00 at epoch=41 step=9004     
                    WARNING  High grad norm: 3277.77 at epoch=41 step=9005     
[04/19/26 18:01:12] WARNING  High grad norm: 5329.24 at epoch=41 step=9006     
                    WARNING  High grad norm: 3241.68 at epoch=41 step=9007     
                    WARNING  High grad norm: 1059.21 at epoch=41 step=9008     
                    WARNING  High grad norm: 2816.25 at epoch=41 step=9009     
[04/19/26 18:01:13] WARNING  High grad norm: 4388.52 at epoch=41 step=9010     
                    WARNING  High grad norm: 2726.27 at epoch=41 step=9011     
                    WARNING  High grad norm: 1827.74 at epoch=41 step=9012     
                    WARNING  High grad norm: 4418.90 at epoch=41 step=9013     
                    WARNING  High grad norm: 5723.69 at epoch=41 step=9014     
[04/19/26 18:01:14] WARNING  High grad norm: 5820.97 at epoch=41 step=9015     
                    WARNING  High grad norm: 2695.36 at epoch=41 step=9016     
                    WARNING  High grad norm: 2715.01 at epoch=41 step=9017     
                    WARNING  High grad norm: 4269.36 at epoch=41 step=9018     
[04/19/26 18:01:15] WARNING  High grad norm: 6267.14 at epoch=41 step=9019     
                    WARNING  High grad norm: 3275.26 at epoch=41 step=9020     
                    WARNING  High grad norm: 1860.27 at epoch=41 step=9021     
                    WARNING  High grad norm: 5246.29 at epoch=41 step=9022     
                    WARNING  High grad norm: 2103.21 at epoch=41 step=9023     
[04/19/26 18:01:16] WARNING  High grad norm: 2647.12 at epoch=41 step=9024     
                    WARNING  High grad norm: 3624.54 at epoch=41 step=9025     
                    WARNING  High grad norm: 4378.95 at epoch=41 step=9026     
                    WARNING  High grad norm: 3929.52 at epoch=41 step=9027     
[04/19/26 18:01:17] WARNING  High grad norm: 1193.68 at epoch=41 step=9028     
                    WARNING  High grad norm: 1065.37 at epoch=41 step=9029     
                    WARNING  High grad norm: 1376.12 at epoch=41 step=9030     
                    WARNING  High grad norm: 1576.61 at epoch=41 step=9031     
                    WARNING  High grad norm: 973.85 at epoch=41 step=9032      
[04/19/26 18:01:18] WARNING  High grad norm: 1906.72 at epoch=41 step=9033     
                    WARNING  High grad norm: 2041.17 at epoch=41 step=9034     
                    WARNING  High grad norm: 1097.90 at epoch=41 step=9035     
                    WARNING  High grad norm: 4564.48 at epoch=41 step=9036     
[04/19/26 18:01:19] WARNING  High grad norm: 3131.49 at epoch=41 step=9037     
                    WARNING  High grad norm: 987.41 at epoch=41 step=9038      
                    WARNING  High grad norm: 2817.47 at epoch=41 step=9039     
                    WARNING  High grad norm: 3715.39 at epoch=41 step=9040     
                    WARNING  High grad norm: 2918.37 at epoch=41 step=9041     
[04/19/26 18:01:20] WARNING  High grad norm: 3175.29 at epoch=41 step=9042     
                    WARNING  High grad norm: 3484.71 at epoch=41 step=9043     
                    WARNING  High grad norm: 868.61 at epoch=41 step=9044      
                    WARNING  High grad norm: 1157.44 at epoch=41 step=9045     
[04/19/26 18:01:21] WARNING  High grad norm: 1287.08 at epoch=41 step=9046     
                    WARNING  High grad norm: 3060.85 at epoch=41 step=9047     
                    WARNING  High grad norm: 6840.31 at epoch=41 step=9048     
                    WARNING  High grad norm: 5200.31 at epoch=41 step=9049     
                    WARNING  High grad norm: 1950.74 at epoch=41 step=9050     
[04/19/26 18:01:22] WARNING  High grad norm: 875.61 at epoch=41 step=9051      
                    WARNING  High grad norm: 4198.15 at epoch=41 step=9052     
                    WARNING  High grad norm: 3335.66 at epoch=41 step=9053     
                    WARNING  High grad norm: 1954.99 at epoch=41 step=9054     
                    WARNING  High grad norm: 2163.69 at epoch=41 step=9055     
[04/19/26 18:01:23] WARNING  High grad norm: 2694.76 at epoch=41 step=9056     
                    WARNING  High grad norm: 1734.68 at epoch=41 step=9057     
                    WARNING  High grad norm: 2378.71 at epoch=41 step=9058     
                    WARNING  High grad norm: 2932.37 at epoch=41 step=9059     
[04/19/26 18:01:24] WARNING  High grad norm: 1567.27 at epoch=41 step=9060     
                    WARNING  High grad norm: 2262.83 at epoch=41 step=9061     
                    WARNING  High grad norm: 3403.72 at epoch=41 step=9062     
                    WARNING  High grad norm: 1499.63 at epoch=41 step=9063     
                    WARNING  High grad norm: 1098.28 at epoch=41 step=9064     
[04/19/26 18:01:25] WARNING  High grad norm: 3704.96 at epoch=41 step=9065     
                    WARNING  High grad norm: 2574.96 at epoch=41 step=9066     
                    WARNING  High grad norm: 1896.45 at epoch=41 step=9067     
                    WARNING  High grad norm: 2870.60 at epoch=41 step=9068     
[04/19/26 18:01:26] WARNING  High grad norm: 2615.37 at epoch=41 step=9069     
                    WARNING  High grad norm: 2500.87 at epoch=41 step=9070     
                    WARNING  High grad norm: 1937.22 at epoch=41 step=9071     
                    WARNING  High grad norm: 1329.13 at epoch=41 step=9072     
                    WARNING  High grad norm: 667.40 at epoch=41 step=9073      
[04/19/26 18:01:27] WARNING  High grad norm: 2264.97 at epoch=41 step=9074     
                    WARNING  High grad norm: 3118.11 at epoch=41 step=9075     
                    WARNING  High grad norm: 2105.98 at epoch=41 step=9076     
                    WARNING  High grad norm: 1838.84 at epoch=41 step=9077     
[04/19/26 18:01:28] WARNING  High grad norm: 2790.22 at epoch=41 step=9078     
                    WARNING  High grad norm: 2864.69 at epoch=41 step=9079     
                    WARNING  High grad norm: 2118.01 at epoch=41 step=9080     
                    WARNING  High grad norm: 1080.07 at epoch=41 step=9081     
                    WARNING  High grad norm: 2526.63 at epoch=41 step=9082     
[04/19/26 18:01:29] WARNING  High grad norm: 1854.99 at epoch=41 step=9083     
                    WARNING  High grad norm: 1500.23 at epoch=41 step=9084     
                    WARNING  High grad norm: 3059.78 at epoch=41 step=9085     
                    WARNING  High grad norm: 2127.11 at epoch=41 step=9086     
                    WARNING  High grad norm: 1779.20 at epoch=41 step=9087     
[04/19/26 18:01:30] WARNING  High grad norm: 2855.66 at epoch=41 step=9088     
                    WARNING  High grad norm: 2613.30 at epoch=41 step=9089     
                    WARNING  High grad norm: 1659.02 at epoch=41 step=9090     
                    WARNING  High grad norm: 2509.52 at epoch=41 step=9091     
[04/19/26 18:01:31] WARNING  High grad norm: 2397.12 at epoch=41 step=9092     
                    WARNING  High grad norm: 1737.43 at epoch=41 step=9093     
                    WARNING  High grad norm: 2639.11 at epoch=41 step=9094     
                    WARNING  High grad norm: 2121.57 at epoch=41 step=9095     
                    WARNING  High grad norm: 2073.51 at epoch=41 step=9096     
[04/19/26 18:01:32] WARNING  High grad norm: 1602.20 at epoch=41 step=9097     
                    WARNING  High grad norm: 1295.25 at epoch=41 step=9098     
                    WARNING  High grad norm: 1889.96 at epoch=41 step=9099     
                    INFO     epoch=41 step=9100 loss=485.4106                  
                             grad_norm=1889.9579 lr=1.71e-05                   
                    WARNING  High grad norm: 4296.31 at epoch=41 step=9100     
[04/19/26 18:01:33] WARNING  High grad norm: 1183.14 at epoch=41 step=9101     
                    WARNING  High grad norm: 966.33 at epoch=41 step=9102      
                    WARNING  High grad norm: 4131.80 at epoch=41 step=9103     
                    WARNING  High grad norm: 4251.05 at epoch=41 step=9104     
                    WARNING  High grad norm: 1790.97 at epoch=41 step=9105     
[04/19/26 18:01:34] WARNING  High grad norm: 1843.07 at epoch=41 step=9106     
                    WARNING  High grad norm: 2781.30 at epoch=41 step=9107     
                    WARNING  High grad norm: 2663.18 at epoch=41 step=9108     
                    WARNING  High grad norm: 1299.22 at epoch=41 step=9109     
[04/19/26 18:01:35] WARNING  High grad norm: 3581.95 at epoch=41 step=9110     
                    WARNING  High grad norm: 1246.05 at epoch=41 step=9111     
                    WARNING  High grad norm: 3207.89 at epoch=41 step=9112     
                    WARNING  High grad norm: 2553.92 at epoch=41 step=9113     
                    WARNING  High grad norm: 3479.23 at epoch=41 step=9114     
[04/19/26 18:01:36] WARNING  High grad norm: 1080.95 at epoch=41 step=9115     
                    WARNING  High grad norm: 4195.99 at epoch=41 step=9116     
                    WARNING  High grad norm: 4987.57 at epoch=41 step=9117     
                    WARNING  High grad norm: 1810.14 at epoch=41 step=9118     
[04/19/26 18:01:37] WARNING  High grad norm: 1894.13 at epoch=41 step=9119     
                    WARNING  High grad norm: 1743.39 at epoch=41 step=9120     
                    WARNING  High grad norm: 1072.78 at epoch=41 step=9121     
                    WARNING  High grad norm: 1710.65 at epoch=41 step=9122     
                    WARNING  High grad norm: 3092.89 at epoch=41 step=9123     
[04/19/26 18:01:38] WARNING  High grad norm: 5282.11 at epoch=41 step=9124     
                    WARNING  High grad norm: 3438.22 at epoch=41 step=9125     
                    WARNING  High grad norm: 1390.76 at epoch=41 step=9126     
                    WARNING  High grad norm: 3020.82 at epoch=41 step=9127     
                    WARNING  High grad norm: 4838.18 at epoch=41 step=9128     
[04/19/26 18:01:39] WARNING  High grad norm: 4049.44 at epoch=41 step=9129     
                    WARNING  High grad norm: 2214.94 at epoch=41 step=9130     
                    WARNING  High grad norm: 3513.34 at epoch=41 step=9131     
                    WARNING  High grad norm: 1382.65 at epoch=41 step=9132     
[04/19/26 18:01:40] WARNING  High grad norm: 1366.25 at epoch=41 step=9133     
                    WARNING  High grad norm: 924.61 at epoch=41 step=9134      
                    WARNING  High grad norm: 2393.52 at epoch=41 step=9135     
                    WARNING  High grad norm: 2755.88 at epoch=41 step=9136     
                    WARNING  High grad norm: 1204.83 at epoch=41 step=9137     
[04/19/26 18:01:41] WARNING  High grad norm: 4473.88 at epoch=41 step=9138     
                    WARNING  High grad norm: 3428.41 at epoch=41 step=9139     
                    WARNING  High grad norm: 1010.43 at epoch=41 step=9140     
                    WARNING  High grad norm: 3684.14 at epoch=41 step=9141     
                    WARNING  High grad norm: 3530.36 at epoch=41 step=9142     
[04/19/26 18:01:42] INFO     epoch=41 avg_loss=487.5338 lr=1.65e-05            
[04/19/26 18:01:56] WARNING  High grad norm: 4134.39 at epoch=42 step=9143     
                    WARNING  High grad norm: 1873.46 at epoch=42 step=9144     
[04/19/26 18:01:57] WARNING  High grad norm: 2832.81 at epoch=42 step=9145     
                    WARNING  High grad norm: 2059.22 at epoch=42 step=9146     
                    WARNING  High grad norm: 2203.47 at epoch=42 step=9147     
                    WARNING  High grad norm: 2190.68 at epoch=42 step=9148     
[04/19/26 18:01:58] WARNING  High grad norm: 4188.39 at epoch=42 step=9149     
                    WARNING  High grad norm: 4086.20 at epoch=42 step=9150     
                    WARNING  High grad norm: 1438.06 at epoch=42 step=9151     
                    WARNING  High grad norm: 1281.59 at epoch=42 step=9152     
                    WARNING  High grad norm: 3107.38 at epoch=42 step=9153     
[04/19/26 18:01:59] WARNING  High grad norm: 2504.04 at epoch=42 step=9154     
                    WARNING  High grad norm: 2806.80 at epoch=42 step=9155     
                    WARNING  High grad norm: 1768.35 at epoch=42 step=9156     
                    WARNING  High grad norm: 3582.34 at epoch=42 step=9157     
[04/19/26 18:02:00] WARNING  High grad norm: 1922.12 at epoch=42 step=9158     
                    WARNING  High grad norm: 1766.93 at epoch=42 step=9159     
                    WARNING  High grad norm: 2108.27 at epoch=42 step=9160     
                    WARNING  High grad norm: 3062.78 at epoch=42 step=9161     
                    WARNING  High grad norm: 2149.02 at epoch=42 step=9162     
[04/19/26 18:02:01] WARNING  High grad norm: 2098.20 at epoch=42 step=9163     
                    WARNING  High grad norm: 4040.23 at epoch=42 step=9164     
                    WARNING  High grad norm: 1863.68 at epoch=42 step=9165     
                    WARNING  High grad norm: 2223.23 at epoch=42 step=9166     
                    WARNING  High grad norm: 4268.83 at epoch=42 step=9167     
[04/19/26 18:02:02] WARNING  High grad norm: 3499.86 at epoch=42 step=9168     
                    WARNING  High grad norm: 1166.75 at epoch=42 step=9169     
                    WARNING  High grad norm: 3082.29 at epoch=42 step=9170     
                    WARNING  High grad norm: 4536.58 at epoch=42 step=9171     
[04/19/26 18:02:03] WARNING  High grad norm: 3741.05 at epoch=42 step=9172     
                    WARNING  High grad norm: 3005.56 at epoch=42 step=9173     
                    WARNING  High grad norm: 1450.23 at epoch=42 step=9174     
                    WARNING  High grad norm: 6583.46 at epoch=42 step=9175     
                    WARNING  High grad norm: 2685.18 at epoch=42 step=9176     
[04/19/26 18:02:04] WARNING  High grad norm: 1923.82 at epoch=42 step=9177     
                    WARNING  High grad norm: 1429.68 at epoch=42 step=9178     
                    WARNING  High grad norm: 3669.23 at epoch=42 step=9179     
                    WARNING  High grad norm: 942.85 at epoch=42 step=9180      
[04/19/26 18:02:05] WARNING  High grad norm: 1058.48 at epoch=42 step=9181     
                    WARNING  High grad norm: 2511.97 at epoch=42 step=9182     
                    WARNING  High grad norm: 2974.82 at epoch=42 step=9183     
                    WARNING  High grad norm: 1404.80 at epoch=42 step=9184     
                    WARNING  High grad norm: 4122.37 at epoch=42 step=9185     
[04/19/26 18:02:06] WARNING  High grad norm: 3563.64 at epoch=42 step=9186     
                    WARNING  High grad norm: 4667.20 at epoch=42 step=9187     
                    WARNING  High grad norm: 2523.91 at epoch=42 step=9188     
                    WARNING  High grad norm: 2730.05 at epoch=42 step=9189     
[04/19/26 18:02:07] WARNING  High grad norm: 3115.73 at epoch=42 step=9190     
                    WARNING  High grad norm: 4554.06 at epoch=42 step=9191     
                    WARNING  High grad norm: 1867.94 at epoch=42 step=9192     
                    WARNING  High grad norm: 873.45 at epoch=42 step=9193      
                    WARNING  High grad norm: 2754.08 at epoch=42 step=9194     
[04/19/26 18:02:08] WARNING  High grad norm: 2824.62 at epoch=42 step=9195     
                    WARNING  High grad norm: 732.89 at epoch=42 step=9196      
                    WARNING  High grad norm: 1839.27 at epoch=42 step=9197     
                    WARNING  High grad norm: 2841.29 at epoch=42 step=9198     
                    WARNING  High grad norm: 1257.19 at epoch=42 step=9199     
[04/19/26 18:02:09] INFO     epoch=42 step=9200 loss=506.9247                  
                             grad_norm=1257.1879 lr=1.56e-05                   
                    WARNING  High grad norm: 3332.63 at epoch=42 step=9200     
                    WARNING  High grad norm: 2843.08 at epoch=42 step=9201     
                    WARNING  High grad norm: 2554.33 at epoch=42 step=9202     
                    WARNING  High grad norm: 1020.92 at epoch=42 step=9203     
[04/19/26 18:02:10] WARNING  High grad norm: 2928.41 at epoch=42 step=9204     
                    WARNING  High grad norm: 2225.29 at epoch=42 step=9205     
                    WARNING  High grad norm: 3131.21 at epoch=42 step=9206     
                    WARNING  High grad norm: 1877.07 at epoch=42 step=9207     
                    WARNING  High grad norm: 993.18 at epoch=42 step=9208      
[04/19/26 18:02:11] WARNING  High grad norm: 2073.96 at epoch=42 step=9209     
                    WARNING  High grad norm: 936.51 at epoch=42 step=9210      
                    WARNING  High grad norm: 856.66 at epoch=42 step=9211      
                    WARNING  High grad norm: 1119.44 at epoch=42 step=9212     
[04/19/26 18:02:12] WARNING  High grad norm: 2458.43 at epoch=42 step=9213     
                    WARNING  High grad norm: 831.36 at epoch=42 step=9214      
                    WARNING  High grad norm: 1262.88 at epoch=42 step=9215     
                    WARNING  High grad norm: 1054.51 at epoch=42 step=9216     
                    WARNING  High grad norm: 2717.86 at epoch=42 step=9217     
[04/19/26 18:02:13] WARNING  High grad norm: 1153.42 at epoch=42 step=9218     
                    WARNING  High grad norm: 1203.46 at epoch=42 step=9219     
                    WARNING  High grad norm: 3513.53 at epoch=42 step=9220     
                    WARNING  High grad norm: 7877.93 at epoch=42 step=9221     
[04/19/26 18:02:14] WARNING  High grad norm: 2767.77 at epoch=42 step=9222     
                    WARNING  High grad norm: 1477.05 at epoch=42 step=9223     
                    WARNING  High grad norm: 4518.98 at epoch=42 step=9224     
                    WARNING  High grad norm: 4824.21 at epoch=42 step=9225     
                    WARNING  High grad norm: 4340.33 at epoch=42 step=9226     
[04/19/26 18:02:15] WARNING  High grad norm: 3229.56 at epoch=42 step=9227     
                    WARNING  High grad norm: 1411.89 at epoch=42 step=9228     
                    WARNING  High grad norm: 4300.68 at epoch=42 step=9229     
                    WARNING  High grad norm: 3720.91 at epoch=42 step=9230     
[04/19/26 18:02:16] WARNING  High grad norm: 2735.16 at epoch=42 step=9231     
                    WARNING  High grad norm: 4136.63 at epoch=42 step=9232     
                    WARNING  High grad norm: 5562.48 at epoch=42 step=9233     
                    WARNING  High grad norm: 3892.24 at epoch=42 step=9234     
                    WARNING  High grad norm: 2768.58 at epoch=42 step=9235     
[04/19/26 18:02:17] WARNING  High grad norm: 3459.41 at epoch=42 step=9236     
                    WARNING  High grad norm: 5456.18 at epoch=42 step=9237     
                    WARNING  High grad norm: 6373.72 at epoch=42 step=9238     
                    WARNING  High grad norm: 2754.90 at epoch=42 step=9239     
                    WARNING  High grad norm: 1175.05 at epoch=42 step=9240     
[04/19/26 18:02:18] WARNING  High grad norm: 3600.38 at epoch=42 step=9241     
                    WARNING  High grad norm: 7763.47 at epoch=42 step=9242     
                    WARNING  High grad norm: 6484.77 at epoch=42 step=9243     
                    WARNING  High grad norm: 4150.80 at epoch=42 step=9244     
[04/19/26 18:02:19] WARNING  High grad norm: 1195.88 at epoch=42 step=9245     
                    WARNING  High grad norm: 2072.96 at epoch=42 step=9246     
                    WARNING  High grad norm: 1333.95 at epoch=42 step=9247     
                    WARNING  High grad norm: 2128.43 at epoch=42 step=9248     
                    WARNING  High grad norm: 1303.53 at epoch=42 step=9249     
[04/19/26 18:02:20] WARNING  High grad norm: 977.75 at epoch=42 step=9250      
                    WARNING  High grad norm: 1494.82 at epoch=42 step=9251     
                    WARNING  High grad norm: 947.81 at epoch=42 step=9252      
                    WARNING  High grad norm: 1277.39 at epoch=42 step=9253     
[04/19/26 18:02:21] WARNING  High grad norm: 962.13 at epoch=42 step=9254      
                    WARNING  High grad norm: 2423.21 at epoch=42 step=9255     
                    WARNING  High grad norm: 1063.87 at epoch=42 step=9256     
                    WARNING  High grad norm: 3911.52 at epoch=42 step=9257     
                    WARNING  High grad norm: 4531.75 at epoch=42 step=9258     
[04/19/26 18:02:22] WARNING  High grad norm: 2079.25 at epoch=42 step=9259     
                    WARNING  High grad norm: 2555.20 at epoch=42 step=9260     
                    WARNING  High grad norm: 3304.59 at epoch=42 step=9261     
                    WARNING  High grad norm: 2913.87 at epoch=42 step=9262     
[04/19/26 18:02:23] WARNING  High grad norm: 1120.93 at epoch=42 step=9263     
                    WARNING  High grad norm: 2959.39 at epoch=42 step=9264     
                    WARNING  High grad norm: 1897.13 at epoch=42 step=9265     
                    WARNING  High grad norm: 1257.88 at epoch=42 step=9266     
                    WARNING  High grad norm: 887.82 at epoch=42 step=9267      
[04/19/26 18:02:24] WARNING  High grad norm: 4218.02 at epoch=42 step=9268     
                    WARNING  High grad norm: 3370.01 at epoch=42 step=9269     
                    WARNING  High grad norm: 2774.17 at epoch=42 step=9270     
                    WARNING  High grad norm: 2028.43 at epoch=42 step=9271     
                    WARNING  High grad norm: 2660.61 at epoch=42 step=9272     
[04/19/26 18:02:25] WARNING  High grad norm: 2361.58 at epoch=42 step=9273     
                    WARNING  High grad norm: 1003.77 at epoch=42 step=9274     
                    WARNING  High grad norm: 1559.98 at epoch=42 step=9275     
                    WARNING  High grad norm: 3402.87 at epoch=42 step=9276     
[04/19/26 18:02:26] WARNING  High grad norm: 6046.38 at epoch=42 step=9277     
                    WARNING  High grad norm: 3480.50 at epoch=42 step=9278     
                    WARNING  High grad norm: 1507.04 at epoch=42 step=9279     
                    WARNING  High grad norm: 4016.79 at epoch=42 step=9280     
                    WARNING  High grad norm: 1582.53 at epoch=42 step=9281     
[04/19/26 18:02:27] WARNING  High grad norm: 2091.62 at epoch=42 step=9282     
                    WARNING  High grad norm: 1027.23 at epoch=42 step=9283     
                    WARNING  High grad norm: 4741.85 at epoch=42 step=9284     
                    WARNING  High grad norm: 5493.86 at epoch=42 step=9285     
[04/19/26 18:02:28] WARNING  High grad norm: 6328.29 at epoch=42 step=9286     
                    WARNING  High grad norm: 3334.58 at epoch=42 step=9287     
                    WARNING  High grad norm: 1870.19 at epoch=42 step=9288     
                    WARNING  High grad norm: 3111.08 at epoch=42 step=9289     
                    WARNING  High grad norm: 7228.00 at epoch=42 step=9290     
[04/19/26 18:02:29] WARNING  High grad norm: 4321.52 at epoch=42 step=9291     
                    WARNING  High grad norm: 2287.25 at epoch=42 step=9292     
                    WARNING  High grad norm: 2501.70 at epoch=42 step=9293     
                    WARNING  High grad norm: 3900.56 at epoch=42 step=9294     
[04/19/26 18:02:30] WARNING  High grad norm: 2905.67 at epoch=42 step=9295     
                    WARNING  High grad norm: 1184.90 at epoch=42 step=9296     
                    WARNING  High grad norm: 1259.44 at epoch=42 step=9297     
                    WARNING  High grad norm: 1353.95 at epoch=42 step=9298     
                    WARNING  High grad norm: 986.10 at epoch=42 step=9299      
                    INFO     epoch=42 step=9300 loss=500.6179                  
                             grad_norm=986.0980 lr=1.42e-05                    
[04/19/26 18:02:31] WARNING  High grad norm: 2079.68 at epoch=42 step=9300     
                    WARNING  High grad norm: 1576.50 at epoch=42 step=9301     
                    WARNING  High grad norm: 1759.49 at epoch=42 step=9302     
                    WARNING  High grad norm: 2330.79 at epoch=42 step=9303     
                    WARNING  High grad norm: 3133.66 at epoch=42 step=9304     
[04/19/26 18:02:32] WARNING  High grad norm: 1585.52 at epoch=42 step=9305     
                    WARNING  High grad norm: 1477.93 at epoch=42 step=9306     
                    WARNING  High grad norm: 1403.22 at epoch=42 step=9307     
                    WARNING  High grad norm: 1291.43 at epoch=42 step=9308     
[04/19/26 18:02:33] WARNING  High grad norm: 948.62 at epoch=42 step=9309      
                    WARNING  High grad norm: 2471.76 at epoch=42 step=9310     
                    WARNING  High grad norm: 2613.78 at epoch=42 step=9311     
                    WARNING  High grad norm: 2049.88 at epoch=42 step=9312     
                    WARNING  High grad norm: 3732.87 at epoch=42 step=9313     
[04/19/26 18:02:34] WARNING  High grad norm: 1923.18 at epoch=42 step=9314     
                    WARNING  High grad norm: 1468.75 at epoch=42 step=9315     
                    WARNING  High grad norm: 727.12 at epoch=42 step=9316      
                    WARNING  High grad norm: 1892.87 at epoch=42 step=9317     
[04/19/26 18:02:35] WARNING  High grad norm: 1047.31 at epoch=42 step=9318     
                    WARNING  High grad norm: 944.51 at epoch=42 step=9319      
                    WARNING  High grad norm: 1001.44 at epoch=42 step=9320     
                    WARNING  High grad norm: 1038.58 at epoch=42 step=9321     
                    WARNING  High grad norm: 2903.25 at epoch=42 step=9322     
[04/19/26 18:02:36] WARNING  High grad norm: 1367.89 at epoch=42 step=9323     
                    WARNING  High grad norm: 1482.59 at epoch=42 step=9324     
                    WARNING  High grad norm: 785.84 at epoch=42 step=9325      
                    WARNING  High grad norm: 921.08 at epoch=42 step=9326      
[04/19/26 18:02:37] WARNING  High grad norm: 810.04 at epoch=42 step=9327      
                    WARNING  High grad norm: 1316.64 at epoch=42 step=9328     
                    WARNING  High grad norm: 2049.06 at epoch=42 step=9329     
                    WARNING  High grad norm: 994.66 at epoch=42 step=9330      
                    WARNING  High grad norm: 2181.04 at epoch=42 step=9331     
[04/19/26 18:02:38] WARNING  High grad norm: 3812.30 at epoch=42 step=9332     
                    WARNING  High grad norm: 2143.16 at epoch=42 step=9333     
                    WARNING  High grad norm: 1037.58 at epoch=42 step=9334     
                    WARNING  High grad norm: 2141.93 at epoch=42 step=9335     
                    WARNING  High grad norm: 1262.78 at epoch=42 step=9336     
[04/19/26 18:02:39] WARNING  High grad norm: 837.86 at epoch=42 step=9337      
                    WARNING  High grad norm: 759.28 at epoch=42 step=9338      
                    WARNING  High grad norm: 2066.64 at epoch=42 step=9339     
                    WARNING  High grad norm: 1972.72 at epoch=42 step=9340     
[04/19/26 18:02:40] WARNING  High grad norm: 2567.21 at epoch=42 step=9341     
                    WARNING  High grad norm: 1834.73 at epoch=42 step=9342     
                    WARNING  High grad norm: 1031.64 at epoch=42 step=9343     
                    WARNING  High grad norm: 3291.88 at epoch=42 step=9344     
                    WARNING  High grad norm: 2583.56 at epoch=42 step=9345     
[04/19/26 18:02:41] WARNING  High grad norm: 2183.63 at epoch=42 step=9346     
                    WARNING  High grad norm: 1659.36 at epoch=42 step=9347     
                    WARNING  High grad norm: 2569.73 at epoch=42 step=9348     
                    WARNING  High grad norm: 1298.35 at epoch=42 step=9349     
[04/19/26 18:02:42] WARNING  High grad norm: 1885.06 at epoch=42 step=9350     
                    WARNING  High grad norm: 1471.07 at epoch=42 step=9351     
                    WARNING  High grad norm: 857.74 at epoch=42 step=9352      
                    WARNING  High grad norm: 1811.69 at epoch=42 step=9353     
                    WARNING  High grad norm: 922.29 at epoch=42 step=9354      
[04/19/26 18:02:43] WARNING  High grad norm: 1939.02 at epoch=42 step=9355     
                    WARNING  High grad norm: 3563.50 at epoch=42 step=9356     
                    WARNING  High grad norm: 2700.68 at epoch=42 step=9357     
                    WARNING  High grad norm: 1756.17 at epoch=42 step=9358     
[04/19/26 18:02:44] WARNING  High grad norm: 2377.85 at epoch=42 step=9359     
                    WARNING  High grad norm: 1601.58 at epoch=42 step=9360     
                    WARNING  High grad norm: 1619.88 at epoch=42 step=9361     
                    WARNING  High grad norm: 1849.74 at epoch=42 step=9362     
                    WARNING  High grad norm: 1647.81 at epoch=42 step=9363     
[04/19/26 18:02:45] WARNING  High grad norm: 1761.74 at epoch=42 step=9364     
                    WARNING  High grad norm: 1043.81 at epoch=42 step=9365     
                    INFO     epoch=42 avg_loss=496.5572 lr=1.33e-05            
[04/19/26 18:03:00] WARNING  High grad norm: 1977.16 at epoch=43 step=9366     
                    WARNING  High grad norm: 904.23 at epoch=43 step=9367      
[04/19/26 18:03:01] WARNING  High grad norm: 3147.12 at epoch=43 step=9368     
                    WARNING  High grad norm: 1264.60 at epoch=43 step=9369     
                    WARNING  High grad norm: 1962.68 at epoch=43 step=9370     
                    WARNING  High grad norm: 1652.11 at epoch=43 step=9371     
                    WARNING  High grad norm: 1263.10 at epoch=43 step=9372     
[04/19/26 18:03:02] WARNING  High grad norm: 1867.50 at epoch=43 step=9373     
                    WARNING  High grad norm: 1248.07 at epoch=43 step=9374     
                    WARNING  High grad norm: 694.83 at epoch=43 step=9375      
                    WARNING  High grad norm: 790.97 at epoch=43 step=9376      
[04/19/26 18:03:03] WARNING  High grad norm: 1946.16 at epoch=43 step=9377     
                    WARNING  High grad norm: 2463.29 at epoch=43 step=9378     
                    WARNING  High grad norm: 2433.14 at epoch=43 step=9379     
                    WARNING  High grad norm: 2741.22 at epoch=43 step=9380     
                    WARNING  High grad norm: 2215.23 at epoch=43 step=9381     
[04/19/26 18:03:04] WARNING  High grad norm: 836.65 at epoch=43 step=9382      
                    WARNING  High grad norm: 1078.91 at epoch=43 step=9383     
                    WARNING  High grad norm: 3832.46 at epoch=43 step=9384     
                    WARNING  High grad norm: 1002.68 at epoch=43 step=9385     
                    WARNING  High grad norm: 794.26 at epoch=43 step=9386      
[04/19/26 18:03:05] WARNING  High grad norm: 941.04 at epoch=43 step=9387      
                    WARNING  High grad norm: 2102.37 at epoch=43 step=9388     
                    WARNING  High grad norm: 1875.08 at epoch=43 step=9389     
                    WARNING  High grad norm: 1155.21 at epoch=43 step=9390     
[04/19/26 18:03:06] WARNING  High grad norm: 2192.20 at epoch=43 step=9391     
                    WARNING  High grad norm: 1714.29 at epoch=43 step=9392     
                    WARNING  High grad norm: 873.90 at epoch=43 step=9393      
                    WARNING  High grad norm: 2411.90 at epoch=43 step=9394     
                    WARNING  High grad norm: 5639.78 at epoch=43 step=9395     
[04/19/26 18:03:07] WARNING  High grad norm: 6355.80 at epoch=43 step=9396     
                    WARNING  High grad norm: 3462.24 at epoch=43 step=9397     
                    WARNING  High grad norm: 1828.63 at epoch=43 step=9398     
                    WARNING  High grad norm: 2675.38 at epoch=43 step=9399     
                    INFO     epoch=43 step=9400 loss=478.4329                  
                             grad_norm=2675.3799 lr=1.29e-05                   
[04/19/26 18:03:08] WARNING  High grad norm: 3659.31 at epoch=43 step=9400     
                    WARNING  High grad norm: 4527.68 at epoch=43 step=9401     
                    WARNING  High grad norm: 2716.41 at epoch=43 step=9402     
                    WARNING  High grad norm: 2960.12 at epoch=43 step=9403     
                    WARNING  High grad norm: 3168.99 at epoch=43 step=9404     
[04/19/26 18:03:09] WARNING  High grad norm: 2955.29 at epoch=43 step=9405     
                    WARNING  High grad norm: 2094.81 at epoch=43 step=9406     
                    WARNING  High grad norm: 1283.95 at epoch=43 step=9407     
                    WARNING  High grad norm: 2336.72 at epoch=43 step=9408     
                    WARNING  High grad norm: 5477.93 at epoch=43 step=9409     
[04/19/26 18:03:10] WARNING  High grad norm: 3569.67 at epoch=43 step=9410     
                    WARNING  High grad norm: 1437.82 at epoch=43 step=9411     
                    WARNING  High grad norm: 2106.70 at epoch=43 step=9412     
                    WARNING  High grad norm: 3342.17 at epoch=43 step=9413     
[04/19/26 18:03:11] WARNING  High grad norm: 1518.89 at epoch=43 step=9414     
                    WARNING  High grad norm: 2035.52 at epoch=43 step=9415     
                    WARNING  High grad norm: 3037.14 at epoch=43 step=9416     
                    WARNING  High grad norm: 768.25 at epoch=43 step=9417      
                    WARNING  High grad norm: 1085.49 at epoch=43 step=9418     
[04/19/26 18:03:12] WARNING  High grad norm: 864.56 at epoch=43 step=9419      
                    WARNING  High grad norm: 1597.15 at epoch=43 step=9420     
                    WARNING  High grad norm: 1604.23 at epoch=43 step=9421     
                    WARNING  High grad norm: 1419.25 at epoch=43 step=9422     
[04/19/26 18:03:13] WARNING  High grad norm: 1014.69 at epoch=43 step=9423     
                    WARNING  High grad norm: 3337.22 at epoch=43 step=9424     
                    WARNING  High grad norm: 3208.18 at epoch=43 step=9425     
                    WARNING  High grad norm: 1707.99 at epoch=43 step=9426     
                    WARNING  High grad norm: 2181.19 at epoch=43 step=9427     
[04/19/26 18:03:14] WARNING  High grad norm: 3960.88 at epoch=43 step=9428     
                    WARNING  High grad norm: 1232.67 at epoch=43 step=9429     
                    WARNING  High grad norm: 1293.01 at epoch=43 step=9430     
                    WARNING  High grad norm: 1673.58 at epoch=43 step=9431     
[04/19/26 18:03:15] WARNING  High grad norm: 1982.48 at epoch=43 step=9432     
                    WARNING  High grad norm: 627.79 at epoch=43 step=9433      
                    WARNING  High grad norm: 953.31 at epoch=43 step=9434      
                    WARNING  High grad norm: 2508.27 at epoch=43 step=9435     
                    WARNING  High grad norm: 1430.26 at epoch=43 step=9436     
[04/19/26 18:03:16] WARNING  High grad norm: 2651.46 at epoch=43 step=9437     
                    WARNING  High grad norm: 2934.42 at epoch=43 step=9438     
                    WARNING  High grad norm: 883.31 at epoch=43 step=9439      
                    WARNING  High grad norm: 2619.85 at epoch=43 step=9440     
                    WARNING  High grad norm: 2679.04 at epoch=43 step=9441     
[04/19/26 18:03:17] WARNING  High grad norm: 1275.42 at epoch=43 step=9442     
                    WARNING  High grad norm: 1133.30 at epoch=43 step=9443     
                    WARNING  High grad norm: 1179.03 at epoch=43 step=9444     
                    WARNING  High grad norm: 1194.28 at epoch=43 step=9445     
[04/19/26 18:03:18] WARNING  High grad norm: 3099.57 at epoch=43 step=9446     
                    WARNING  High grad norm: 2128.37 at epoch=43 step=9447     
                    WARNING  High grad norm: 1044.86 at epoch=43 step=9448     
                    WARNING  High grad norm: 1283.40 at epoch=43 step=9449     
                    WARNING  High grad norm: 1433.08 at epoch=43 step=9450     
[04/19/26 18:03:19] WARNING  High grad norm: 1313.81 at epoch=43 step=9451     
                    WARNING  High grad norm: 877.65 at epoch=43 step=9452      
                    WARNING  High grad norm: 3242.95 at epoch=43 step=9453     
                    WARNING  High grad norm: 929.38 at epoch=43 step=9454      
[04/19/26 18:03:20] WARNING  High grad norm: 1448.23 at epoch=43 step=9455     
                    WARNING  High grad norm: 1272.79 at epoch=43 step=9456     
                    WARNING  High grad norm: 1540.26 at epoch=43 step=9457     
                    WARNING  High grad norm: 790.31 at epoch=43 step=9458      
                    WARNING  High grad norm: 2147.30 at epoch=43 step=9459     
[04/19/26 18:03:21] WARNING  High grad norm: 1527.49 at epoch=43 step=9460     
                    WARNING  High grad norm: 2088.44 at epoch=43 step=9461     
                    WARNING  High grad norm: 1171.30 at epoch=43 step=9462     
                    WARNING  High grad norm: 470.06 at epoch=43 step=9463      
[04/19/26 18:03:22] WARNING  High grad norm: 923.55 at epoch=43 step=9464      
                    WARNING  High grad norm: 1316.06 at epoch=43 step=9465     
                    WARNING  High grad norm: 888.98 at epoch=43 step=9466      
                    WARNING  High grad norm: 2000.58 at epoch=43 step=9467     
                    WARNING  High grad norm: 935.77 at epoch=43 step=9468      
[04/19/26 18:03:23] WARNING  High grad norm: 893.73 at epoch=43 step=9469      
                    WARNING  High grad norm: 1770.05 at epoch=43 step=9470     
                    WARNING  High grad norm: 1138.52 at epoch=43 step=9471     
                    WARNING  High grad norm: 1071.80 at epoch=43 step=9472     
[04/19/26 18:03:24] WARNING  High grad norm: 2418.80 at epoch=43 step=9473     
                    WARNING  High grad norm: 1305.21 at epoch=43 step=9474     
                    WARNING  High grad norm: 1967.38 at epoch=43 step=9475     
                    WARNING  High grad norm: 2296.12 at epoch=43 step=9476     
                    WARNING  High grad norm: 1029.12 at epoch=43 step=9477     
[04/19/26 18:03:25] WARNING  High grad norm: 1012.35 at epoch=43 step=9478     
                    WARNING  High grad norm: 746.35 at epoch=43 step=9479      
                    WARNING  High grad norm: 829.34 at epoch=43 step=9480      
                    WARNING  High grad norm: 830.78 at epoch=43 step=9481      
[04/19/26 18:03:26] WARNING  High grad norm: 1142.06 at epoch=43 step=9482     
                    WARNING  High grad norm: 3015.11 at epoch=43 step=9483     
                    WARNING  High grad norm: 686.24 at epoch=43 step=9484      
                    WARNING  High grad norm: 746.58 at epoch=43 step=9485      
                    WARNING  High grad norm: 1165.43 at epoch=43 step=9486     
[04/19/26 18:03:27] WARNING  High grad norm: 2004.92 at epoch=43 step=9487     
                    WARNING  High grad norm: 1496.73 at epoch=43 step=9488     
                    WARNING  High grad norm: 779.41 at epoch=43 step=9489      
                    WARNING  High grad norm: 2797.88 at epoch=43 step=9490     
[04/19/26 18:03:28] WARNING  High grad norm: 1900.94 at epoch=43 step=9491     
                    WARNING  High grad norm: 1254.09 at epoch=43 step=9492     
                    WARNING  High grad norm: 3043.70 at epoch=43 step=9493     
                    WARNING  High grad norm: 2626.71 at epoch=43 step=9494     
                    WARNING  High grad norm: 2528.74 at epoch=43 step=9495     
[04/19/26 18:03:29] WARNING  High grad norm: 1333.95 at epoch=43 step=9496     
                    WARNING  High grad norm: 2775.98 at epoch=43 step=9497     
                    WARNING  High grad norm: 3145.28 at epoch=43 step=9498     
                    WARNING  High grad norm: 3009.11 at epoch=43 step=9499     
                    INFO     epoch=43 step=9500 loss=482.7286                  
                             grad_norm=3009.1082 lr=1.16e-05                   
                    WARNING  High grad norm: 1641.49 at epoch=43 step=9500     
[04/19/26 18:03:30] WARNING  High grad norm: 1951.73 at epoch=43 step=9501     
                    WARNING  High grad norm: 4660.26 at epoch=43 step=9502     
                    WARNING  High grad norm: 2218.40 at epoch=43 step=9503     
                    WARNING  High grad norm: 1642.04 at epoch=43 step=9504     
[04/19/26 18:03:31] WARNING  High grad norm: 3371.05 at epoch=43 step=9505     
                    WARNING  High grad norm: 3630.30 at epoch=43 step=9506     
                    WARNING  High grad norm: 1843.85 at epoch=43 step=9507     
                    WARNING  High grad norm: 1234.20 at epoch=43 step=9508     
                    WARNING  High grad norm: 2096.08 at epoch=43 step=9509     
[04/19/26 18:03:32] WARNING  High grad norm: 2220.45 at epoch=43 step=9510     
                    WARNING  High grad norm: 3019.35 at epoch=43 step=9511     
                    WARNING  High grad norm: 1520.57 at epoch=43 step=9512     
                    WARNING  High grad norm: 893.60 at epoch=43 step=9513      
[04/19/26 18:03:33] WARNING  High grad norm: 3580.64 at epoch=43 step=9514     
                    WARNING  High grad norm: 1663.59 at epoch=43 step=9515     
                    WARNING  High grad norm: 1406.01 at epoch=43 step=9516     
                    WARNING  High grad norm: 975.36 at epoch=43 step=9517      
                    WARNING  High grad norm: 2575.17 at epoch=43 step=9518     
[04/19/26 18:03:34] WARNING  High grad norm: 2904.46 at epoch=43 step=9519     
                    WARNING  High grad norm: 1573.69 at epoch=43 step=9520     
                    WARNING  High grad norm: 1481.97 at epoch=43 step=9521     
                    WARNING  High grad norm: 1987.25 at epoch=43 step=9522     
[04/19/26 18:03:35] WARNING  High grad norm: 2739.74 at epoch=43 step=9523     
                    WARNING  High grad norm: 1738.73 at epoch=43 step=9524     
                    WARNING  High grad norm: 1463.79 at epoch=43 step=9525     
                    WARNING  High grad norm: 1054.50 at epoch=43 step=9526     
                    WARNING  High grad norm: 2266.73 at epoch=43 step=9527     
[04/19/26 18:03:36] WARNING  High grad norm: 1938.36 at epoch=43 step=9528     
                    WARNING  High grad norm: 1983.37 at epoch=43 step=9529     
                    WARNING  High grad norm: 1068.19 at epoch=43 step=9530     
                    WARNING  High grad norm: 1265.22 at epoch=43 step=9531     
[04/19/26 18:03:37] WARNING  High grad norm: 3486.71 at epoch=43 step=9532     
                    WARNING  High grad norm: 1332.26 at epoch=43 step=9533     
                    WARNING  High grad norm: 2788.03 at epoch=43 step=9534     
                    WARNING  High grad norm: 1404.45 at epoch=43 step=9535     
                    WARNING  High grad norm: 771.88 at epoch=43 step=9536      
[04/19/26 18:03:38] WARNING  High grad norm: 1298.61 at epoch=43 step=9537     
                    WARNING  High grad norm: 2066.19 at epoch=43 step=9538     
                    WARNING  High grad norm: 1438.62 at epoch=43 step=9539     
                    WARNING  High grad norm: 1025.81 at epoch=43 step=9540     
                    WARNING  High grad norm: 1292.06 at epoch=43 step=9541     
[04/19/26 18:03:39] WARNING  High grad norm: 1087.95 at epoch=43 step=9542     
                    WARNING  High grad norm: 3054.55 at epoch=43 step=9543     
                    WARNING  High grad norm: 2451.89 at epoch=43 step=9544     
                    WARNING  High grad norm: 1268.49 at epoch=43 step=9545     
[04/19/26 18:03:40] WARNING  High grad norm: 1002.27 at epoch=43 step=9546     
                    WARNING  High grad norm: 1497.71 at epoch=43 step=9547     
                    WARNING  High grad norm: 2684.64 at epoch=43 step=9548     
                    WARNING  High grad norm: 2957.86 at epoch=43 step=9549     
                    WARNING  High grad norm: 857.19 at epoch=43 step=9550      
[04/19/26 18:03:41] WARNING  High grad norm: 991.84 at epoch=43 step=9551      
                    WARNING  High grad norm: 3694.17 at epoch=43 step=9552     
                    WARNING  High grad norm: 1663.98 at epoch=43 step=9553     
                    WARNING  High grad norm: 1368.79 at epoch=43 step=9554     
[04/19/26 18:03:42] WARNING  High grad norm: 1380.11 at epoch=43 step=9555     
                    WARNING  High grad norm: 1060.17 at epoch=43 step=9556     
                    WARNING  High grad norm: 1341.31 at epoch=43 step=9557     
                    WARNING  High grad norm: 1575.03 at epoch=43 step=9558     
                    WARNING  High grad norm: 1074.82 at epoch=43 step=9559     
[04/19/26 18:03:43] WARNING  High grad norm: 3067.23 at epoch=43 step=9560     
                    WARNING  High grad norm: 2069.09 at epoch=43 step=9561     
                    WARNING  High grad norm: 1345.52 at epoch=43 step=9562     
                    WARNING  High grad norm: 1145.32 at epoch=43 step=9563     
[04/19/26 18:03:44] WARNING  High grad norm: 4294.23 at epoch=43 step=9564     
                    WARNING  High grad norm: 795.08 at epoch=43 step=9565      
                    WARNING  High grad norm: 1000.54 at epoch=43 step=9566     
                    WARNING  High grad norm: 1089.61 at epoch=43 step=9567     
                    WARNING  High grad norm: 869.56 at epoch=43 step=9568      
[04/19/26 18:03:45] WARNING  High grad norm: 1696.37 at epoch=43 step=9569     
                    WARNING  High grad norm: 2238.15 at epoch=43 step=9570     
                    WARNING  High grad norm: 1438.81 at epoch=43 step=9571     
                    WARNING  High grad norm: 1130.66 at epoch=43 step=9572     
                    WARNING  High grad norm: 1273.27 at epoch=43 step=9573     
[04/19/26 18:03:46] WARNING  High grad norm: 1028.85 at epoch=43 step=9574     
                    WARNING  High grad norm: 1083.01 at epoch=43 step=9575     
                    WARNING  High grad norm: 3482.64 at epoch=43 step=9576     
                    WARNING  High grad norm: 2183.25 at epoch=43 step=9577     
[04/19/26 18:03:47] WARNING  High grad norm: 2822.61 at epoch=43 step=9578     
                    WARNING  High grad norm: 984.20 at epoch=43 step=9579      
                    WARNING  High grad norm: 2778.12 at epoch=43 step=9580     
                    WARNING  High grad norm: 1963.74 at epoch=43 step=9581     
                    WARNING  High grad norm: 3151.51 at epoch=43 step=9582     
[04/19/26 18:03:48] WARNING  High grad norm: 1700.14 at epoch=43 step=9583     
                    WARNING  High grad norm: 2018.07 at epoch=43 step=9584     
                    WARNING  High grad norm: 1285.99 at epoch=43 step=9585     
                    WARNING  High grad norm: 876.59 at epoch=43 step=9586      
[04/19/26 18:03:49] WARNING  High grad norm: 952.91 at epoch=43 step=9587      
                    WARNING  High grad norm: 999.32 at epoch=43 step=9588      
                    INFO     epoch=43 avg_loss=484.2337 lr=1.05e-05            
[04/19/26 18:04:03] WARNING  High grad norm: 4524.90 at epoch=44 step=9589     
                    WARNING  High grad norm: 4507.28 at epoch=44 step=9590     
                    WARNING  High grad norm: 5012.48 at epoch=44 step=9591     
                    WARNING  High grad norm: 2217.71 at epoch=44 step=9592     
[04/19/26 18:04:04] WARNING  High grad norm: 1677.67 at epoch=44 step=9593     
                    WARNING  High grad norm: 3235.76 at epoch=44 step=9594     
                    WARNING  High grad norm: 2741.09 at epoch=44 step=9595     
                    WARNING  High grad norm: 3581.61 at epoch=44 step=9596     
[04/19/26 18:04:05] WARNING  High grad norm: 1442.40 at epoch=44 step=9597     
                    WARNING  High grad norm: 1056.35 at epoch=44 step=9598     
                    WARNING  High grad norm: 2608.66 at epoch=44 step=9599     
                    INFO     epoch=44 step=9600 loss=492.3710                  
                             grad_norm=2608.6555 lr=1.03e-05                   
                    WARNING  High grad norm: 2091.10 at epoch=44 step=9600     
                    WARNING  High grad norm: 1549.74 at epoch=44 step=9601     
[04/19/26 18:04:06] WARNING  High grad norm: 996.12 at epoch=44 step=9602      
                    WARNING  High grad norm: 1909.24 at epoch=44 step=9603     
                    WARNING  High grad norm: 2659.95 at epoch=44 step=9604     
                    WARNING  High grad norm: 1944.85 at epoch=44 step=9605     
[04/19/26 18:04:07] WARNING  High grad norm: 3051.95 at epoch=44 step=9606     
                    WARNING  High grad norm: 1143.84 at epoch=44 step=9607     
                    WARNING  High grad norm: 3648.12 at epoch=44 step=9608     
                    WARNING  High grad norm: 2351.14 at epoch=44 step=9609     
                    WARNING  High grad norm: 1674.37 at epoch=44 step=9610     
[04/19/26 18:04:08] WARNING  High grad norm: 2568.64 at epoch=44 step=9611     
                    WARNING  High grad norm: 2951.16 at epoch=44 step=9612     
                    WARNING  High grad norm: 1400.15 at epoch=44 step=9613     
                    WARNING  High grad norm: 1403.43 at epoch=44 step=9614     
[04/19/26 18:04:09] WARNING  High grad norm: 2423.57 at epoch=44 step=9615     
                    WARNING  High grad norm: 3276.67 at epoch=44 step=9616     
                    WARNING  High grad norm: 919.43 at epoch=44 step=9617      
                    WARNING  High grad norm: 2166.67 at epoch=44 step=9618     
                    WARNING  High grad norm: 2549.79 at epoch=44 step=9619     
[04/19/26 18:04:10] WARNING  High grad norm: 3420.64 at epoch=44 step=9620     
                    WARNING  High grad norm: 1218.58 at epoch=44 step=9621     
                    WARNING  High grad norm: 1217.34 at epoch=44 step=9622     
                    WARNING  High grad norm: 871.40 at epoch=44 step=9623      
                    WARNING  High grad norm: 628.63 at epoch=44 step=9624      
[04/19/26 18:04:11] WARNING  High grad norm: 1112.11 at epoch=44 step=9625     
                    WARNING  High grad norm: 1403.73 at epoch=44 step=9626     
                    WARNING  High grad norm: 1263.01 at epoch=44 step=9627     
                    WARNING  High grad norm: 1229.76 at epoch=44 step=9628     
[04/19/26 18:04:12] WARNING  High grad norm: 3890.03 at epoch=44 step=9629     
                    WARNING  High grad norm: 1658.02 at epoch=44 step=9630     
                    WARNING  High grad norm: 926.03 at epoch=44 step=9631      
                    WARNING  High grad norm: 2406.00 at epoch=44 step=9632     
                    WARNING  High grad norm: 2885.16 at epoch=44 step=9633     
[04/19/26 18:04:13] WARNING  High grad norm: 885.32 at epoch=44 step=9634      
                    WARNING  High grad norm: 607.80 at epoch=44 step=9635      
                    WARNING  High grad norm: 1989.98 at epoch=44 step=9636     
                    WARNING  High grad norm: 1479.48 at epoch=44 step=9637     
[04/19/26 18:04:14] WARNING  High grad norm: 1487.17 at epoch=44 step=9638     
                    WARNING  High grad norm: 2134.87 at epoch=44 step=9639     
                    WARNING  High grad norm: 1722.91 at epoch=44 step=9640     
                    WARNING  High grad norm: 1174.34 at epoch=44 step=9641     
                    WARNING  High grad norm: 839.33 at epoch=44 step=9642      
[04/19/26 18:04:15] WARNING  High grad norm: 1768.77 at epoch=44 step=9643     
                    WARNING  High grad norm: 891.42 at epoch=44 step=9644      
                    WARNING  High grad norm: 1606.29 at epoch=44 step=9645     
                    WARNING  High grad norm: 1562.33 at epoch=44 step=9646     
                    WARNING  High grad norm: 1197.64 at epoch=44 step=9647     
[04/19/26 18:04:16] WARNING  High grad norm: 1037.34 at epoch=44 step=9648     
                    WARNING  High grad norm: 1236.83 at epoch=44 step=9649     
                    WARNING  High grad norm: 1080.71 at epoch=44 step=9650     
                    WARNING  High grad norm: 1421.70 at epoch=44 step=9651     
[04/19/26 18:04:17] WARNING  High grad norm: 1035.45 at epoch=44 step=9652     
                    WARNING  High grad norm: 760.38 at epoch=44 step=9653      
                    WARNING  High grad norm: 762.45 at epoch=44 step=9654      
                    WARNING  High grad norm: 921.61 at epoch=44 step=9655      
                    WARNING  High grad norm: 1144.94 at epoch=44 step=9656     
[04/19/26 18:04:18] WARNING  High grad norm: 1488.61 at epoch=44 step=9657     
                    WARNING  High grad norm: 3322.37 at epoch=44 step=9658     
                    WARNING  High grad norm: 1683.74 at epoch=44 step=9659     
                    WARNING  High grad norm: 1038.52 at epoch=44 step=9660     
[04/19/26 18:04:19] WARNING  High grad norm: 2470.30 at epoch=44 step=9661     
                    WARNING  High grad norm: 1850.23 at epoch=44 step=9662     
                    WARNING  High grad norm: 1308.12 at epoch=44 step=9663     
                    WARNING  High grad norm: 1098.24 at epoch=44 step=9664     
                    WARNING  High grad norm: 2731.18 at epoch=44 step=9665     
[04/19/26 18:04:20] WARNING  High grad norm: 2876.68 at epoch=44 step=9666     
                    WARNING  High grad norm: 1960.32 at epoch=44 step=9667     
                    WARNING  High grad norm: 1707.03 at epoch=44 step=9668     
                    WARNING  High grad norm: 2293.66 at epoch=44 step=9669     
[04/19/26 18:04:21] WARNING  High grad norm: 3514.40 at epoch=44 step=9670     
                    WARNING  High grad norm: 1468.18 at epoch=44 step=9671     
                    WARNING  High grad norm: 2273.86 at epoch=44 step=9672     
                    WARNING  High grad norm: 1180.89 at epoch=44 step=9673     
                    WARNING  High grad norm: 2609.74 at epoch=44 step=9674     
[04/19/26 18:04:22] WARNING  High grad norm: 671.58 at epoch=44 step=9675      
                    WARNING  High grad norm: 1383.13 at epoch=44 step=9676     
                    WARNING  High grad norm: 1498.48 at epoch=44 step=9677     
                    WARNING  High grad norm: 1172.22 at epoch=44 step=9678     
                    WARNING  High grad norm: 1152.49 at epoch=44 step=9679     
[04/19/26 18:04:23] WARNING  High grad norm: 1145.95 at epoch=44 step=9680     
                    WARNING  High grad norm: 689.73 at epoch=44 step=9681      
                    WARNING  High grad norm: 869.95 at epoch=44 step=9682      
                    WARNING  High grad norm: 2771.43 at epoch=44 step=9683     
[04/19/26 18:04:24] WARNING  High grad norm: 1657.74 at epoch=44 step=9684     
                    WARNING  High grad norm: 2653.44 at epoch=44 step=9685     
                    WARNING  High grad norm: 1497.55 at epoch=44 step=9686     
                    WARNING  High grad norm: 862.32 at epoch=44 step=9687      
                    WARNING  High grad norm: 3045.24 at epoch=44 step=9688     
[04/19/26 18:04:25] WARNING  High grad norm: 758.04 at epoch=44 step=9689      
                    WARNING  High grad norm: 1169.58 at epoch=44 step=9690     
                    WARNING  High grad norm: 890.60 at epoch=44 step=9691      
                    WARNING  High grad norm: 1485.87 at epoch=44 step=9692     
[04/19/26 18:04:26] WARNING  High grad norm: 1740.96 at epoch=44 step=9693     
                    WARNING  High grad norm: 2128.21 at epoch=44 step=9694     
                    WARNING  High grad norm: 4070.91 at epoch=44 step=9695     
                    WARNING  High grad norm: 1084.00 at epoch=44 step=9696     
                    WARNING  High grad norm: 1305.78 at epoch=44 step=9697     
[04/19/26 18:04:27] WARNING  High grad norm: 2376.30 at epoch=44 step=9698     
                    WARNING  High grad norm: 3100.09 at epoch=44 step=9699     
                    INFO     epoch=44 step=9700 loss=483.2953                  
                             grad_norm=3100.0930 lr=9.19e-06                   
                    WARNING  High grad norm: 3971.58 at epoch=44 step=9700     
                    WARNING  High grad norm: 2078.34 at epoch=44 step=9701     
[04/19/26 18:04:28] WARNING  High grad norm: 1246.74 at epoch=44 step=9702     
                    WARNING  High grad norm: 2876.97 at epoch=44 step=9703     
                    WARNING  High grad norm: 2920.40 at epoch=44 step=9704     
                    WARNING  High grad norm: 2935.55 at epoch=44 step=9705     
                    WARNING  High grad norm: 2761.26 at epoch=44 step=9706     
[04/19/26 18:04:29] WARNING  High grad norm: 1156.73 at epoch=44 step=9707     
                    WARNING  High grad norm: 2360.49 at epoch=44 step=9708     
                    WARNING  High grad norm: 1376.35 at epoch=44 step=9709     
                    WARNING  High grad norm: 1401.82 at epoch=44 step=9710     
                    WARNING  High grad norm: 870.80 at epoch=44 step=9711      
[04/19/26 18:04:30] WARNING  High grad norm: 1952.99 at epoch=44 step=9712     
                    WARNING  High grad norm: 1091.55 at epoch=44 step=9713     
                    WARNING  High grad norm: 2450.53 at epoch=44 step=9714     
                    WARNING  High grad norm: 3715.32 at epoch=44 step=9715     
[04/19/26 18:04:31] WARNING  High grad norm: 4083.48 at epoch=44 step=9716     
                    WARNING  High grad norm: 3420.45 at epoch=44 step=9717     
                    WARNING  High grad norm: 1321.61 at epoch=44 step=9718     
                    WARNING  High grad norm: 2727.49 at epoch=44 step=9719     
                    WARNING  High grad norm: 4032.48 at epoch=44 step=9720     
[04/19/26 18:04:32] WARNING  High grad norm: 6046.09 at epoch=44 step=9721     
                    WARNING  High grad norm: 2723.32 at epoch=44 step=9722     
                    WARNING  High grad norm: 1134.84 at epoch=44 step=9723     
                    WARNING  High grad norm: 1281.29 at epoch=44 step=9724     
[04/19/26 18:04:33] WARNING  High grad norm: 1877.06 at epoch=44 step=9725     
                    WARNING  High grad norm: 892.73 at epoch=44 step=9726      
                    WARNING  High grad norm: 1055.57 at epoch=44 step=9727     
                    WARNING  High grad norm: 2908.83 at epoch=44 step=9728     
                    WARNING  High grad norm: 3370.07 at epoch=44 step=9729     
[04/19/26 18:04:34] WARNING  High grad norm: 2345.64 at epoch=44 step=9730     
                    WARNING  High grad norm: 1891.66 at epoch=44 step=9731     
                    WARNING  High grad norm: 1404.04 at epoch=44 step=9732     
                    WARNING  High grad norm: 3730.51 at epoch=44 step=9733     
[04/19/26 18:04:35] WARNING  High grad norm: 3162.46 at epoch=44 step=9734     
                    WARNING  High grad norm: 4265.20 at epoch=44 step=9735     
                    WARNING  High grad norm: 4119.06 at epoch=44 step=9736     
                    WARNING  High grad norm: 1820.72 at epoch=44 step=9737     
                    WARNING  High grad norm: 1409.38 at epoch=44 step=9738     
[04/19/26 18:04:36] WARNING  High grad norm: 2539.34 at epoch=44 step=9739     
                    WARNING  High grad norm: 2057.53 at epoch=44 step=9740     
                    WARNING  High grad norm: 1623.88 at epoch=44 step=9741     
                    WARNING  High grad norm: 996.42 at epoch=44 step=9742      
                    WARNING  High grad norm: 2402.30 at epoch=44 step=9743     
[04/19/26 18:04:37] WARNING  High grad norm: 2736.67 at epoch=44 step=9744     
                    WARNING  High grad norm: 1482.10 at epoch=44 step=9745     
                    WARNING  High grad norm: 1742.32 at epoch=44 step=9746     
                    WARNING  High grad norm: 2233.55 at epoch=44 step=9747     
[04/19/26 18:04:38] WARNING  High grad norm: 6574.92 at epoch=44 step=9748     
                    WARNING  High grad norm: 3729.11 at epoch=44 step=9749     
                    WARNING  High grad norm: 3745.63 at epoch=44 step=9750     
                    WARNING  High grad norm: 1410.47 at epoch=44 step=9751     
                    WARNING  High grad norm: 2544.43 at epoch=44 step=9752     
[04/19/26 18:04:39] WARNING  High grad norm: 2383.10 at epoch=44 step=9753     
                    WARNING  High grad norm: 4183.15 at epoch=44 step=9754     
                    WARNING  High grad norm: 2148.13 at epoch=44 step=9755     
                    WARNING  High grad norm: 1158.38 at epoch=44 step=9756     
[04/19/26 18:04:40] WARNING  High grad norm: 946.39 at epoch=44 step=9757      
                    WARNING  High grad norm: 1560.50 at epoch=44 step=9758     
                    WARNING  High grad norm: 2317.90 at epoch=44 step=9759     
                    WARNING  High grad norm: 1898.30 at epoch=44 step=9760     
                    WARNING  High grad norm: 1980.00 at epoch=44 step=9761     
[04/19/26 18:04:41] WARNING  High grad norm: 922.35 at epoch=44 step=9762      
                    WARNING  High grad norm: 1209.04 at epoch=44 step=9763     
                    WARNING  High grad norm: 1070.05 at epoch=44 step=9764     
                    WARNING  High grad norm: 1117.18 at epoch=44 step=9765     
[04/19/26 18:04:42] WARNING  High grad norm: 792.84 at epoch=44 step=9766      
                    WARNING  High grad norm: 1004.27 at epoch=44 step=9767     
                    WARNING  High grad norm: 1173.32 at epoch=44 step=9768     
                    WARNING  High grad norm: 1488.10 at epoch=44 step=9769     
                    WARNING  High grad norm: 915.60 at epoch=44 step=9770      
[04/19/26 18:04:43] WARNING  High grad norm: 816.91 at epoch=44 step=9771      
                    WARNING  High grad norm: 2071.02 at epoch=44 step=9772     
                    WARNING  High grad norm: 3286.47 at epoch=44 step=9773     
                    WARNING  High grad norm: 1253.36 at epoch=44 step=9774     
                    WARNING  High grad norm: 1198.15 at epoch=44 step=9775     
[04/19/26 18:04:44] WARNING  High grad norm: 2266.06 at epoch=44 step=9776     
                    WARNING  High grad norm: 4091.74 at epoch=44 step=9777     
                    WARNING  High grad norm: 3307.89 at epoch=44 step=9778     
                    WARNING  High grad norm: 2801.50 at epoch=44 step=9779     
[04/19/26 18:04:45] WARNING  High grad norm: 1877.00 at epoch=44 step=9780     
                    WARNING  High grad norm: 1273.45 at epoch=44 step=9781     
                    WARNING  High grad norm: 3322.69 at epoch=44 step=9782     
                    WARNING  High grad norm: 4196.23 at epoch=44 step=9783     
                    WARNING  High grad norm: 5131.93 at epoch=44 step=9784     
[04/19/26 18:04:46] WARNING  High grad norm: 2740.14 at epoch=44 step=9785     
                    WARNING  High grad norm: 2203.59 at epoch=44 step=9786     
                    WARNING  High grad norm: 2118.52 at epoch=44 step=9787     
                    WARNING  High grad norm: 4587.65 at epoch=44 step=9788     
[04/19/26 18:04:47] WARNING  High grad norm: 4473.95 at epoch=44 step=9789     
                    WARNING  High grad norm: 5174.09 at epoch=44 step=9790     
                    WARNING  High grad norm: 3590.14 at epoch=44 step=9791     
                    WARNING  High grad norm: 881.74 at epoch=44 step=9792      
                    WARNING  High grad norm: 3323.91 at epoch=44 step=9793     
[04/19/26 18:04:48] WARNING  High grad norm: 7315.07 at epoch=44 step=9794     
                    WARNING  High grad norm: 4333.02 at epoch=44 step=9795     
                    WARNING  High grad norm: 3853.89 at epoch=44 step=9796     
                    WARNING  High grad norm: 3047.54 at epoch=44 step=9797     
[04/19/26 18:04:49] WARNING  High grad norm: 825.15 at epoch=44 step=9798      
                    WARNING  High grad norm: 1975.99 at epoch=44 step=9799     
                    INFO     epoch=44 step=9800 loss=480.3064                  
                             grad_norm=1975.9929 lr=8.11e-06                   
                    WARNING  High grad norm: 2533.52 at epoch=44 step=9800     
                    WARNING  High grad norm: 935.21 at epoch=44 step=9801      
                    WARNING  High grad norm: 1409.98 at epoch=44 step=9802     
[04/19/26 18:04:50] WARNING  High grad norm: 1089.05 at epoch=44 step=9803     
                    WARNING  High grad norm: 1394.93 at epoch=44 step=9804     
                    WARNING  High grad norm: 1894.84 at epoch=44 step=9805     
                    WARNING  High grad norm: 1092.52 at epoch=44 step=9806     
[04/19/26 18:04:51] WARNING  High grad norm: 1479.19 at epoch=44 step=9807     
                    WARNING  High grad norm: 660.19 at epoch=44 step=9808      
                    WARNING  High grad norm: 2004.08 at epoch=44 step=9809     
                    WARNING  High grad norm: 2904.49 at epoch=44 step=9810     
                    WARNING  High grad norm: 1675.78 at epoch=44 step=9811     
[04/19/26 18:04:52] INFO     epoch=44 avg_loss=481.4449 lr=7.99e-06            
[04/19/26 18:05:06] WARNING  High grad norm: 1125.27 at epoch=45 step=9812     
                    WARNING  High grad norm: 1971.42 at epoch=45 step=9813     
                    WARNING  High grad norm: 1038.67 at epoch=45 step=9814     
                    WARNING  High grad norm: 1179.50 at epoch=45 step=9815     
[04/19/26 18:05:07] WARNING  High grad norm: 1399.81 at epoch=45 step=9816     
                    WARNING  High grad norm: 2467.95 at epoch=45 step=9817     
                    WARNING  High grad norm: 2708.76 at epoch=45 step=9818     
                    WARNING  High grad norm: 2182.68 at epoch=45 step=9819     
                    WARNING  High grad norm: 1345.77 at epoch=45 step=9820     
[04/19/26 18:05:08] WARNING  High grad norm: 1559.84 at epoch=45 step=9821     
                    WARNING  High grad norm: 2093.33 at epoch=45 step=9822     
                    WARNING  High grad norm: 3061.56 at epoch=45 step=9823     
                    WARNING  High grad norm: 1168.27 at epoch=45 step=9824     
[04/19/26 18:05:09] WARNING  High grad norm: 2086.54 at epoch=45 step=9825     
                    WARNING  High grad norm: 990.30 at epoch=45 step=9826      
                    WARNING  High grad norm: 1927.30 at epoch=45 step=9827     
                    WARNING  High grad norm: 911.50 at epoch=45 step=9828      
                    WARNING  High grad norm: 1414.63 at epoch=45 step=9829     
[04/19/26 18:05:10] WARNING  High grad norm: 1774.54 at epoch=45 step=9830     
                    WARNING  High grad norm: 1009.72 at epoch=45 step=9831     
                    WARNING  High grad norm: 2530.57 at epoch=45 step=9832     
                    WARNING  High grad norm: 1932.36 at epoch=45 step=9833     
[04/19/26 18:05:11] WARNING  High grad norm: 710.94 at epoch=45 step=9834      
                    WARNING  High grad norm: 1097.12 at epoch=45 step=9835     
                    WARNING  High grad norm: 2606.88 at epoch=45 step=9836     
                    WARNING  High grad norm: 2457.28 at epoch=45 step=9837     
                    WARNING  High grad norm: 3849.09 at epoch=45 step=9838     
[04/19/26 18:05:12] WARNING  High grad norm: 2195.99 at epoch=45 step=9839     
                    WARNING  High grad norm: 1992.95 at epoch=45 step=9840     
                    WARNING  High grad norm: 865.69 at epoch=45 step=9841      
                    WARNING  High grad norm: 3183.21 at epoch=45 step=9842     
[04/19/26 18:05:13] WARNING  High grad norm: 3477.24 at epoch=45 step=9843     
                    WARNING  High grad norm: 1472.46 at epoch=45 step=9844     
                    WARNING  High grad norm: 1517.22 at epoch=45 step=9845     
                    WARNING  High grad norm: 976.65 at epoch=45 step=9846      
                    WARNING  High grad norm: 1571.28 at epoch=45 step=9847     
[04/19/26 18:05:14] WARNING  High grad norm: 2158.91 at epoch=45 step=9848     
                    WARNING  High grad norm: 786.63 at epoch=45 step=9849      
                    WARNING  High grad norm: 824.14 at epoch=45 step=9850      
                    WARNING  High grad norm: 1764.23 at epoch=45 step=9851     
                    WARNING  High grad norm: 593.63 at epoch=45 step=9852      
[04/19/26 18:05:15] WARNING  High grad norm: 2525.75 at epoch=45 step=9853     
                    WARNING  High grad norm: 1018.84 at epoch=45 step=9854     
                    WARNING  High grad norm: 812.28 at epoch=45 step=9855      
                    WARNING  High grad norm: 674.96 at epoch=45 step=9856      
[04/19/26 18:05:16] WARNING  High grad norm: 1119.07 at epoch=45 step=9857     
                    WARNING  High grad norm: 694.78 at epoch=45 step=9858      
                    WARNING  High grad norm: 1932.35 at epoch=45 step=9859     
                    WARNING  High grad norm: 1000.62 at epoch=45 step=9860     
                    WARNING  High grad norm: 2101.27 at epoch=45 step=9861     
[04/19/26 18:05:17] WARNING  High grad norm: 1473.75 at epoch=45 step=9862     
                    WARNING  High grad norm: 2296.32 at epoch=45 step=9863     
                    WARNING  High grad norm: 876.66 at epoch=45 step=9864      
                    WARNING  High grad norm: 1572.26 at epoch=45 step=9865     
[04/19/26 18:05:18] WARNING  High grad norm: 829.72 at epoch=45 step=9866      
                    WARNING  High grad norm: 744.03 at epoch=45 step=9867      
                    WARNING  High grad norm: 788.64 at epoch=45 step=9868      
                    WARNING  High grad norm: 1684.23 at epoch=45 step=9869     
                    WARNING  High grad norm: 1373.12 at epoch=45 step=9870     
[04/19/26 18:05:19] WARNING  High grad norm: 931.15 at epoch=45 step=9871      
                    WARNING  High grad norm: 1091.99 at epoch=45 step=9872     
                    WARNING  High grad norm: 1373.84 at epoch=45 step=9873     
                    WARNING  High grad norm: 877.82 at epoch=45 step=9874      
[04/19/26 18:05:20] WARNING  High grad norm: 2670.24 at epoch=45 step=9875     
                    WARNING  High grad norm: 994.17 at epoch=45 step=9876      
                    WARNING  High grad norm: 859.95 at epoch=45 step=9877      
                    WARNING  High grad norm: 2503.05 at epoch=45 step=9878     
                    WARNING  High grad norm: 3174.62 at epoch=45 step=9879     
[04/19/26 18:05:21] WARNING  High grad norm: 2491.64 at epoch=45 step=9880     
                    WARNING  High grad norm: 1056.91 at epoch=45 step=9881     
                    WARNING  High grad norm: 1801.71 at epoch=45 step=9882     
                    WARNING  High grad norm: 787.57 at epoch=45 step=9883      
                    WARNING  High grad norm: 1499.29 at epoch=45 step=9884     
[04/19/26 18:05:22] WARNING  High grad norm: 1054.46 at epoch=45 step=9885     
                    WARNING  High grad norm: 822.86 at epoch=45 step=9886      
                    WARNING  High grad norm: 1385.83 at epoch=45 step=9887     
                    WARNING  High grad norm: 1731.40 at epoch=45 step=9888     
[04/19/26 18:05:23] WARNING  High grad norm: 1236.22 at epoch=45 step=9889     
                    WARNING  High grad norm: 1084.22 at epoch=45 step=9890     
                    WARNING  High grad norm: 700.27 at epoch=45 step=9891      
                    WARNING  High grad norm: 1109.54 at epoch=45 step=9892     
                    WARNING  High grad norm: 959.08 at epoch=45 step=9893      
[04/19/26 18:05:24] WARNING  High grad norm: 1766.00 at epoch=45 step=9894     
                    WARNING  High grad norm: 2177.39 at epoch=45 step=9895     
                    WARNING  High grad norm: 965.71 at epoch=45 step=9896      
                    WARNING  High grad norm: 1280.27 at epoch=45 step=9897     
[04/19/26 18:05:25] WARNING  High grad norm: 1700.13 at epoch=45 step=9898     
                    WARNING  High grad norm: 928.55 at epoch=45 step=9899      
                    INFO     epoch=45 step=9900 loss=479.5874                  
                             grad_norm=928.5522 lr=7.11e-06                    
                    WARNING  High grad norm: 1494.61 at epoch=45 step=9900     
                    WARNING  High grad norm: 895.84 at epoch=45 step=9901      
                    WARNING  High grad norm: 2183.56 at epoch=45 step=9902     
[04/19/26 18:05:26] WARNING  High grad norm: 1404.64 at epoch=45 step=9903     
                    WARNING  High grad norm: 920.09 at epoch=45 step=9904      
                    WARNING  High grad norm: 3528.21 at epoch=45 step=9905     
                    WARNING  High grad norm: 2259.34 at epoch=45 step=9906     
[04/19/26 18:05:27] WARNING  High grad norm: 1814.61 at epoch=45 step=9907     
                    WARNING  High grad norm: 1248.59 at epoch=45 step=9908     
                    WARNING  High grad norm: 2566.58 at epoch=45 step=9909     
                    WARNING  High grad norm: 3848.70 at epoch=45 step=9910     
                    WARNING  High grad norm: 1436.45 at epoch=45 step=9911     
[04/19/26 18:05:28] WARNING  High grad norm: 728.36 at epoch=45 step=9912      
                    WARNING  High grad norm: 975.63 at epoch=45 step=9913      
                    WARNING  High grad norm: 2186.57 at epoch=45 step=9914     
                    WARNING  High grad norm: 2802.19 at epoch=45 step=9915     
                    WARNING  High grad norm: 2559.89 at epoch=45 step=9916     
[04/19/26 18:05:29] WARNING  High grad norm: 1026.65 at epoch=45 step=9917     
                    WARNING  High grad norm: 1141.05 at epoch=45 step=9918     
                    WARNING  High grad norm: 1025.53 at epoch=45 step=9919     
                    WARNING  High grad norm: 831.06 at epoch=45 step=9920      
[04/19/26 18:05:30] WARNING  High grad norm: 746.50 at epoch=45 step=9921      
                    WARNING  High grad norm: 1108.76 at epoch=45 step=9922     
                    WARNING  High grad norm: 1055.64 at epoch=45 step=9923     
                    WARNING  High grad norm: 1495.31 at epoch=45 step=9924     
                    WARNING  High grad norm: 1248.62 at epoch=45 step=9925     
[04/19/26 18:05:31] WARNING  High grad norm: 2268.38 at epoch=45 step=9926     
                    WARNING  High grad norm: 903.31 at epoch=45 step=9927      
                    WARNING  High grad norm: 2795.49 at epoch=45 step=9928     
                    WARNING  High grad norm: 699.96 at epoch=45 step=9929      
[04/19/26 18:05:32] WARNING  High grad norm: 1895.38 at epoch=45 step=9930     
                    WARNING  High grad norm: 1233.29 at epoch=45 step=9931     
                    WARNING  High grad norm: 683.96 at epoch=45 step=9932      
                    WARNING  High grad norm: 950.58 at epoch=45 step=9933      
                    WARNING  High grad norm: 925.03 at epoch=45 step=9934      
[04/19/26 18:05:33] WARNING  High grad norm: 2688.08 at epoch=45 step=9935     
                    WARNING  High grad norm: 3313.87 at epoch=45 step=9936     
                    WARNING  High grad norm: 2372.28 at epoch=45 step=9937     
                    WARNING  High grad norm: 595.55 at epoch=45 step=9938      
[04/19/26 18:05:34] WARNING  High grad norm: 2516.02 at epoch=45 step=9939     
                    WARNING  High grad norm: 2958.96 at epoch=45 step=9940     
                    WARNING  High grad norm: 1056.71 at epoch=45 step=9941     
                    WARNING  High grad norm: 1596.18 at epoch=45 step=9942     
                    WARNING  High grad norm: 2120.31 at epoch=45 step=9943     
[04/19/26 18:05:35] WARNING  High grad norm: 2046.73 at epoch=45 step=9944     
                    WARNING  High grad norm: 1656.11 at epoch=45 step=9945     
                    WARNING  High grad norm: 886.89 at epoch=45 step=9946      
                    WARNING  High grad norm: 1993.63 at epoch=45 step=9947     
                    WARNING  High grad norm: 2451.78 at epoch=45 step=9948     
[04/19/26 18:05:36] WARNING  High grad norm: 1194.08 at epoch=45 step=9949     
                    WARNING  High grad norm: 1591.81 at epoch=45 step=9950     
                    WARNING  High grad norm: 686.05 at epoch=45 step=9951      
                    WARNING  High grad norm: 2696.27 at epoch=45 step=9952     
[04/19/26 18:05:37] WARNING  High grad norm: 1336.59 at epoch=45 step=9953     
                    WARNING  High grad norm: 1054.82 at epoch=45 step=9954     
                    WARNING  High grad norm: 984.87 at epoch=45 step=9955      
                    WARNING  High grad norm: 1211.25 at epoch=45 step=9956     
                    WARNING  High grad norm: 1082.23 at epoch=45 step=9957     
[04/19/26 18:05:38] WARNING  High grad norm: 1083.77 at epoch=45 step=9958     
                    WARNING  High grad norm: 1198.19 at epoch=45 step=9959     
                    WARNING  High grad norm: 1582.25 at epoch=45 step=9960     
                    WARNING  High grad norm: 887.58 at epoch=45 step=9961      
[04/19/26 18:05:39] WARNING  High grad norm: 1214.40 at epoch=45 step=9962     
                    WARNING  High grad norm: 1401.95 at epoch=45 step=9963     
                    WARNING  High grad norm: 941.30 at epoch=45 step=9964      
                    WARNING  High grad norm: 1132.21 at epoch=45 step=9965     
                    WARNING  High grad norm: 1202.00 at epoch=45 step=9966     
[04/19/26 18:05:40] WARNING  High grad norm: 1761.09 at epoch=45 step=9967     
                    WARNING  High grad norm: 2061.70 at epoch=45 step=9968     
                    WARNING  High grad norm: 1511.91 at epoch=45 step=9969     
                    WARNING  High grad norm: 1568.55 at epoch=45 step=9970     
[04/19/26 18:05:41] WARNING  High grad norm: 2086.82 at epoch=45 step=9971     
                    WARNING  High grad norm: 789.10 at epoch=45 step=9972      
                    WARNING  High grad norm: 3139.82 at epoch=45 step=9973     
                    WARNING  High grad norm: 1859.60 at epoch=45 step=9974     
                    WARNING  High grad norm: 2179.32 at epoch=45 step=9975     
[04/19/26 18:05:42] WARNING  High grad norm: 1436.32 at epoch=45 step=9976     
                    WARNING  High grad norm: 795.48 at epoch=45 step=9977      
                    WARNING  High grad norm: 2205.91 at epoch=45 step=9978     
                    WARNING  High grad norm: 3505.77 at epoch=45 step=9979     
                    WARNING  High grad norm: 2786.19 at epoch=45 step=9980     
[04/19/26 18:05:43] WARNING  High grad norm: 1313.46 at epoch=45 step=9981     
                    WARNING  High grad norm: 2504.22 at epoch=45 step=9982     
                    WARNING  High grad norm: 1101.68 at epoch=45 step=9983     
                    WARNING  High grad norm: 2819.31 at epoch=45 step=9984     
[04/19/26 18:05:44] WARNING  High grad norm: 2527.63 at epoch=45 step=9985     
                    WARNING  High grad norm: 3619.06 at epoch=45 step=9986     
                    WARNING  High grad norm: 1628.10 at epoch=45 step=9987     
                    WARNING  High grad norm: 1834.31 at epoch=45 step=9988     
                    WARNING  High grad norm: 2360.89 at epoch=45 step=9989     
[04/19/26 18:05:45] WARNING  High grad norm: 1337.74 at epoch=45 step=9990     
                    WARNING  High grad norm: 1106.78 at epoch=45 step=9991     
                    WARNING  High grad norm: 1565.93 at epoch=45 step=9992     
                    WARNING  High grad norm: 1396.81 at epoch=45 step=9993     
[04/19/26 18:05:46] WARNING  High grad norm: 3642.85 at epoch=45 step=9994     
                    WARNING  High grad norm: 3282.06 at epoch=45 step=9995     
                    WARNING  High grad norm: 1475.85 at epoch=45 step=9996     
                    WARNING  High grad norm: 1145.59 at epoch=45 step=9997     
                    WARNING  High grad norm: 3280.77 at epoch=45 step=9998     
[04/19/26 18:05:47] WARNING  High grad norm: 4918.50 at epoch=45 step=9999     
                    INFO     epoch=45 step=10000 loss=480.6412                 
                             grad_norm=4918.5039 lr=6.18e-06                   
                    WARNING  High grad norm: 2985.47 at epoch=45 step=10000    
                    WARNING  High grad norm: 2906.36 at epoch=45 step=10001    
                    WARNING  High grad norm: 1477.68 at epoch=45 step=10002    
[04/19/26 18:05:48] WARNING  High grad norm: 922.11 at epoch=45 step=10003     
                    WARNING  High grad norm: 2575.29 at epoch=45 step=10004    
                    WARNING  High grad norm: 5047.34 at epoch=45 step=10005    
                    WARNING  High grad norm: 3947.84 at epoch=45 step=10006    
                    WARNING  High grad norm: 4329.89 at epoch=45 step=10007    
[04/19/26 18:05:49] WARNING  High grad norm: 3574.72 at epoch=45 step=10008    
                    WARNING  High grad norm: 1291.46 at epoch=45 step=10009    
                    WARNING  High grad norm: 1536.58 at epoch=45 step=10010    
                    WARNING  High grad norm: 2768.49 at epoch=45 step=10011    
[04/19/26 18:05:50] WARNING  High grad norm: 3158.05 at epoch=45 step=10012    
                    WARNING  High grad norm: 3831.92 at epoch=45 step=10013    
                    WARNING  High grad norm: 3005.52 at epoch=45 step=10014    
                    WARNING  High grad norm: 1331.33 at epoch=45 step=10015    
                    WARNING  High grad norm: 2990.12 at epoch=45 step=10016    
[04/19/26 18:05:51] WARNING  High grad norm: 3712.69 at epoch=45 step=10017    
                    WARNING  High grad norm: 3339.41 at epoch=45 step=10018    
                    WARNING  High grad norm: 4175.74 at epoch=45 step=10019    
                    WARNING  High grad norm: 2339.40 at epoch=45 step=10020    
                    WARNING  High grad norm: 1305.26 at epoch=45 step=10021    
[04/19/26 18:05:52] WARNING  High grad norm: 2486.68 at epoch=45 step=10022    
                    WARNING  High grad norm: 4723.86 at epoch=45 step=10023    
                    WARNING  High grad norm: 6194.35 at epoch=45 step=10024    
                    WARNING  High grad norm: 4629.36 at epoch=45 step=10025    
[04/19/26 18:05:53] WARNING  High grad norm: 3381.03 at epoch=45 step=10026    
                    WARNING  High grad norm: 733.29 at epoch=45 step=10027     
                    WARNING  High grad norm: 2061.14 at epoch=45 step=10028    
                    WARNING  High grad norm: 2589.63 at epoch=45 step=10029    
                    WARNING  High grad norm: 1175.26 at epoch=45 step=10030    
[04/19/26 18:05:54] WARNING  High grad norm: 1317.77 at epoch=45 step=10031    
                    WARNING  High grad norm: 990.54 at epoch=45 step=10032     
                    WARNING  High grad norm: 1993.74 at epoch=45 step=10033    
                    WARNING  High grad norm: 2326.09 at epoch=45 step=10034    
[04/19/26 18:05:55] INFO     epoch=45 avg_loss=481.1559 lr=5.87e-06            
[04/19/26 18:06:01] INFO     Saved checkpoint to                               
                             C:\Users\artun\Desktop\ITS-project\checkpoints\sco
                             re_fmnist_v2\score_epoch_0045.pt                  
[04/19/26 18:06:16] WARNING  High grad norm: 1332.10 at epoch=46 step=10035    
                    WARNING  High grad norm: 1761.80 at epoch=46 step=10036    
                    WARNING  High grad norm: 842.09 at epoch=46 step=10037     
                    WARNING  High grad norm: 704.16 at epoch=46 step=10038     
                    WARNING  High grad norm: 1662.04 at epoch=46 step=10039    
[04/19/26 18:06:17] WARNING  High grad norm: 1868.88 at epoch=46 step=10040    
                    WARNING  High grad norm: 2706.16 at epoch=46 step=10041    
                    WARNING  High grad norm: 784.47 at epoch=46 step=10042     
                    WARNING  High grad norm: 1392.19 at epoch=46 step=10043    
                    WARNING  High grad norm: 1137.71 at epoch=46 step=10044    
[04/19/26 18:06:18] WARNING  High grad norm: 955.33 at epoch=46 step=10045     
                    WARNING  High grad norm: 1670.17 at epoch=46 step=10046    
                    WARNING  High grad norm: 771.05 at epoch=46 step=10047     
                    WARNING  High grad norm: 2876.75 at epoch=46 step=10048    
[04/19/26 18:06:19] WARNING  High grad norm: 3341.59 at epoch=46 step=10049    
                    WARNING  High grad norm: 5177.76 at epoch=46 step=10050    
                    WARNING  High grad norm: 3059.90 at epoch=46 step=10051    
                    WARNING  High grad norm: 1113.96 at epoch=46 step=10052    
                    WARNING  High grad norm: 1211.35 at epoch=46 step=10053    
[04/19/26 18:06:20] WARNING  High grad norm: 592.02 at epoch=46 step=10054     
                    WARNING  High grad norm: 2372.89 at epoch=46 step=10055    
                    WARNING  High grad norm: 2641.12 at epoch=46 step=10056    
                    WARNING  High grad norm: 1525.10 at epoch=46 step=10057    
[04/19/26 18:06:21] WARNING  High grad norm: 1890.42 at epoch=46 step=10058    
                    WARNING  High grad norm: 923.04 at epoch=46 step=10059     
                    WARNING  High grad norm: 3248.88 at epoch=46 step=10060    
                    WARNING  High grad norm: 1355.98 at epoch=46 step=10061    
                    WARNING  High grad norm: 1802.11 at epoch=46 step=10062    
[04/19/26 18:06:22] WARNING  High grad norm: 1202.05 at epoch=46 step=10063    
                    WARNING  High grad norm: 2452.64 at epoch=46 step=10064    
                    WARNING  High grad norm: 722.04 at epoch=46 step=10065     
                    WARNING  High grad norm: 2016.24 at epoch=46 step=10066    
                    WARNING  High grad norm: 659.47 at epoch=46 step=10067     
[04/19/26 18:06:23] WARNING  High grad norm: 1136.32 at epoch=46 step=10068    
                    WARNING  High grad norm: 1391.97 at epoch=46 step=10069    
                    WARNING  High grad norm: 978.07 at epoch=46 step=10070     
                    WARNING  High grad norm: 1772.10 at epoch=46 step=10071    
[04/19/26 18:06:24] WARNING  High grad norm: 1538.77 at epoch=46 step=10072    
                    WARNING  High grad norm: 1079.55 at epoch=46 step=10073    
                    WARNING  High grad norm: 1350.21 at epoch=46 step=10074    
                    WARNING  High grad norm: 1381.56 at epoch=46 step=10075    
                    WARNING  High grad norm: 1020.34 at epoch=46 step=10076    
[04/19/26 18:06:25] WARNING  High grad norm: 2312.04 at epoch=46 step=10077    
                    WARNING  High grad norm: 1173.28 at epoch=46 step=10078    
                    WARNING  High grad norm: 2147.34 at epoch=46 step=10079    
                    WARNING  High grad norm: 2888.20 at epoch=46 step=10080    
[04/19/26 18:06:26] WARNING  High grad norm: 3171.20 at epoch=46 step=10081    
                    WARNING  High grad norm: 880.85 at epoch=46 step=10082     
                    WARNING  High grad norm: 1162.71 at epoch=46 step=10083    
                    WARNING  High grad norm: 2377.47 at epoch=46 step=10084    
                    WARNING  High grad norm: 1331.26 at epoch=46 step=10085    
[04/19/26 18:06:27] WARNING  High grad norm: 1808.73 at epoch=46 step=10086    
                    WARNING  High grad norm: 2729.38 at epoch=46 step=10087    
                    WARNING  High grad norm: 947.27 at epoch=46 step=10088     
                    WARNING  High grad norm: 756.91 at epoch=46 step=10089     
[04/19/26 18:06:28] WARNING  High grad norm: 1104.70 at epoch=46 step=10090    
                    WARNING  High grad norm: 844.71 at epoch=46 step=10091     
                    WARNING  High grad norm: 2189.76 at epoch=46 step=10092    
                    WARNING  High grad norm: 1503.74 at epoch=46 step=10093    
                    WARNING  High grad norm: 970.40 at epoch=46 step=10094     
[04/19/26 18:06:29] WARNING  High grad norm: 857.56 at epoch=46 step=10095     
                    WARNING  High grad norm: 747.55 at epoch=46 step=10096     
                    WARNING  High grad norm: 1342.79 at epoch=46 step=10097    
                    WARNING  High grad norm: 2209.79 at epoch=46 step=10098    
                    WARNING  High grad norm: 1298.24 at epoch=46 step=10099    
                    INFO     epoch=46 step=10100 loss=476.3507                 
                             grad_norm=1298.2428 lr=5.32e-06                   
[04/19/26 18:06:30] WARNING  High grad norm: 1165.48 at epoch=46 step=10100    
                    WARNING  High grad norm: 1419.61 at epoch=46 step=10101    
                    WARNING  High grad norm: 1933.24 at epoch=46 step=10102    
                    WARNING  High grad norm: 948.82 at epoch=46 step=10103     
[04/19/26 18:06:31] WARNING  High grad norm: 1442.53 at epoch=46 step=10104    
                    WARNING  High grad norm: 3235.54 at epoch=46 step=10105    
                    WARNING  High grad norm: 2326.59 at epoch=46 step=10106    
                    WARNING  High grad norm: 2149.51 at epoch=46 step=10107    
                    WARNING  High grad norm: 1040.51 at epoch=46 step=10108    
[04/19/26 18:06:32] WARNING  High grad norm: 822.67 at epoch=46 step=10109     
                    WARNING  High grad norm: 1135.83 at epoch=46 step=10110    
                    WARNING  High grad norm: 1481.17 at epoch=46 step=10111    
                    WARNING  High grad norm: 930.03 at epoch=46 step=10112     
[04/19/26 18:06:33] WARNING  High grad norm: 979.33 at epoch=46 step=10113     
                    WARNING  High grad norm: 896.12 at epoch=46 step=10114     
                    WARNING  High grad norm: 1033.65 at epoch=46 step=10115    
                    WARNING  High grad norm: 1217.02 at epoch=46 step=10116    
                    WARNING  High grad norm: 926.25 at epoch=46 step=10117     
[04/19/26 18:06:34] WARNING  High grad norm: 1890.52 at epoch=46 step=10118    
                    WARNING  High grad norm: 1002.79 at epoch=46 step=10119    
                    WARNING  High grad norm: 1816.12 at epoch=46 step=10120    
                    WARNING  High grad norm: 1638.69 at epoch=46 step=10121    
                    WARNING  High grad norm: 1833.14 at epoch=46 step=10122    
[04/19/26 18:06:35] WARNING  High grad norm: 1059.18 at epoch=46 step=10123    
                    WARNING  High grad norm: 1196.70 at epoch=46 step=10124    
                    WARNING  High grad norm: 2161.88 at epoch=46 step=10125    
                    WARNING  High grad norm: 1856.88 at epoch=46 step=10126    
[04/19/26 18:06:36] WARNING  High grad norm: 1251.03 at epoch=46 step=10127    
                    WARNING  High grad norm: 2489.00 at epoch=46 step=10128    
                    WARNING  High grad norm: 955.98 at epoch=46 step=10129     
                    WARNING  High grad norm: 2955.38 at epoch=46 step=10130    
                    WARNING  High grad norm: 2647.30 at epoch=46 step=10131    
[04/19/26 18:06:37] WARNING  High grad norm: 2024.85 at epoch=46 step=10132    
                    WARNING  High grad norm: 1035.72 at epoch=46 step=10133    
                    WARNING  High grad norm: 1750.80 at epoch=46 step=10134    
                    WARNING  High grad norm: 1722.65 at epoch=46 step=10135    
[04/19/26 18:06:38] WARNING  High grad norm: 1417.63 at epoch=46 step=10136    
                    WARNING  High grad norm: 1331.36 at epoch=46 step=10137    
                    WARNING  High grad norm: 2584.52 at epoch=46 step=10138    
                    WARNING  High grad norm: 2071.79 at epoch=46 step=10139    
                    WARNING  High grad norm: 2751.13 at epoch=46 step=10140    
[04/19/26 18:06:39] WARNING  High grad norm: 1785.87 at epoch=46 step=10141    
                    WARNING  High grad norm: 1892.28 at epoch=46 step=10142    
                    WARNING  High grad norm: 829.32 at epoch=46 step=10143     
                    WARNING  High grad norm: 949.82 at epoch=46 step=10144     
[04/19/26 18:06:40] WARNING  High grad norm: 1053.31 at epoch=46 step=10145    
                    WARNING  High grad norm: 1076.55 at epoch=46 step=10146    
                    WARNING  High grad norm: 1001.95 at epoch=46 step=10147    
                    WARNING  High grad norm: 1089.13 at epoch=46 step=10148    
                    WARNING  High grad norm: 1798.26 at epoch=46 step=10149    
[04/19/26 18:06:41] WARNING  High grad norm: 1131.10 at epoch=46 step=10150    
                    WARNING  High grad norm: 3506.41 at epoch=46 step=10151    
                    WARNING  High grad norm: 2863.10 at epoch=46 step=10152    
                    WARNING  High grad norm: 865.31 at epoch=46 step=10153     
                    WARNING  High grad norm: 1021.55 at epoch=46 step=10154    
[04/19/26 18:06:42] WARNING  High grad norm: 1081.92 at epoch=46 step=10155    
                    WARNING  High grad norm: 1362.80 at epoch=46 step=10156    
                    WARNING  High grad norm: 2347.27 at epoch=46 step=10157    
                    WARNING  High grad norm: 753.40 at epoch=46 step=10158     
[04/19/26 18:06:43] WARNING  High grad norm: 810.56 at epoch=46 step=10159     
                    WARNING  High grad norm: 977.29 at epoch=46 step=10160     
                    WARNING  High grad norm: 1221.20 at epoch=46 step=10161    
                    WARNING  High grad norm: 1274.31 at epoch=46 step=10162    
                    WARNING  High grad norm: 975.71 at epoch=46 step=10163     
[04/19/26 18:06:44] WARNING  High grad norm: 1118.32 at epoch=46 step=10164    
                    WARNING  High grad norm: 2151.43 at epoch=46 step=10165    
                    WARNING  High grad norm: 931.27 at epoch=46 step=10166     
                    WARNING  High grad norm: 2157.92 at epoch=46 step=10167    
[04/19/26 18:06:45] WARNING  High grad norm: 1867.33 at epoch=46 step=10168    
                    WARNING  High grad norm: 1526.55 at epoch=46 step=10169    
                    WARNING  High grad norm: 911.62 at epoch=46 step=10170     
                    WARNING  High grad norm: 1625.15 at epoch=46 step=10171    
                    WARNING  High grad norm: 979.27 at epoch=46 step=10172     
[04/19/26 18:06:46] WARNING  High grad norm: 2662.74 at epoch=46 step=10173    
                    WARNING  High grad norm: 600.93 at epoch=46 step=10174     
                    WARNING  High grad norm: 1124.05 at epoch=46 step=10175    
                    WARNING  High grad norm: 958.30 at epoch=46 step=10176     
[04/19/26 18:06:47] WARNING  High grad norm: 1835.12 at epoch=46 step=10177    
                    WARNING  High grad norm: 876.00 at epoch=46 step=10178     
                    WARNING  High grad norm: 1113.12 at epoch=46 step=10179    
                    WARNING  High grad norm: 1312.97 at epoch=46 step=10180    
                    WARNING  High grad norm: 2330.42 at epoch=46 step=10181    
[04/19/26 18:06:48] WARNING  High grad norm: 1496.73 at epoch=46 step=10182    
                    WARNING  High grad norm: 833.81 at epoch=46 step=10183     
                    WARNING  High grad norm: 2046.61 at epoch=46 step=10184    
                    WARNING  High grad norm: 1176.50 at epoch=46 step=10185    
                    WARNING  High grad norm: 877.51 at epoch=46 step=10186     
[04/19/26 18:06:49] WARNING  High grad norm: 1024.23 at epoch=46 step=10187    
                    WARNING  High grad norm: 1476.80 at epoch=46 step=10188    
                    WARNING  High grad norm: 793.53 at epoch=46 step=10189     
                    WARNING  High grad norm: 592.32 at epoch=46 step=10190     
[04/19/26 18:06:50] WARNING  High grad norm: 1733.87 at epoch=46 step=10191    
                    WARNING  High grad norm: 1263.09 at epoch=46 step=10192    
                    WARNING  High grad norm: 2252.35 at epoch=46 step=10193    
                    WARNING  High grad norm: 1188.81 at epoch=46 step=10194    
                    WARNING  High grad norm: 898.37 at epoch=46 step=10195     
[04/19/26 18:06:51] WARNING  High grad norm: 1164.57 at epoch=46 step=10196    
                    WARNING  High grad norm: 1262.20 at epoch=46 step=10197    
                    WARNING  High grad norm: 735.41 at epoch=46 step=10198     
                    WARNING  High grad norm: 1185.48 at epoch=46 step=10199    
                    INFO     epoch=46 step=10200 loss=478.6977                 
                             grad_norm=1185.4818 lr=4.54e-06                   
[04/19/26 18:06:52] WARNING  High grad norm: 1545.83 at epoch=46 step=10200    
                    WARNING  High grad norm: 1728.45 at epoch=46 step=10201    
                    WARNING  High grad norm: 1196.97 at epoch=46 step=10202    
                    WARNING  High grad norm: 750.28 at epoch=46 step=10203     
                    WARNING  High grad norm: 1473.50 at epoch=46 step=10204    
[04/19/26 18:06:53] WARNING  High grad norm: 743.28 at epoch=46 step=10205     
                    WARNING  High grad norm: 2581.78 at epoch=46 step=10206    
                    WARNING  High grad norm: 1683.13 at epoch=46 step=10207    
                    WARNING  High grad norm: 2779.18 at epoch=46 step=10208    
[04/19/26 18:06:54] WARNING  High grad norm: 593.80 at epoch=46 step=10209     
                    WARNING  High grad norm: 845.09 at epoch=46 step=10210     
                    WARNING  High grad norm: 1538.77 at epoch=46 step=10211    
                    WARNING  High grad norm: 1480.54 at epoch=46 step=10212    
                    WARNING  High grad norm: 1643.90 at epoch=46 step=10213    
[04/19/26 18:06:55] WARNING  High grad norm: 1391.90 at epoch=46 step=10214    
                    WARNING  High grad norm: 1170.64 at epoch=46 step=10215    
                    WARNING  High grad norm: 988.66 at epoch=46 step=10216     
                    WARNING  High grad norm: 1177.02 at epoch=46 step=10217    
                    WARNING  High grad norm: 1205.83 at epoch=46 step=10218    
[04/19/26 18:06:56] WARNING  High grad norm: 824.49 at epoch=46 step=10219     
                    WARNING  High grad norm: 945.49 at epoch=46 step=10220     
                    WARNING  High grad norm: 1519.74 at epoch=46 step=10221    
                    WARNING  High grad norm: 2462.43 at epoch=46 step=10222    
[04/19/26 18:06:57] WARNING  High grad norm: 1868.53 at epoch=46 step=10223    
                    WARNING  High grad norm: 2108.31 at epoch=46 step=10224    
                    WARNING  High grad norm: 1341.17 at epoch=46 step=10225    
                    WARNING  High grad norm: 1090.80 at epoch=46 step=10226    
                    WARNING  High grad norm: 1352.73 at epoch=46 step=10227    
[04/19/26 18:06:58] WARNING  High grad norm: 2930.90 at epoch=46 step=10228    
                    WARNING  High grad norm: 2591.20 at epoch=46 step=10229    
                    WARNING  High grad norm: 1872.43 at epoch=46 step=10230    
                    WARNING  High grad norm: 2341.23 at epoch=46 step=10231    
[04/19/26 18:06:59] WARNING  High grad norm: 719.15 at epoch=46 step=10232     
                    WARNING  High grad norm: 1773.05 at epoch=46 step=10233    
                    WARNING  High grad norm: 838.11 at epoch=46 step=10234     
                    WARNING  High grad norm: 903.62 at epoch=46 step=10235     
                    WARNING  High grad norm: 737.31 at epoch=46 step=10236     
[04/19/26 18:07:00] WARNING  High grad norm: 754.36 at epoch=46 step=10237     
                    WARNING  High grad norm: 3246.90 at epoch=46 step=10238    
                    WARNING  High grad norm: 2901.26 at epoch=46 step=10239    
                    WARNING  High grad norm: 1390.43 at epoch=46 step=10240    
                    WARNING  High grad norm: 626.43 at epoch=46 step=10241     
[04/19/26 18:07:01] WARNING  High grad norm: 1482.72 at epoch=46 step=10242    
                    WARNING  High grad norm: 1767.98 at epoch=46 step=10243    
                    WARNING  High grad norm: 1543.63 at epoch=46 step=10244    
                    WARNING  High grad norm: 1687.56 at epoch=46 step=10245    
[04/19/26 18:07:02] WARNING  High grad norm: 1685.45 at epoch=46 step=10246    
                    WARNING  High grad norm: 960.24 at epoch=46 step=10247     
                    WARNING  High grad norm: 2524.35 at epoch=46 step=10248    
                    WARNING  High grad norm: 2800.53 at epoch=46 step=10249    
                    WARNING  High grad norm: 5879.43 at epoch=46 step=10250    
[04/19/26 18:07:03] WARNING  High grad norm: 2079.05 at epoch=46 step=10251    
                    WARNING  High grad norm: 1326.15 at epoch=46 step=10252    
                    WARNING  High grad norm: 967.08 at epoch=46 step=10253     
                    WARNING  High grad norm: 866.29 at epoch=46 step=10254     
[04/19/26 18:07:04] WARNING  High grad norm: 1675.72 at epoch=46 step=10255    
                    WARNING  High grad norm: 2159.74 at epoch=46 step=10256    
                    WARNING  High grad norm: 2826.23 at epoch=46 step=10257    
                    INFO     epoch=46 avg_loss=478.4607 lr=4.13e-06            
[04/19/26 18:07:18] WARNING  High grad norm: 1317.73 at epoch=47 step=10258    
                    WARNING  High grad norm: 1794.80 at epoch=47 step=10259    
                    WARNING  High grad norm: 1415.88 at epoch=47 step=10260    
[04/19/26 18:07:19] WARNING  High grad norm: 952.12 at epoch=47 step=10261     
                    WARNING  High grad norm: 1562.10 at epoch=47 step=10262    
                    WARNING  High grad norm: 1527.19 at epoch=47 step=10263    
                    WARNING  High grad norm: 2766.07 at epoch=47 step=10264    
[04/19/26 18:07:20] WARNING  High grad norm: 1845.12 at epoch=47 step=10265    
                    WARNING  High grad norm: 2400.60 at epoch=47 step=10266    
                    WARNING  High grad norm: 2352.38 at epoch=47 step=10267    
                    WARNING  High grad norm: 2892.19 at epoch=47 step=10268    
                    WARNING  High grad norm: 1436.62 at epoch=47 step=10269    
[04/19/26 18:07:21] WARNING  High grad norm: 859.69 at epoch=47 step=10270     
                    WARNING  High grad norm: 1758.17 at epoch=47 step=10271    
                    WARNING  High grad norm: 2415.00 at epoch=47 step=10272    
                    WARNING  High grad norm: 651.25 at epoch=47 step=10273     
[04/19/26 18:07:22] WARNING  High grad norm: 844.12 at epoch=47 step=10274     
                    WARNING  High grad norm: 779.35 at epoch=47 step=10275     
                    WARNING  High grad norm: 2335.34 at epoch=47 step=10276    
                    WARNING  High grad norm: 1268.60 at epoch=47 step=10277    
                    WARNING  High grad norm: 1756.56 at epoch=47 step=10278    
[04/19/26 18:07:23] WARNING  High grad norm: 1005.19 at epoch=47 step=10279    
                    WARNING  High grad norm: 893.35 at epoch=47 step=10280     
                    WARNING  High grad norm: 1308.19 at epoch=47 step=10281    
                    WARNING  High grad norm: 1091.61 at epoch=47 step=10282    
                    WARNING  High grad norm: 900.14 at epoch=47 step=10283     
[04/19/26 18:07:24] WARNING  High grad norm: 1210.71 at epoch=47 step=10284    
                    WARNING  High grad norm: 740.85 at epoch=47 step=10285     
                    WARNING  High grad norm: 592.42 at epoch=47 step=10286     
                    WARNING  High grad norm: 675.85 at epoch=47 step=10287     
[04/19/26 18:07:25] WARNING  High grad norm: 2435.04 at epoch=47 step=10288    
                    WARNING  High grad norm: 1752.38 at epoch=47 step=10289    
                    WARNING  High grad norm: 1364.73 at epoch=47 step=10290    
                    WARNING  High grad norm: 2263.98 at epoch=47 step=10291    
                    WARNING  High grad norm: 2326.56 at epoch=47 step=10292    
[04/19/26 18:07:26] WARNING  High grad norm: 796.60 at epoch=47 step=10293     
                    WARNING  High grad norm: 597.44 at epoch=47 step=10294     
                    WARNING  High grad norm: 3154.48 at epoch=47 step=10295    
                    WARNING  High grad norm: 1251.44 at epoch=47 step=10296    
[04/19/26 18:07:27] WARNING  High grad norm: 1585.42 at epoch=47 step=10297    
                    WARNING  High grad norm: 2349.63 at epoch=47 step=10298    
                    WARNING  High grad norm: 1055.51 at epoch=47 step=10299    
                    INFO     epoch=47 step=10300 loss=478.7020                 
                             grad_norm=1055.5093 lr=3.84e-06                   
                    WARNING  High grad norm: 660.72 at epoch=47 step=10300     
                    WARNING  High grad norm: 1167.58 at epoch=47 step=10301    
[04/19/26 18:07:28] WARNING  High grad norm: 670.18 at epoch=47 step=10302     
                    WARNING  High grad norm: 1555.16 at epoch=47 step=10303    
                    WARNING  High grad norm: 913.98 at epoch=47 step=10304     
                    WARNING  High grad norm: 2854.62 at epoch=47 step=10305    
                    WARNING  High grad norm: 3585.33 at epoch=47 step=10306    
[04/19/26 18:07:29] WARNING  High grad norm: 2871.06 at epoch=47 step=10307    
                    WARNING  High grad norm: 2283.34 at epoch=47 step=10308    
                    WARNING  High grad norm: 1842.29 at epoch=47 step=10309    
                    WARNING  High grad norm: 1519.69 at epoch=47 step=10310    
[04/19/26 18:07:30] WARNING  High grad norm: 1235.43 at epoch=47 step=10311    
                    WARNING  High grad norm: 3677.05 at epoch=47 step=10312    
                    WARNING  High grad norm: 3390.73 at epoch=47 step=10313    
                    WARNING  High grad norm: 3452.64 at epoch=47 step=10314    
                    WARNING  High grad norm: 2404.12 at epoch=47 step=10315    
[04/19/26 18:07:31] WARNING  High grad norm: 1327.76 at epoch=47 step=10316    
                    WARNING  High grad norm: 2765.80 at epoch=47 step=10317    
                    WARNING  High grad norm: 778.82 at epoch=47 step=10318     
                    WARNING  High grad norm: 3683.85 at epoch=47 step=10319    
[04/19/26 18:07:32] WARNING  High grad norm: 1116.25 at epoch=47 step=10320    
                    WARNING  High grad norm: 2824.19 at epoch=47 step=10321    
                    WARNING  High grad norm: 2784.29 at epoch=47 step=10322    
                    WARNING  High grad norm: 1250.09 at epoch=47 step=10323    
                    WARNING  High grad norm: 780.25 at epoch=47 step=10324     
[04/19/26 18:07:33] WARNING  High grad norm: 2207.60 at epoch=47 step=10325    
                    WARNING  High grad norm: 1176.09 at epoch=47 step=10326    
                    WARNING  High grad norm: 1231.26 at epoch=47 step=10327    
                    WARNING  High grad norm: 961.18 at epoch=47 step=10328     
[04/19/26 18:07:34] WARNING  High grad norm: 1031.59 at epoch=47 step=10329    
                    WARNING  High grad norm: 3261.51 at epoch=47 step=10330    
                    WARNING  High grad norm: 883.40 at epoch=47 step=10331     
                    WARNING  High grad norm: 1196.84 at epoch=47 step=10332    
                    WARNING  High grad norm: 1022.90 at epoch=47 step=10333    
[04/19/26 18:07:35] WARNING  High grad norm: 1249.10 at epoch=47 step=10334    
                    WARNING  High grad norm: 1293.34 at epoch=47 step=10335    
                    WARNING  High grad norm: 2046.70 at epoch=47 step=10336    
                    WARNING  High grad norm: 701.50 at epoch=47 step=10337     
                    WARNING  High grad norm: 1204.08 at epoch=47 step=10338    
[04/19/26 18:07:36] WARNING  High grad norm: 998.21 at epoch=47 step=10339     
                    WARNING  High grad norm: 1265.56 at epoch=47 step=10340    
                    WARNING  High grad norm: 2454.19 at epoch=47 step=10341    
                    WARNING  High grad norm: 1157.53 at epoch=47 step=10342    
[04/19/26 18:07:37] WARNING  High grad norm: 636.81 at epoch=47 step=10343     
                    WARNING  High grad norm: 1617.78 at epoch=47 step=10344    
                    WARNING  High grad norm: 1061.15 at epoch=47 step=10345    
                    WARNING  High grad norm: 1190.58 at epoch=47 step=10346    
                    WARNING  High grad norm: 1909.37 at epoch=47 step=10347    
[04/19/26 18:07:38] WARNING  High grad norm: 2404.45 at epoch=47 step=10348    
                    WARNING  High grad norm: 968.42 at epoch=47 step=10349     
                    WARNING  High grad norm: 1355.35 at epoch=47 step=10350    
                    WARNING  High grad norm: 1787.15 at epoch=47 step=10351    
[04/19/26 18:07:39] WARNING  High grad norm: 1057.30 at epoch=47 step=10352    
                    WARNING  High grad norm: 1051.77 at epoch=47 step=10353    
                    WARNING  High grad norm: 849.11 at epoch=47 step=10354     
                    WARNING  High grad norm: 2551.19 at epoch=47 step=10355    
                    WARNING  High grad norm: 2096.81 at epoch=47 step=10356    
[04/19/26 18:07:40] WARNING  High grad norm: 3144.51 at epoch=47 step=10357    
                    WARNING  High grad norm: 3551.87 at epoch=47 step=10358    
                    WARNING  High grad norm: 3480.19 at epoch=47 step=10359    
                    WARNING  High grad norm: 2615.81 at epoch=47 step=10360    
[04/19/26 18:07:41] WARNING  High grad norm: 931.34 at epoch=47 step=10361     
                    WARNING  High grad norm: 1849.65 at epoch=47 step=10362    
                    WARNING  High grad norm: 2135.14 at epoch=47 step=10363    
                    WARNING  High grad norm: 2246.25 at epoch=47 step=10364    
                    WARNING  High grad norm: 969.17 at epoch=47 step=10365     
[04/19/26 18:07:42] WARNING  High grad norm: 869.52 at epoch=47 step=10366     
                    WARNING  High grad norm: 1608.61 at epoch=47 step=10367    
                    WARNING  High grad norm: 1642.95 at epoch=47 step=10368    
                    WARNING  High grad norm: 1022.56 at epoch=47 step=10369    
                    WARNING  High grad norm: 1260.33 at epoch=47 step=10370    
[04/19/26 18:07:43] WARNING  High grad norm: 2321.72 at epoch=47 step=10371    
                    WARNING  High grad norm: 1790.54 at epoch=47 step=10372    
                    WARNING  High grad norm: 2173.42 at epoch=47 step=10373    
                    WARNING  High grad norm: 875.94 at epoch=47 step=10374     
[04/19/26 18:07:44] WARNING  High grad norm: 2322.15 at epoch=47 step=10375    
                    WARNING  High grad norm: 1082.76 at epoch=47 step=10376    
                    WARNING  High grad norm: 781.73 at epoch=47 step=10377     
                    WARNING  High grad norm: 1318.13 at epoch=47 step=10378    
                    WARNING  High grad norm: 846.22 at epoch=47 step=10379     
[04/19/26 18:07:45] WARNING  High grad norm: 653.52 at epoch=47 step=10380     
                    WARNING  High grad norm: 1793.97 at epoch=47 step=10381    
                    WARNING  High grad norm: 3143.94 at epoch=47 step=10382    
                    WARNING  High grad norm: 2054.14 at epoch=47 step=10383    
[04/19/26 18:07:46] WARNING  High grad norm: 1020.76 at epoch=47 step=10384    
                    WARNING  High grad norm: 813.22 at epoch=47 step=10385     
                    WARNING  High grad norm: 2343.78 at epoch=47 step=10386    
                    WARNING  High grad norm: 3068.49 at epoch=47 step=10387    
                    WARNING  High grad norm: 1813.96 at epoch=47 step=10388    
[04/19/26 18:07:47] WARNING  High grad norm: 900.78 at epoch=47 step=10389     
                    WARNING  High grad norm: 1964.66 at epoch=47 step=10390    
                    WARNING  High grad norm: 1000.99 at epoch=47 step=10391    
                    WARNING  High grad norm: 822.40 at epoch=47 step=10392     
                    WARNING  High grad norm: 1822.19 at epoch=47 step=10393    
[04/19/26 18:07:48] WARNING  High grad norm: 2220.88 at epoch=47 step=10394    
                    WARNING  High grad norm: 1530.17 at epoch=47 step=10395    
                    WARNING  High grad norm: 779.40 at epoch=47 step=10396     
                    WARNING  High grad norm: 1449.46 at epoch=47 step=10397    
[04/19/26 18:07:49] WARNING  High grad norm: 1708.35 at epoch=47 step=10398    
                    WARNING  High grad norm: 1787.57 at epoch=47 step=10399    
                    INFO     epoch=47 step=10400 loss=482.5674                 
                             grad_norm=1787.5723 lr=3.21e-06                   
                    WARNING  High grad norm: 916.89 at epoch=47 step=10400     
                    WARNING  High grad norm: 682.88 at epoch=47 step=10401     
                    WARNING  High grad norm: 952.24 at epoch=47 step=10402     
[04/19/26 18:07:50] WARNING  High grad norm: 1277.74 at epoch=47 step=10403    
                    WARNING  High grad norm: 1003.55 at epoch=47 step=10404    
                    WARNING  High grad norm: 619.58 at epoch=47 step=10405     
                    WARNING  High grad norm: 880.76 at epoch=47 step=10406     
[04/19/26 18:07:51] WARNING  High grad norm: 996.75 at epoch=47 step=10407     
                    WARNING  High grad norm: 1577.69 at epoch=47 step=10408    
                    WARNING  High grad norm: 916.08 at epoch=47 step=10409     
                    WARNING  High grad norm: 1022.79 at epoch=47 step=10410    
                    WARNING  High grad norm: 1347.24 at epoch=47 step=10411    
[04/19/26 18:07:52] WARNING  High grad norm: 2550.42 at epoch=47 step=10412    
                    WARNING  High grad norm: 1490.23 at epoch=47 step=10413    
                    WARNING  High grad norm: 863.48 at epoch=47 step=10414     
                    WARNING  High grad norm: 1009.73 at epoch=47 step=10415    
[04/19/26 18:07:53] WARNING  High grad norm: 855.50 at epoch=47 step=10416     
                    WARNING  High grad norm: 1874.94 at epoch=47 step=10417    
                    WARNING  High grad norm: 1145.53 at epoch=47 step=10418    
                    WARNING  High grad norm: 620.75 at epoch=47 step=10419     
                    WARNING  High grad norm: 1796.71 at epoch=47 step=10420    
[04/19/26 18:07:54] WARNING  High grad norm: 903.86 at epoch=47 step=10421     
                    WARNING  High grad norm: 836.13 at epoch=47 step=10422     
                    WARNING  High grad norm: 881.47 at epoch=47 step=10423     
                    WARNING  High grad norm: 1079.41 at epoch=47 step=10424    
[04/19/26 18:07:55] WARNING  High grad norm: 1655.42 at epoch=47 step=10425    
                    WARNING  High grad norm: 610.73 at epoch=47 step=10426     
                    WARNING  High grad norm: 1132.48 at epoch=47 step=10427    
                    WARNING  High grad norm: 1147.74 at epoch=47 step=10428    
                    WARNING  High grad norm: 818.01 at epoch=47 step=10429     
[04/19/26 18:07:56] WARNING  High grad norm: 1330.51 at epoch=47 step=10430    
                    WARNING  High grad norm: 693.99 at epoch=47 step=10431     
                    WARNING  High grad norm: 787.68 at epoch=47 step=10432     
                    WARNING  High grad norm: 1485.19 at epoch=47 step=10433    
                    WARNING  High grad norm: 1002.78 at epoch=47 step=10434    
[04/19/26 18:07:57] WARNING  High grad norm: 2133.99 at epoch=47 step=10435    
                    WARNING  High grad norm: 1060.91 at epoch=47 step=10436    
                    WARNING  High grad norm: 1044.04 at epoch=47 step=10437    
                    WARNING  High grad norm: 860.04 at epoch=47 step=10438     
[04/19/26 18:07:58] WARNING  High grad norm: 1377.92 at epoch=47 step=10439    
                    WARNING  High grad norm: 1342.46 at epoch=47 step=10440    
                    WARNING  High grad norm: 1041.15 at epoch=47 step=10441    
                    WARNING  High grad norm: 1237.74 at epoch=47 step=10442    
                    WARNING  High grad norm: 964.61 at epoch=47 step=10443     
[04/19/26 18:07:59] WARNING  High grad norm: 707.39 at epoch=47 step=10444     
                    WARNING  High grad norm: 1049.82 at epoch=47 step=10445    
                    WARNING  High grad norm: 3794.98 at epoch=47 step=10446    
                    WARNING  High grad norm: 2301.41 at epoch=47 step=10447    
[04/19/26 18:08:00] WARNING  High grad norm: 1211.68 at epoch=47 step=10448    
                    WARNING  High grad norm: 765.27 at epoch=47 step=10449     
                    WARNING  High grad norm: 779.03 at epoch=47 step=10450     
                    WARNING  High grad norm: 688.91 at epoch=47 step=10451     
                    WARNING  High grad norm: 1399.94 at epoch=47 step=10452    
[04/19/26 18:08:01] WARNING  High grad norm: 1837.19 at epoch=47 step=10453    
                    WARNING  High grad norm: 1610.60 at epoch=47 step=10454    
                    WARNING  High grad norm: 2386.17 at epoch=47 step=10455    
                    WARNING  High grad norm: 2491.13 at epoch=47 step=10456    
[04/19/26 18:08:02] WARNING  High grad norm: 1529.51 at epoch=47 step=10457    
                    WARNING  High grad norm: 528.63 at epoch=47 step=10458     
                    WARNING  High grad norm: 624.79 at epoch=47 step=10459     
                    WARNING  High grad norm: 909.25 at epoch=47 step=10460     
                    WARNING  High grad norm: 1050.05 at epoch=47 step=10461    
[04/19/26 18:08:03] WARNING  High grad norm: 1306.42 at epoch=47 step=10462    
                    WARNING  High grad norm: 3024.67 at epoch=47 step=10463    
                    WARNING  High grad norm: 984.22 at epoch=47 step=10464     
                    WARNING  High grad norm: 1031.46 at epoch=47 step=10465    
[04/19/26 18:08:04] WARNING  High grad norm: 3526.85 at epoch=47 step=10466    
                    WARNING  High grad norm: 1426.84 at epoch=47 step=10467    
                    WARNING  High grad norm: 1468.81 at epoch=47 step=10468    
                    WARNING  High grad norm: 2148.45 at epoch=47 step=10469    
                    WARNING  High grad norm: 2798.29 at epoch=47 step=10470    
[04/19/26 18:08:05] WARNING  High grad norm: 1549.47 at epoch=47 step=10471    
                    WARNING  High grad norm: 1258.78 at epoch=47 step=10472    
                    WARNING  High grad norm: 1104.37 at epoch=47 step=10473    
                    WARNING  High grad norm: 1205.88 at epoch=47 step=10474    
                    WARNING  High grad norm: 701.49 at epoch=47 step=10475     
[04/19/26 18:08:06] WARNING  High grad norm: 825.09 at epoch=47 step=10476     
                    WARNING  High grad norm: 852.42 at epoch=47 step=10477     
                    WARNING  High grad norm: 1987.33 at epoch=47 step=10478    
                    WARNING  High grad norm: 1659.61 at epoch=47 step=10479    
[04/19/26 18:08:07] WARNING  High grad norm: 1277.21 at epoch=47 step=10480    
                    INFO     epoch=47 avg_loss=482.6689 lr=2.76e-06            
[04/19/26 18:08:21] WARNING  High grad norm: 805.33 at epoch=48 step=10481     
                    WARNING  High grad norm: 958.03 at epoch=48 step=10482     
                    WARNING  High grad norm: 950.28 at epoch=48 step=10483     
                    WARNING  High grad norm: 1061.03 at epoch=48 step=10484    
[04/19/26 18:08:22] WARNING  High grad norm: 1387.75 at epoch=48 step=10485    
                    WARNING  High grad norm: 1712.12 at epoch=48 step=10486    
                    WARNING  High grad norm: 1257.85 at epoch=48 step=10487    
                    WARNING  High grad norm: 1412.51 at epoch=48 step=10488    
[04/19/26 18:08:23] WARNING  High grad norm: 2590.93 at epoch=48 step=10489    
                    WARNING  High grad norm: 1139.34 at epoch=48 step=10490    
                    WARNING  High grad norm: 3187.82 at epoch=48 step=10491    
                    WARNING  High grad norm: 1144.68 at epoch=48 step=10492    
                    WARNING  High grad norm: 1634.23 at epoch=48 step=10493    
[04/19/26 18:08:24] WARNING  High grad norm: 882.70 at epoch=48 step=10494     
                    WARNING  High grad norm: 799.62 at epoch=48 step=10495     
                    WARNING  High grad norm: 944.28 at epoch=48 step=10496     
                    WARNING  High grad norm: 830.52 at epoch=48 step=10497     
                    WARNING  High grad norm: 1177.49 at epoch=48 step=10498    
[04/19/26 18:08:25] WARNING  High grad norm: 1312.12 at epoch=48 step=10499    
                    INFO     epoch=48 step=10500 loss=482.9620                 
                             grad_norm=1312.1191 lr=2.66e-06                   
                    WARNING  High grad norm: 1300.09 at epoch=48 step=10500    
                    WARNING  High grad norm: 502.11 at epoch=48 step=10501     
                    WARNING  High grad norm: 1542.18 at epoch=48 step=10502    
[04/19/26 18:08:26] WARNING  High grad norm: 1212.96 at epoch=48 step=10503    
                    WARNING  High grad norm: 1393.42 at epoch=48 step=10504    
                    WARNING  High grad norm: 1694.22 at epoch=48 step=10505    
                    WARNING  High grad norm: 1503.31 at epoch=48 step=10506    
                    WARNING  High grad norm: 2909.06 at epoch=48 step=10507    
[04/19/26 18:08:27] WARNING  High grad norm: 1341.21 at epoch=48 step=10508    
                    WARNING  High grad norm: 1622.04 at epoch=48 step=10509    
                    WARNING  High grad norm: 795.24 at epoch=48 step=10510     
                    WARNING  High grad norm: 1806.06 at epoch=48 step=10511    
[04/19/26 18:08:28] WARNING  High grad norm: 925.15 at epoch=48 step=10512     
                    WARNING  High grad norm: 635.36 at epoch=48 step=10513     
                    WARNING  High grad norm: 1648.04 at epoch=48 step=10514    
                    WARNING  High grad norm: 1044.35 at epoch=48 step=10515    
                    WARNING  High grad norm: 1577.77 at epoch=48 step=10516    
[04/19/26 18:08:29] WARNING  High grad norm: 795.00 at epoch=48 step=10517     
                    WARNING  High grad norm: 2251.69 at epoch=48 step=10518    
                    WARNING  High grad norm: 2281.40 at epoch=48 step=10519    
                    WARNING  High grad norm: 4050.93 at epoch=48 step=10520    
                    WARNING  High grad norm: 2316.76 at epoch=48 step=10521    
[04/19/26 18:08:30] WARNING  High grad norm: 3134.14 at epoch=48 step=10522    
                    WARNING  High grad norm: 903.54 at epoch=48 step=10523     
                    WARNING  High grad norm: 1058.13 at epoch=48 step=10524    
                    WARNING  High grad norm: 1532.99 at epoch=48 step=10525    
[04/19/26 18:08:31] WARNING  High grad norm: 745.33 at epoch=48 step=10526     
                    WARNING  High grad norm: 1152.28 at epoch=48 step=10527    
                    WARNING  High grad norm: 1066.07 at epoch=48 step=10528    
                    WARNING  High grad norm: 1458.53 at epoch=48 step=10529    
                    WARNING  High grad norm: 1113.40 at epoch=48 step=10530    
[04/19/26 18:08:32] WARNING  High grad norm: 1592.82 at epoch=48 step=10531    
                    WARNING  High grad norm: 926.88 at epoch=48 step=10532     
                    WARNING  High grad norm: 1776.34 at epoch=48 step=10533    
                    WARNING  High grad norm: 2351.69 at epoch=48 step=10534    
[04/19/26 18:08:33] WARNING  High grad norm: 2375.92 at epoch=48 step=10535    
                    WARNING  High grad norm: 1048.98 at epoch=48 step=10536    
                    WARNING  High grad norm: 646.80 at epoch=48 step=10537     
                    WARNING  High grad norm: 1368.91 at epoch=48 step=10538    
                    WARNING  High grad norm: 1247.33 at epoch=48 step=10539    
[04/19/26 18:08:34] WARNING  High grad norm: 690.09 at epoch=48 step=10540     
                    WARNING  High grad norm: 952.55 at epoch=48 step=10541     
                    WARNING  High grad norm: 702.04 at epoch=48 step=10542     
                    WARNING  High grad norm: 755.51 at epoch=48 step=10543     
                    WARNING  High grad norm: 676.37 at epoch=48 step=10544     
[04/19/26 18:08:35] WARNING  High grad norm: 1194.89 at epoch=48 step=10545    
                    WARNING  High grad norm: 3228.64 at epoch=48 step=10546    
                    WARNING  High grad norm: 1773.87 at epoch=48 step=10547    
                    WARNING  High grad norm: 1252.54 at epoch=48 step=10548    
[04/19/26 18:08:36] WARNING  High grad norm: 878.30 at epoch=48 step=10549     
                    WARNING  High grad norm: 1945.33 at epoch=48 step=10550    
                    WARNING  High grad norm: 1002.83 at epoch=48 step=10551    
                    WARNING  High grad norm: 1462.96 at epoch=48 step=10552    
                    WARNING  High grad norm: 1148.22 at epoch=48 step=10553    
[04/19/26 18:08:37] WARNING  High grad norm: 887.56 at epoch=48 step=10554     
                    WARNING  High grad norm: 2337.12 at epoch=48 step=10555    
                    WARNING  High grad norm: 910.79 at epoch=48 step=10556     
                    WARNING  High grad norm: 547.89 at epoch=48 step=10557     
[04/19/26 18:08:38] WARNING  High grad norm: 2442.66 at epoch=48 step=10558    
                    WARNING  High grad norm: 1761.57 at epoch=48 step=10559    
                    WARNING  High grad norm: 1173.85 at epoch=48 step=10560    
                    WARNING  High grad norm: 2133.39 at epoch=48 step=10561    
                    WARNING  High grad norm: 1259.02 at epoch=48 step=10562    
[04/19/26 18:08:39] WARNING  High grad norm: 740.00 at epoch=48 step=10563     
                    WARNING  High grad norm: 772.38 at epoch=48 step=10564     
                    WARNING  High grad norm: 1982.84 at epoch=48 step=10565    
                    WARNING  High grad norm: 1274.82 at epoch=48 step=10566    
[04/19/26 18:08:40] WARNING  High grad norm: 1170.21 at epoch=48 step=10567    
                    WARNING  High grad norm: 767.05 at epoch=48 step=10568     
                    WARNING  High grad norm: 1250.78 at epoch=48 step=10569    
                    WARNING  High grad norm: 1358.49 at epoch=48 step=10570    
                    WARNING  High grad norm: 1362.10 at epoch=48 step=10571    
[04/19/26 18:08:41] WARNING  High grad norm: 561.96 at epoch=48 step=10572     
                    WARNING  High grad norm: 1066.81 at epoch=48 step=10573    
                    WARNING  High grad norm: 1336.42 at epoch=48 step=10574    
                    WARNING  High grad norm: 2349.38 at epoch=48 step=10575    
                    WARNING  High grad norm: 3905.99 at epoch=48 step=10576    
[04/19/26 18:08:42] WARNING  High grad norm: 554.13 at epoch=48 step=10577     
                    WARNING  High grad norm: 1122.53 at epoch=48 step=10578    
                    WARNING  High grad norm: 1000.03 at epoch=48 step=10579    
                    WARNING  High grad norm: 594.91 at epoch=48 step=10580     
[04/19/26 18:08:43] WARNING  High grad norm: 1594.50 at epoch=48 step=10581    
                    WARNING  High grad norm: 1183.88 at epoch=48 step=10582    
                    WARNING  High grad norm: 934.74 at epoch=48 step=10583     
                    WARNING  High grad norm: 1010.91 at epoch=48 step=10584    
                    WARNING  High grad norm: 909.67 at epoch=48 step=10585     
[04/19/26 18:08:44] WARNING  High grad norm: 1267.69 at epoch=48 step=10586    
                    WARNING  High grad norm: 925.26 at epoch=48 step=10587     
                    WARNING  High grad norm: 1220.32 at epoch=48 step=10588    
                    WARNING  High grad norm: 1934.52 at epoch=48 step=10589    
[04/19/26 18:08:45] WARNING  High grad norm: 2485.29 at epoch=48 step=10590    
                    WARNING  High grad norm: 1147.47 at epoch=48 step=10591    
                    WARNING  High grad norm: 811.37 at epoch=48 step=10592     
                    WARNING  High grad norm: 747.33 at epoch=48 step=10593     
                    WARNING  High grad norm: 814.82 at epoch=48 step=10594     
[04/19/26 18:08:46] WARNING  High grad norm: 856.58 at epoch=48 step=10595     
                    WARNING  High grad norm: 1306.09 at epoch=48 step=10596    
                    WARNING  High grad norm: 1169.29 at epoch=48 step=10597    
                    WARNING  High grad norm: 1342.93 at epoch=48 step=10598    
[04/19/26 18:08:47] WARNING  High grad norm: 733.39 at epoch=48 step=10599     
                    INFO     epoch=48 step=10600 loss=478.6841                 
                             grad_norm=733.3945 lr=2.19e-06                    
                    WARNING  High grad norm: 715.88 at epoch=48 step=10600     
                    WARNING  High grad norm: 1901.73 at epoch=48 step=10601    
                    WARNING  High grad norm: 2038.84 at epoch=48 step=10602    
                    WARNING  High grad norm: 1262.99 at epoch=48 step=10603    
[04/19/26 18:08:48] WARNING  High grad norm: 2084.24 at epoch=48 step=10604    
                    WARNING  High grad norm: 547.46 at epoch=48 step=10605     
                    WARNING  High grad norm: 1341.64 at epoch=48 step=10606    
                    WARNING  High grad norm: 771.48 at epoch=48 step=10607     
                    WARNING  High grad norm: 2826.86 at epoch=48 step=10608    
[04/19/26 18:08:49] WARNING  High grad norm: 862.83 at epoch=48 step=10609     
                    WARNING  High grad norm: 821.11 at epoch=48 step=10610     
                    WARNING  High grad norm: 563.88 at epoch=48 step=10611     
                    WARNING  High grad norm: 1136.51 at epoch=48 step=10612    
[04/19/26 18:08:50] WARNING  High grad norm: 567.89 at epoch=48 step=10613     
                    WARNING  High grad norm: 1137.63 at epoch=48 step=10614    
                    WARNING  High grad norm: 1665.75 at epoch=48 step=10615    
                    WARNING  High grad norm: 791.13 at epoch=48 step=10616     
                    WARNING  High grad norm: 1658.82 at epoch=48 step=10617    
[04/19/26 18:08:51] WARNING  High grad norm: 1720.99 at epoch=48 step=10618    
                    WARNING  High grad norm: 1498.69 at epoch=48 step=10619    
                    WARNING  High grad norm: 1947.30 at epoch=48 step=10620    
                    WARNING  High grad norm: 894.15 at epoch=48 step=10621     
[04/19/26 18:08:52] WARNING  High grad norm: 974.55 at epoch=48 step=10622     
                    WARNING  High grad norm: 1157.99 at epoch=48 step=10623    
                    WARNING  High grad norm: 747.66 at epoch=48 step=10624     
                    WARNING  High grad norm: 1469.45 at epoch=48 step=10625    
                    WARNING  High grad norm: 2026.59 at epoch=48 step=10626    
[04/19/26 18:08:53] WARNING  High grad norm: 2256.37 at epoch=48 step=10627    
                    WARNING  High grad norm: 1400.17 at epoch=48 step=10628    
                    WARNING  High grad norm: 1741.94 at epoch=48 step=10629    
                    WARNING  High grad norm: 632.37 at epoch=48 step=10630     
[04/19/26 18:08:54] WARNING  High grad norm: 939.37 at epoch=48 step=10631     
                    WARNING  High grad norm: 1453.02 at epoch=48 step=10632    
                    WARNING  High grad norm: 2221.55 at epoch=48 step=10633    
                    WARNING  High grad norm: 647.87 at epoch=48 step=10634     
                    WARNING  High grad norm: 1686.53 at epoch=48 step=10635    
[04/19/26 18:08:55] WARNING  High grad norm: 842.54 at epoch=48 step=10636     
                    WARNING  High grad norm: 1323.19 at epoch=48 step=10637    
                    WARNING  High grad norm: 1205.42 at epoch=48 step=10638    
                    WARNING  High grad norm: 1239.70 at epoch=48 step=10639    
                    WARNING  High grad norm: 2714.57 at epoch=48 step=10640    
[04/19/26 18:08:56] WARNING  High grad norm: 1179.88 at epoch=48 step=10641    
                    WARNING  High grad norm: 1390.69 at epoch=48 step=10642    
                    WARNING  High grad norm: 1337.99 at epoch=48 step=10643    
                    WARNING  High grad norm: 793.13 at epoch=48 step=10644     
[04/19/26 18:08:57] WARNING  High grad norm: 860.04 at epoch=48 step=10645     
                    WARNING  High grad norm: 1112.65 at epoch=48 step=10646    
                    WARNING  High grad norm: 1647.57 at epoch=48 step=10647    
                    WARNING  High grad norm: 1279.06 at epoch=48 step=10648    
                    WARNING  High grad norm: 1283.31 at epoch=48 step=10649    
[04/19/26 18:08:58] WARNING  High grad norm: 2922.64 at epoch=48 step=10650    
                    WARNING  High grad norm: 1050.21 at epoch=48 step=10651    
                    WARNING  High grad norm: 830.99 at epoch=48 step=10652     
                    WARNING  High grad norm: 1091.51 at epoch=48 step=10653    
[04/19/26 18:08:59] WARNING  High grad norm: 571.23 at epoch=48 step=10654     
                    WARNING  High grad norm: 888.38 at epoch=48 step=10655     
                    WARNING  High grad norm: 1033.90 at epoch=48 step=10656    
                    WARNING  High grad norm: 1584.00 at epoch=48 step=10657    
                    WARNING  High grad norm: 508.49 at epoch=48 step=10658     
[04/19/26 18:09:00] WARNING  High grad norm: 1317.57 at epoch=48 step=10659    
                    WARNING  High grad norm: 974.29 at epoch=48 step=10660     
                    WARNING  High grad norm: 1202.00 at epoch=48 step=10661    
                    WARNING  High grad norm: 1164.96 at epoch=48 step=10662    
[04/19/26 18:09:01] WARNING  High grad norm: 734.49 at epoch=48 step=10663     
                    WARNING  High grad norm: 848.92 at epoch=48 step=10664     
                    WARNING  High grad norm: 1409.84 at epoch=48 step=10665    
                    WARNING  High grad norm: 1042.75 at epoch=48 step=10666    
                    WARNING  High grad norm: 1498.09 at epoch=48 step=10667    
[04/19/26 18:09:02] WARNING  High grad norm: 2476.33 at epoch=48 step=10668    
                    WARNING  High grad norm: 2349.10 at epoch=48 step=10669    
                    WARNING  High grad norm: 2348.44 at epoch=48 step=10670    
                    WARNING  High grad norm: 1189.38 at epoch=48 step=10671    
[04/19/26 18:09:03] WARNING  High grad norm: 1641.69 at epoch=48 step=10672    
                    WARNING  High grad norm: 826.13 at epoch=48 step=10673     
                    WARNING  High grad norm: 570.94 at epoch=48 step=10674     
                    WARNING  High grad norm: 629.23 at epoch=48 step=10675     
                    WARNING  High grad norm: 2543.16 at epoch=48 step=10676    
[04/19/26 18:09:04] WARNING  High grad norm: 1992.28 at epoch=48 step=10677    
                    WARNING  High grad norm: 649.90 at epoch=48 step=10678     
                    WARNING  High grad norm: 1276.94 at epoch=48 step=10679    
                    WARNING  High grad norm: 2630.89 at epoch=48 step=10680    
                    WARNING  High grad norm: 1172.62 at epoch=48 step=10681    
[04/19/26 18:09:05] WARNING  High grad norm: 1102.03 at epoch=48 step=10682    
                    WARNING  High grad norm: 1127.11 at epoch=48 step=10683    
                    WARNING  High grad norm: 2033.07 at epoch=48 step=10684    
                    WARNING  High grad norm: 971.13 at epoch=48 step=10685     
[04/19/26 18:09:06] WARNING  High grad norm: 1211.90 at epoch=48 step=10686    
                    WARNING  High grad norm: 1455.51 at epoch=48 step=10687    
                    WARNING  High grad norm: 1515.33 at epoch=48 step=10688    
                    WARNING  High grad norm: 544.21 at epoch=48 step=10689     
                    WARNING  High grad norm: 1132.33 at epoch=48 step=10690    
[04/19/26 18:09:07] WARNING  High grad norm: 1671.82 at epoch=48 step=10691    
                    WARNING  High grad norm: 671.07 at epoch=48 step=10692     
                    WARNING  High grad norm: 988.08 at epoch=48 step=10693     
                    WARNING  High grad norm: 719.37 at epoch=48 step=10694     
[04/19/26 18:09:08] WARNING  High grad norm: 777.17 at epoch=48 step=10695     
                    WARNING  High grad norm: 704.17 at epoch=48 step=10696     
                    WARNING  High grad norm: 1042.26 at epoch=48 step=10697    
                    WARNING  High grad norm: 641.09 at epoch=48 step=10698     
                    WARNING  High grad norm: 634.67 at epoch=48 step=10699     
                    INFO     epoch=48 step=10700 loss=482.7372                 
                             grad_norm=634.6662 lr=1.80e-06                    
[04/19/26 18:09:09] WARNING  High grad norm: 556.41 at epoch=48 step=10700     
                    WARNING  High grad norm: 756.57 at epoch=48 step=10701     
                    WARNING  High grad norm: 1812.54 at epoch=48 step=10702    
                    WARNING  High grad norm: 2484.47 at epoch=48 step=10703    
[04/19/26 18:09:10] INFO     epoch=48 avg_loss=482.7587 lr=1.78e-06            
[04/19/26 18:09:24] WARNING  High grad norm: 2263.91 at epoch=49 step=10704    
                    WARNING  High grad norm: 1823.10 at epoch=49 step=10705    
                    WARNING  High grad norm: 1447.43 at epoch=49 step=10706    
                    WARNING  High grad norm: 724.43 at epoch=49 step=10707     
[04/19/26 18:09:25] WARNING  High grad norm: 676.79 at epoch=49 step=10708     
                    WARNING  High grad norm: 1333.34 at epoch=49 step=10709    
                    WARNING  High grad norm: 1567.49 at epoch=49 step=10710    
                    WARNING  High grad norm: 896.41 at epoch=49 step=10711     
                    WARNING  High grad norm: 1859.48 at epoch=49 step=10712    
[04/19/26 18:09:26] WARNING  High grad norm: 4110.71 at epoch=49 step=10713    
                    WARNING  High grad norm: 1123.27 at epoch=49 step=10714    
                    WARNING  High grad norm: 1742.21 at epoch=49 step=10715    
                    WARNING  High grad norm: 1813.76 at epoch=49 step=10716    
[04/19/26 18:09:27] WARNING  High grad norm: 964.66 at epoch=49 step=10717     
                    WARNING  High grad norm: 735.38 at epoch=49 step=10718     
                    WARNING  High grad norm: 1077.16 at epoch=49 step=10719    
                    WARNING  High grad norm: 739.38 at epoch=49 step=10720     
                    WARNING  High grad norm: 740.70 at epoch=49 step=10721     
[04/19/26 18:09:28] WARNING  High grad norm: 1820.14 at epoch=49 step=10722    
                    WARNING  High grad norm: 518.02 at epoch=49 step=10723     
                    WARNING  High grad norm: 911.14 at epoch=49 step=10724     
                    WARNING  High grad norm: 989.64 at epoch=49 step=10725     
                    WARNING  High grad norm: 946.17 at epoch=49 step=10726     
[04/19/26 18:09:29] WARNING  High grad norm: 1036.98 at epoch=49 step=10727    
                    WARNING  High grad norm: 834.41 at epoch=49 step=10728     
                    WARNING  High grad norm: 651.75 at epoch=49 step=10729     
                    WARNING  High grad norm: 962.07 at epoch=49 step=10730     
[04/19/26 18:09:30] WARNING  High grad norm: 714.79 at epoch=49 step=10731     
                    WARNING  High grad norm: 738.11 at epoch=49 step=10732     
                    WARNING  High grad norm: 847.34 at epoch=49 step=10733     
                    WARNING  High grad norm: 1391.67 at epoch=49 step=10734    
                    WARNING  High grad norm: 1149.62 at epoch=49 step=10735    
[04/19/26 18:09:31] WARNING  High grad norm: 907.08 at epoch=49 step=10736     
                    WARNING  High grad norm: 596.53 at epoch=49 step=10737     
                    WARNING  High grad norm: 925.48 at epoch=49 step=10738     
                    WARNING  High grad norm: 714.96 at epoch=49 step=10739     
[04/19/26 18:09:32] WARNING  High grad norm: 1713.18 at epoch=49 step=10740    
                    WARNING  High grad norm: 575.71 at epoch=49 step=10741     
                    WARNING  High grad norm: 1239.85 at epoch=49 step=10742    
                    WARNING  High grad norm: 1217.73 at epoch=49 step=10743    
                    WARNING  High grad norm: 1578.23 at epoch=49 step=10744    
[04/19/26 18:09:33] WARNING  High grad norm: 575.84 at epoch=49 step=10745     
                    WARNING  High grad norm: 1618.35 at epoch=49 step=10746    
                    WARNING  High grad norm: 1790.44 at epoch=49 step=10747    
                    WARNING  High grad norm: 2427.53 at epoch=49 step=10748    
[04/19/26 18:09:34] WARNING  High grad norm: 1016.36 at epoch=49 step=10749    
                    WARNING  High grad norm: 926.71 at epoch=49 step=10750     
                    WARNING  High grad norm: 700.28 at epoch=49 step=10751     
                    WARNING  High grad norm: 413.27 at epoch=49 step=10752     
                    WARNING  High grad norm: 1258.04 at epoch=49 step=10753    
[04/19/26 18:09:35] WARNING  High grad norm: 2269.60 at epoch=49 step=10754    
                    WARNING  High grad norm: 1211.33 at epoch=49 step=10755    
                    WARNING  High grad norm: 1083.64 at epoch=49 step=10756    
                    WARNING  High grad norm: 721.02 at epoch=49 step=10757     
                    WARNING  High grad norm: 663.63 at epoch=49 step=10758     
[04/19/26 18:09:36] WARNING  High grad norm: 824.85 at epoch=49 step=10759     
                    WARNING  High grad norm: 676.08 at epoch=49 step=10760     
                    WARNING  High grad norm: 1163.81 at epoch=49 step=10761    
                    WARNING  High grad norm: 819.60 at epoch=49 step=10762     
[04/19/26 18:09:37] WARNING  High grad norm: 571.27 at epoch=49 step=10763     
                    WARNING  High grad norm: 1372.32 at epoch=49 step=10764    
                    WARNING  High grad norm: 671.82 at epoch=49 step=10765     
                    WARNING  High grad norm: 907.36 at epoch=49 step=10766     
                    WARNING  High grad norm: 1250.13 at epoch=49 step=10767    
[04/19/26 18:09:38] WARNING  High grad norm: 628.02 at epoch=49 step=10768     
                    WARNING  High grad norm: 2012.91 at epoch=49 step=10769    
                    WARNING  High grad norm: 1073.74 at epoch=49 step=10770    
                    WARNING  High grad norm: 1010.89 at epoch=49 step=10771    
[04/19/26 18:09:39] WARNING  High grad norm: 713.45 at epoch=49 step=10772     
                    WARNING  High grad norm: 863.14 at epoch=49 step=10773     
                    WARNING  High grad norm: 590.75 at epoch=49 step=10774     
                    WARNING  High grad norm: 1352.69 at epoch=49 step=10775    
                    WARNING  High grad norm: 715.30 at epoch=49 step=10776     
[04/19/26 18:09:40] WARNING  High grad norm: 1431.25 at epoch=49 step=10777    
                    WARNING  High grad norm: 1271.54 at epoch=49 step=10778    
                    WARNING  High grad norm: 1123.51 at epoch=49 step=10779    
                    WARNING  High grad norm: 1311.79 at epoch=49 step=10780    
[04/19/26 18:09:41] WARNING  High grad norm: 1148.17 at epoch=49 step=10781    
                    WARNING  High grad norm: 3381.58 at epoch=49 step=10782    
                    WARNING  High grad norm: 2424.44 at epoch=49 step=10783    
                    WARNING  High grad norm: 1121.65 at epoch=49 step=10784    
                    WARNING  High grad norm: 2038.16 at epoch=49 step=10785    
[04/19/26 18:09:42] WARNING  High grad norm: 936.86 at epoch=49 step=10786     
                    WARNING  High grad norm: 871.87 at epoch=49 step=10787     
                    WARNING  High grad norm: 760.10 at epoch=49 step=10788     
                    WARNING  High grad norm: 1074.11 at epoch=49 step=10789    
                    WARNING  High grad norm: 457.34 at epoch=49 step=10790     
[04/19/26 18:09:43] WARNING  High grad norm: 1291.05 at epoch=49 step=10791    
                    WARNING  High grad norm: 838.24 at epoch=49 step=10792     
                    WARNING  High grad norm: 938.24 at epoch=49 step=10793     
                    WARNING  High grad norm: 537.64 at epoch=49 step=10794     
[04/19/26 18:09:44] WARNING  High grad norm: 607.42 at epoch=49 step=10795     
                    WARNING  High grad norm: 1320.94 at epoch=49 step=10796    
                    WARNING  High grad norm: 1231.03 at epoch=49 step=10797    
                    WARNING  High grad norm: 1336.96 at epoch=49 step=10798    
                    WARNING  High grad norm: 569.49 at epoch=49 step=10799     
                    INFO     epoch=49 step=10800 loss=483.1885                 
                             grad_norm=569.4902 lr=1.48e-06                    
[04/19/26 18:09:45] WARNING  High grad norm: 1894.75 at epoch=49 step=10800    
                    WARNING  High grad norm: 998.59 at epoch=49 step=10801     
                    WARNING  High grad norm: 539.32 at epoch=49 step=10802     
                    WARNING  High grad norm: 1118.33 at epoch=49 step=10803    
[04/19/26 18:09:46] WARNING  High grad norm: 1640.15 at epoch=49 step=10804    
                    WARNING  High grad norm: 1808.52 at epoch=49 step=10805    
                    WARNING  High grad norm: 476.66 at epoch=49 step=10806     
                    WARNING  High grad norm: 1437.56 at epoch=49 step=10807    
                    WARNING  High grad norm: 1108.45 at epoch=49 step=10808    
[04/19/26 18:09:47] WARNING  High grad norm: 1200.81 at epoch=49 step=10809    
                    WARNING  High grad norm: 800.41 at epoch=49 step=10810     
                    WARNING  High grad norm: 862.72 at epoch=49 step=10811     
                    WARNING  High grad norm: 857.29 at epoch=49 step=10812     
[04/19/26 18:09:48] WARNING  High grad norm: 1143.18 at epoch=49 step=10813    
                    WARNING  High grad norm: 487.74 at epoch=49 step=10814     
                    WARNING  High grad norm: 809.95 at epoch=49 step=10815     
                    WARNING  High grad norm: 867.86 at epoch=49 step=10816     
                    WARNING  High grad norm: 1676.31 at epoch=49 step=10817    
[04/19/26 18:09:49] WARNING  High grad norm: 2075.38 at epoch=49 step=10818    
                    WARNING  High grad norm: 831.90 at epoch=49 step=10819     
                    WARNING  High grad norm: 1378.24 at epoch=49 step=10820    
                    WARNING  High grad norm: 814.21 at epoch=49 step=10821     
                    WARNING  High grad norm: 1492.26 at epoch=49 step=10822    
[04/19/26 18:09:50] WARNING  High grad norm: 1004.31 at epoch=49 step=10823    
                    WARNING  High grad norm: 1192.24 at epoch=49 step=10824    
                    WARNING  High grad norm: 671.92 at epoch=49 step=10825     
                    WARNING  High grad norm: 1027.52 at epoch=49 step=10826    
[04/19/26 18:09:51] WARNING  High grad norm: 885.63 at epoch=49 step=10827     
                    WARNING  High grad norm: 855.53 at epoch=49 step=10828     
                    WARNING  High grad norm: 1400.04 at epoch=49 step=10829    
                    WARNING  High grad norm: 846.26 at epoch=49 step=10830     
                    WARNING  High grad norm: 1025.14 at epoch=49 step=10831    
[04/19/26 18:09:52] WARNING  High grad norm: 829.36 at epoch=49 step=10832     
                    WARNING  High grad norm: 1791.35 at epoch=49 step=10833    
                    WARNING  High grad norm: 657.66 at epoch=49 step=10834     
                    WARNING  High grad norm: 966.16 at epoch=49 step=10835     
[04/19/26 18:09:53] WARNING  High grad norm: 1405.51 at epoch=49 step=10836    
                    WARNING  High grad norm: 840.68 at epoch=49 step=10837     
                    WARNING  High grad norm: 1007.52 at epoch=49 step=10838    
                    WARNING  High grad norm: 844.18 at epoch=49 step=10839     
                    WARNING  High grad norm: 1645.66 at epoch=49 step=10840    
[04/19/26 18:09:54] WARNING  High grad norm: 1500.14 at epoch=49 step=10841    
                    WARNING  High grad norm: 1217.37 at epoch=49 step=10842    
                    WARNING  High grad norm: 710.00 at epoch=49 step=10843     
                    WARNING  High grad norm: 1053.74 at epoch=49 step=10844    
[04/19/26 18:09:55] WARNING  High grad norm: 730.45 at epoch=49 step=10845     
                    WARNING  High grad norm: 2670.53 at epoch=49 step=10846    
                    WARNING  High grad norm: 981.02 at epoch=49 step=10847     
                    WARNING  High grad norm: 1221.02 at epoch=49 step=10848    
                    WARNING  High grad norm: 646.32 at epoch=49 step=10849     
[04/19/26 18:09:56] WARNING  High grad norm: 807.89 at epoch=49 step=10850     
                    WARNING  High grad norm: 3021.57 at epoch=49 step=10851    
                    WARNING  High grad norm: 910.07 at epoch=49 step=10852     
                    WARNING  High grad norm: 688.62 at epoch=49 step=10853     
                    WARNING  High grad norm: 681.52 at epoch=49 step=10854     
[04/19/26 18:09:57] WARNING  High grad norm: 1727.85 at epoch=49 step=10855    
                    WARNING  High grad norm: 942.06 at epoch=49 step=10856     
                    WARNING  High grad norm: 876.74 at epoch=49 step=10857     
                    WARNING  High grad norm: 1140.13 at epoch=49 step=10858    
[04/19/26 18:09:58] WARNING  High grad norm: 790.19 at epoch=49 step=10859     
                    WARNING  High grad norm: 650.03 at epoch=49 step=10860     
                    WARNING  High grad norm: 1642.20 at epoch=49 step=10861    
                    WARNING  High grad norm: 955.42 at epoch=49 step=10862     
                    WARNING  High grad norm: 1924.58 at epoch=49 step=10863    
[04/19/26 18:09:59] WARNING  High grad norm: 1538.07 at epoch=49 step=10864    
                    WARNING  High grad norm: 1315.94 at epoch=49 step=10865    
                    WARNING  High grad norm: 1239.58 at epoch=49 step=10866    
                    WARNING  High grad norm: 950.03 at epoch=49 step=10867     
[04/19/26 18:10:00] WARNING  High grad norm: 789.74 at epoch=49 step=10868     
                    WARNING  High grad norm: 1318.15 at epoch=49 step=10869    
                    WARNING  High grad norm: 2028.79 at epoch=49 step=10870    
                    WARNING  High grad norm: 1723.94 at epoch=49 step=10871    
                    WARNING  High grad norm: 575.07 at epoch=49 step=10872     
[04/19/26 18:10:01] WARNING  High grad norm: 1358.21 at epoch=49 step=10873    
                    WARNING  High grad norm: 1247.52 at epoch=49 step=10874    
                    WARNING  High grad norm: 1411.39 at epoch=49 step=10875    
                    WARNING  High grad norm: 1085.04 at epoch=49 step=10876    
[04/19/26 18:10:02] WARNING  High grad norm: 2791.88 at epoch=49 step=10877    
                    WARNING  High grad norm: 891.94 at epoch=49 step=10878     
                    WARNING  High grad norm: 954.10 at epoch=49 step=10879     
                    WARNING  High grad norm: 645.40 at epoch=49 step=10880     
                    WARNING  High grad norm: 727.11 at epoch=49 step=10881     
[04/19/26 18:10:03] WARNING  High grad norm: 713.41 at epoch=49 step=10882     
                    WARNING  High grad norm: 1602.31 at epoch=49 step=10883    
                    WARNING  High grad norm: 1075.29 at epoch=49 step=10884    
                    WARNING  High grad norm: 1248.80 at epoch=49 step=10885    
                    WARNING  High grad norm: 956.61 at epoch=49 step=10886     
[04/19/26 18:10:04] WARNING  High grad norm: 588.08 at epoch=49 step=10887     
                    WARNING  High grad norm: 470.03 at epoch=49 step=10888     
                    WARNING  High grad norm: 1379.32 at epoch=49 step=10889    
                    WARNING  High grad norm: 1126.61 at epoch=49 step=10890    
[04/19/26 18:10:05] WARNING  High grad norm: 1035.97 at epoch=49 step=10891    
                    WARNING  High grad norm: 723.14 at epoch=49 step=10892     
                    WARNING  High grad norm: 1442.23 at epoch=49 step=10893    
                    WARNING  High grad norm: 1502.55 at epoch=49 step=10894    
                    WARNING  High grad norm: 1507.48 at epoch=49 step=10895    
[04/19/26 18:10:06] WARNING  High grad norm: 836.05 at epoch=49 step=10896     
                    WARNING  High grad norm: 1342.05 at epoch=49 step=10897    
                    WARNING  High grad norm: 905.06 at epoch=49 step=10898     
                    WARNING  High grad norm: 619.78 at epoch=49 step=10899     
                    INFO     epoch=49 step=10900 loss=487.1312                 
                             grad_norm=619.7787 lr=1.25e-06                    
[04/19/26 18:10:07] WARNING  High grad norm: 476.36 at epoch=49 step=10900     
                    WARNING  High grad norm: 1329.52 at epoch=49 step=10901    
                    WARNING  High grad norm: 801.07 at epoch=49 step=10902     
                    WARNING  High grad norm: 1274.61 at epoch=49 step=10903    
                    WARNING  High grad norm: 1710.62 at epoch=49 step=10904    
[04/19/26 18:10:08] WARNING  High grad norm: 1047.39 at epoch=49 step=10905    
                    WARNING  High grad norm: 1618.03 at epoch=49 step=10906    
                    WARNING  High grad norm: 622.78 at epoch=49 step=10907     
                    WARNING  High grad norm: 1378.46 at epoch=49 step=10908    
[04/19/26 18:10:09] WARNING  High grad norm: 1693.43 at epoch=49 step=10909    
                    WARNING  High grad norm: 1260.06 at epoch=49 step=10910    
                    WARNING  High grad norm: 1555.45 at epoch=49 step=10911    
                    WARNING  High grad norm: 1409.57 at epoch=49 step=10912    
                    WARNING  High grad norm: 1382.04 at epoch=49 step=10913    
[04/19/26 18:10:10] WARNING  High grad norm: 1516.82 at epoch=49 step=10914    
                    WARNING  High grad norm: 876.14 at epoch=49 step=10915     
                    WARNING  High grad norm: 670.41 at epoch=49 step=10916     
                    WARNING  High grad norm: 1384.63 at epoch=49 step=10917    
                    WARNING  High grad norm: 744.74 at epoch=49 step=10918     
[04/19/26 18:10:11] WARNING  High grad norm: 718.43 at epoch=49 step=10919     
                    WARNING  High grad norm: 1459.05 at epoch=49 step=10920    
                    WARNING  High grad norm: 1013.29 at epoch=49 step=10921    
                    WARNING  High grad norm: 898.43 at epoch=49 step=10922     
[04/19/26 18:10:12] WARNING  High grad norm: 914.58 at epoch=49 step=10923     
                    WARNING  High grad norm: 833.44 at epoch=49 step=10924     
                    WARNING  High grad norm: 850.51 at epoch=49 step=10925     
                    WARNING  High grad norm: 913.57 at epoch=49 step=10926     
[04/19/26 18:10:13] INFO     epoch=49 avg_loss=486.6343 lr=1.20e-06            
[04/19/26 18:10:26] WARNING  High grad norm: 1655.61 at epoch=50 step=10927    
[04/19/26 18:10:27] WARNING  High grad norm: 1024.50 at epoch=50 step=10928    
                    WARNING  High grad norm: 649.61 at epoch=50 step=10929     
                    WARNING  High grad norm: 674.47 at epoch=50 step=10930     
                    WARNING  High grad norm: 907.69 at epoch=50 step=10931     
[04/19/26 18:10:28] WARNING  High grad norm: 733.88 at epoch=50 step=10932     
                    WARNING  High grad norm: 1171.04 at epoch=50 step=10933    
                    WARNING  High grad norm: 648.77 at epoch=50 step=10934     
                    WARNING  High grad norm: 1348.49 at epoch=50 step=10935    
                    WARNING  High grad norm: 749.05 at epoch=50 step=10936     
[04/19/26 18:10:29] WARNING  High grad norm: 1635.60 at epoch=50 step=10937    
                    WARNING  High grad norm: 892.26 at epoch=50 step=10938     
                    WARNING  High grad norm: 1284.95 at epoch=50 step=10939    
                    WARNING  High grad norm: 934.56 at epoch=50 step=10940     
                    WARNING  High grad norm: 1878.61 at epoch=50 step=10941    
[04/19/26 18:10:30] WARNING  High grad norm: 646.15 at epoch=50 step=10942     
                    WARNING  High grad norm: 590.70 at epoch=50 step=10943     
                    WARNING  High grad norm: 1068.32 at epoch=50 step=10944    
                    WARNING  High grad norm: 1111.09 at epoch=50 step=10945    
[04/19/26 18:10:31] WARNING  High grad norm: 1045.65 at epoch=50 step=10946    
                    WARNING  High grad norm: 1094.81 at epoch=50 step=10947    
                    WARNING  High grad norm: 1268.58 at epoch=50 step=10948    
                    WARNING  High grad norm: 649.04 at epoch=50 step=10949     
                    WARNING  High grad norm: 1201.44 at epoch=50 step=10950    
[04/19/26 18:10:32] WARNING  High grad norm: 1379.06 at epoch=50 step=10951    
                    WARNING  High grad norm: 1494.65 at epoch=50 step=10952    
                    WARNING  High grad norm: 1548.98 at epoch=50 step=10953    
                    WARNING  High grad norm: 1800.49 at epoch=50 step=10954    
[04/19/26 18:10:33] WARNING  High grad norm: 1135.88 at epoch=50 step=10955    
                    WARNING  High grad norm: 811.69 at epoch=50 step=10956     
                    WARNING  High grad norm: 1276.31 at epoch=50 step=10957    
                    WARNING  High grad norm: 2331.29 at epoch=50 step=10958    
                    WARNING  High grad norm: 1250.59 at epoch=50 step=10959    
[04/19/26 18:10:34] WARNING  High grad norm: 734.76 at epoch=50 step=10960     
                    WARNING  High grad norm: 592.61 at epoch=50 step=10961     
                    WARNING  High grad norm: 1837.04 at epoch=50 step=10962    
                    WARNING  High grad norm: 1666.92 at epoch=50 step=10963    
                    WARNING  High grad norm: 1599.41 at epoch=50 step=10964    
[04/19/26 18:10:35] WARNING  High grad norm: 790.99 at epoch=50 step=10965     
                    WARNING  High grad norm: 773.63 at epoch=50 step=10966     
                    WARNING  High grad norm: 707.56 at epoch=50 step=10967     
                    WARNING  High grad norm: 658.16 at epoch=50 step=10968     
[04/19/26 18:10:36] WARNING  High grad norm: 919.95 at epoch=50 step=10969     
                    WARNING  High grad norm: 722.13 at epoch=50 step=10970     
                    WARNING  High grad norm: 2388.61 at epoch=50 step=10971    
                    WARNING  High grad norm: 1798.17 at epoch=50 step=10972    
                    WARNING  High grad norm: 2298.48 at epoch=50 step=10973    
[04/19/26 18:10:37] WARNING  High grad norm: 912.21 at epoch=50 step=10974     
                    WARNING  High grad norm: 922.12 at epoch=50 step=10975     
                    WARNING  High grad norm: 1136.43 at epoch=50 step=10976    
                    WARNING  High grad norm: 908.19 at epoch=50 step=10977     
[04/19/26 18:10:38] WARNING  High grad norm: 1120.73 at epoch=50 step=10978    
                    WARNING  High grad norm: 1451.08 at epoch=50 step=10979    
                    WARNING  High grad norm: 1001.75 at epoch=50 step=10980    
                    WARNING  High grad norm: 713.80 at epoch=50 step=10981     
                    WARNING  High grad norm: 494.04 at epoch=50 step=10982     
[04/19/26 18:10:39] WARNING  High grad norm: 1414.04 at epoch=50 step=10983    
                    WARNING  High grad norm: 931.99 at epoch=50 step=10984     
                    WARNING  High grad norm: 515.91 at epoch=50 step=10985     
                    WARNING  High grad norm: 1026.15 at epoch=50 step=10986    
                    WARNING  High grad norm: 900.86 at epoch=50 step=10987     
[04/19/26 18:10:40] WARNING  High grad norm: 473.47 at epoch=50 step=10988     
                    WARNING  High grad norm: 651.95 at epoch=50 step=10989     
                    WARNING  High grad norm: 676.68 at epoch=50 step=10990     
                    WARNING  High grad norm: 746.35 at epoch=50 step=10991     
[04/19/26 18:10:41] WARNING  High grad norm: 539.80 at epoch=50 step=10992     
                    WARNING  High grad norm: 861.35 at epoch=50 step=10993     
                    WARNING  High grad norm: 733.32 at epoch=50 step=10994     
                    WARNING  High grad norm: 667.50 at epoch=50 step=10995     
                    WARNING  High grad norm: 2047.10 at epoch=50 step=10996    
[04/19/26 18:10:42] WARNING  High grad norm: 773.03 at epoch=50 step=10997     
                    WARNING  High grad norm: 1257.41 at epoch=50 step=10998    
                    WARNING  High grad norm: 699.57 at epoch=50 step=10999     
                    INFO     epoch=50 step=11000 loss=468.3519                 
                             grad_norm=699.5731 lr=1.09e-06                    
                    WARNING  High grad norm: 733.56 at epoch=50 step=11000     
[04/19/26 18:10:43] WARNING  High grad norm: 1298.94 at epoch=50 step=11001    
                    WARNING  High grad norm: 659.66 at epoch=50 step=11002     
                    WARNING  High grad norm: 1457.50 at epoch=50 step=11003    
                    WARNING  High grad norm: 978.01 at epoch=50 step=11004     
                    WARNING  High grad norm: 851.27 at epoch=50 step=11005     
[04/19/26 18:10:44] WARNING  High grad norm: 538.61 at epoch=50 step=11006     
                    WARNING  High grad norm: 1424.63 at epoch=50 step=11007    
                    WARNING  High grad norm: 978.61 at epoch=50 step=11008     
                    WARNING  High grad norm: 1277.55 at epoch=50 step=11009    
[04/19/26 18:10:45] WARNING  High grad norm: 1307.05 at epoch=50 step=11010    
                    WARNING  High grad norm: 883.82 at epoch=50 step=11011     
                    WARNING  High grad norm: 1269.44 at epoch=50 step=11012    
                    WARNING  High grad norm: 732.59 at epoch=50 step=11013     
                    WARNING  High grad norm: 1509.29 at epoch=50 step=11014    
[04/19/26 18:10:46] WARNING  High grad norm: 679.10 at epoch=50 step=11015     
                    WARNING  High grad norm: 754.71 at epoch=50 step=11016     
                    WARNING  High grad norm: 1162.79 at epoch=50 step=11017    
                    WARNING  High grad norm: 1505.86 at epoch=50 step=11018    
                    WARNING  High grad norm: 1091.94 at epoch=50 step=11019    
[04/19/26 18:10:47] WARNING  High grad norm: 1854.85 at epoch=50 step=11020    
                    WARNING  High grad norm: 1229.61 at epoch=50 step=11021    
                    WARNING  High grad norm: 1609.35 at epoch=50 step=11022    
                    WARNING  High grad norm: 819.68 at epoch=50 step=11023     
[04/19/26 18:10:48] WARNING  High grad norm: 1570.48 at epoch=50 step=11024    
                    WARNING  High grad norm: 1248.61 at epoch=50 step=11025    
                    WARNING  High grad norm: 2505.60 at epoch=50 step=11026    
                    WARNING  High grad norm: 863.13 at epoch=50 step=11027     
                    WARNING  High grad norm: 1117.91 at epoch=50 step=11028    
[04/19/26 18:10:49] WARNING  High grad norm: 1895.92 at epoch=50 step=11029    
                    WARNING  High grad norm: 844.29 at epoch=50 step=11030     
                    WARNING  High grad norm: 813.07 at epoch=50 step=11031     
                    WARNING  High grad norm: 1214.08 at epoch=50 step=11032    
[04/19/26 18:10:50] WARNING  High grad norm: 584.46 at epoch=50 step=11033     
                    WARNING  High grad norm: 616.50 at epoch=50 step=11034     
                    WARNING  High grad norm: 723.54 at epoch=50 step=11035     
                    WARNING  High grad norm: 743.19 at epoch=50 step=11036     
                    WARNING  High grad norm: 1186.88 at epoch=50 step=11037    
[04/19/26 18:10:51] WARNING  High grad norm: 919.02 at epoch=50 step=11038     
                    WARNING  High grad norm: 622.43 at epoch=50 step=11039     
                    WARNING  High grad norm: 1174.86 at epoch=50 step=11040    
                    WARNING  High grad norm: 1770.52 at epoch=50 step=11041    
                    WARNING  High grad norm: 933.08 at epoch=50 step=11042     
[04/19/26 18:10:52] WARNING  High grad norm: 777.54 at epoch=50 step=11043     
                    WARNING  High grad norm: 716.46 at epoch=50 step=11044     
                    WARNING  High grad norm: 916.43 at epoch=50 step=11045     
                    WARNING  High grad norm: 1701.95 at epoch=50 step=11046    
[04/19/26 18:10:53] WARNING  High grad norm: 2083.86 at epoch=50 step=11047    
                    WARNING  High grad norm: 1250.90 at epoch=50 step=11048    
                    WARNING  High grad norm: 845.96 at epoch=50 step=11049     
                    WARNING  High grad norm: 984.91 at epoch=50 step=11050     
                    WARNING  High grad norm: 694.43 at epoch=50 step=11051     
[04/19/26 18:10:54] WARNING  High grad norm: 848.71 at epoch=50 step=11052     
                    WARNING  High grad norm: 806.11 at epoch=50 step=11053     
                    WARNING  High grad norm: 987.58 at epoch=50 step=11054     
                    WARNING  High grad norm: 760.85 at epoch=50 step=11055     
[04/19/26 18:10:55] WARNING  High grad norm: 1431.67 at epoch=50 step=11056    
                    WARNING  High grad norm: 1222.01 at epoch=50 step=11057    
                    WARNING  High grad norm: 1114.23 at epoch=50 step=11058    
                    WARNING  High grad norm: 994.76 at epoch=50 step=11059     
                    WARNING  High grad norm: 842.02 at epoch=50 step=11060     
[04/19/26 18:10:56] WARNING  High grad norm: 1602.26 at epoch=50 step=11061    
                    WARNING  High grad norm: 991.15 at epoch=50 step=11062     
                    WARNING  High grad norm: 762.41 at epoch=50 step=11063     
                    WARNING  High grad norm: 919.51 at epoch=50 step=11064     
[04/19/26 18:10:57] WARNING  High grad norm: 651.57 at epoch=50 step=11065     
                    WARNING  High grad norm: 1080.22 at epoch=50 step=11066    
                    WARNING  High grad norm: 1048.72 at epoch=50 step=11067    
                    WARNING  High grad norm: 1073.31 at epoch=50 step=11068    
                    WARNING  High grad norm: 1026.13 at epoch=50 step=11069    
[04/19/26 18:10:58] WARNING  High grad norm: 535.60 at epoch=50 step=11070     
                    WARNING  High grad norm: 587.91 at epoch=50 step=11071     
                    WARNING  High grad norm: 607.47 at epoch=50 step=11072     
                    WARNING  High grad norm: 1314.46 at epoch=50 step=11073    
                    WARNING  High grad norm: 811.70 at epoch=50 step=11074     
[04/19/26 18:10:59] WARNING  High grad norm: 2760.13 at epoch=50 step=11075    
                    WARNING  High grad norm: 2322.94 at epoch=50 step=11076    
                    WARNING  High grad norm: 2147.28 at epoch=50 step=11077    
                    WARNING  High grad norm: 1005.36 at epoch=50 step=11078    
[04/19/26 18:11:00] WARNING  High grad norm: 857.00 at epoch=50 step=11079     
                    WARNING  High grad norm: 1792.07 at epoch=50 step=11080    
                    WARNING  High grad norm: 928.17 at epoch=50 step=11081     
                    WARNING  High grad norm: 740.37 at epoch=50 step=11082     
                    WARNING  High grad norm: 927.27 at epoch=50 step=11083     
[04/19/26 18:11:01] WARNING  High grad norm: 741.17 at epoch=50 step=11084     
                    WARNING  High grad norm: 675.38 at epoch=50 step=11085     
                    WARNING  High grad norm: 1143.54 at epoch=50 step=11086    
                    WARNING  High grad norm: 2151.13 at epoch=50 step=11087    
[04/19/26 18:11:02] WARNING  High grad norm: 845.07 at epoch=50 step=11088     
                    WARNING  High grad norm: 657.42 at epoch=50 step=11089     
                    WARNING  High grad norm: 690.88 at epoch=50 step=11090     
                    WARNING  High grad norm: 1356.42 at epoch=50 step=11091    
                    WARNING  High grad norm: 873.33 at epoch=50 step=11092     
[04/19/26 18:11:03] WARNING  High grad norm: 566.07 at epoch=50 step=11093     
                    WARNING  High grad norm: 681.88 at epoch=50 step=11094     
                    WARNING  High grad norm: 1911.36 at epoch=50 step=11095    
                    WARNING  High grad norm: 807.85 at epoch=50 step=11096     
[04/19/26 18:11:04] WARNING  High grad norm: 734.52 at epoch=50 step=11097     
                    WARNING  High grad norm: 692.99 at epoch=50 step=11098     
                    WARNING  High grad norm: 937.33 at epoch=50 step=11099     
                    INFO     epoch=50 step=11100 loss=478.3210                 
                             grad_norm=937.3289 lr=1.01e-06                    
                    WARNING  High grad norm: 695.09 at epoch=50 step=11100     
                    WARNING  High grad norm: 1435.55 at epoch=50 step=11101    
[04/19/26 18:11:05] WARNING  High grad norm: 568.56 at epoch=50 step=11102     
                    WARNING  High grad norm: 601.53 at epoch=50 step=11103     
                    WARNING  High grad norm: 774.72 at epoch=50 step=11104     
                    WARNING  High grad norm: 1193.33 at epoch=50 step=11105    
[04/19/26 18:11:06] WARNING  High grad norm: 1695.27 at epoch=50 step=11106    
                    WARNING  High grad norm: 1398.76 at epoch=50 step=11107    
                    WARNING  High grad norm: 722.74 at epoch=50 step=11108     
                    WARNING  High grad norm: 2859.13 at epoch=50 step=11109    
                    WARNING  High grad norm: 1240.74 at epoch=50 step=11110    
[04/19/26 18:11:07] WARNING  High grad norm: 2076.84 at epoch=50 step=11111    
                    WARNING  High grad norm: 1059.43 at epoch=50 step=11112    
                    WARNING  High grad norm: 1525.59 at epoch=50 step=11113    
                    WARNING  High grad norm: 1218.00 at epoch=50 step=11114    
                    WARNING  High grad norm: 928.78 at epoch=50 step=11115     
[04/19/26 18:11:08] WARNING  High grad norm: 482.80 at epoch=50 step=11116     
                    WARNING  High grad norm: 755.78 at epoch=50 step=11117     
                    WARNING  High grad norm: 2048.26 at epoch=50 step=11118    
                    WARNING  High grad norm: 1699.56 at epoch=50 step=11119    
[04/19/26 18:11:09] WARNING  High grad norm: 1795.20 at epoch=50 step=11120    
                    WARNING  High grad norm: 1800.87 at epoch=50 step=11121    
                    WARNING  High grad norm: 1114.17 at epoch=50 step=11122    
                    WARNING  High grad norm: 1142.20 at epoch=50 step=11123    
                    WARNING  High grad norm: 817.71 at epoch=50 step=11124     
[04/19/26 18:11:10] WARNING  High grad norm: 951.47 at epoch=50 step=11125     
                    WARNING  High grad norm: 576.55 at epoch=50 step=11126     
                    WARNING  High grad norm: 887.77 at epoch=50 step=11127     
                    WARNING  High grad norm: 1824.58 at epoch=50 step=11128    
[04/19/26 18:11:11] WARNING  High grad norm: 1235.01 at epoch=50 step=11129    
                    WARNING  High grad norm: 977.70 at epoch=50 step=11130     
                    WARNING  High grad norm: 1247.74 at epoch=50 step=11131    
                    WARNING  High grad norm: 799.46 at epoch=50 step=11132     
                    WARNING  High grad norm: 743.17 at epoch=50 step=11133     
[04/19/26 18:11:12] WARNING  High grad norm: 625.35 at epoch=50 step=11134     
                    WARNING  High grad norm: 553.23 at epoch=50 step=11135     
                    WARNING  High grad norm: 1529.44 at epoch=50 step=11136    
                    WARNING  High grad norm: 1181.91 at epoch=50 step=11137    
[04/19/26 18:11:13] WARNING  High grad norm: 610.55 at epoch=50 step=11138     
                    WARNING  High grad norm: 1706.16 at epoch=50 step=11139    
                    WARNING  High grad norm: 1219.75 at epoch=50 step=11140    
                    WARNING  High grad norm: 1242.63 at epoch=50 step=11141    
                    WARNING  High grad norm: 1390.68 at epoch=50 step=11142    
[04/19/26 18:11:14] WARNING  High grad norm: 1575.10 at epoch=50 step=11143    
                    WARNING  High grad norm: 1727.84 at epoch=50 step=11144    
                    WARNING  High grad norm: 1469.66 at epoch=50 step=11145    
                    WARNING  High grad norm: 1003.04 at epoch=50 step=11146    
[04/19/26 18:11:15] WARNING  High grad norm: 760.65 at epoch=50 step=11147     
                    WARNING  High grad norm: 542.00 at epoch=50 step=11148     
                    WARNING  High grad norm: 1538.89 at epoch=50 step=11149    
                    INFO     epoch=50 avg_loss=477.7933 lr=1.00e-06            
[04/19/26 18:11:22] INFO     Saved checkpoint to                               
                             C:\Users\artun\Desktop\ITS-project\checkpoints\sco
                             re_fmnist_v2\score_epoch_0050.pt                  

Training complete. Metrics: {'final_avg_loss': 477.79327392578125, 'best_avg_loss': 477.79327392578125, 'epochs': 50, 'device': 'cuda'}
Metrics saved -> C:\Users\artun\Desktop\ITS-project\data\results\fmnist_score_v2_metrics.json
