2026-04-21 23:07:34,523 INFO Resumed from checkpoints\score_fmnist_v2\score_epoch_0050.pt (epoch=50, step=11150)
2026-04-21 23:07:49,053 WARNING High grad norm: 842.80 at epoch=51 step=11150
2026-04-21 23:07:49,296 WARNING High grad norm: 1044.59 at epoch=51 step=11151
2026-04-21 23:07:49,512 WARNING High grad norm: 834.29 at epoch=51 step=11152
2026-04-21 23:07:49,727 WARNING High grad norm: 1051.58 at epoch=51 step=11153
2026-04-21 23:07:49,942 WARNING High grad norm: 1098.10 at epoch=51 step=11154
2026-04-21 23:07:50,157 WARNING High grad norm: 807.50 at epoch=51 step=11155
2026-04-21 23:07:50,375 WARNING High grad norm: 1326.37 at epoch=51 step=11156
2026-04-21 23:07:50,591 WARNING High grad norm: 1106.66 at epoch=51 step=11157
2026-04-21 23:07:50,806 WARNING High grad norm: 827.61 at epoch=51 step=11158
2026-04-21 23:07:51,021 WARNING High grad norm: 935.06 at epoch=51 step=11159
2026-04-21 23:07:51,236 WARNING High grad norm: 1149.65 at epoch=51 step=11160
2026-04-21 23:07:51,451 WARNING High grad norm: 1295.25 at epoch=51 step=11161
2026-04-21 23:07:51,666 WARNING High grad norm: 568.18 at epoch=51 step=11162
2026-04-21 23:07:51,882 WARNING High grad norm: 739.26 at epoch=51 step=11163
2026-04-21 23:07:52,097 WARNING High grad norm: 614.28 at epoch=51 step=11164
2026-04-21 23:07:52,313 WARNING High grad norm: 1641.32 at epoch=51 step=11165
2026-04-21 23:07:52,532 WARNING High grad norm: 1228.48 at epoch=51 step=11166
2026-04-21 23:07:52,751 WARNING High grad norm: 848.45 at epoch=51 step=11167
2026-04-21 23:07:52,967 WARNING High grad norm: 822.96 at epoch=51 step=11168
2026-04-21 23:07:53,182 WARNING High grad norm: 764.33 at epoch=51 step=11169
2026-04-21 23:07:53,398 WARNING High grad norm: 1902.44 at epoch=51 step=11170
2026-04-21 23:07:53,614 WARNING High grad norm: 1265.04 at epoch=51 step=11171
2026-04-21 23:07:53,830 WARNING High grad norm: 1764.22 at epoch=51 step=11172
2026-04-21 23:07:54,048 WARNING High grad norm: 965.77 at epoch=51 step=11173
2026-04-21 23:07:54,263 WARNING High grad norm: 1605.08 at epoch=51 step=11174
2026-04-21 23:07:54,478 WARNING High grad norm: 664.93 at epoch=51 step=11175
2026-04-21 23:07:54,694 WARNING High grad norm: 1878.96 at epoch=51 step=11176
2026-04-21 23:07:54,911 WARNING High grad norm: 1894.73 at epoch=51 step=11177
2026-04-21 23:07:55,127 WARNING High grad norm: 617.33 at epoch=51 step=11178
2026-04-21 23:07:55,343 WARNING High grad norm: 1790.38 at epoch=51 step=11179
2026-04-21 23:07:55,559 WARNING High grad norm: 739.76 at epoch=51 step=11180
2026-04-21 23:07:55,778 WARNING High grad norm: 713.21 at epoch=51 step=11181
2026-04-21 23:07:55,994 WARNING High grad norm: 660.39 at epoch=51 step=11182
2026-04-21 23:07:56,216 WARNING High grad norm: 968.29 at epoch=51 step=11183
2026-04-21 23:07:56,438 WARNING High grad norm: 838.24 at epoch=51 step=11184
2026-04-21 23:07:56,653 WARNING High grad norm: 1911.32 at epoch=51 step=11185
2026-04-21 23:07:56,871 WARNING High grad norm: 918.42 at epoch=51 step=11186
2026-04-21 23:07:57,087 WARNING High grad norm: 770.81 at epoch=51 step=11187
2026-04-21 23:07:57,304 WARNING High grad norm: 644.83 at epoch=51 step=11188
2026-04-21 23:07:57,521 WARNING High grad norm: 710.42 at epoch=51 step=11189
2026-04-21 23:07:57,737 WARNING High grad norm: 798.79 at epoch=51 step=11190
2026-04-21 23:07:57,953 WARNING High grad norm: 946.86 at epoch=51 step=11191
2026-04-21 23:07:58,169 WARNING High grad norm: 912.24 at epoch=51 step=11192
2026-04-21 23:07:58,386 WARNING High grad norm: 854.91 at epoch=51 step=11193
2026-04-21 23:07:58,602 WARNING High grad norm: 640.80 at epoch=51 step=11194
2026-04-21 23:07:58,817 WARNING High grad norm: 938.90 at epoch=51 step=11195
2026-04-21 23:07:59,034 WARNING High grad norm: 735.70 at epoch=51 step=11196
2026-04-21 23:07:59,250 WARNING High grad norm: 809.92 at epoch=51 step=11197
2026-04-21 23:07:59,467 WARNING High grad norm: 894.37 at epoch=51 step=11198
2026-04-21 23:07:59,682 WARNING High grad norm: 654.02 at epoch=51 step=11199
2026-04-21 23:07:59,692 INFO epoch=51 step=11200 loss=498.8428 grad_norm=654.0156 lr=1.00e-06
2026-04-21 23:07:59,901 WARNING High grad norm: 655.18 at epoch=51 step=11200
2026-04-21 23:08:00,117 WARNING High grad norm: 1671.36 at epoch=51 step=11201
2026-04-21 23:08:00,333 WARNING High grad norm: 720.35 at epoch=51 step=11202
2026-04-21 23:08:00,548 WARNING High grad norm: 713.29 at epoch=51 step=11203
2026-04-21 23:08:00,764 WARNING High grad norm: 774.09 at epoch=51 step=11204
2026-04-21 23:08:00,983 WARNING High grad norm: 1047.99 at epoch=51 step=11205
2026-04-21 23:08:01,205 WARNING High grad norm: 910.05 at epoch=51 step=11206
2026-04-21 23:08:01,423 WARNING High grad norm: 909.02 at epoch=51 step=11207
2026-04-21 23:08:01,639 WARNING High grad norm: 880.95 at epoch=51 step=11208
2026-04-21 23:08:01,869 WARNING High grad norm: 1088.46 at epoch=51 step=11209
2026-04-21 23:08:02,088 WARNING High grad norm: 1587.97 at epoch=51 step=11210
2026-04-21 23:08:02,308 WARNING High grad norm: 1721.77 at epoch=51 step=11211
2026-04-21 23:08:02,528 WARNING High grad norm: 1173.61 at epoch=51 step=11212
2026-04-21 23:08:02,744 WARNING High grad norm: 2335.76 at epoch=51 step=11213
2026-04-21 23:08:02,961 WARNING High grad norm: 645.69 at epoch=51 step=11214
2026-04-21 23:08:03,183 WARNING High grad norm: 1059.20 at epoch=51 step=11215
2026-04-21 23:08:03,402 WARNING High grad norm: 1738.34 at epoch=51 step=11216
2026-04-21 23:08:03,622 WARNING High grad norm: 681.73 at epoch=51 step=11217
2026-04-21 23:08:03,845 WARNING High grad norm: 1408.30 at epoch=51 step=11218
2026-04-21 23:08:04,068 WARNING High grad norm: 897.83 at epoch=51 step=11219
2026-04-21 23:08:04,291 WARNING High grad norm: 931.84 at epoch=51 step=11220
2026-04-21 23:08:04,511 WARNING High grad norm: 941.19 at epoch=51 step=11221
2026-04-21 23:08:04,728 WARNING High grad norm: 924.66 at epoch=51 step=11222
2026-04-21 23:08:04,944 WARNING High grad norm: 1074.75 at epoch=51 step=11223
2026-04-21 23:08:05,162 WARNING High grad norm: 1540.86 at epoch=51 step=11224
2026-04-21 23:08:05,380 WARNING High grad norm: 944.44 at epoch=51 step=11225
2026-04-21 23:08:05,600 WARNING High grad norm: 2841.73 at epoch=51 step=11226
2026-04-21 23:08:05,819 WARNING High grad norm: 1999.74 at epoch=51 step=11227
2026-04-21 23:08:06,037 WARNING High grad norm: 2622.13 at epoch=51 step=11228
2026-04-21 23:08:06,254 WARNING High grad norm: 1333.91 at epoch=51 step=11229
2026-04-21 23:08:06,471 WARNING High grad norm: 1867.50 at epoch=51 step=11230
2026-04-21 23:08:06,688 WARNING High grad norm: 1827.86 at epoch=51 step=11231
2026-04-21 23:08:06,905 WARNING High grad norm: 861.74 at epoch=51 step=11232
2026-04-21 23:08:07,123 WARNING High grad norm: 825.65 at epoch=51 step=11233
2026-04-21 23:08:07,339 WARNING High grad norm: 1623.04 at epoch=51 step=11234
2026-04-21 23:08:07,554 WARNING High grad norm: 928.96 at epoch=51 step=11235
2026-04-21 23:08:07,771 WARNING High grad norm: 641.09 at epoch=51 step=11236
2026-04-21 23:08:07,987 WARNING High grad norm: 713.05 at epoch=51 step=11237
2026-04-21 23:08:08,204 WARNING High grad norm: 1406.47 at epoch=51 step=11238
2026-04-21 23:08:08,418 WARNING High grad norm: 1230.70 at epoch=51 step=11239
2026-04-21 23:08:08,635 WARNING High grad norm: 740.87 at epoch=51 step=11240
2026-04-21 23:08:08,852 WARNING High grad norm: 1161.39 at epoch=51 step=11241
2026-04-21 23:08:09,071 WARNING High grad norm: 680.03 at epoch=51 step=11242
2026-04-21 23:08:09,287 WARNING High grad norm: 833.17 at epoch=51 step=11243
2026-04-21 23:08:09,504 WARNING High grad norm: 1087.65 at epoch=51 step=11244
2026-04-21 23:08:09,722 WARNING High grad norm: 913.20 at epoch=51 step=11245
2026-04-21 23:08:09,942 WARNING High grad norm: 1504.83 at epoch=51 step=11246
2026-04-21 23:08:10,162 WARNING High grad norm: 1081.21 at epoch=51 step=11247
2026-04-21 23:08:10,381 WARNING High grad norm: 1054.23 at epoch=51 step=11248
2026-04-21 23:08:10,599 WARNING High grad norm: 663.43 at epoch=51 step=11249
2026-04-21 23:08:10,817 WARNING High grad norm: 687.74 at epoch=51 step=11250
2026-04-21 23:08:11,032 WARNING High grad norm: 632.46 at epoch=51 step=11251
2026-04-21 23:08:11,250 WARNING High grad norm: 2401.18 at epoch=51 step=11252
2026-04-21 23:08:11,466 WARNING High grad norm: 622.69 at epoch=51 step=11253
2026-04-21 23:08:11,682 WARNING High grad norm: 1575.10 at epoch=51 step=11254
2026-04-21 23:08:11,899 WARNING High grad norm: 1757.16 at epoch=51 step=11255
2026-04-21 23:08:12,116 WARNING High grad norm: 769.69 at epoch=51 step=11256
2026-04-21 23:08:12,331 WARNING High grad norm: 605.64 at epoch=51 step=11257
2026-04-21 23:08:12,549 WARNING High grad norm: 594.32 at epoch=51 step=11258
2026-04-21 23:08:12,766 WARNING High grad norm: 697.71 at epoch=51 step=11259
2026-04-21 23:08:12,983 WARNING High grad norm: 1043.75 at epoch=51 step=11260
2026-04-21 23:08:13,200 WARNING High grad norm: 992.07 at epoch=51 step=11261
2026-04-21 23:08:13,417 WARNING High grad norm: 949.93 at epoch=51 step=11262
2026-04-21 23:08:13,633 WARNING High grad norm: 910.54 at epoch=51 step=11263
2026-04-21 23:08:13,849 WARNING High grad norm: 1455.60 at epoch=51 step=11264
2026-04-21 23:08:14,067 WARNING High grad norm: 1737.86 at epoch=51 step=11265
2026-04-21 23:08:14,282 WARNING High grad norm: 1771.00 at epoch=51 step=11266
2026-04-21 23:08:14,501 WARNING High grad norm: 601.44 at epoch=51 step=11267
2026-04-21 23:08:14,718 WARNING High grad norm: 1085.60 at epoch=51 step=11268
2026-04-21 23:08:14,936 WARNING High grad norm: 2212.45 at epoch=51 step=11269
2026-04-21 23:08:15,152 WARNING High grad norm: 881.59 at epoch=51 step=11270
2026-04-21 23:08:15,370 WARNING High grad norm: 529.75 at epoch=51 step=11271
2026-04-21 23:08:15,588 WARNING High grad norm: 1094.87 at epoch=51 step=11272
2026-04-21 23:08:15,804 WARNING High grad norm: 1003.33 at epoch=51 step=11273
2026-04-21 23:08:16,021 WARNING High grad norm: 1444.84 at epoch=51 step=11274
2026-04-21 23:08:16,238 WARNING High grad norm: 1875.10 at epoch=51 step=11275
2026-04-21 23:08:16,455 WARNING High grad norm: 2707.59 at epoch=51 step=11276
2026-04-21 23:08:16,672 WARNING High grad norm: 1251.47 at epoch=51 step=11277
2026-04-21 23:08:16,888 WARNING High grad norm: 1924.14 at epoch=51 step=11278
2026-04-21 23:08:17,107 WARNING High grad norm: 821.76 at epoch=51 step=11279
2026-04-21 23:08:17,324 WARNING High grad norm: 929.52 at epoch=51 step=11280
2026-04-21 23:08:17,541 WARNING High grad norm: 1470.01 at epoch=51 step=11281
2026-04-21 23:08:17,759 WARNING High grad norm: 1072.57 at epoch=51 step=11282
2026-04-21 23:08:17,976 WARNING High grad norm: 1158.29 at epoch=51 step=11283
2026-04-21 23:08:18,193 WARNING High grad norm: 2068.63 at epoch=51 step=11284
2026-04-21 23:08:18,409 WARNING High grad norm: 747.28 at epoch=51 step=11285
2026-04-21 23:08:18,627 WARNING High grad norm: 2841.21 at epoch=51 step=11286
2026-04-21 23:08:18,847 WARNING High grad norm: 1516.39 at epoch=51 step=11287
2026-04-21 23:08:19,066 WARNING High grad norm: 762.23 at epoch=51 step=11288
2026-04-21 23:08:19,283 WARNING High grad norm: 627.24 at epoch=51 step=11289
2026-04-21 23:08:19,501 WARNING High grad norm: 1483.07 at epoch=51 step=11290
2026-04-21 23:08:19,718 WARNING High grad norm: 1340.85 at epoch=51 step=11291
2026-04-21 23:08:19,935 WARNING High grad norm: 927.53 at epoch=51 step=11292
2026-04-21 23:08:20,155 WARNING High grad norm: 874.22 at epoch=51 step=11293
2026-04-21 23:08:20,373 WARNING High grad norm: 1357.94 at epoch=51 step=11294
2026-04-21 23:08:20,591 WARNING High grad norm: 1495.79 at epoch=51 step=11295
2026-04-21 23:08:20,808 WARNING High grad norm: 478.30 at epoch=51 step=11296
2026-04-21 23:08:21,025 WARNING High grad norm: 700.23 at epoch=51 step=11297
2026-04-21 23:08:21,242 WARNING High grad norm: 889.77 at epoch=51 step=11298
2026-04-21 23:08:21,460 WARNING High grad norm: 1285.77 at epoch=51 step=11299
2026-04-21 23:08:21,469 INFO epoch=51 step=11300 loss=487.3133 grad_norm=1285.7731 lr=1.00e-06
2026-04-21 23:08:21,680 WARNING High grad norm: 715.65 at epoch=51 step=11300
2026-04-21 23:08:21,897 WARNING High grad norm: 1008.03 at epoch=51 step=11301
2026-04-21 23:08:22,116 WARNING High grad norm: 518.45 at epoch=51 step=11302
2026-04-21 23:08:22,334 WARNING High grad norm: 957.37 at epoch=51 step=11303
2026-04-21 23:08:22,552 WARNING High grad norm: 860.31 at epoch=51 step=11304
2026-04-21 23:08:22,770 WARNING High grad norm: 609.46 at epoch=51 step=11305
2026-04-21 23:08:22,987 WARNING High grad norm: 616.58 at epoch=51 step=11306
2026-04-21 23:08:23,206 WARNING High grad norm: 2511.68 at epoch=51 step=11307
2026-04-21 23:08:23,425 WARNING High grad norm: 664.84 at epoch=51 step=11308
2026-04-21 23:08:23,642 WARNING High grad norm: 1234.94 at epoch=51 step=11309
2026-04-21 23:08:23,859 WARNING High grad norm: 963.01 at epoch=51 step=11310
2026-04-21 23:08:24,077 WARNING High grad norm: 726.76 at epoch=51 step=11311
2026-04-21 23:08:24,294 WARNING High grad norm: 1657.75 at epoch=51 step=11312
2026-04-21 23:08:24,512 WARNING High grad norm: 995.15 at epoch=51 step=11313
2026-04-21 23:08:24,729 WARNING High grad norm: 976.69 at epoch=51 step=11314
2026-04-21 23:08:24,946 WARNING High grad norm: 2409.56 at epoch=51 step=11315
2026-04-21 23:08:25,163 WARNING High grad norm: 1117.26 at epoch=51 step=11316
2026-04-21 23:08:25,382 WARNING High grad norm: 608.87 at epoch=51 step=11317
2026-04-21 23:08:25,599 WARNING High grad norm: 840.66 at epoch=51 step=11318
2026-04-21 23:08:25,816 WARNING High grad norm: 724.37 at epoch=51 step=11319
2026-04-21 23:08:26,033 WARNING High grad norm: 1329.21 at epoch=51 step=11320
2026-04-21 23:08:26,251 WARNING High grad norm: 1204.85 at epoch=51 step=11321
2026-04-21 23:08:26,469 WARNING High grad norm: 1600.26 at epoch=51 step=11322
2026-04-21 23:08:26,686 WARNING High grad norm: 925.98 at epoch=51 step=11323
2026-04-21 23:08:26,905 WARNING High grad norm: 2651.18 at epoch=51 step=11324
2026-04-21 23:08:27,122 WARNING High grad norm: 985.42 at epoch=51 step=11325
2026-04-21 23:08:27,339 WARNING High grad norm: 1507.57 at epoch=51 step=11326
2026-04-21 23:08:27,558 WARNING High grad norm: 2909.66 at epoch=51 step=11327
2026-04-21 23:08:27,776 WARNING High grad norm: 1069.64 at epoch=51 step=11328
2026-04-21 23:08:27,993 WARNING High grad norm: 1043.14 at epoch=51 step=11329
2026-04-21 23:08:28,212 WARNING High grad norm: 1079.50 at epoch=51 step=11330
2026-04-21 23:08:28,431 WARNING High grad norm: 2256.68 at epoch=51 step=11331
2026-04-21 23:08:28,650 WARNING High grad norm: 1963.75 at epoch=51 step=11332
2026-04-21 23:08:28,873 WARNING High grad norm: 1118.75 at epoch=51 step=11333
2026-04-21 23:08:29,089 WARNING High grad norm: 445.92 at epoch=51 step=11334
2026-04-21 23:08:29,307 WARNING High grad norm: 637.97 at epoch=51 step=11335
2026-04-21 23:08:29,524 WARNING High grad norm: 1582.78 at epoch=51 step=11336
2026-04-21 23:08:29,742 WARNING High grad norm: 1052.69 at epoch=51 step=11337
2026-04-21 23:08:29,959 WARNING High grad norm: 1256.91 at epoch=51 step=11338
2026-04-21 23:08:30,177 WARNING High grad norm: 1042.69 at epoch=51 step=11339
2026-04-21 23:08:30,394 WARNING High grad norm: 714.00 at epoch=51 step=11340
2026-04-21 23:08:30,612 WARNING High grad norm: 599.93 at epoch=51 step=11341
2026-04-21 23:08:30,831 WARNING High grad norm: 586.38 at epoch=51 step=11342
2026-04-21 23:08:31,048 WARNING High grad norm: 1209.96 at epoch=51 step=11343
2026-04-21 23:08:31,270 WARNING High grad norm: 734.93 at epoch=51 step=11344
2026-04-21 23:08:31,487 WARNING High grad norm: 2131.99 at epoch=51 step=11345
2026-04-21 23:08:31,706 WARNING High grad norm: 875.99 at epoch=51 step=11346
2026-04-21 23:08:31,923 WARNING High grad norm: 861.71 at epoch=51 step=11347
2026-04-21 23:08:32,141 WARNING High grad norm: 1105.58 at epoch=51 step=11348
2026-04-21 23:08:32,359 WARNING High grad norm: 565.97 at epoch=51 step=11349
2026-04-21 23:08:32,576 WARNING High grad norm: 914.18 at epoch=51 step=11350
2026-04-21 23:08:32,794 WARNING High grad norm: 1417.20 at epoch=51 step=11351
2026-04-21 23:08:33,013 WARNING High grad norm: 788.38 at epoch=51 step=11352
2026-04-21 23:08:33,233 WARNING High grad norm: 877.53 at epoch=51 step=11353
2026-04-21 23:08:33,452 WARNING High grad norm: 817.28 at epoch=51 step=11354
2026-04-21 23:08:33,671 WARNING High grad norm: 803.86 at epoch=51 step=11355
2026-04-21 23:08:33,898 WARNING High grad norm: 499.76 at epoch=51 step=11356
2026-04-21 23:08:34,116 WARNING High grad norm: 734.75 at epoch=51 step=11357
2026-04-21 23:08:34,334 WARNING High grad norm: 1040.91 at epoch=51 step=11358
2026-04-21 23:08:34,552 WARNING High grad norm: 1150.03 at epoch=51 step=11359
2026-04-21 23:08:34,770 WARNING High grad norm: 668.33 at epoch=51 step=11360
2026-04-21 23:08:34,990 WARNING High grad norm: 701.22 at epoch=51 step=11361
2026-04-21 23:08:35,208 WARNING High grad norm: 1164.12 at epoch=51 step=11362
2026-04-21 23:08:35,426 WARNING High grad norm: 1505.84 at epoch=51 step=11363
2026-04-21 23:08:35,649 WARNING High grad norm: 1595.41 at epoch=51 step=11364
2026-04-21 23:08:35,870 WARNING High grad norm: 576.35 at epoch=51 step=11365
2026-04-21 23:08:36,088 WARNING High grad norm: 974.65 at epoch=51 step=11366
2026-04-21 23:08:36,308 WARNING High grad norm: 1184.96 at epoch=51 step=11367
2026-04-21 23:08:36,527 WARNING High grad norm: 980.57 at epoch=51 step=11368
2026-04-21 23:08:36,749 WARNING High grad norm: 632.87 at epoch=51 step=11369
2026-04-21 23:08:36,969 WARNING High grad norm: 1400.60 at epoch=51 step=11370
2026-04-21 23:08:37,186 WARNING High grad norm: 648.99 at epoch=51 step=11371
2026-04-21 23:08:37,334 WARNING High grad norm: 944.16 at epoch=51 step=11372
2026-04-21 23:08:38,034 INFO epoch=51 avg_loss=483.5213 lr=1.00e-06
2026-04-21 23:08:51,800 WARNING High grad norm: 1120.73 at epoch=52 step=11373
2026-04-21 23:08:52,021 WARNING High grad norm: 2119.73 at epoch=52 step=11374
2026-04-21 23:08:52,240 WARNING High grad norm: 854.84 at epoch=52 step=11375
2026-04-21 23:08:52,458 WARNING High grad norm: 895.17 at epoch=52 step=11376
2026-04-21 23:08:52,676 WARNING High grad norm: 1591.63 at epoch=52 step=11377
2026-04-21 23:08:52,894 WARNING High grad norm: 882.25 at epoch=52 step=11378
2026-04-21 23:08:53,113 WARNING High grad norm: 1035.67 at epoch=52 step=11379
2026-04-21 23:08:53,331 WARNING High grad norm: 691.17 at epoch=52 step=11380
2026-04-21 23:08:53,550 WARNING High grad norm: 685.47 at epoch=52 step=11381
2026-04-21 23:08:53,769 WARNING High grad norm: 529.61 at epoch=52 step=11382
2026-04-21 23:08:53,989 WARNING High grad norm: 853.89 at epoch=52 step=11383
2026-04-21 23:08:54,207 WARNING High grad norm: 620.49 at epoch=52 step=11384
2026-04-21 23:08:54,424 WARNING High grad norm: 733.36 at epoch=52 step=11385
2026-04-21 23:08:54,642 WARNING High grad norm: 1388.72 at epoch=52 step=11386
2026-04-21 23:08:54,860 WARNING High grad norm: 1673.43 at epoch=52 step=11387
2026-04-21 23:08:55,078 WARNING High grad norm: 586.68 at epoch=52 step=11388
2026-04-21 23:08:55,295 WARNING High grad norm: 974.94 at epoch=52 step=11389
2026-04-21 23:08:55,513 WARNING High grad norm: 1049.84 at epoch=52 step=11390
2026-04-21 23:08:55,731 WARNING High grad norm: 613.09 at epoch=52 step=11391
2026-04-21 23:08:55,950 WARNING High grad norm: 459.81 at epoch=52 step=11392
2026-04-21 23:08:56,168 WARNING High grad norm: 704.40 at epoch=52 step=11393
2026-04-21 23:08:56,385 WARNING High grad norm: 1220.61 at epoch=52 step=11394
2026-04-21 23:08:56,605 WARNING High grad norm: 1530.57 at epoch=52 step=11395
2026-04-21 23:08:56,825 WARNING High grad norm: 1642.92 at epoch=52 step=11396
2026-04-21 23:08:57,044 WARNING High grad norm: 1057.97 at epoch=52 step=11397
2026-04-21 23:08:57,263 WARNING High grad norm: 552.78 at epoch=52 step=11398
2026-04-21 23:08:57,480 WARNING High grad norm: 1032.02 at epoch=52 step=11399
2026-04-21 23:08:57,490 INFO epoch=52 step=11400 loss=464.8947 grad_norm=1032.0242 lr=1.00e-06
2026-04-21 23:08:57,699 WARNING High grad norm: 1255.03 at epoch=52 step=11400
2026-04-21 23:08:57,920 WARNING High grad norm: 917.83 at epoch=52 step=11401
2026-04-21 23:08:58,140 WARNING High grad norm: 1094.45 at epoch=52 step=11402
2026-04-21 23:08:58,360 WARNING High grad norm: 549.35 at epoch=52 step=11403
2026-04-21 23:08:58,578 WARNING High grad norm: 510.99 at epoch=52 step=11404
2026-04-21 23:08:58,795 WARNING High grad norm: 1631.76 at epoch=52 step=11405
2026-04-21 23:08:59,015 WARNING High grad norm: 895.16 at epoch=52 step=11406
2026-04-21 23:08:59,236 WARNING High grad norm: 646.50 at epoch=52 step=11407
2026-04-21 23:08:59,455 WARNING High grad norm: 917.77 at epoch=52 step=11408
2026-04-21 23:08:59,674 WARNING High grad norm: 964.68 at epoch=52 step=11409
2026-04-21 23:08:59,896 WARNING High grad norm: 1737.54 at epoch=52 step=11410
2026-04-21 23:09:00,114 WARNING High grad norm: 589.40 at epoch=52 step=11411
2026-04-21 23:09:00,339 WARNING High grad norm: 1579.12 at epoch=52 step=11412
2026-04-21 23:09:00,559 WARNING High grad norm: 796.86 at epoch=52 step=11413
2026-04-21 23:09:00,779 WARNING High grad norm: 949.65 at epoch=52 step=11414
2026-04-21 23:09:01,000 WARNING High grad norm: 655.91 at epoch=52 step=11415
2026-04-21 23:09:01,223 WARNING High grad norm: 639.30 at epoch=52 step=11416
2026-04-21 23:09:01,443 WARNING High grad norm: 1966.15 at epoch=52 step=11417
2026-04-21 23:09:01,664 WARNING High grad norm: 974.52 at epoch=52 step=11418
2026-04-21 23:09:01,883 WARNING High grad norm: 1461.58 at epoch=52 step=11419
2026-04-21 23:09:02,103 WARNING High grad norm: 985.74 at epoch=52 step=11420
2026-04-21 23:09:02,324 WARNING High grad norm: 863.26 at epoch=52 step=11421
2026-04-21 23:09:02,544 WARNING High grad norm: 1124.14 at epoch=52 step=11422
2026-04-21 23:09:02,764 WARNING High grad norm: 880.21 at epoch=52 step=11423
2026-04-21 23:09:02,982 WARNING High grad norm: 709.67 at epoch=52 step=11424
2026-04-21 23:09:03,203 WARNING High grad norm: 1220.17 at epoch=52 step=11425
2026-04-21 23:09:03,423 WARNING High grad norm: 867.80 at epoch=52 step=11426
2026-04-21 23:09:03,641 WARNING High grad norm: 1108.39 at epoch=52 step=11427
2026-04-21 23:09:03,864 WARNING High grad norm: 920.87 at epoch=52 step=11428
2026-04-21 23:09:04,083 WARNING High grad norm: 1185.45 at epoch=52 step=11429
2026-04-21 23:09:04,304 WARNING High grad norm: 1694.88 at epoch=52 step=11430
2026-04-21 23:09:04,525 WARNING High grad norm: 1937.18 at epoch=52 step=11431
2026-04-21 23:09:04,744 WARNING High grad norm: 1379.91 at epoch=52 step=11432
2026-04-21 23:09:04,964 WARNING High grad norm: 554.71 at epoch=52 step=11433
2026-04-21 23:09:05,184 WARNING High grad norm: 1871.03 at epoch=52 step=11434
2026-04-21 23:09:05,406 WARNING High grad norm: 870.93 at epoch=52 step=11435
2026-04-21 23:09:05,626 WARNING High grad norm: 985.99 at epoch=52 step=11436
2026-04-21 23:09:05,847 WARNING High grad norm: 1093.31 at epoch=52 step=11437
2026-04-21 23:09:06,065 WARNING High grad norm: 562.32 at epoch=52 step=11438
2026-04-21 23:09:06,284 WARNING High grad norm: 929.20 at epoch=52 step=11439
2026-04-21 23:09:06,503 WARNING High grad norm: 1385.19 at epoch=52 step=11440
2026-04-21 23:09:06,724 WARNING High grad norm: 1435.15 at epoch=52 step=11441
2026-04-21 23:09:06,953 WARNING High grad norm: 2409.48 at epoch=52 step=11442
2026-04-21 23:09:07,174 WARNING High grad norm: 1513.26 at epoch=52 step=11443
2026-04-21 23:09:07,402 WARNING High grad norm: 2435.22 at epoch=52 step=11444
2026-04-21 23:09:07,627 WARNING High grad norm: 1159.36 at epoch=52 step=11445
2026-04-21 23:09:07,848 WARNING High grad norm: 1268.16 at epoch=52 step=11446
2026-04-21 23:09:08,068 WARNING High grad norm: 1778.01 at epoch=52 step=11447
2026-04-21 23:09:08,288 WARNING High grad norm: 735.03 at epoch=52 step=11448
2026-04-21 23:09:08,506 WARNING High grad norm: 599.86 at epoch=52 step=11449
2026-04-21 23:09:08,727 WARNING High grad norm: 1389.50 at epoch=52 step=11450
2026-04-21 23:09:08,949 WARNING High grad norm: 719.77 at epoch=52 step=11451
2026-04-21 23:09:09,167 WARNING High grad norm: 652.63 at epoch=52 step=11452
2026-04-21 23:09:09,385 WARNING High grad norm: 929.95 at epoch=52 step=11453
2026-04-21 23:09:09,605 WARNING High grad norm: 916.23 at epoch=52 step=11454
2026-04-21 23:09:09,823 WARNING High grad norm: 1163.02 at epoch=52 step=11455
2026-04-21 23:09:10,044 WARNING High grad norm: 660.25 at epoch=52 step=11456
2026-04-21 23:09:10,264 WARNING High grad norm: 1999.67 at epoch=52 step=11457
2026-04-21 23:09:10,483 WARNING High grad norm: 1431.96 at epoch=52 step=11458
2026-04-21 23:09:10,701 WARNING High grad norm: 916.63 at epoch=52 step=11459
2026-04-21 23:09:10,921 WARNING High grad norm: 812.62 at epoch=52 step=11460
2026-04-21 23:09:11,140 WARNING High grad norm: 757.31 at epoch=52 step=11461
2026-04-21 23:09:11,357 WARNING High grad norm: 1882.06 at epoch=52 step=11462
2026-04-21 23:09:11,577 WARNING High grad norm: 1833.61 at epoch=52 step=11463
2026-04-21 23:09:11,796 WARNING High grad norm: 930.16 at epoch=52 step=11464
2026-04-21 23:09:12,015 WARNING High grad norm: 789.68 at epoch=52 step=11465
2026-04-21 23:09:12,234 WARNING High grad norm: 1064.70 at epoch=52 step=11466
2026-04-21 23:09:12,452 WARNING High grad norm: 546.14 at epoch=52 step=11467
2026-04-21 23:09:12,673 WARNING High grad norm: 1159.01 at epoch=52 step=11468
2026-04-21 23:09:12,892 WARNING High grad norm: 957.40 at epoch=52 step=11469
2026-04-21 23:09:13,110 WARNING High grad norm: 1053.98 at epoch=52 step=11470
2026-04-21 23:09:13,330 WARNING High grad norm: 964.81 at epoch=52 step=11471
2026-04-21 23:09:13,548 WARNING High grad norm: 802.10 at epoch=52 step=11472
2026-04-21 23:09:13,768 WARNING High grad norm: 1070.07 at epoch=52 step=11473
2026-04-21 23:09:13,987 WARNING High grad norm: 592.79 at epoch=52 step=11474
2026-04-21 23:09:14,206 WARNING High grad norm: 746.12 at epoch=52 step=11475
2026-04-21 23:09:14,426 WARNING High grad norm: 919.76 at epoch=52 step=11476
2026-04-21 23:09:14,645 WARNING High grad norm: 710.42 at epoch=52 step=11477
2026-04-21 23:09:14,863 WARNING High grad norm: 994.45 at epoch=52 step=11478
2026-04-21 23:09:15,082 WARNING High grad norm: 1473.76 at epoch=52 step=11479
2026-04-21 23:09:15,300 WARNING High grad norm: 1175.38 at epoch=52 step=11480
2026-04-21 23:09:15,519 WARNING High grad norm: 1008.09 at epoch=52 step=11481
2026-04-21 23:09:15,738 WARNING High grad norm: 696.78 at epoch=52 step=11482
2026-04-21 23:09:15,958 WARNING High grad norm: 759.91 at epoch=52 step=11483
2026-04-21 23:09:16,178 WARNING High grad norm: 1746.55 at epoch=52 step=11484
2026-04-21 23:09:16,398 WARNING High grad norm: 1249.52 at epoch=52 step=11485
2026-04-21 23:09:16,618 WARNING High grad norm: 2253.66 at epoch=52 step=11486
2026-04-21 23:09:16,839 WARNING High grad norm: 808.56 at epoch=52 step=11487
2026-04-21 23:09:17,058 WARNING High grad norm: 1831.95 at epoch=52 step=11488
2026-04-21 23:09:17,277 WARNING High grad norm: 1102.07 at epoch=52 step=11489
2026-04-21 23:09:17,496 WARNING High grad norm: 539.73 at epoch=52 step=11490
2026-04-21 23:09:17,719 WARNING High grad norm: 791.26 at epoch=52 step=11491
2026-04-21 23:09:17,938 WARNING High grad norm: 959.89 at epoch=52 step=11492
2026-04-21 23:09:18,157 WARNING High grad norm: 679.02 at epoch=52 step=11493
2026-04-21 23:09:18,377 WARNING High grad norm: 2288.19 at epoch=52 step=11494
2026-04-21 23:09:18,597 WARNING High grad norm: 685.25 at epoch=52 step=11495
2026-04-21 23:09:18,821 WARNING High grad norm: 2555.36 at epoch=52 step=11496
2026-04-21 23:09:19,044 WARNING High grad norm: 1007.22 at epoch=52 step=11497
2026-04-21 23:09:19,266 WARNING High grad norm: 827.12 at epoch=52 step=11498
2026-04-21 23:09:19,487 WARNING High grad norm: 599.58 at epoch=52 step=11499
2026-04-21 23:09:19,497 INFO epoch=52 step=11500 loss=484.8073 grad_norm=599.5791 lr=1.00e-06
2026-04-21 23:09:19,710 WARNING High grad norm: 1265.42 at epoch=52 step=11500
2026-04-21 23:09:19,929 WARNING High grad norm: 1260.04 at epoch=52 step=11501
2026-04-21 23:09:20,148 WARNING High grad norm: 946.35 at epoch=52 step=11502
2026-04-21 23:09:20,368 WARNING High grad norm: 825.43 at epoch=52 step=11503
2026-04-21 23:09:20,586 WARNING High grad norm: 644.47 at epoch=52 step=11504
2026-04-21 23:09:20,806 WARNING High grad norm: 792.55 at epoch=52 step=11505
2026-04-21 23:09:21,025 WARNING High grad norm: 1852.56 at epoch=52 step=11506
2026-04-21 23:09:21,244 WARNING High grad norm: 1971.81 at epoch=52 step=11507
2026-04-21 23:09:21,464 WARNING High grad norm: 1206.52 at epoch=52 step=11508
2026-04-21 23:09:21,683 WARNING High grad norm: 1307.02 at epoch=52 step=11509
2026-04-21 23:09:21,903 WARNING High grad norm: 1438.33 at epoch=52 step=11510
2026-04-21 23:09:22,122 WARNING High grad norm: 686.63 at epoch=52 step=11511
2026-04-21 23:09:22,345 WARNING High grad norm: 1217.56 at epoch=52 step=11512
2026-04-21 23:09:22,570 WARNING High grad norm: 667.52 at epoch=52 step=11513
2026-04-21 23:09:22,790 WARNING High grad norm: 954.28 at epoch=52 step=11514
2026-04-21 23:09:23,010 WARNING High grad norm: 609.69 at epoch=52 step=11515
2026-04-21 23:09:23,232 WARNING High grad norm: 727.62 at epoch=52 step=11516
2026-04-21 23:09:23,451 WARNING High grad norm: 908.89 at epoch=52 step=11517
2026-04-21 23:09:23,670 WARNING High grad norm: 1514.56 at epoch=52 step=11518
2026-04-21 23:09:23,892 WARNING High grad norm: 1982.84 at epoch=52 step=11519
2026-04-21 23:09:24,113 WARNING High grad norm: 1112.78 at epoch=52 step=11520
2026-04-21 23:09:24,331 WARNING High grad norm: 1476.57 at epoch=52 step=11521
2026-04-21 23:09:24,550 WARNING High grad norm: 635.35 at epoch=52 step=11522
2026-04-21 23:09:24,770 WARNING High grad norm: 1345.39 at epoch=52 step=11523
2026-04-21 23:09:24,990 WARNING High grad norm: 707.90 at epoch=52 step=11524
2026-04-21 23:09:25,210 WARNING High grad norm: 2429.18 at epoch=52 step=11525
2026-04-21 23:09:25,429 WARNING High grad norm: 1096.51 at epoch=52 step=11526
2026-04-21 23:09:25,648 WARNING High grad norm: 673.20 at epoch=52 step=11527
2026-04-21 23:09:25,868 WARNING High grad norm: 2064.82 at epoch=52 step=11528
2026-04-21 23:09:26,086 WARNING High grad norm: 922.67 at epoch=52 step=11529
2026-04-21 23:09:26,305 WARNING High grad norm: 563.19 at epoch=52 step=11530
2026-04-21 23:09:26,525 WARNING High grad norm: 574.13 at epoch=52 step=11531
2026-04-21 23:09:26,745 WARNING High grad norm: 1241.93 at epoch=52 step=11532
2026-04-21 23:09:26,970 WARNING High grad norm: 1003.67 at epoch=52 step=11533
2026-04-21 23:09:27,189 WARNING High grad norm: 2311.57 at epoch=52 step=11534
2026-04-21 23:09:27,407 WARNING High grad norm: 947.70 at epoch=52 step=11535
2026-04-21 23:09:27,627 WARNING High grad norm: 1283.01 at epoch=52 step=11536
2026-04-21 23:09:27,846 WARNING High grad norm: 911.17 at epoch=52 step=11537
2026-04-21 23:09:28,066 WARNING High grad norm: 1187.32 at epoch=52 step=11538
2026-04-21 23:09:28,285 WARNING High grad norm: 830.91 at epoch=52 step=11539
2026-04-21 23:09:28,507 WARNING High grad norm: 821.09 at epoch=52 step=11540
2026-04-21 23:09:28,726 WARNING High grad norm: 569.80 at epoch=52 step=11541
2026-04-21 23:09:28,945 WARNING High grad norm: 1562.00 at epoch=52 step=11542
2026-04-21 23:09:29,165 WARNING High grad norm: 1339.35 at epoch=52 step=11543
2026-04-21 23:09:29,385 WARNING High grad norm: 1778.63 at epoch=52 step=11544
2026-04-21 23:09:29,604 WARNING High grad norm: 1601.70 at epoch=52 step=11545
2026-04-21 23:09:29,825 WARNING High grad norm: 1155.80 at epoch=52 step=11546
2026-04-21 23:09:30,047 WARNING High grad norm: 531.19 at epoch=52 step=11547
2026-04-21 23:09:30,280 WARNING High grad norm: 858.67 at epoch=52 step=11548
2026-04-21 23:09:30,505 WARNING High grad norm: 1765.59 at epoch=52 step=11549
2026-04-21 23:09:30,729 WARNING High grad norm: 2062.10 at epoch=52 step=11550
2026-04-21 23:09:30,949 WARNING High grad norm: 981.79 at epoch=52 step=11551
2026-04-21 23:09:31,176 WARNING High grad norm: 1364.87 at epoch=52 step=11552
2026-04-21 23:09:31,399 WARNING High grad norm: 872.21 at epoch=52 step=11553
2026-04-21 23:09:31,622 WARNING High grad norm: 940.60 at epoch=52 step=11554
2026-04-21 23:09:31,842 WARNING High grad norm: 554.38 at epoch=52 step=11555
2026-04-21 23:09:32,063 WARNING High grad norm: 745.10 at epoch=52 step=11556
2026-04-21 23:09:32,283 WARNING High grad norm: 1089.78 at epoch=52 step=11557
2026-04-21 23:09:32,505 WARNING High grad norm: 1072.21 at epoch=52 step=11558
2026-04-21 23:09:32,724 WARNING High grad norm: 750.56 at epoch=52 step=11559
2026-04-21 23:09:32,948 WARNING High grad norm: 1041.67 at epoch=52 step=11560
2026-04-21 23:09:33,175 WARNING High grad norm: 1135.99 at epoch=52 step=11561
2026-04-21 23:09:33,397 WARNING High grad norm: 1846.84 at epoch=52 step=11562
2026-04-21 23:09:33,619 WARNING High grad norm: 792.77 at epoch=52 step=11563
2026-04-21 23:09:33,841 WARNING High grad norm: 858.93 at epoch=52 step=11564
2026-04-21 23:09:34,071 WARNING High grad norm: 1681.65 at epoch=52 step=11565
2026-04-21 23:09:34,291 WARNING High grad norm: 1714.77 at epoch=52 step=11566
2026-04-21 23:09:34,518 WARNING High grad norm: 1628.37 at epoch=52 step=11567
2026-04-21 23:09:34,752 WARNING High grad norm: 1040.36 at epoch=52 step=11568
2026-04-21 23:09:34,972 WARNING High grad norm: 698.02 at epoch=52 step=11569
2026-04-21 23:09:35,203 WARNING High grad norm: 657.05 at epoch=52 step=11570
2026-04-21 23:09:35,435 WARNING High grad norm: 999.43 at epoch=52 step=11571
2026-04-21 23:09:35,655 WARNING High grad norm: 1003.47 at epoch=52 step=11572
2026-04-21 23:09:35,877 WARNING High grad norm: 1489.10 at epoch=52 step=11573
2026-04-21 23:09:36,102 WARNING High grad norm: 666.35 at epoch=52 step=11574
2026-04-21 23:09:36,331 WARNING High grad norm: 2188.36 at epoch=52 step=11575
2026-04-21 23:09:36,553 WARNING High grad norm: 871.12 at epoch=52 step=11576
2026-04-21 23:09:36,780 WARNING High grad norm: 733.59 at epoch=52 step=11577
2026-04-21 23:09:37,000 WARNING High grad norm: 1455.73 at epoch=52 step=11578
2026-04-21 23:09:37,226 WARNING High grad norm: 980.24 at epoch=52 step=11579
2026-04-21 23:09:37,445 WARNING High grad norm: 1130.12 at epoch=52 step=11580
2026-04-21 23:09:37,668 WARNING High grad norm: 1308.99 at epoch=52 step=11581
2026-04-21 23:09:37,893 WARNING High grad norm: 835.18 at epoch=52 step=11582
2026-04-21 23:09:38,114 WARNING High grad norm: 575.65 at epoch=52 step=11583
2026-04-21 23:09:38,335 WARNING High grad norm: 1619.82 at epoch=52 step=11584
2026-04-21 23:09:38,558 WARNING High grad norm: 740.61 at epoch=52 step=11585
2026-04-21 23:09:38,780 WARNING High grad norm: 1279.30 at epoch=52 step=11586
2026-04-21 23:09:39,007 WARNING High grad norm: 673.47 at epoch=52 step=11587
2026-04-21 23:09:39,226 WARNING High grad norm: 1819.11 at epoch=52 step=11588
2026-04-21 23:09:39,447 WARNING High grad norm: 973.70 at epoch=52 step=11589
2026-04-21 23:09:39,669 WARNING High grad norm: 613.95 at epoch=52 step=11590
2026-04-21 23:09:39,890 WARNING High grad norm: 958.55 at epoch=52 step=11591
2026-04-21 23:09:40,111 WARNING High grad norm: 894.36 at epoch=52 step=11592
2026-04-21 23:09:40,330 WARNING High grad norm: 869.05 at epoch=52 step=11593
2026-04-21 23:09:40,553 WARNING High grad norm: 667.62 at epoch=52 step=11594
2026-04-21 23:09:40,707 WARNING High grad norm: 1052.67 at epoch=52 step=11595
2026-04-21 23:09:41,364 INFO epoch=52 avg_loss=482.0200 lr=1.00e-06
2026-04-21 23:09:55,694 WARNING High grad norm: 715.70 at epoch=53 step=11596
2026-04-21 23:09:55,912 WARNING High grad norm: 1565.58 at epoch=53 step=11597
2026-04-21 23:09:56,130 WARNING High grad norm: 809.20 at epoch=53 step=11598
2026-04-21 23:09:56,349 WARNING High grad norm: 1058.39 at epoch=53 step=11599
2026-04-21 23:09:56,366 INFO epoch=53 step=11600 loss=483.9718 grad_norm=1058.3922 lr=1.00e-06
2026-04-21 23:09:56,577 WARNING High grad norm: 2087.88 at epoch=53 step=11600
2026-04-21 23:09:56,802 WARNING High grad norm: 1606.27 at epoch=53 step=11601
2026-04-21 23:09:57,023 WARNING High grad norm: 803.85 at epoch=53 step=11602
2026-04-21 23:09:57,247 WARNING High grad norm: 1370.94 at epoch=53 step=11603
2026-04-21 23:09:57,468 WARNING High grad norm: 1261.07 at epoch=53 step=11604
2026-04-21 23:09:57,694 WARNING High grad norm: 1866.63 at epoch=53 step=11605
2026-04-21 23:09:57,916 WARNING High grad norm: 798.61 at epoch=53 step=11606
2026-04-21 23:09:58,134 WARNING High grad norm: 968.77 at epoch=53 step=11607
2026-04-21 23:09:58,360 WARNING High grad norm: 2379.37 at epoch=53 step=11608
2026-04-21 23:09:58,587 WARNING High grad norm: 869.29 at epoch=53 step=11609
2026-04-21 23:09:58,810 WARNING High grad norm: 1878.72 at epoch=53 step=11610
2026-04-21 23:09:59,029 WARNING High grad norm: 2463.91 at epoch=53 step=11611
2026-04-21 23:09:59,249 WARNING High grad norm: 734.60 at epoch=53 step=11612
2026-04-21 23:09:59,472 WARNING High grad norm: 995.87 at epoch=53 step=11613
2026-04-21 23:09:59,694 WARNING High grad norm: 666.67 at epoch=53 step=11614
2026-04-21 23:09:59,913 WARNING High grad norm: 1623.09 at epoch=53 step=11615
2026-04-21 23:10:00,133 WARNING High grad norm: 868.44 at epoch=53 step=11616
2026-04-21 23:10:00,352 WARNING High grad norm: 892.15 at epoch=53 step=11617
2026-04-21 23:10:00,575 WARNING High grad norm: 1053.18 at epoch=53 step=11618
2026-04-21 23:10:00,794 WARNING High grad norm: 1401.21 at epoch=53 step=11619
2026-04-21 23:10:01,014 WARNING High grad norm: 1690.45 at epoch=53 step=11620
2026-04-21 23:10:01,237 WARNING High grad norm: 962.42 at epoch=53 step=11621
2026-04-21 23:10:01,466 WARNING High grad norm: 514.65 at epoch=53 step=11622
2026-04-21 23:10:01,686 WARNING High grad norm: 517.58 at epoch=53 step=11623
2026-04-21 23:10:01,905 WARNING High grad norm: 1765.36 at epoch=53 step=11624
2026-04-21 23:10:02,123 WARNING High grad norm: 1847.59 at epoch=53 step=11625
2026-04-21 23:10:02,346 WARNING High grad norm: 1800.77 at epoch=53 step=11626
2026-04-21 23:10:02,569 WARNING High grad norm: 624.47 at epoch=53 step=11627
2026-04-21 23:10:02,787 WARNING High grad norm: 569.76 at epoch=53 step=11628
2026-04-21 23:10:03,005 WARNING High grad norm: 743.41 at epoch=53 step=11629
2026-04-21 23:10:03,228 WARNING High grad norm: 1127.21 at epoch=53 step=11630
2026-04-21 23:10:03,450 WARNING High grad norm: 751.82 at epoch=53 step=11631
2026-04-21 23:10:03,672 WARNING High grad norm: 985.26 at epoch=53 step=11632
2026-04-21 23:10:03,892 WARNING High grad norm: 867.01 at epoch=53 step=11633
2026-04-21 23:10:04,112 WARNING High grad norm: 865.78 at epoch=53 step=11634
2026-04-21 23:10:04,331 WARNING High grad norm: 850.35 at epoch=53 step=11635
2026-04-21 23:10:04,550 WARNING High grad norm: 1735.33 at epoch=53 step=11636
2026-04-21 23:10:04,768 WARNING High grad norm: 547.60 at epoch=53 step=11637
2026-04-21 23:10:04,988 WARNING High grad norm: 725.68 at epoch=53 step=11638
2026-04-21 23:10:05,208 WARNING High grad norm: 985.15 at epoch=53 step=11639
2026-04-21 23:10:05,429 WARNING High grad norm: 546.23 at epoch=53 step=11640
2026-04-21 23:10:05,651 WARNING High grad norm: 2611.81 at epoch=53 step=11641
2026-04-21 23:10:05,874 WARNING High grad norm: 940.24 at epoch=53 step=11642
2026-04-21 23:10:06,093 WARNING High grad norm: 508.31 at epoch=53 step=11643
2026-04-21 23:10:06,312 WARNING High grad norm: 1046.97 at epoch=53 step=11644
2026-04-21 23:10:06,532 WARNING High grad norm: 942.91 at epoch=53 step=11645
2026-04-21 23:10:06,752 WARNING High grad norm: 1164.88 at epoch=53 step=11646
2026-04-21 23:10:06,970 WARNING High grad norm: 742.49 at epoch=53 step=11647
2026-04-21 23:10:07,190 WARNING High grad norm: 637.61 at epoch=53 step=11648
2026-04-21 23:10:07,409 WARNING High grad norm: 803.74 at epoch=53 step=11649
2026-04-21 23:10:07,628 WARNING High grad norm: 929.09 at epoch=53 step=11650
2026-04-21 23:10:07,849 WARNING High grad norm: 1265.52 at epoch=53 step=11651
2026-04-21 23:10:08,068 WARNING High grad norm: 1448.75 at epoch=53 step=11652
2026-04-21 23:10:08,289 WARNING High grad norm: 1338.84 at epoch=53 step=11653
2026-04-21 23:10:08,507 WARNING High grad norm: 2258.91 at epoch=53 step=11654
2026-04-21 23:10:08,727 WARNING High grad norm: 1380.25 at epoch=53 step=11655
2026-04-21 23:10:08,946 WARNING High grad norm: 778.60 at epoch=53 step=11656
2026-04-21 23:10:09,165 WARNING High grad norm: 647.15 at epoch=53 step=11657
2026-04-21 23:10:09,384 WARNING High grad norm: 1177.81 at epoch=53 step=11658
2026-04-21 23:10:09,603 WARNING High grad norm: 1662.52 at epoch=53 step=11659
2026-04-21 23:10:09,825 WARNING High grad norm: 733.72 at epoch=53 step=11660
2026-04-21 23:10:10,047 WARNING High grad norm: 2099.26 at epoch=53 step=11661
2026-04-21 23:10:10,278 WARNING High grad norm: 1217.89 at epoch=53 step=11662
2026-04-21 23:10:10,499 WARNING High grad norm: 917.06 at epoch=53 step=11663
2026-04-21 23:10:10,719 WARNING High grad norm: 2242.52 at epoch=53 step=11664
2026-04-21 23:10:10,940 WARNING High grad norm: 1123.51 at epoch=53 step=11665
2026-04-21 23:10:11,159 WARNING High grad norm: 710.49 at epoch=53 step=11666
2026-04-21 23:10:11,381 WARNING High grad norm: 862.19 at epoch=53 step=11667
2026-04-21 23:10:11,601 WARNING High grad norm: 791.62 at epoch=53 step=11668
2026-04-21 23:10:11,825 WARNING High grad norm: 1250.28 at epoch=53 step=11669
2026-04-21 23:10:12,048 WARNING High grad norm: 1463.30 at epoch=53 step=11670
2026-04-21 23:10:12,276 WARNING High grad norm: 634.93 at epoch=53 step=11671
2026-04-21 23:10:12,498 WARNING High grad norm: 588.26 at epoch=53 step=11672
2026-04-21 23:10:12,719 WARNING High grad norm: 1121.48 at epoch=53 step=11673
2026-04-21 23:10:12,946 WARNING High grad norm: 999.28 at epoch=53 step=11674
2026-04-21 23:10:13,169 WARNING High grad norm: 583.57 at epoch=53 step=11675
2026-04-21 23:10:13,392 WARNING High grad norm: 2072.01 at epoch=53 step=11676
2026-04-21 23:10:13,624 WARNING High grad norm: 1164.18 at epoch=53 step=11677
2026-04-21 23:10:13,843 WARNING High grad norm: 921.78 at epoch=53 step=11678
2026-04-21 23:10:14,064 WARNING High grad norm: 1712.22 at epoch=53 step=11679
2026-04-21 23:10:14,287 WARNING High grad norm: 1824.85 at epoch=53 step=11680
2026-04-21 23:10:14,509 WARNING High grad norm: 549.17 at epoch=53 step=11681
2026-04-21 23:10:14,732 WARNING High grad norm: 678.43 at epoch=53 step=11682
2026-04-21 23:10:14,954 WARNING High grad norm: 981.32 at epoch=53 step=11683
2026-04-21 23:10:15,176 WARNING High grad norm: 692.45 at epoch=53 step=11684
2026-04-21 23:10:15,400 WARNING High grad norm: 776.34 at epoch=53 step=11685
2026-04-21 23:10:15,620 WARNING High grad norm: 936.32 at epoch=53 step=11686
2026-04-21 23:10:15,840 WARNING High grad norm: 849.37 at epoch=53 step=11687
2026-04-21 23:10:16,062 WARNING High grad norm: 2210.15 at epoch=53 step=11688
2026-04-21 23:10:16,284 WARNING High grad norm: 1016.54 at epoch=53 step=11689
2026-04-21 23:10:16,502 WARNING High grad norm: 2321.06 at epoch=53 step=11690
2026-04-21 23:10:16,724 WARNING High grad norm: 642.18 at epoch=53 step=11691
2026-04-21 23:10:16,944 WARNING High grad norm: 993.33 at epoch=53 step=11692
2026-04-21 23:10:17,163 WARNING High grad norm: 1301.18 at epoch=53 step=11693
2026-04-21 23:10:17,385 WARNING High grad norm: 1146.26 at epoch=53 step=11694
2026-04-21 23:10:17,605 WARNING High grad norm: 508.22 at epoch=53 step=11695
2026-04-21 23:10:17,828 WARNING High grad norm: 1132.50 at epoch=53 step=11696
2026-04-21 23:10:18,046 WARNING High grad norm: 669.95 at epoch=53 step=11697
2026-04-21 23:10:18,265 WARNING High grad norm: 1482.58 at epoch=53 step=11698
2026-04-21 23:10:18,485 WARNING High grad norm: 1616.04 at epoch=53 step=11699
2026-04-21 23:10:18,500 INFO epoch=53 step=11700 loss=473.8368 grad_norm=1616.0408 lr=1.00e-06
2026-04-21 23:10:18,712 WARNING High grad norm: 3000.29 at epoch=53 step=11700
2026-04-21 23:10:18,934 WARNING High grad norm: 948.19 at epoch=53 step=11701
2026-04-21 23:10:19,158 WARNING High grad norm: 2170.05 at epoch=53 step=11702
2026-04-21 23:10:19,377 WARNING High grad norm: 876.84 at epoch=53 step=11703
2026-04-21 23:10:19,596 WARNING High grad norm: 511.67 at epoch=53 step=11704
2026-04-21 23:10:19,816 WARNING High grad norm: 609.52 at epoch=53 step=11705
2026-04-21 23:10:20,035 WARNING High grad norm: 894.16 at epoch=53 step=11706
2026-04-21 23:10:20,266 WARNING High grad norm: 984.60 at epoch=53 step=11707
2026-04-21 23:10:20,490 WARNING High grad norm: 972.34 at epoch=53 step=11708
2026-04-21 23:10:20,711 WARNING High grad norm: 738.30 at epoch=53 step=11709
2026-04-21 23:10:20,949 WARNING High grad norm: 901.81 at epoch=53 step=11710
2026-04-21 23:10:21,171 WARNING High grad norm: 1469.09 at epoch=53 step=11711
2026-04-21 23:10:21,396 WARNING High grad norm: 2320.80 at epoch=53 step=11712
2026-04-21 23:10:21,620 WARNING High grad norm: 964.34 at epoch=53 step=11713
2026-04-21 23:10:21,841 WARNING High grad norm: 1310.60 at epoch=53 step=11714
2026-04-21 23:10:22,060 WARNING High grad norm: 551.92 at epoch=53 step=11715
2026-04-21 23:10:22,290 WARNING High grad norm: 762.17 at epoch=53 step=11716
2026-04-21 23:10:22,512 WARNING High grad norm: 1381.24 at epoch=53 step=11717
2026-04-21 23:10:22,732 WARNING High grad norm: 829.75 at epoch=53 step=11718
2026-04-21 23:10:22,952 WARNING High grad norm: 829.27 at epoch=53 step=11719
2026-04-21 23:10:23,173 WARNING High grad norm: 723.84 at epoch=53 step=11720
2026-04-21 23:10:23,394 WARNING High grad norm: 579.37 at epoch=53 step=11721
2026-04-21 23:10:23,613 WARNING High grad norm: 1679.68 at epoch=53 step=11722
2026-04-21 23:10:23,838 WARNING High grad norm: 938.50 at epoch=53 step=11723
2026-04-21 23:10:24,063 WARNING High grad norm: 1079.41 at epoch=53 step=11724
2026-04-21 23:10:24,283 WARNING High grad norm: 922.78 at epoch=53 step=11725
2026-04-21 23:10:24,505 WARNING High grad norm: 783.34 at epoch=53 step=11726
2026-04-21 23:10:24,728 WARNING High grad norm: 1096.40 at epoch=53 step=11727
2026-04-21 23:10:24,950 WARNING High grad norm: 1710.04 at epoch=53 step=11728
2026-04-21 23:10:25,172 WARNING High grad norm: 771.69 at epoch=53 step=11729
2026-04-21 23:10:25,396 WARNING High grad norm: 405.30 at epoch=53 step=11730
2026-04-21 23:10:25,619 WARNING High grad norm: 953.46 at epoch=53 step=11731
2026-04-21 23:10:25,838 WARNING High grad norm: 1661.22 at epoch=53 step=11732
2026-04-21 23:10:26,058 WARNING High grad norm: 2253.86 at epoch=53 step=11733
2026-04-21 23:10:26,281 WARNING High grad norm: 953.70 at epoch=53 step=11734
2026-04-21 23:10:26,500 WARNING High grad norm: 1905.15 at epoch=53 step=11735
2026-04-21 23:10:26,722 WARNING High grad norm: 584.23 at epoch=53 step=11736
2026-04-21 23:10:26,944 WARNING High grad norm: 1426.63 at epoch=53 step=11737
2026-04-21 23:10:27,167 WARNING High grad norm: 563.23 at epoch=53 step=11738
2026-04-21 23:10:27,393 WARNING High grad norm: 1563.67 at epoch=53 step=11739
2026-04-21 23:10:27,620 WARNING High grad norm: 752.32 at epoch=53 step=11740
2026-04-21 23:10:27,842 WARNING High grad norm: 1044.75 at epoch=53 step=11741
2026-04-21 23:10:28,062 WARNING High grad norm: 876.17 at epoch=53 step=11742
2026-04-21 23:10:28,281 WARNING High grad norm: 591.73 at epoch=53 step=11743
2026-04-21 23:10:28,506 WARNING High grad norm: 1127.80 at epoch=53 step=11744
2026-04-21 23:10:28,728 WARNING High grad norm: 736.96 at epoch=53 step=11745
2026-04-21 23:10:28,948 WARNING High grad norm: 2106.31 at epoch=53 step=11746
2026-04-21 23:10:29,175 WARNING High grad norm: 818.06 at epoch=53 step=11747
2026-04-21 23:10:29,396 WARNING High grad norm: 895.79 at epoch=53 step=11748
2026-04-21 23:10:29,617 WARNING High grad norm: 1132.91 at epoch=53 step=11749
2026-04-21 23:10:29,838 WARNING High grad norm: 1257.76 at epoch=53 step=11750
2026-04-21 23:10:30,060 WARNING High grad norm: 1885.24 at epoch=53 step=11751
2026-04-21 23:10:30,280 WARNING High grad norm: 789.52 at epoch=53 step=11752
2026-04-21 23:10:30,500 WARNING High grad norm: 908.74 at epoch=53 step=11753
2026-04-21 23:10:30,720 WARNING High grad norm: 812.13 at epoch=53 step=11754
2026-04-21 23:10:30,940 WARNING High grad norm: 1714.26 at epoch=53 step=11755
2026-04-21 23:10:31,164 WARNING High grad norm: 727.81 at epoch=53 step=11756
2026-04-21 23:10:31,387 WARNING High grad norm: 1338.28 at epoch=53 step=11757
2026-04-21 23:10:31,609 WARNING High grad norm: 2110.11 at epoch=53 step=11758
2026-04-21 23:10:31,836 WARNING High grad norm: 1587.42 at epoch=53 step=11759
2026-04-21 23:10:32,057 WARNING High grad norm: 1399.94 at epoch=53 step=11760
2026-04-21 23:10:32,277 WARNING High grad norm: 1097.86 at epoch=53 step=11761
2026-04-21 23:10:32,497 WARNING High grad norm: 1328.61 at epoch=53 step=11762
2026-04-21 23:10:32,717 WARNING High grad norm: 729.96 at epoch=53 step=11763
2026-04-21 23:10:32,941 WARNING High grad norm: 743.52 at epoch=53 step=11764
2026-04-21 23:10:33,161 WARNING High grad norm: 1573.27 at epoch=53 step=11765
2026-04-21 23:10:33,382 WARNING High grad norm: 960.79 at epoch=53 step=11766
2026-04-21 23:10:33,602 WARNING High grad norm: 1522.51 at epoch=53 step=11767
2026-04-21 23:10:33,822 WARNING High grad norm: 1361.18 at epoch=53 step=11768
2026-04-21 23:10:34,044 WARNING High grad norm: 649.09 at epoch=53 step=11769
2026-04-21 23:10:34,266 WARNING High grad norm: 1259.13 at epoch=53 step=11770
2026-04-21 23:10:34,485 WARNING High grad norm: 1527.08 at epoch=53 step=11771
2026-04-21 23:10:34,705 WARNING High grad norm: 1466.80 at epoch=53 step=11772
2026-04-21 23:10:34,925 WARNING High grad norm: 629.18 at epoch=53 step=11773
2026-04-21 23:10:35,144 WARNING High grad norm: 2061.87 at epoch=53 step=11774
2026-04-21 23:10:35,369 WARNING High grad norm: 1117.74 at epoch=53 step=11775
2026-04-21 23:10:35,591 WARNING High grad norm: 895.90 at epoch=53 step=11776
2026-04-21 23:10:35,814 WARNING High grad norm: 2285.27 at epoch=53 step=11777
2026-04-21 23:10:36,038 WARNING High grad norm: 1088.28 at epoch=53 step=11778
2026-04-21 23:10:36,258 WARNING High grad norm: 1362.97 at epoch=53 step=11779
2026-04-21 23:10:36,481 WARNING High grad norm: 1230.54 at epoch=53 step=11780
2026-04-21 23:10:36,701 WARNING High grad norm: 1015.14 at epoch=53 step=11781
2026-04-21 23:10:36,925 WARNING High grad norm: 947.77 at epoch=53 step=11782
2026-04-21 23:10:37,145 WARNING High grad norm: 570.38 at epoch=53 step=11783
2026-04-21 23:10:37,364 WARNING High grad norm: 531.69 at epoch=53 step=11784
2026-04-21 23:10:37,585 WARNING High grad norm: 1213.84 at epoch=53 step=11785
2026-04-21 23:10:37,809 WARNING High grad norm: 1188.72 at epoch=53 step=11786
2026-04-21 23:10:38,028 WARNING High grad norm: 931.29 at epoch=53 step=11787
2026-04-21 23:10:38,248 WARNING High grad norm: 686.97 at epoch=53 step=11788
2026-04-21 23:10:38,476 WARNING High grad norm: 1892.73 at epoch=53 step=11789
2026-04-21 23:10:38,696 WARNING High grad norm: 531.36 at epoch=53 step=11790
2026-04-21 23:10:38,916 WARNING High grad norm: 823.07 at epoch=53 step=11791
2026-04-21 23:10:39,135 WARNING High grad norm: 624.59 at epoch=53 step=11792
2026-04-21 23:10:39,355 WARNING High grad norm: 1132.58 at epoch=53 step=11793
2026-04-21 23:10:39,577 WARNING High grad norm: 829.75 at epoch=53 step=11794
2026-04-21 23:10:39,801 WARNING High grad norm: 957.36 at epoch=53 step=11795
2026-04-21 23:10:40,026 WARNING High grad norm: 1016.22 at epoch=53 step=11796
2026-04-21 23:10:40,247 WARNING High grad norm: 951.52 at epoch=53 step=11797
2026-04-21 23:10:40,469 WARNING High grad norm: 813.02 at epoch=53 step=11798
2026-04-21 23:10:40,699 WARNING High grad norm: 650.98 at epoch=53 step=11799
2026-04-21 23:10:40,709 INFO epoch=53 step=11800 loss=474.9138 grad_norm=650.9763 lr=1.00e-06
2026-04-21 23:10:40,921 WARNING High grad norm: 534.59 at epoch=53 step=11800
2026-04-21 23:10:41,142 WARNING High grad norm: 830.00 at epoch=53 step=11801
2026-04-21 23:10:41,363 WARNING High grad norm: 799.83 at epoch=53 step=11802
2026-04-21 23:10:41,588 WARNING High grad norm: 1561.21 at epoch=53 step=11803
2026-04-21 23:10:41,809 WARNING High grad norm: 3118.94 at epoch=53 step=11804
2026-04-21 23:10:42,032 WARNING High grad norm: 1304.37 at epoch=53 step=11805
2026-04-21 23:10:42,253 WARNING High grad norm: 1044.57 at epoch=53 step=11806
2026-04-21 23:10:42,475 WARNING High grad norm: 812.78 at epoch=53 step=11807
2026-04-21 23:10:42,696 WARNING High grad norm: 786.52 at epoch=53 step=11808
2026-04-21 23:10:42,918 WARNING High grad norm: 1037.69 at epoch=53 step=11809
2026-04-21 23:10:43,146 WARNING High grad norm: 913.99 at epoch=53 step=11810
2026-04-21 23:10:43,365 WARNING High grad norm: 563.92 at epoch=53 step=11811
2026-04-21 23:10:43,585 WARNING High grad norm: 623.34 at epoch=53 step=11812
2026-04-21 23:10:43,808 WARNING High grad norm: 977.09 at epoch=53 step=11813
2026-04-21 23:10:44,030 WARNING High grad norm: 590.78 at epoch=53 step=11814
2026-04-21 23:10:44,254 WARNING High grad norm: 548.30 at epoch=53 step=11815
2026-04-21 23:10:44,478 WARNING High grad norm: 1420.35 at epoch=53 step=11816
2026-04-21 23:10:44,705 WARNING High grad norm: 1370.33 at epoch=53 step=11817
2026-04-21 23:10:44,858 WARNING High grad norm: 1556.60 at epoch=53 step=11818
2026-04-21 23:10:45,515 INFO epoch=53 avg_loss=475.2029 lr=1.00e-06
2026-04-21 23:10:59,205 WARNING High grad norm: 1105.03 at epoch=54 step=11819
2026-04-21 23:10:59,424 WARNING High grad norm: 839.05 at epoch=54 step=11820
2026-04-21 23:10:59,644 WARNING High grad norm: 2176.97 at epoch=54 step=11821
2026-04-21 23:10:59,862 WARNING High grad norm: 1328.05 at epoch=54 step=11822
2026-04-21 23:11:00,088 WARNING High grad norm: 653.94 at epoch=54 step=11823
2026-04-21 23:11:00,307 WARNING High grad norm: 834.56 at epoch=54 step=11824
2026-04-21 23:11:00,535 WARNING High grad norm: 928.24 at epoch=54 step=11825
2026-04-21 23:11:00,765 WARNING High grad norm: 940.48 at epoch=54 step=11826
2026-04-21 23:11:00,995 WARNING High grad norm: 731.91 at epoch=54 step=11827
2026-04-21 23:11:01,218 WARNING High grad norm: 1242.63 at epoch=54 step=11828
2026-04-21 23:11:01,443 WARNING High grad norm: 952.23 at epoch=54 step=11829
2026-04-21 23:11:01,670 WARNING High grad norm: 982.60 at epoch=54 step=11830
2026-04-21 23:11:01,898 WARNING High grad norm: 786.77 at epoch=54 step=11831
2026-04-21 23:11:02,124 WARNING High grad norm: 2375.37 at epoch=54 step=11832
2026-04-21 23:11:02,348 WARNING High grad norm: 701.93 at epoch=54 step=11833
2026-04-21 23:11:02,573 WARNING High grad norm: 1024.80 at epoch=54 step=11834
2026-04-21 23:11:02,796 WARNING High grad norm: 1148.17 at epoch=54 step=11835
2026-04-21 23:11:03,022 WARNING High grad norm: 1443.96 at epoch=54 step=11836
2026-04-21 23:11:03,241 WARNING High grad norm: 711.87 at epoch=54 step=11837
2026-04-21 23:11:03,463 WARNING High grad norm: 707.74 at epoch=54 step=11838
2026-04-21 23:11:03,691 WARNING High grad norm: 954.27 at epoch=54 step=11839
2026-04-21 23:11:03,912 WARNING High grad norm: 657.48 at epoch=54 step=11840
2026-04-21 23:11:04,132 WARNING High grad norm: 842.83 at epoch=54 step=11841
2026-04-21 23:11:04,351 WARNING High grad norm: 624.27 at epoch=54 step=11842
2026-04-21 23:11:04,574 WARNING High grad norm: 506.23 at epoch=54 step=11843
2026-04-21 23:11:04,794 WARNING High grad norm: 1427.53 at epoch=54 step=11844
2026-04-21 23:11:05,013 WARNING High grad norm: 547.40 at epoch=54 step=11845
2026-04-21 23:11:05,236 WARNING High grad norm: 1600.30 at epoch=54 step=11846
2026-04-21 23:11:05,460 WARNING High grad norm: 1212.60 at epoch=54 step=11847
2026-04-21 23:11:05,685 WARNING High grad norm: 1226.60 at epoch=54 step=11848
2026-04-21 23:11:05,906 WARNING High grad norm: 936.82 at epoch=54 step=11849
2026-04-21 23:11:06,125 WARNING High grad norm: 1501.20 at epoch=54 step=11850
2026-04-21 23:11:06,345 WARNING High grad norm: 616.29 at epoch=54 step=11851
2026-04-21 23:11:06,564 WARNING High grad norm: 904.93 at epoch=54 step=11852
2026-04-21 23:11:06,787 WARNING High grad norm: 1501.02 at epoch=54 step=11853
2026-04-21 23:11:07,008 WARNING High grad norm: 596.84 at epoch=54 step=11854
2026-04-21 23:11:07,227 WARNING High grad norm: 2021.84 at epoch=54 step=11855
2026-04-21 23:11:07,447 WARNING High grad norm: 1099.13 at epoch=54 step=11856
2026-04-21 23:11:07,666 WARNING High grad norm: 529.45 at epoch=54 step=11857
2026-04-21 23:11:07,889 WARNING High grad norm: 760.08 at epoch=54 step=11858
2026-04-21 23:11:08,109 WARNING High grad norm: 500.14 at epoch=54 step=11859
2026-04-21 23:11:08,330 WARNING High grad norm: 792.78 at epoch=54 step=11860
2026-04-21 23:11:08,554 WARNING High grad norm: 1888.49 at epoch=54 step=11861
2026-04-21 23:11:08,775 WARNING High grad norm: 1160.12 at epoch=54 step=11862
2026-04-21 23:11:08,994 WARNING High grad norm: 2466.34 at epoch=54 step=11863
2026-04-21 23:11:09,214 WARNING High grad norm: 1177.52 at epoch=54 step=11864
2026-04-21 23:11:09,437 WARNING High grad norm: 775.72 at epoch=54 step=11865
2026-04-21 23:11:09,656 WARNING High grad norm: 524.97 at epoch=54 step=11866
2026-04-21 23:11:09,884 WARNING High grad norm: 645.46 at epoch=54 step=11867
2026-04-21 23:11:10,105 WARNING High grad norm: 915.27 at epoch=54 step=11868
2026-04-21 23:11:10,327 WARNING High grad norm: 2362.37 at epoch=54 step=11869
2026-04-21 23:11:10,547 WARNING High grad norm: 819.84 at epoch=54 step=11870
2026-04-21 23:11:10,770 WARNING High grad norm: 1905.42 at epoch=54 step=11871
2026-04-21 23:11:10,989 WARNING High grad norm: 1105.00 at epoch=54 step=11872
2026-04-21 23:11:11,211 WARNING High grad norm: 862.10 at epoch=54 step=11873
2026-04-21 23:11:11,438 WARNING High grad norm: 1048.59 at epoch=54 step=11874
2026-04-21 23:11:11,658 WARNING High grad norm: 1043.32 at epoch=54 step=11875
2026-04-21 23:11:11,889 WARNING High grad norm: 1188.43 at epoch=54 step=11876
2026-04-21 23:11:12,109 WARNING High grad norm: 1333.22 at epoch=54 step=11877
2026-04-21 23:11:12,331 WARNING High grad norm: 1682.66 at epoch=54 step=11878
2026-04-21 23:11:12,551 WARNING High grad norm: 1899.70 at epoch=54 step=11879
2026-04-21 23:11:12,770 WARNING High grad norm: 1920.20 at epoch=54 step=11880
2026-04-21 23:11:12,993 WARNING High grad norm: 1150.75 at epoch=54 step=11881
2026-04-21 23:11:13,213 WARNING High grad norm: 1623.03 at epoch=54 step=11882
2026-04-21 23:11:13,432 WARNING High grad norm: 1496.26 at epoch=54 step=11883
2026-04-21 23:11:13,657 WARNING High grad norm: 1025.83 at epoch=54 step=11884
2026-04-21 23:11:13,878 WARNING High grad norm: 834.47 at epoch=54 step=11885
2026-04-21 23:11:14,097 WARNING High grad norm: 796.16 at epoch=54 step=11886
2026-04-21 23:11:14,317 WARNING High grad norm: 504.15 at epoch=54 step=11887
2026-04-21 23:11:14,538 WARNING High grad norm: 1283.13 at epoch=54 step=11888
2026-04-21 23:11:14,758 WARNING High grad norm: 983.45 at epoch=54 step=11889
2026-04-21 23:11:14,978 WARNING High grad norm: 735.31 at epoch=54 step=11890
2026-04-21 23:11:15,199 WARNING High grad norm: 633.01 at epoch=54 step=11891
2026-04-21 23:11:15,427 WARNING High grad norm: 2290.84 at epoch=54 step=11892
2026-04-21 23:11:15,651 WARNING High grad norm: 1662.72 at epoch=54 step=11893
2026-04-21 23:11:15,871 WARNING High grad norm: 1218.24 at epoch=54 step=11894
2026-04-21 23:11:16,094 WARNING High grad norm: 1131.69 at epoch=54 step=11895
2026-04-21 23:11:16,315 WARNING High grad norm: 1253.81 at epoch=54 step=11896
2026-04-21 23:11:16,538 WARNING High grad norm: 853.24 at epoch=54 step=11897
2026-04-21 23:11:16,758 WARNING High grad norm: 1976.89 at epoch=54 step=11898
2026-04-21 23:11:16,983 WARNING High grad norm: 2076.38 at epoch=54 step=11899
2026-04-21 23:11:16,994 INFO epoch=54 step=11900 loss=475.2605 grad_norm=2076.3801 lr=1.00e-06
2026-04-21 23:11:17,206 WARNING High grad norm: 1190.10 at epoch=54 step=11900
2026-04-21 23:11:17,426 WARNING High grad norm: 471.61 at epoch=54 step=11901
2026-04-21 23:11:17,645 WARNING High grad norm: 1097.21 at epoch=54 step=11902
2026-04-21 23:11:17,866 WARNING High grad norm: 1040.93 at epoch=54 step=11903
2026-04-21 23:11:18,092 WARNING High grad norm: 1476.59 at epoch=54 step=11904
2026-04-21 23:11:18,312 WARNING High grad norm: 941.08 at epoch=54 step=11905
2026-04-21 23:11:18,531 WARNING High grad norm: 1862.52 at epoch=54 step=11906
2026-04-21 23:11:18,752 WARNING High grad norm: 1582.11 at epoch=54 step=11907
2026-04-21 23:11:18,974 WARNING High grad norm: 987.04 at epoch=54 step=11908
2026-04-21 23:11:19,201 WARNING High grad norm: 1321.76 at epoch=54 step=11909
2026-04-21 23:11:19,424 WARNING High grad norm: 848.42 at epoch=54 step=11910
2026-04-21 23:11:19,644 WARNING High grad norm: 926.84 at epoch=54 step=11911
2026-04-21 23:11:19,864 WARNING High grad norm: 667.13 at epoch=54 step=11912
2026-04-21 23:11:20,085 WARNING High grad norm: 714.30 at epoch=54 step=11913
2026-04-21 23:11:20,307 WARNING High grad norm: 1624.32 at epoch=54 step=11914
2026-04-21 23:11:20,526 WARNING High grad norm: 1058.63 at epoch=54 step=11915
2026-04-21 23:11:20,746 WARNING High grad norm: 628.71 at epoch=54 step=11916
2026-04-21 23:11:20,966 WARNING High grad norm: 1352.31 at epoch=54 step=11917
2026-04-21 23:11:21,189 WARNING High grad norm: 904.25 at epoch=54 step=11918
2026-04-21 23:11:21,411 WARNING High grad norm: 966.57 at epoch=54 step=11919
2026-04-21 23:11:21,631 WARNING High grad norm: 698.22 at epoch=54 step=11920
2026-04-21 23:11:21,858 WARNING High grad norm: 820.89 at epoch=54 step=11921
2026-04-21 23:11:22,084 WARNING High grad norm: 937.69 at epoch=54 step=11922
2026-04-21 23:11:22,318 WARNING High grad norm: 1490.23 at epoch=54 step=11923
2026-04-21 23:11:22,549 WARNING High grad norm: 1240.29 at epoch=54 step=11924
2026-04-21 23:11:22,779 WARNING High grad norm: 892.63 at epoch=54 step=11925
2026-04-21 23:11:23,002 WARNING High grad norm: 845.60 at epoch=54 step=11926
2026-04-21 23:11:23,232 WARNING High grad norm: 1756.53 at epoch=54 step=11927
2026-04-21 23:11:23,453 WARNING High grad norm: 1584.60 at epoch=54 step=11928
2026-04-21 23:11:23,674 WARNING High grad norm: 918.17 at epoch=54 step=11929
2026-04-21 23:11:23,895 WARNING High grad norm: 1291.78 at epoch=54 step=11930
2026-04-21 23:11:24,116 WARNING High grad norm: 713.93 at epoch=54 step=11931
2026-04-21 23:11:24,339 WARNING High grad norm: 1019.30 at epoch=54 step=11932
2026-04-21 23:11:24,567 WARNING High grad norm: 791.87 at epoch=54 step=11933
2026-04-21 23:11:24,791 WARNING High grad norm: 1924.86 at epoch=54 step=11934
2026-04-21 23:11:25,013 WARNING High grad norm: 1279.36 at epoch=54 step=11935
2026-04-21 23:11:25,241 WARNING High grad norm: 1085.03 at epoch=54 step=11936
2026-04-21 23:11:25,466 WARNING High grad norm: 650.16 at epoch=54 step=11937
2026-04-21 23:11:25,692 WARNING High grad norm: 808.86 at epoch=54 step=11938
2026-04-21 23:11:25,914 WARNING High grad norm: 790.00 at epoch=54 step=11939
2026-04-21 23:11:26,135 WARNING High grad norm: 1360.29 at epoch=54 step=11940
2026-04-21 23:11:26,357 WARNING High grad norm: 821.30 at epoch=54 step=11941
2026-04-21 23:11:26,582 WARNING High grad norm: 746.49 at epoch=54 step=11942
2026-04-21 23:11:26,808 WARNING High grad norm: 748.18 at epoch=54 step=11943
2026-04-21 23:11:27,038 WARNING High grad norm: 1285.70 at epoch=54 step=11944
2026-04-21 23:11:27,266 WARNING High grad norm: 1422.42 at epoch=54 step=11945
2026-04-21 23:11:27,485 WARNING High grad norm: 624.39 at epoch=54 step=11946
2026-04-21 23:11:27,706 WARNING High grad norm: 2316.09 at epoch=54 step=11947
2026-04-21 23:11:27,926 WARNING High grad norm: 2536.07 at epoch=54 step=11948
2026-04-21 23:11:28,151 WARNING High grad norm: 1300.65 at epoch=54 step=11949
2026-04-21 23:11:28,371 WARNING High grad norm: 881.05 at epoch=54 step=11950
2026-04-21 23:11:28,592 WARNING High grad norm: 864.50 at epoch=54 step=11951
2026-04-21 23:11:28,814 WARNING High grad norm: 915.92 at epoch=54 step=11952
2026-04-21 23:11:29,034 WARNING High grad norm: 690.09 at epoch=54 step=11953
2026-04-21 23:11:29,254 WARNING High grad norm: 1137.15 at epoch=54 step=11954
2026-04-21 23:11:29,474 WARNING High grad norm: 897.39 at epoch=54 step=11955
2026-04-21 23:11:29,695 WARNING High grad norm: 1131.34 at epoch=54 step=11956
2026-04-21 23:11:29,915 WARNING High grad norm: 559.88 at epoch=54 step=11957
2026-04-21 23:11:30,135 WARNING High grad norm: 1527.96 at epoch=54 step=11958
2026-04-21 23:11:30,363 WARNING High grad norm: 1431.08 at epoch=54 step=11959
2026-04-21 23:11:30,584 WARNING High grad norm: 1423.95 at epoch=54 step=11960
2026-04-21 23:11:30,804 WARNING High grad norm: 692.30 at epoch=54 step=11961
2026-04-21 23:11:31,033 WARNING High grad norm: 991.53 at epoch=54 step=11962
2026-04-21 23:11:31,254 WARNING High grad norm: 675.92 at epoch=54 step=11963
2026-04-21 23:11:31,476 WARNING High grad norm: 805.01 at epoch=54 step=11964
2026-04-21 23:11:31,697 WARNING High grad norm: 1240.55 at epoch=54 step=11965
2026-04-21 23:11:31,917 WARNING High grad norm: 1042.22 at epoch=54 step=11966
2026-04-21 23:11:32,137 WARNING High grad norm: 773.36 at epoch=54 step=11967
2026-04-21 23:11:32,357 WARNING High grad norm: 1370.57 at epoch=54 step=11968
2026-04-21 23:11:32,576 WARNING High grad norm: 976.87 at epoch=54 step=11969
2026-04-21 23:11:32,796 WARNING High grad norm: 1696.49 at epoch=54 step=11970
2026-04-21 23:11:33,016 WARNING High grad norm: 1740.68 at epoch=54 step=11971
2026-04-21 23:11:33,239 WARNING High grad norm: 895.41 at epoch=54 step=11972
2026-04-21 23:11:33,460 WARNING High grad norm: 994.24 at epoch=54 step=11973
2026-04-21 23:11:33,682 WARNING High grad norm: 2351.05 at epoch=54 step=11974
2026-04-21 23:11:33,908 WARNING High grad norm: 1328.62 at epoch=54 step=11975
2026-04-21 23:11:34,130 WARNING High grad norm: 840.11 at epoch=54 step=11976
2026-04-21 23:11:34,356 WARNING High grad norm: 1136.17 at epoch=54 step=11977
2026-04-21 23:11:34,577 WARNING High grad norm: 1802.89 at epoch=54 step=11978
2026-04-21 23:11:34,796 WARNING High grad norm: 893.60 at epoch=54 step=11979
2026-04-21 23:11:35,016 WARNING High grad norm: 1295.80 at epoch=54 step=11980
2026-04-21 23:11:35,237 WARNING High grad norm: 736.94 at epoch=54 step=11981
2026-04-21 23:11:35,457 WARNING High grad norm: 738.11 at epoch=54 step=11982
2026-04-21 23:11:35,680 WARNING High grad norm: 1531.72 at epoch=54 step=11983
2026-04-21 23:11:35,902 WARNING High grad norm: 1393.47 at epoch=54 step=11984
2026-04-21 23:11:36,126 WARNING High grad norm: 884.31 at epoch=54 step=11985
2026-04-21 23:11:36,349 WARNING High grad norm: 954.64 at epoch=54 step=11986
2026-04-21 23:11:36,571 WARNING High grad norm: 825.46 at epoch=54 step=11987
2026-04-21 23:11:36,792 WARNING High grad norm: 830.18 at epoch=54 step=11988
2026-04-21 23:11:37,014 WARNING High grad norm: 800.34 at epoch=54 step=11989
2026-04-21 23:11:37,235 WARNING High grad norm: 809.85 at epoch=54 step=11990
2026-04-21 23:11:37,457 WARNING High grad norm: 913.82 at epoch=54 step=11991
2026-04-21 23:11:37,679 WARNING High grad norm: 572.27 at epoch=54 step=11992
2026-04-21 23:11:37,903 WARNING High grad norm: 1326.32 at epoch=54 step=11993
2026-04-21 23:11:38,124 WARNING High grad norm: 869.33 at epoch=54 step=11994
2026-04-21 23:11:38,346 WARNING High grad norm: 605.44 at epoch=54 step=11995
2026-04-21 23:11:38,571 WARNING High grad norm: 1502.39 at epoch=54 step=11996
2026-04-21 23:11:38,792 WARNING High grad norm: 1517.29 at epoch=54 step=11997
2026-04-21 23:11:39,024 WARNING High grad norm: 881.33 at epoch=54 step=11998
2026-04-21 23:11:39,245 WARNING High grad norm: 1391.05 at epoch=54 step=11999
2026-04-21 23:11:39,257 INFO epoch=54 step=12000 loss=476.2000 grad_norm=1391.0475 lr=1.00e-06
2026-04-21 23:11:39,470 WARNING High grad norm: 1092.74 at epoch=54 step=12000
2026-04-21 23:11:39,694 WARNING High grad norm: 1489.80 at epoch=54 step=12001
2026-04-21 23:11:39,921 WARNING High grad norm: 1406.64 at epoch=54 step=12002
2026-04-21 23:11:40,147 WARNING High grad norm: 1404.29 at epoch=54 step=12003
2026-04-21 23:11:40,371 WARNING High grad norm: 1496.55 at epoch=54 step=12004
2026-04-21 23:11:40,593 WARNING High grad norm: 808.86 at epoch=54 step=12005
2026-04-21 23:11:40,817 WARNING High grad norm: 984.61 at epoch=54 step=12006
2026-04-21 23:11:41,039 WARNING High grad norm: 1737.15 at epoch=54 step=12007
2026-04-21 23:11:41,264 WARNING High grad norm: 1330.47 at epoch=54 step=12008
2026-04-21 23:11:41,485 WARNING High grad norm: 1620.38 at epoch=54 step=12009
2026-04-21 23:11:41,705 WARNING High grad norm: 1390.40 at epoch=54 step=12010
2026-04-21 23:11:41,931 WARNING High grad norm: 669.80 at epoch=54 step=12011
2026-04-21 23:11:42,157 WARNING High grad norm: 2611.71 at epoch=54 step=12012
2026-04-21 23:11:42,380 WARNING High grad norm: 1536.62 at epoch=54 step=12013
2026-04-21 23:11:42,601 WARNING High grad norm: 1428.24 at epoch=54 step=12014
2026-04-21 23:11:42,821 WARNING High grad norm: 1301.21 at epoch=54 step=12015
2026-04-21 23:11:43,056 WARNING High grad norm: 777.44 at epoch=54 step=12016
2026-04-21 23:11:43,276 WARNING High grad norm: 635.26 at epoch=54 step=12017
2026-04-21 23:11:43,500 WARNING High grad norm: 1289.01 at epoch=54 step=12018
2026-04-21 23:11:43,721 WARNING High grad norm: 1112.53 at epoch=54 step=12019
2026-04-21 23:11:43,942 WARNING High grad norm: 1415.24 at epoch=54 step=12020
2026-04-21 23:11:44,162 WARNING High grad norm: 1754.27 at epoch=54 step=12021
2026-04-21 23:11:44,387 WARNING High grad norm: 1099.00 at epoch=54 step=12022
2026-04-21 23:11:44,612 WARNING High grad norm: 1035.77 at epoch=54 step=12023
2026-04-21 23:11:44,833 WARNING High grad norm: 1493.73 at epoch=54 step=12024
2026-04-21 23:11:45,056 WARNING High grad norm: 786.20 at epoch=54 step=12025
2026-04-21 23:11:45,276 WARNING High grad norm: 2948.98 at epoch=54 step=12026
2026-04-21 23:11:45,498 WARNING High grad norm: 1449.13 at epoch=54 step=12027
2026-04-21 23:11:45,720 WARNING High grad norm: 757.75 at epoch=54 step=12028
2026-04-21 23:11:45,940 WARNING High grad norm: 750.71 at epoch=54 step=12029
2026-04-21 23:11:46,163 WARNING High grad norm: 2540.44 at epoch=54 step=12030
2026-04-21 23:11:46,383 WARNING High grad norm: 907.00 at epoch=54 step=12031
2026-04-21 23:11:46,603 WARNING High grad norm: 864.41 at epoch=54 step=12032
2026-04-21 23:11:46,827 WARNING High grad norm: 642.08 at epoch=54 step=12033
2026-04-21 23:11:47,051 WARNING High grad norm: 691.35 at epoch=54 step=12034
2026-04-21 23:11:47,272 WARNING High grad norm: 907.01 at epoch=54 step=12035
2026-04-21 23:11:47,492 WARNING High grad norm: 1129.14 at epoch=54 step=12036
2026-04-21 23:11:47,715 WARNING High grad norm: 569.59 at epoch=54 step=12037
2026-04-21 23:11:47,940 WARNING High grad norm: 1269.32 at epoch=54 step=12038
2026-04-21 23:11:48,163 WARNING High grad norm: 621.61 at epoch=54 step=12039
2026-04-21 23:11:48,385 WARNING High grad norm: 946.92 at epoch=54 step=12040
2026-04-21 23:11:48,533 WARNING High grad norm: 1045.26 at epoch=54 step=12041
2026-04-21 23:11:49,143 INFO epoch=54 avg_loss=478.0257 lr=1.00e-06
2026-04-21 23:12:03,327 WARNING High grad norm: 1132.76 at epoch=55 step=12042
2026-04-21 23:12:03,556 WARNING High grad norm: 726.05 at epoch=55 step=12043
2026-04-21 23:12:03,785 WARNING High grad norm: 762.23 at epoch=55 step=12044
2026-04-21 23:12:04,003 WARNING High grad norm: 801.99 at epoch=55 step=12045
2026-04-21 23:12:04,225 WARNING High grad norm: 1375.84 at epoch=55 step=12046
2026-04-21 23:12:04,452 WARNING High grad norm: 1016.40 at epoch=55 step=12047
2026-04-21 23:12:04,671 WARNING High grad norm: 1968.05 at epoch=55 step=12048
2026-04-21 23:12:04,891 WARNING High grad norm: 807.00 at epoch=55 step=12049
2026-04-21 23:12:05,109 WARNING High grad norm: 761.04 at epoch=55 step=12050
2026-04-21 23:12:05,329 WARNING High grad norm: 1619.62 at epoch=55 step=12051
2026-04-21 23:12:05,551 WARNING High grad norm: 941.23 at epoch=55 step=12052
2026-04-21 23:12:05,777 WARNING High grad norm: 702.82 at epoch=55 step=12053
2026-04-21 23:12:05,998 WARNING High grad norm: 1104.31 at epoch=55 step=12054
2026-04-21 23:12:06,225 WARNING High grad norm: 1228.97 at epoch=55 step=12055
2026-04-21 23:12:06,443 WARNING High grad norm: 996.49 at epoch=55 step=12056
2026-04-21 23:12:06,665 WARNING High grad norm: 2096.05 at epoch=55 step=12057
2026-04-21 23:12:06,885 WARNING High grad norm: 1271.87 at epoch=55 step=12058
2026-04-21 23:12:07,105 WARNING High grad norm: 658.28 at epoch=55 step=12059
2026-04-21 23:12:07,324 WARNING High grad norm: 953.26 at epoch=55 step=12060
2026-04-21 23:12:07,545 WARNING High grad norm: 1152.16 at epoch=55 step=12061
2026-04-21 23:12:07,773 WARNING High grad norm: 1498.06 at epoch=55 step=12062
2026-04-21 23:12:07,994 WARNING High grad norm: 944.25 at epoch=55 step=12063
2026-04-21 23:12:08,215 WARNING High grad norm: 890.46 at epoch=55 step=12064
2026-04-21 23:12:08,435 WARNING High grad norm: 915.26 at epoch=55 step=12065
2026-04-21 23:12:08,662 WARNING High grad norm: 910.11 at epoch=55 step=12066
2026-04-21 23:12:08,886 WARNING High grad norm: 1676.56 at epoch=55 step=12067
2026-04-21 23:12:09,105 WARNING High grad norm: 925.60 at epoch=55 step=12068
2026-04-21 23:12:09,326 WARNING High grad norm: 1700.05 at epoch=55 step=12069
2026-04-21 23:12:09,549 WARNING High grad norm: 1572.49 at epoch=55 step=12070
2026-04-21 23:12:09,771 WARNING High grad norm: 775.87 at epoch=55 step=12071
2026-04-21 23:12:09,993 WARNING High grad norm: 904.80 at epoch=55 step=12072
2026-04-21 23:12:10,215 WARNING High grad norm: 830.98 at epoch=55 step=12073
2026-04-21 23:12:10,434 WARNING High grad norm: 540.94 at epoch=55 step=12074
2026-04-21 23:12:10,658 WARNING High grad norm: 1297.82 at epoch=55 step=12075
2026-04-21 23:12:10,877 WARNING High grad norm: 1076.00 at epoch=55 step=12076
2026-04-21 23:12:11,096 WARNING High grad norm: 1086.88 at epoch=55 step=12077
2026-04-21 23:12:11,316 WARNING High grad norm: 907.47 at epoch=55 step=12078
2026-04-21 23:12:11,536 WARNING High grad norm: 576.46 at epoch=55 step=12079
2026-04-21 23:12:11,756 WARNING High grad norm: 2061.78 at epoch=55 step=12080
2026-04-21 23:12:11,976 WARNING High grad norm: 1607.01 at epoch=55 step=12081
2026-04-21 23:12:12,197 WARNING High grad norm: 1292.58 at epoch=55 step=12082
2026-04-21 23:12:12,419 WARNING High grad norm: 882.54 at epoch=55 step=12083
2026-04-21 23:12:12,643 WARNING High grad norm: 1480.63 at epoch=55 step=12084
2026-04-21 23:12:12,862 WARNING High grad norm: 623.38 at epoch=55 step=12085
2026-04-21 23:12:13,085 WARNING High grad norm: 604.56 at epoch=55 step=12086
2026-04-21 23:12:13,306 WARNING High grad norm: 628.25 at epoch=55 step=12087
2026-04-21 23:12:13,529 WARNING High grad norm: 434.40 at epoch=55 step=12088
2026-04-21 23:12:13,756 WARNING High grad norm: 828.13 at epoch=55 step=12089
2026-04-21 23:12:13,987 WARNING High grad norm: 814.60 at epoch=55 step=12090
2026-04-21 23:12:14,213 WARNING High grad norm: 535.28 at epoch=55 step=12091
2026-04-21 23:12:14,442 WARNING High grad norm: 1500.32 at epoch=55 step=12092
2026-04-21 23:12:14,662 WARNING High grad norm: 1299.85 at epoch=55 step=12093
2026-04-21 23:12:14,881 WARNING High grad norm: 975.93 at epoch=55 step=12094
2026-04-21 23:12:15,103 WARNING High grad norm: 716.43 at epoch=55 step=12095
2026-04-21 23:12:15,325 WARNING High grad norm: 2306.97 at epoch=55 step=12096
2026-04-21 23:12:15,545 WARNING High grad norm: 1507.77 at epoch=55 step=12097
2026-04-21 23:12:15,768 WARNING High grad norm: 754.14 at epoch=55 step=12098
2026-04-21 23:12:15,991 WARNING High grad norm: 721.12 at epoch=55 step=12099
2026-04-21 23:12:16,001 INFO epoch=55 step=12100 loss=465.6927 grad_norm=721.1205 lr=1.00e-06
2026-04-21 23:12:16,213 WARNING High grad norm: 702.21 at epoch=55 step=12100
2026-04-21 23:12:16,435 WARNING High grad norm: 940.25 at epoch=55 step=12101
2026-04-21 23:12:16,662 WARNING High grad norm: 1480.29 at epoch=55 step=12102
2026-04-21 23:12:16,883 WARNING High grad norm: 794.46 at epoch=55 step=12103
2026-04-21 23:12:17,104 WARNING High grad norm: 837.60 at epoch=55 step=12104
2026-04-21 23:12:17,324 WARNING High grad norm: 389.86 at epoch=55 step=12105
2026-04-21 23:12:17,544 WARNING High grad norm: 1196.12 at epoch=55 step=12106
2026-04-21 23:12:17,765 WARNING High grad norm: 736.01 at epoch=55 step=12107
2026-04-21 23:12:17,989 WARNING High grad norm: 657.66 at epoch=55 step=12108
2026-04-21 23:12:18,211 WARNING High grad norm: 1339.56 at epoch=55 step=12109
2026-04-21 23:12:18,431 WARNING High grad norm: 1456.48 at epoch=55 step=12110
2026-04-21 23:12:18,653 WARNING High grad norm: 965.92 at epoch=55 step=12111
2026-04-21 23:12:18,880 WARNING High grad norm: 1032.22 at epoch=55 step=12112
2026-04-21 23:12:19,100 WARNING High grad norm: 1125.41 at epoch=55 step=12113
2026-04-21 23:12:19,320 WARNING High grad norm: 1571.35 at epoch=55 step=12114
2026-04-21 23:12:19,540 WARNING High grad norm: 1234.75 at epoch=55 step=12115
2026-04-21 23:12:19,764 WARNING High grad norm: 748.01 at epoch=55 step=12116
2026-04-21 23:12:19,994 WARNING High grad norm: 879.11 at epoch=55 step=12117
2026-04-21 23:12:20,227 WARNING High grad norm: 1015.10 at epoch=55 step=12118
2026-04-21 23:12:20,452 WARNING High grad norm: 920.17 at epoch=55 step=12119
2026-04-21 23:12:20,672 WARNING High grad norm: 994.47 at epoch=55 step=12120
2026-04-21 23:12:20,893 WARNING High grad norm: 931.64 at epoch=55 step=12121
2026-04-21 23:12:21,113 WARNING High grad norm: 1172.17 at epoch=55 step=12122
2026-04-21 23:12:21,334 WARNING High grad norm: 1420.50 at epoch=55 step=12123
2026-04-21 23:12:21,555 WARNING High grad norm: 1750.12 at epoch=55 step=12124
2026-04-21 23:12:21,775 WARNING High grad norm: 744.94 at epoch=55 step=12125
2026-04-21 23:12:21,996 WARNING High grad norm: 998.94 at epoch=55 step=12126
2026-04-21 23:12:22,225 WARNING High grad norm: 912.93 at epoch=55 step=12127
2026-04-21 23:12:22,448 WARNING High grad norm: 1191.04 at epoch=55 step=12128
2026-04-21 23:12:22,675 WARNING High grad norm: 1103.47 at epoch=55 step=12129
2026-04-21 23:12:22,901 WARNING High grad norm: 2136.43 at epoch=55 step=12130
2026-04-21 23:12:23,124 WARNING High grad norm: 904.69 at epoch=55 step=12131
2026-04-21 23:12:23,343 WARNING High grad norm: 459.72 at epoch=55 step=12132
2026-04-21 23:12:23,565 WARNING High grad norm: 867.57 at epoch=55 step=12133
2026-04-21 23:12:23,785 WARNING High grad norm: 979.50 at epoch=55 step=12134
2026-04-21 23:12:24,005 WARNING High grad norm: 1483.45 at epoch=55 step=12135
2026-04-21 23:12:24,227 WARNING High grad norm: 1036.58 at epoch=55 step=12136
2026-04-21 23:12:24,451 WARNING High grad norm: 745.81 at epoch=55 step=12137
2026-04-21 23:12:24,672 WARNING High grad norm: 724.83 at epoch=55 step=12138
2026-04-21 23:12:24,892 WARNING High grad norm: 1380.45 at epoch=55 step=12139
2026-04-21 23:12:25,113 WARNING High grad norm: 855.44 at epoch=55 step=12140
2026-04-21 23:12:25,335 WARNING High grad norm: 852.64 at epoch=55 step=12141
2026-04-21 23:12:25,557 WARNING High grad norm: 717.80 at epoch=55 step=12142
2026-04-21 23:12:25,777 WARNING High grad norm: 1016.20 at epoch=55 step=12143
2026-04-21 23:12:25,998 WARNING High grad norm: 1067.38 at epoch=55 step=12144
2026-04-21 23:12:26,222 WARNING High grad norm: 809.40 at epoch=55 step=12145
2026-04-21 23:12:26,442 WARNING High grad norm: 928.95 at epoch=55 step=12146
2026-04-21 23:12:26,668 WARNING High grad norm: 923.46 at epoch=55 step=12147
2026-04-21 23:12:26,889 WARNING High grad norm: 1077.22 at epoch=55 step=12148
2026-04-21 23:12:27,113 WARNING High grad norm: 1291.82 at epoch=55 step=12149
2026-04-21 23:12:27,334 WARNING High grad norm: 1114.48 at epoch=55 step=12150
2026-04-21 23:12:27,563 WARNING High grad norm: 1793.85 at epoch=55 step=12151
2026-04-21 23:12:27,783 WARNING High grad norm: 841.32 at epoch=55 step=12152
2026-04-21 23:12:28,003 WARNING High grad norm: 1478.50 at epoch=55 step=12153
2026-04-21 23:12:28,225 WARNING High grad norm: 1889.35 at epoch=55 step=12154
2026-04-21 23:12:28,448 WARNING High grad norm: 879.68 at epoch=55 step=12155
2026-04-21 23:12:28,668 WARNING High grad norm: 946.89 at epoch=55 step=12156
2026-04-21 23:12:28,891 WARNING High grad norm: 877.96 at epoch=55 step=12157
2026-04-21 23:12:29,112 WARNING High grad norm: 666.95 at epoch=55 step=12158
2026-04-21 23:12:29,333 WARNING High grad norm: 1346.22 at epoch=55 step=12159
2026-04-21 23:12:29,561 WARNING High grad norm: 1175.00 at epoch=55 step=12160
2026-04-21 23:12:29,785 WARNING High grad norm: 2474.78 at epoch=55 step=12161
2026-04-21 23:12:30,006 WARNING High grad norm: 638.56 at epoch=55 step=12162
2026-04-21 23:12:30,229 WARNING High grad norm: 1403.08 at epoch=55 step=12163
2026-04-21 23:12:30,457 WARNING High grad norm: 754.30 at epoch=55 step=12164
2026-04-21 23:12:30,680 WARNING High grad norm: 1838.82 at epoch=55 step=12165
2026-04-21 23:12:30,899 WARNING High grad norm: 742.03 at epoch=55 step=12166
2026-04-21 23:12:31,121 WARNING High grad norm: 918.37 at epoch=55 step=12167
2026-04-21 23:12:31,341 WARNING High grad norm: 685.42 at epoch=55 step=12168
2026-04-21 23:12:31,563 WARNING High grad norm: 648.97 at epoch=55 step=12169
2026-04-21 23:12:31,785 WARNING High grad norm: 1249.61 at epoch=55 step=12170
2026-04-21 23:12:32,006 WARNING High grad norm: 932.88 at epoch=55 step=12171
2026-04-21 23:12:32,227 WARNING High grad norm: 721.35 at epoch=55 step=12172
2026-04-21 23:12:32,448 WARNING High grad norm: 638.24 at epoch=55 step=12173
2026-04-21 23:12:32,668 WARNING High grad norm: 1349.76 at epoch=55 step=12174
2026-04-21 23:12:32,889 WARNING High grad norm: 834.36 at epoch=55 step=12175
2026-04-21 23:12:33,116 WARNING High grad norm: 867.72 at epoch=55 step=12176
2026-04-21 23:12:33,339 WARNING High grad norm: 1442.68 at epoch=55 step=12177
2026-04-21 23:12:33,558 WARNING High grad norm: 759.91 at epoch=55 step=12178
2026-04-21 23:12:33,779 WARNING High grad norm: 1012.17 at epoch=55 step=12179
2026-04-21 23:12:34,001 WARNING High grad norm: 906.28 at epoch=55 step=12180
2026-04-21 23:12:34,222 WARNING High grad norm: 663.05 at epoch=55 step=12181
2026-04-21 23:12:34,442 WARNING High grad norm: 1548.32 at epoch=55 step=12182
2026-04-21 23:12:34,662 WARNING High grad norm: 1217.26 at epoch=55 step=12183
2026-04-21 23:12:34,882 WARNING High grad norm: 987.66 at epoch=55 step=12184
2026-04-21 23:12:35,107 WARNING High grad norm: 652.08 at epoch=55 step=12185
2026-04-21 23:12:35,327 WARNING High grad norm: 1196.27 at epoch=55 step=12186
2026-04-21 23:12:35,550 WARNING High grad norm: 699.99 at epoch=55 step=12187
2026-04-21 23:12:35,775 WARNING High grad norm: 859.54 at epoch=55 step=12188
2026-04-21 23:12:35,996 WARNING High grad norm: 1187.76 at epoch=55 step=12189
2026-04-21 23:12:36,220 WARNING High grad norm: 2023.24 at epoch=55 step=12190
2026-04-21 23:12:36,443 WARNING High grad norm: 1938.29 at epoch=55 step=12191
2026-04-21 23:12:36,667 WARNING High grad norm: 973.95 at epoch=55 step=12192
2026-04-21 23:12:36,890 WARNING High grad norm: 1005.16 at epoch=55 step=12193
2026-04-21 23:12:37,118 WARNING High grad norm: 783.16 at epoch=55 step=12194
2026-04-21 23:12:37,341 WARNING High grad norm: 658.22 at epoch=55 step=12195
2026-04-21 23:12:37,561 WARNING High grad norm: 930.85 at epoch=55 step=12196
2026-04-21 23:12:37,781 WARNING High grad norm: 1074.36 at epoch=55 step=12197
2026-04-21 23:12:38,000 WARNING High grad norm: 1534.88 at epoch=55 step=12198
2026-04-21 23:12:38,221 WARNING High grad norm: 852.46 at epoch=55 step=12199
2026-04-21 23:12:38,235 INFO epoch=55 step=12200 loss=478.8649 grad_norm=852.4553 lr=1.00e-06
2026-04-21 23:12:38,448 WARNING High grad norm: 1041.47 at epoch=55 step=12200
2026-04-21 23:12:38,668 WARNING High grad norm: 628.07 at epoch=55 step=12201
2026-04-21 23:12:38,893 WARNING High grad norm: 544.45 at epoch=55 step=12202
2026-04-21 23:12:39,114 WARNING High grad norm: 1291.81 at epoch=55 step=12203
2026-04-21 23:12:39,335 WARNING High grad norm: 623.43 at epoch=55 step=12204
2026-04-21 23:12:39,556 WARNING High grad norm: 1120.04 at epoch=55 step=12205
2026-04-21 23:12:39,781 WARNING High grad norm: 835.73 at epoch=55 step=12206
2026-04-21 23:12:40,004 WARNING High grad norm: 808.14 at epoch=55 step=12207
2026-04-21 23:12:40,226 WARNING High grad norm: 1168.60 at epoch=55 step=12208
2026-04-21 23:12:40,457 WARNING High grad norm: 856.85 at epoch=55 step=12209
2026-04-21 23:12:40,677 WARNING High grad norm: 713.39 at epoch=55 step=12210
2026-04-21 23:12:40,902 WARNING High grad norm: 802.47 at epoch=55 step=12211
2026-04-21 23:12:41,121 WARNING High grad norm: 772.63 at epoch=55 step=12212
2026-04-21 23:12:41,341 WARNING High grad norm: 884.90 at epoch=55 step=12213
2026-04-21 23:12:41,561 WARNING High grad norm: 768.01 at epoch=55 step=12214
2026-04-21 23:12:41,782 WARNING High grad norm: 1327.19 at epoch=55 step=12215
2026-04-21 23:12:42,002 WARNING High grad norm: 1076.74 at epoch=55 step=12216
2026-04-21 23:12:42,223 WARNING High grad norm: 1356.30 at epoch=55 step=12217
2026-04-21 23:12:42,445 WARNING High grad norm: 730.72 at epoch=55 step=12218
2026-04-21 23:12:42,666 WARNING High grad norm: 770.33 at epoch=55 step=12219
2026-04-21 23:12:42,886 WARNING High grad norm: 1088.85 at epoch=55 step=12220
2026-04-21 23:12:43,107 WARNING High grad norm: 702.13 at epoch=55 step=12221
2026-04-21 23:12:43,328 WARNING High grad norm: 1595.93 at epoch=55 step=12222
2026-04-21 23:12:43,548 WARNING High grad norm: 1252.48 at epoch=55 step=12223
2026-04-21 23:12:43,770 WARNING High grad norm: 1014.66 at epoch=55 step=12224
2026-04-21 23:12:43,991 WARNING High grad norm: 883.50 at epoch=55 step=12225
2026-04-21 23:12:44,212 WARNING High grad norm: 970.61 at epoch=55 step=12226
2026-04-21 23:12:44,433 WARNING High grad norm: 939.03 at epoch=55 step=12227
2026-04-21 23:12:44,653 WARNING High grad norm: 1614.00 at epoch=55 step=12228
2026-04-21 23:12:44,873 WARNING High grad norm: 762.64 at epoch=55 step=12229
2026-04-21 23:12:45,094 WARNING High grad norm: 670.52 at epoch=55 step=12230
2026-04-21 23:12:45,314 WARNING High grad norm: 1678.07 at epoch=55 step=12231
2026-04-21 23:12:45,537 WARNING High grad norm: 1776.84 at epoch=55 step=12232
2026-04-21 23:12:45,758 WARNING High grad norm: 739.69 at epoch=55 step=12233
2026-04-21 23:12:45,979 WARNING High grad norm: 784.10 at epoch=55 step=12234
2026-04-21 23:12:46,201 WARNING High grad norm: 1669.67 at epoch=55 step=12235
2026-04-21 23:12:46,422 WARNING High grad norm: 616.86 at epoch=55 step=12236
2026-04-21 23:12:46,644 WARNING High grad norm: 1553.09 at epoch=55 step=12237
2026-04-21 23:12:46,865 WARNING High grad norm: 3034.26 at epoch=55 step=12238
2026-04-21 23:12:47,086 WARNING High grad norm: 889.86 at epoch=55 step=12239
2026-04-21 23:12:47,315 WARNING High grad norm: 1039.47 at epoch=55 step=12240
2026-04-21 23:12:47,535 WARNING High grad norm: 1520.64 at epoch=55 step=12241
2026-04-21 23:12:47,759 WARNING High grad norm: 1197.47 at epoch=55 step=12242
2026-04-21 23:12:47,981 WARNING High grad norm: 1237.50 at epoch=55 step=12243
2026-04-21 23:12:48,201 WARNING High grad norm: 711.74 at epoch=55 step=12244
2026-04-21 23:12:48,427 WARNING High grad norm: 827.00 at epoch=55 step=12245
2026-04-21 23:12:48,650 WARNING High grad norm: 584.86 at epoch=55 step=12246
2026-04-21 23:12:48,871 WARNING High grad norm: 1673.98 at epoch=55 step=12247
2026-04-21 23:12:49,092 WARNING High grad norm: 1875.21 at epoch=55 step=12248
2026-04-21 23:12:49,314 WARNING High grad norm: 1045.98 at epoch=55 step=12249
2026-04-21 23:12:49,535 WARNING High grad norm: 1417.45 at epoch=55 step=12250
2026-04-21 23:12:49,757 WARNING High grad norm: 920.31 at epoch=55 step=12251
2026-04-21 23:12:49,980 WARNING High grad norm: 1200.50 at epoch=55 step=12252
2026-04-21 23:12:50,203 WARNING High grad norm: 1326.71 at epoch=55 step=12253
2026-04-21 23:12:50,424 WARNING High grad norm: 1423.08 at epoch=55 step=12254
2026-04-21 23:12:50,644 WARNING High grad norm: 657.41 at epoch=55 step=12255
2026-04-21 23:12:50,869 WARNING High grad norm: 769.12 at epoch=55 step=12256
2026-04-21 23:12:51,091 WARNING High grad norm: 718.40 at epoch=55 step=12257
2026-04-21 23:12:51,312 WARNING High grad norm: 2017.89 at epoch=55 step=12258
2026-04-21 23:12:51,532 WARNING High grad norm: 932.85 at epoch=55 step=12259
2026-04-21 23:12:51,753 WARNING High grad norm: 1060.09 at epoch=55 step=12260
2026-04-21 23:12:51,977 WARNING High grad norm: 897.10 at epoch=55 step=12261
2026-04-21 23:12:52,196 WARNING High grad norm: 1117.48 at epoch=55 step=12262
2026-04-21 23:12:52,421 WARNING High grad norm: 797.88 at epoch=55 step=12263
2026-04-21 23:12:52,573 WARNING High grad norm: 1232.29 at epoch=55 step=12264
2026-04-21 23:12:53,156 INFO epoch=55 avg_loss=478.9280 lr=1.00e-06
2026-04-21 23:12:59,728 INFO Saved checkpoint to C:\Users\artun\Desktop\ITS-project\checkpoints\score_fmnist_v2\score_epoch_0055.pt
2026-04-21 23:13:13,243 WARNING High grad norm: 703.45 at epoch=56 step=12265
2026-04-21 23:13:13,462 WARNING High grad norm: 1820.65 at epoch=56 step=12266
2026-04-21 23:13:13,683 WARNING High grad norm: 1100.38 at epoch=56 step=12267
2026-04-21 23:13:13,903 WARNING High grad norm: 1138.08 at epoch=56 step=12268
2026-04-21 23:13:14,122 WARNING High grad norm: 2378.12 at epoch=56 step=12269
2026-04-21 23:13:14,342 WARNING High grad norm: 1358.33 at epoch=56 step=12270
2026-04-21 23:13:14,570 WARNING High grad norm: 979.93 at epoch=56 step=12271
2026-04-21 23:13:14,790 WARNING High grad norm: 1259.90 at epoch=56 step=12272
2026-04-21 23:13:15,014 WARNING High grad norm: 732.38 at epoch=56 step=12273
2026-04-21 23:13:15,233 WARNING High grad norm: 1064.65 at epoch=56 step=12274
2026-04-21 23:13:15,455 WARNING High grad norm: 1771.69 at epoch=56 step=12275
2026-04-21 23:13:15,681 WARNING High grad norm: 1788.94 at epoch=56 step=12276
2026-04-21 23:13:15,900 WARNING High grad norm: 1465.08 at epoch=56 step=12277
2026-04-21 23:13:16,127 WARNING High grad norm: 1426.52 at epoch=56 step=12278
2026-04-21 23:13:16,356 WARNING High grad norm: 799.96 at epoch=56 step=12279
2026-04-21 23:13:16,576 WARNING High grad norm: 1262.49 at epoch=56 step=12280
2026-04-21 23:13:16,796 WARNING High grad norm: 1108.98 at epoch=56 step=12281
2026-04-21 23:13:17,016 WARNING High grad norm: 1041.08 at epoch=56 step=12282
2026-04-21 23:13:17,236 WARNING High grad norm: 1091.50 at epoch=56 step=12283
2026-04-21 23:13:17,458 WARNING High grad norm: 2725.90 at epoch=56 step=12284
2026-04-21 23:13:17,679 WARNING High grad norm: 1763.46 at epoch=56 step=12285
2026-04-21 23:13:17,898 WARNING High grad norm: 2118.72 at epoch=56 step=12286
2026-04-21 23:13:18,118 WARNING High grad norm: 586.45 at epoch=56 step=12287
2026-04-21 23:13:18,338 WARNING High grad norm: 507.20 at epoch=56 step=12288
2026-04-21 23:13:18,563 WARNING High grad norm: 1353.28 at epoch=56 step=12289
2026-04-21 23:13:18,783 WARNING High grad norm: 1361.08 at epoch=56 step=12290
2026-04-21 23:13:19,004 WARNING High grad norm: 597.37 at epoch=56 step=12291
2026-04-21 23:13:19,226 WARNING High grad norm: 898.03 at epoch=56 step=12292
2026-04-21 23:13:19,446 WARNING High grad norm: 1020.54 at epoch=56 step=12293
2026-04-21 23:13:19,666 WARNING High grad norm: 1892.47 at epoch=56 step=12294
2026-04-21 23:13:19,886 WARNING High grad norm: 1918.09 at epoch=56 step=12295
2026-04-21 23:13:20,106 WARNING High grad norm: 1207.20 at epoch=56 step=12296
2026-04-21 23:13:20,331 WARNING High grad norm: 928.61 at epoch=56 step=12297
2026-04-21 23:13:20,553 WARNING High grad norm: 671.84 at epoch=56 step=12298
2026-04-21 23:13:20,775 WARNING High grad norm: 945.53 at epoch=56 step=12299
2026-04-21 23:13:20,785 INFO epoch=56 step=12300 loss=501.5403 grad_norm=945.5324 lr=1.00e-06
2026-04-21 23:13:20,997 WARNING High grad norm: 827.60 at epoch=56 step=12300
2026-04-21 23:13:21,217 WARNING High grad norm: 1621.30 at epoch=56 step=12301
2026-04-21 23:13:21,440 WARNING High grad norm: 1828.76 at epoch=56 step=12302
2026-04-21 23:13:21,662 WARNING High grad norm: 811.54 at epoch=56 step=12303
2026-04-21 23:13:21,885 WARNING High grad norm: 1810.77 at epoch=56 step=12304
2026-04-21 23:13:22,107 WARNING High grad norm: 1171.27 at epoch=56 step=12305
2026-04-21 23:13:22,327 WARNING High grad norm: 776.29 at epoch=56 step=12306
2026-04-21 23:13:22,551 WARNING High grad norm: 657.48 at epoch=56 step=12307
2026-04-21 23:13:22,781 WARNING High grad norm: 1676.49 at epoch=56 step=12308
2026-04-21 23:13:23,001 WARNING High grad norm: 560.49 at epoch=56 step=12309
2026-04-21 23:13:23,222 WARNING High grad norm: 822.83 at epoch=56 step=12310
2026-04-21 23:13:23,445 WARNING High grad norm: 642.67 at epoch=56 step=12311
2026-04-21 23:13:23,669 WARNING High grad norm: 942.14 at epoch=56 step=12312
2026-04-21 23:13:23,890 WARNING High grad norm: 609.01 at epoch=56 step=12313
2026-04-21 23:13:24,113 WARNING High grad norm: 1983.06 at epoch=56 step=12314
2026-04-21 23:13:24,334 WARNING High grad norm: 744.08 at epoch=56 step=12315
2026-04-21 23:13:24,554 WARNING High grad norm: 723.83 at epoch=56 step=12316
2026-04-21 23:13:24,775 WARNING High grad norm: 1773.40 at epoch=56 step=12317
2026-04-21 23:13:25,000 WARNING High grad norm: 1078.01 at epoch=56 step=12318
2026-04-21 23:13:25,220 WARNING High grad norm: 1336.42 at epoch=56 step=12319
2026-04-21 23:13:25,441 WARNING High grad norm: 1087.69 at epoch=56 step=12320
2026-04-21 23:13:25,664 WARNING High grad norm: 842.91 at epoch=56 step=12321
2026-04-21 23:13:25,897 WARNING High grad norm: 3130.52 at epoch=56 step=12322
2026-04-21 23:13:26,122 WARNING High grad norm: 2055.64 at epoch=56 step=12323
2026-04-21 23:13:26,347 WARNING High grad norm: 692.56 at epoch=56 step=12324
2026-04-21 23:13:26,568 WARNING High grad norm: 2571.95 at epoch=56 step=12325
2026-04-21 23:13:26,790 WARNING High grad norm: 824.07 at epoch=56 step=12326
2026-04-21 23:13:27,013 WARNING High grad norm: 757.23 at epoch=56 step=12327
2026-04-21 23:13:27,234 WARNING High grad norm: 2123.66 at epoch=56 step=12328
2026-04-21 23:13:27,455 WARNING High grad norm: 925.16 at epoch=56 step=12329
2026-04-21 23:13:27,679 WARNING High grad norm: 1975.81 at epoch=56 step=12330
2026-04-21 23:13:27,900 WARNING High grad norm: 713.53 at epoch=56 step=12331
2026-04-21 23:13:28,121 WARNING High grad norm: 1137.73 at epoch=56 step=12332
2026-04-21 23:13:28,341 WARNING High grad norm: 1380.45 at epoch=56 step=12333
2026-04-21 23:13:28,561 WARNING High grad norm: 807.17 at epoch=56 step=12334
2026-04-21 23:13:28,784 WARNING High grad norm: 474.68 at epoch=56 step=12335
2026-04-21 23:13:29,004 WARNING High grad norm: 769.24 at epoch=56 step=12336
2026-04-21 23:13:29,224 WARNING High grad norm: 807.60 at epoch=56 step=12337
2026-04-21 23:13:29,444 WARNING High grad norm: 929.19 at epoch=56 step=12338
2026-04-21 23:13:29,667 WARNING High grad norm: 4238.24 at epoch=56 step=12339
2026-04-21 23:13:29,886 WARNING High grad norm: 2394.94 at epoch=56 step=12340
2026-04-21 23:13:30,107 WARNING High grad norm: 492.61 at epoch=56 step=12341
2026-04-21 23:13:30,327 WARNING High grad norm: 1240.89 at epoch=56 step=12342
2026-04-21 23:13:30,547 WARNING High grad norm: 1737.33 at epoch=56 step=12343
2026-04-21 23:13:30,768 WARNING High grad norm: 653.76 at epoch=56 step=12344
2026-04-21 23:13:30,997 WARNING High grad norm: 1050.47 at epoch=56 step=12345
2026-04-21 23:13:31,228 WARNING High grad norm: 1338.01 at epoch=56 step=12346
2026-04-21 23:13:31,449 WARNING High grad norm: 1743.66 at epoch=56 step=12347
2026-04-21 23:13:31,668 WARNING High grad norm: 1817.58 at epoch=56 step=12348
2026-04-21 23:13:31,891 WARNING High grad norm: 610.11 at epoch=56 step=12349
2026-04-21 23:13:32,111 WARNING High grad norm: 1186.13 at epoch=56 step=12350
2026-04-21 23:13:32,330 WARNING High grad norm: 1074.27 at epoch=56 step=12351
2026-04-21 23:13:32,551 WARNING High grad norm: 660.21 at epoch=56 step=12352
2026-04-21 23:13:32,774 WARNING High grad norm: 1387.43 at epoch=56 step=12353
2026-04-21 23:13:32,995 WARNING High grad norm: 960.10 at epoch=56 step=12354
2026-04-21 23:13:33,217 WARNING High grad norm: 1855.57 at epoch=56 step=12355
2026-04-21 23:13:33,438 WARNING High grad norm: 1612.27 at epoch=56 step=12356
2026-04-21 23:13:33,659 WARNING High grad norm: 1122.44 at epoch=56 step=12357
2026-04-21 23:13:33,880 WARNING High grad norm: 805.14 at epoch=56 step=12358
2026-04-21 23:13:34,100 WARNING High grad norm: 1723.49 at epoch=56 step=12359
2026-04-21 23:13:34,320 WARNING High grad norm: 897.64 at epoch=56 step=12360
2026-04-21 23:13:34,542 WARNING High grad norm: 1617.21 at epoch=56 step=12361
2026-04-21 23:13:34,763 WARNING High grad norm: 1872.61 at epoch=56 step=12362
2026-04-21 23:13:34,988 WARNING High grad norm: 1471.36 at epoch=56 step=12363
2026-04-21 23:13:35,207 WARNING High grad norm: 1256.79 at epoch=56 step=12364
2026-04-21 23:13:35,434 WARNING High grad norm: 1162.04 at epoch=56 step=12365
2026-04-21 23:13:35,655 WARNING High grad norm: 973.82 at epoch=56 step=12366
2026-04-21 23:13:35,877 WARNING High grad norm: 1351.79 at epoch=56 step=12367
2026-04-21 23:13:36,097 WARNING High grad norm: 860.46 at epoch=56 step=12368
2026-04-21 23:13:36,318 WARNING High grad norm: 1007.59 at epoch=56 step=12369
2026-04-21 23:13:36,540 WARNING High grad norm: 1017.02 at epoch=56 step=12370
2026-04-21 23:13:36,769 WARNING High grad norm: 1910.12 at epoch=56 step=12371
2026-04-21 23:13:36,990 WARNING High grad norm: 2225.89 at epoch=56 step=12372
2026-04-21 23:13:37,215 WARNING High grad norm: 1157.00 at epoch=56 step=12373
2026-04-21 23:13:37,435 WARNING High grad norm: 841.74 at epoch=56 step=12374
2026-04-21 23:13:37,660 WARNING High grad norm: 861.95 at epoch=56 step=12375
2026-04-21 23:13:37,883 WARNING High grad norm: 635.76 at epoch=56 step=12376
2026-04-21 23:13:38,112 WARNING High grad norm: 603.62 at epoch=56 step=12377
2026-04-21 23:13:38,335 WARNING High grad norm: 733.41 at epoch=56 step=12378
2026-04-21 23:13:38,556 WARNING High grad norm: 677.51 at epoch=56 step=12379
2026-04-21 23:13:38,777 WARNING High grad norm: 707.71 at epoch=56 step=12380
2026-04-21 23:13:39,001 WARNING High grad norm: 1237.68 at epoch=56 step=12381
2026-04-21 23:13:39,221 WARNING High grad norm: 754.62 at epoch=56 step=12382
2026-04-21 23:13:39,446 WARNING High grad norm: 1119.58 at epoch=56 step=12383
2026-04-21 23:13:39,672 WARNING High grad norm: 944.06 at epoch=56 step=12384
2026-04-21 23:13:39,897 WARNING High grad norm: 833.11 at epoch=56 step=12385
2026-04-21 23:13:40,118 WARNING High grad norm: 1227.25 at epoch=56 step=12386
2026-04-21 23:13:40,342 WARNING High grad norm: 742.56 at epoch=56 step=12387
2026-04-21 23:13:40,566 WARNING High grad norm: 918.56 at epoch=56 step=12388
2026-04-21 23:13:40,789 WARNING High grad norm: 955.27 at epoch=56 step=12389
2026-04-21 23:13:41,013 WARNING High grad norm: 1023.25 at epoch=56 step=12390
2026-04-21 23:13:41,234 WARNING High grad norm: 1229.27 at epoch=56 step=12391
2026-04-21 23:13:41,455 WARNING High grad norm: 968.86 at epoch=56 step=12392
2026-04-21 23:13:41,676 WARNING High grad norm: 815.99 at epoch=56 step=12393
2026-04-21 23:13:41,900 WARNING High grad norm: 577.94 at epoch=56 step=12394
2026-04-21 23:13:42,121 WARNING High grad norm: 971.87 at epoch=56 step=12395
2026-04-21 23:13:42,343 WARNING High grad norm: 1639.67 at epoch=56 step=12396
2026-04-21 23:13:42,563 WARNING High grad norm: 724.00 at epoch=56 step=12397
2026-04-21 23:13:42,784 WARNING High grad norm: 927.04 at epoch=56 step=12398
2026-04-21 23:13:43,004 WARNING High grad norm: 677.04 at epoch=56 step=12399
2026-04-21 23:13:43,014 INFO epoch=56 step=12400 loss=484.2405 grad_norm=677.0421 lr=1.00e-06
2026-04-21 23:13:43,227 WARNING High grad norm: 1661.73 at epoch=56 step=12400
2026-04-21 23:13:43,448 WARNING High grad norm: 657.20 at epoch=56 step=12401
2026-04-21 23:13:43,675 WARNING High grad norm: 692.92 at epoch=56 step=12402
2026-04-21 23:13:43,903 WARNING High grad norm: 1545.08 at epoch=56 step=12403
2026-04-21 23:13:44,124 WARNING High grad norm: 782.31 at epoch=56 step=12404
2026-04-21 23:13:44,347 WARNING High grad norm: 734.95 at epoch=56 step=12405
2026-04-21 23:13:44,567 WARNING High grad norm: 825.46 at epoch=56 step=12406
2026-04-21 23:13:44,789 WARNING High grad norm: 1024.31 at epoch=56 step=12407
2026-04-21 23:13:45,015 WARNING High grad norm: 3150.51 at epoch=56 step=12408
2026-04-21 23:13:45,241 WARNING High grad norm: 1477.89 at epoch=56 step=12409
2026-04-21 23:13:45,461 WARNING High grad norm: 1032.11 at epoch=56 step=12410
2026-04-21 23:13:45,683 WARNING High grad norm: 1274.96 at epoch=56 step=12411
2026-04-21 23:13:45,903 WARNING High grad norm: 1975.68 at epoch=56 step=12412
2026-04-21 23:13:46,125 WARNING High grad norm: 875.49 at epoch=56 step=12413
2026-04-21 23:13:46,346 WARNING High grad norm: 1455.69 at epoch=56 step=12414
2026-04-21 23:13:46,567 WARNING High grad norm: 1065.51 at epoch=56 step=12415
2026-04-21 23:13:46,791 WARNING High grad norm: 1321.01 at epoch=56 step=12416
2026-04-21 23:13:47,011 WARNING High grad norm: 1023.01 at epoch=56 step=12417
2026-04-21 23:13:47,232 WARNING High grad norm: 1817.10 at epoch=56 step=12418
2026-04-21 23:13:47,453 WARNING High grad norm: 1509.70 at epoch=56 step=12419
2026-04-21 23:13:47,675 WARNING High grad norm: 543.38 at epoch=56 step=12420
2026-04-21 23:13:47,896 WARNING High grad norm: 787.22 at epoch=56 step=12421
2026-04-21 23:13:48,117 WARNING High grad norm: 612.90 at epoch=56 step=12422
2026-04-21 23:13:48,341 WARNING High grad norm: 852.19 at epoch=56 step=12423
2026-04-21 23:13:48,563 WARNING High grad norm: 1507.99 at epoch=56 step=12424
2026-04-21 23:13:48,785 WARNING High grad norm: 1032.30 at epoch=56 step=12425
2026-04-21 23:13:49,006 WARNING High grad norm: 1234.03 at epoch=56 step=12426
2026-04-21 23:13:49,228 WARNING High grad norm: 2424.19 at epoch=56 step=12427
2026-04-21 23:13:49,449 WARNING High grad norm: 854.98 at epoch=56 step=12428
2026-04-21 23:13:49,669 WARNING High grad norm: 1853.56 at epoch=56 step=12429
2026-04-21 23:13:49,891 WARNING High grad norm: 848.76 at epoch=56 step=12430
2026-04-21 23:13:50,113 WARNING High grad norm: 1324.08 at epoch=56 step=12431
2026-04-21 23:13:50,332 WARNING High grad norm: 824.74 at epoch=56 step=12432
2026-04-21 23:13:50,555 WARNING High grad norm: 579.00 at epoch=56 step=12433
2026-04-21 23:13:50,783 WARNING High grad norm: 1954.84 at epoch=56 step=12434
2026-04-21 23:13:51,007 WARNING High grad norm: 1197.06 at epoch=56 step=12435
2026-04-21 23:13:51,233 WARNING High grad norm: 2114.54 at epoch=56 step=12436
2026-04-21 23:13:51,461 WARNING High grad norm: 1597.11 at epoch=56 step=12437
2026-04-21 23:13:51,683 WARNING High grad norm: 1130.83 at epoch=56 step=12438
2026-04-21 23:13:51,918 WARNING High grad norm: 1075.38 at epoch=56 step=12439
2026-04-21 23:13:52,147 WARNING High grad norm: 545.62 at epoch=56 step=12440
2026-04-21 23:13:52,371 WARNING High grad norm: 841.12 at epoch=56 step=12441
2026-04-21 23:13:52,602 WARNING High grad norm: 916.31 at epoch=56 step=12442
2026-04-21 23:13:52,833 WARNING High grad norm: 1048.76 at epoch=56 step=12443
2026-04-21 23:13:53,063 WARNING High grad norm: 1976.94 at epoch=56 step=12444
2026-04-21 23:13:53,286 WARNING High grad norm: 1235.33 at epoch=56 step=12445
2026-04-21 23:13:53,516 WARNING High grad norm: 879.12 at epoch=56 step=12446
2026-04-21 23:13:53,738 WARNING High grad norm: 736.65 at epoch=56 step=12447
2026-04-21 23:13:53,962 WARNING High grad norm: 992.44 at epoch=56 step=12448
2026-04-21 23:13:54,190 WARNING High grad norm: 703.80 at epoch=56 step=12449
2026-04-21 23:13:54,410 WARNING High grad norm: 1391.35 at epoch=56 step=12450
2026-04-21 23:13:54,631 WARNING High grad norm: 815.82 at epoch=56 step=12451
2026-04-21 23:13:54,852 WARNING High grad norm: 1513.39 at epoch=56 step=12452
2026-04-21 23:13:55,075 WARNING High grad norm: 1681.06 at epoch=56 step=12453
2026-04-21 23:13:55,296 WARNING High grad norm: 943.65 at epoch=56 step=12454
2026-04-21 23:13:55,517 WARNING High grad norm: 1691.06 at epoch=56 step=12455
2026-04-21 23:13:55,739 WARNING High grad norm: 629.07 at epoch=56 step=12456
2026-04-21 23:13:55,963 WARNING High grad norm: 601.80 at epoch=56 step=12457
2026-04-21 23:13:56,184 WARNING High grad norm: 792.85 at epoch=56 step=12458
2026-04-21 23:13:56,406 WARNING High grad norm: 1150.17 at epoch=56 step=12459
2026-04-21 23:13:56,631 WARNING High grad norm: 1422.62 at epoch=56 step=12460
2026-04-21 23:13:56,854 WARNING High grad norm: 670.81 at epoch=56 step=12461
2026-04-21 23:13:57,080 WARNING High grad norm: 808.92 at epoch=56 step=12462
2026-04-21 23:13:57,306 WARNING High grad norm: 1240.52 at epoch=56 step=12463
2026-04-21 23:13:57,535 WARNING High grad norm: 959.06 at epoch=56 step=12464
2026-04-21 23:13:57,757 WARNING High grad norm: 696.65 at epoch=56 step=12465
2026-04-21 23:13:57,978 WARNING High grad norm: 1142.18 at epoch=56 step=12466
2026-04-21 23:13:58,200 WARNING High grad norm: 1797.34 at epoch=56 step=12467
2026-04-21 23:13:58,422 WARNING High grad norm: 1227.64 at epoch=56 step=12468
2026-04-21 23:13:58,643 WARNING High grad norm: 703.13 at epoch=56 step=12469
2026-04-21 23:13:58,864 WARNING High grad norm: 2176.93 at epoch=56 step=12470
2026-04-21 23:13:59,087 WARNING High grad norm: 1585.06 at epoch=56 step=12471
2026-04-21 23:13:59,308 WARNING High grad norm: 639.78 at epoch=56 step=12472
2026-04-21 23:13:59,527 WARNING High grad norm: 675.78 at epoch=56 step=12473
2026-04-21 23:13:59,748 WARNING High grad norm: 1945.37 at epoch=56 step=12474
2026-04-21 23:13:59,970 WARNING High grad norm: 910.38 at epoch=56 step=12475
2026-04-21 23:14:00,191 WARNING High grad norm: 2064.90 at epoch=56 step=12476
2026-04-21 23:14:00,412 WARNING High grad norm: 562.10 at epoch=56 step=12477
2026-04-21 23:14:00,635 WARNING High grad norm: 557.82 at epoch=56 step=12478
2026-04-21 23:14:00,871 WARNING High grad norm: 1473.75 at epoch=56 step=12479
2026-04-21 23:14:01,099 WARNING High grad norm: 800.67 at epoch=56 step=12480
2026-04-21 23:14:01,320 WARNING High grad norm: 847.20 at epoch=56 step=12481
2026-04-21 23:14:01,545 WARNING High grad norm: 788.45 at epoch=56 step=12482
2026-04-21 23:14:01,766 WARNING High grad norm: 761.50 at epoch=56 step=12483
2026-04-21 23:14:01,989 WARNING High grad norm: 558.60 at epoch=56 step=12484
2026-04-21 23:14:02,210 WARNING High grad norm: 860.35 at epoch=56 step=12485
2026-04-21 23:14:02,432 WARNING High grad norm: 686.70 at epoch=56 step=12486
2026-04-21 23:14:02,581 WARNING High grad norm: 1141.02 at epoch=56 step=12487
2026-04-21 23:14:03,164 INFO epoch=56 avg_loss=484.8596 lr=1.00e-06
2026-04-21 23:14:17,163 WARNING High grad norm: 807.26 at epoch=57 step=12488
2026-04-21 23:14:17,384 WARNING High grad norm: 1941.99 at epoch=57 step=12489
2026-04-21 23:14:17,605 WARNING High grad norm: 1028.03 at epoch=57 step=12490
2026-04-21 23:14:17,824 WARNING High grad norm: 881.28 at epoch=57 step=12491
2026-04-21 23:14:18,043 WARNING High grad norm: 1132.21 at epoch=57 step=12492
2026-04-21 23:14:18,262 WARNING High grad norm: 814.88 at epoch=57 step=12493
2026-04-21 23:14:18,482 WARNING High grad norm: 1116.90 at epoch=57 step=12494
2026-04-21 23:14:18,706 WARNING High grad norm: 686.92 at epoch=57 step=12495
2026-04-21 23:14:18,935 WARNING High grad norm: 591.14 at epoch=57 step=12496
2026-04-21 23:14:19,161 WARNING High grad norm: 752.46 at epoch=57 step=12497
2026-04-21 23:14:19,390 WARNING High grad norm: 2466.19 at epoch=57 step=12498
2026-04-21 23:14:19,613 WARNING High grad norm: 784.14 at epoch=57 step=12499
2026-04-21 23:14:19,624 INFO epoch=57 step=12500 loss=478.9686 grad_norm=784.1425 lr=1.00e-06
2026-04-21 23:14:19,835 WARNING High grad norm: 1072.66 at epoch=57 step=12500
2026-04-21 23:14:20,058 WARNING High grad norm: 544.73 at epoch=57 step=12501
2026-04-21 23:14:20,279 WARNING High grad norm: 904.43 at epoch=57 step=12502
2026-04-21 23:14:20,501 WARNING High grad norm: 2010.73 at epoch=57 step=12503
2026-04-21 23:14:20,723 WARNING High grad norm: 702.36 at epoch=57 step=12504
2026-04-21 23:14:20,946 WARNING High grad norm: 1288.63 at epoch=57 step=12505
2026-04-21 23:14:21,176 WARNING High grad norm: 773.79 at epoch=57 step=12506
2026-04-21 23:14:21,398 WARNING High grad norm: 1663.87 at epoch=57 step=12507
2026-04-21 23:14:21,620 WARNING High grad norm: 856.04 at epoch=57 step=12508
2026-04-21 23:14:21,840 WARNING High grad norm: 1029.57 at epoch=57 step=12509
2026-04-21 23:14:22,062 WARNING High grad norm: 746.87 at epoch=57 step=12510
2026-04-21 23:14:22,282 WARNING High grad norm: 862.33 at epoch=57 step=12511
2026-04-21 23:14:22,510 WARNING High grad norm: 789.70 at epoch=57 step=12512
2026-04-21 23:14:22,732 WARNING High grad norm: 460.89 at epoch=57 step=12513
2026-04-21 23:14:22,952 WARNING High grad norm: 1933.72 at epoch=57 step=12514
2026-04-21 23:14:23,172 WARNING High grad norm: 983.76 at epoch=57 step=12515
2026-04-21 23:14:23,393 WARNING High grad norm: 1238.84 at epoch=57 step=12516
2026-04-21 23:14:23,616 WARNING High grad norm: 930.91 at epoch=57 step=12517
2026-04-21 23:14:23,839 WARNING High grad norm: 869.16 at epoch=57 step=12518
2026-04-21 23:14:24,060 WARNING High grad norm: 1005.90 at epoch=57 step=12519
2026-04-21 23:14:24,280 WARNING High grad norm: 1733.92 at epoch=57 step=12520
2026-04-21 23:14:24,504 WARNING High grad norm: 2166.56 at epoch=57 step=12521
2026-04-21 23:14:24,727 WARNING High grad norm: 1821.85 at epoch=57 step=12522
2026-04-21 23:14:24,951 WARNING High grad norm: 636.66 at epoch=57 step=12523
2026-04-21 23:14:25,176 WARNING High grad norm: 708.11 at epoch=57 step=12524
2026-04-21 23:14:25,397 WARNING High grad norm: 1053.85 at epoch=57 step=12525
2026-04-21 23:14:25,616 WARNING High grad norm: 651.82 at epoch=57 step=12526
2026-04-21 23:14:25,843 WARNING High grad norm: 673.01 at epoch=57 step=12527
2026-04-21 23:14:26,064 WARNING High grad norm: 606.89 at epoch=57 step=12528
2026-04-21 23:14:26,285 WARNING High grad norm: 936.69 at epoch=57 step=12529
2026-04-21 23:14:26,507 WARNING High grad norm: 1277.32 at epoch=57 step=12530
2026-04-21 23:14:26,728 WARNING High grad norm: 1714.04 at epoch=57 step=12531
2026-04-21 23:14:26,949 WARNING High grad norm: 700.75 at epoch=57 step=12532
2026-04-21 23:14:27,171 WARNING High grad norm: 1230.18 at epoch=57 step=12533
2026-04-21 23:14:27,391 WARNING High grad norm: 637.83 at epoch=57 step=12534
2026-04-21 23:14:27,611 WARNING High grad norm: 929.01 at epoch=57 step=12535
2026-04-21 23:14:27,833 WARNING High grad norm: 742.19 at epoch=57 step=12536
2026-04-21 23:14:28,053 WARNING High grad norm: 850.90 at epoch=57 step=12537
2026-04-21 23:14:28,277 WARNING High grad norm: 1495.65 at epoch=57 step=12538
2026-04-21 23:14:28,497 WARNING High grad norm: 3352.45 at epoch=57 step=12539
2026-04-21 23:14:28,725 WARNING High grad norm: 876.55 at epoch=57 step=12540
2026-04-21 23:14:28,945 WARNING High grad norm: 1126.33 at epoch=57 step=12541
2026-04-21 23:14:29,166 WARNING High grad norm: 1094.68 at epoch=57 step=12542
2026-04-21 23:14:29,394 WARNING High grad norm: 1321.24 at epoch=57 step=12543
2026-04-21 23:14:29,619 WARNING High grad norm: 594.62 at epoch=57 step=12544
2026-04-21 23:14:29,841 WARNING High grad norm: 787.10 at epoch=57 step=12545
2026-04-21 23:14:30,062 WARNING High grad norm: 684.42 at epoch=57 step=12546
2026-04-21 23:14:30,285 WARNING High grad norm: 1158.78 at epoch=57 step=12547
2026-04-21 23:14:30,505 WARNING High grad norm: 1696.98 at epoch=57 step=12548
2026-04-21 23:14:30,730 WARNING High grad norm: 1057.09 at epoch=57 step=12549
2026-04-21 23:14:30,953 WARNING High grad norm: 1373.55 at epoch=57 step=12550
2026-04-21 23:14:31,175 WARNING High grad norm: 878.22 at epoch=57 step=12551
2026-04-21 23:14:31,397 WARNING High grad norm: 791.73 at epoch=57 step=12552
2026-04-21 23:14:31,617 WARNING High grad norm: 782.39 at epoch=57 step=12553
2026-04-21 23:14:31,838 WARNING High grad norm: 702.79 at epoch=57 step=12554
2026-04-21 23:14:32,060 WARNING High grad norm: 537.26 at epoch=57 step=12555
2026-04-21 23:14:32,284 WARNING High grad norm: 1021.45 at epoch=57 step=12556
2026-04-21 23:14:32,505 WARNING High grad norm: 1102.54 at epoch=57 step=12557
2026-04-21 23:14:32,726 WARNING High grad norm: 1330.55 at epoch=57 step=12558
2026-04-21 23:14:32,954 WARNING High grad norm: 803.34 at epoch=57 step=12559
2026-04-21 23:14:33,175 WARNING High grad norm: 516.93 at epoch=57 step=12560
2026-04-21 23:14:33,395 WARNING High grad norm: 1447.72 at epoch=57 step=12561
2026-04-21 23:14:33,616 WARNING High grad norm: 1422.76 at epoch=57 step=12562
2026-04-21 23:14:33,839 WARNING High grad norm: 1216.45 at epoch=57 step=12563
2026-04-21 23:14:34,061 WARNING High grad norm: 847.29 at epoch=57 step=12564
2026-04-21 23:14:34,281 WARNING High grad norm: 728.36 at epoch=57 step=12565
2026-04-21 23:14:34,503 WARNING High grad norm: 1461.72 at epoch=57 step=12566
2026-04-21 23:14:34,724 WARNING High grad norm: 782.68 at epoch=57 step=12567
2026-04-21 23:14:34,946 WARNING High grad norm: 987.67 at epoch=57 step=12568
2026-04-21 23:14:35,166 WARNING High grad norm: 681.75 at epoch=57 step=12569
2026-04-21 23:14:35,388 WARNING High grad norm: 659.92 at epoch=57 step=12570
2026-04-21 23:14:35,610 WARNING High grad norm: 1287.44 at epoch=57 step=12571
2026-04-21 23:14:35,841 WARNING High grad norm: 1922.60 at epoch=57 step=12572
2026-04-21 23:14:36,062 WARNING High grad norm: 786.53 at epoch=57 step=12573
2026-04-21 23:14:36,283 WARNING High grad norm: 558.37 at epoch=57 step=12574
2026-04-21 23:14:36,504 WARNING High grad norm: 2975.99 at epoch=57 step=12575
2026-04-21 23:14:36,724 WARNING High grad norm: 1816.07 at epoch=57 step=12576
2026-04-21 23:14:36,948 WARNING High grad norm: 1504.29 at epoch=57 step=12577
2026-04-21 23:14:37,169 WARNING High grad norm: 1437.96 at epoch=57 step=12578
2026-04-21 23:14:37,389 WARNING High grad norm: 611.27 at epoch=57 step=12579
2026-04-21 23:14:37,612 WARNING High grad norm: 744.04 at epoch=57 step=12580
2026-04-21 23:14:37,832 WARNING High grad norm: 646.05 at epoch=57 step=12581
2026-04-21 23:14:38,053 WARNING High grad norm: 1349.85 at epoch=57 step=12582
2026-04-21 23:14:38,278 WARNING High grad norm: 3077.55 at epoch=57 step=12583
2026-04-21 23:14:38,500 WARNING High grad norm: 2759.96 at epoch=57 step=12584
2026-04-21 23:14:38,723 WARNING High grad norm: 1320.41 at epoch=57 step=12585
2026-04-21 23:14:38,947 WARNING High grad norm: 1139.27 at epoch=57 step=12586
2026-04-21 23:14:39,170 WARNING High grad norm: 717.91 at epoch=57 step=12587
2026-04-21 23:14:39,393 WARNING High grad norm: 1779.65 at epoch=57 step=12588
2026-04-21 23:14:39,615 WARNING High grad norm: 671.76 at epoch=57 step=12589
2026-04-21 23:14:39,835 WARNING High grad norm: 629.74 at epoch=57 step=12590
2026-04-21 23:14:40,064 WARNING High grad norm: 855.04 at epoch=57 step=12591
2026-04-21 23:14:40,289 WARNING High grad norm: 1217.77 at epoch=57 step=12592
2026-04-21 23:14:40,510 WARNING High grad norm: 1037.88 at epoch=57 step=12593
2026-04-21 23:14:40,734 WARNING High grad norm: 702.28 at epoch=57 step=12594
2026-04-21 23:14:40,955 WARNING High grad norm: 1965.25 at epoch=57 step=12595
2026-04-21 23:14:41,175 WARNING High grad norm: 2516.34 at epoch=57 step=12596
2026-04-21 23:14:41,396 WARNING High grad norm: 657.82 at epoch=57 step=12597
2026-04-21 23:14:41,616 WARNING High grad norm: 1272.08 at epoch=57 step=12598
2026-04-21 23:14:41,838 WARNING High grad norm: 1129.29 at epoch=57 step=12599
2026-04-21 23:14:41,848 INFO epoch=57 step=12600 loss=466.7703 grad_norm=1129.2894 lr=1.00e-06
2026-04-21 23:14:42,059 WARNING High grad norm: 2566.80 at epoch=57 step=12600
2026-04-21 23:14:42,280 WARNING High grad norm: 2398.86 at epoch=57 step=12601
2026-04-21 23:14:42,502 WARNING High grad norm: 1243.97 at epoch=57 step=12602
2026-04-21 23:14:42,722 WARNING High grad norm: 726.68 at epoch=57 step=12603
2026-04-21 23:14:42,942 WARNING High grad norm: 1580.11 at epoch=57 step=12604
2026-04-21 23:14:43,171 WARNING High grad norm: 539.11 at epoch=57 step=12605
2026-04-21 23:14:43,392 WARNING High grad norm: 1367.79 at epoch=57 step=12606
2026-04-21 23:14:43,612 WARNING High grad norm: 838.93 at epoch=57 step=12607
2026-04-21 23:14:43,833 WARNING High grad norm: 767.34 at epoch=57 step=12608
2026-04-21 23:14:44,057 WARNING High grad norm: 3377.94 at epoch=57 step=12609
2026-04-21 23:14:44,279 WARNING High grad norm: 1482.12 at epoch=57 step=12610
2026-04-21 23:14:44,502 WARNING High grad norm: 889.61 at epoch=57 step=12611
2026-04-21 23:14:44,722 WARNING High grad norm: 907.14 at epoch=57 step=12612
2026-04-21 23:14:44,944 WARNING High grad norm: 985.55 at epoch=57 step=12613
2026-04-21 23:14:45,166 WARNING High grad norm: 988.14 at epoch=57 step=12614
2026-04-21 23:14:45,387 WARNING High grad norm: 2042.08 at epoch=57 step=12615
2026-04-21 23:14:45,608 WARNING High grad norm: 525.49 at epoch=57 step=12616
2026-04-21 23:14:45,830 WARNING High grad norm: 574.45 at epoch=57 step=12617
2026-04-21 23:14:46,051 WARNING High grad norm: 1134.67 at epoch=57 step=12618
2026-04-21 23:14:46,272 WARNING High grad norm: 888.97 at epoch=57 step=12619
2026-04-21 23:14:46,493 WARNING High grad norm: 1231.04 at epoch=57 step=12620
2026-04-21 23:14:46,714 WARNING High grad norm: 1392.45 at epoch=57 step=12621
2026-04-21 23:14:46,935 WARNING High grad norm: 822.93 at epoch=57 step=12622
2026-04-21 23:14:47,156 WARNING High grad norm: 1621.06 at epoch=57 step=12623
2026-04-21 23:14:47,376 WARNING High grad norm: 1017.16 at epoch=57 step=12624
2026-04-21 23:14:47,597 WARNING High grad norm: 924.14 at epoch=57 step=12625
2026-04-21 23:14:47,819 WARNING High grad norm: 1389.10 at epoch=57 step=12626
2026-04-21 23:14:48,039 WARNING High grad norm: 1110.47 at epoch=57 step=12627
2026-04-21 23:14:48,260 WARNING High grad norm: 971.54 at epoch=57 step=12628
2026-04-21 23:14:48,488 WARNING High grad norm: 2725.34 at epoch=57 step=12629
2026-04-21 23:14:48,718 WARNING High grad norm: 1080.85 at epoch=57 step=12630
2026-04-21 23:14:48,940 WARNING High grad norm: 967.66 at epoch=57 step=12631
2026-04-21 23:14:49,165 WARNING High grad norm: 838.82 at epoch=57 step=12632
2026-04-21 23:14:49,387 WARNING High grad norm: 1549.45 at epoch=57 step=12633
2026-04-21 23:14:49,609 WARNING High grad norm: 1080.19 at epoch=57 step=12634
2026-04-21 23:14:49,830 WARNING High grad norm: 767.15 at epoch=57 step=12635
2026-04-21 23:14:50,052 WARNING High grad norm: 731.32 at epoch=57 step=12636
2026-04-21 23:14:50,279 WARNING High grad norm: 583.26 at epoch=57 step=12637
2026-04-21 23:14:50,504 WARNING High grad norm: 1337.85 at epoch=57 step=12638
2026-04-21 23:14:50,726 WARNING High grad norm: 1262.19 at epoch=57 step=12639
2026-04-21 23:14:50,948 WARNING High grad norm: 593.08 at epoch=57 step=12640
2026-04-21 23:14:51,169 WARNING High grad norm: 765.32 at epoch=57 step=12641
2026-04-21 23:14:51,393 WARNING High grad norm: 1863.00 at epoch=57 step=12642
2026-04-21 23:14:51,620 WARNING High grad norm: 1166.06 at epoch=57 step=12643
2026-04-21 23:14:51,841 WARNING High grad norm: 779.92 at epoch=57 step=12644
2026-04-21 23:14:52,065 WARNING High grad norm: 809.86 at epoch=57 step=12645
2026-04-21 23:14:52,285 WARNING High grad norm: 3011.09 at epoch=57 step=12646
2026-04-21 23:14:52,507 WARNING High grad norm: 2517.74 at epoch=57 step=12647
2026-04-21 23:14:52,731 WARNING High grad norm: 1980.13 at epoch=57 step=12648
2026-04-21 23:14:52,952 WARNING High grad norm: 820.91 at epoch=57 step=12649
2026-04-21 23:14:53,174 WARNING High grad norm: 1155.47 at epoch=57 step=12650
2026-04-21 23:14:53,393 WARNING High grad norm: 826.43 at epoch=57 step=12651
2026-04-21 23:14:53,617 WARNING High grad norm: 1212.84 at epoch=57 step=12652
2026-04-21 23:14:53,840 WARNING High grad norm: 1071.11 at epoch=57 step=12653
2026-04-21 23:14:54,059 WARNING High grad norm: 857.66 at epoch=57 step=12654
2026-04-21 23:14:54,279 WARNING High grad norm: 1039.99 at epoch=57 step=12655
2026-04-21 23:14:54,504 WARNING High grad norm: 637.37 at epoch=57 step=12656
2026-04-21 23:14:54,725 WARNING High grad norm: 1294.81 at epoch=57 step=12657
2026-04-21 23:14:54,950 WARNING High grad norm: 639.69 at epoch=57 step=12658
2026-04-21 23:14:55,171 WARNING High grad norm: 1190.14 at epoch=57 step=12659
2026-04-21 23:14:55,395 WARNING High grad norm: 852.49 at epoch=57 step=12660
2026-04-21 23:14:55,617 WARNING High grad norm: 829.69 at epoch=57 step=12661
2026-04-21 23:14:55,843 WARNING High grad norm: 1068.31 at epoch=57 step=12662
2026-04-21 23:14:56,081 WARNING High grad norm: 1280.81 at epoch=57 step=12663
2026-04-21 23:14:56,314 WARNING High grad norm: 641.48 at epoch=57 step=12664
2026-04-21 23:14:56,545 WARNING High grad norm: 833.99 at epoch=57 step=12665
2026-04-21 23:14:56,780 WARNING High grad norm: 740.40 at epoch=57 step=12666
2026-04-21 23:14:57,012 WARNING High grad norm: 751.84 at epoch=57 step=12667
2026-04-21 23:14:57,235 WARNING High grad norm: 845.70 at epoch=57 step=12668
2026-04-21 23:14:57,455 WARNING High grad norm: 910.49 at epoch=57 step=12669
2026-04-21 23:14:57,676 WARNING High grad norm: 811.72 at epoch=57 step=12670
2026-04-21 23:14:57,898 WARNING High grad norm: 781.56 at epoch=57 step=12671
2026-04-21 23:14:58,124 WARNING High grad norm: 771.64 at epoch=57 step=12672
2026-04-21 23:14:58,346 WARNING High grad norm: 898.13 at epoch=57 step=12673
2026-04-21 23:14:58,575 WARNING High grad norm: 870.92 at epoch=57 step=12674
2026-04-21 23:14:58,802 WARNING High grad norm: 1120.64 at epoch=57 step=12675
2026-04-21 23:14:59,026 WARNING High grad norm: 768.45 at epoch=57 step=12676
2026-04-21 23:14:59,248 WARNING High grad norm: 2741.40 at epoch=57 step=12677
2026-04-21 23:14:59,469 WARNING High grad norm: 1068.79 at epoch=57 step=12678
2026-04-21 23:14:59,691 WARNING High grad norm: 1185.02 at epoch=57 step=12679
2026-04-21 23:14:59,912 WARNING High grad norm: 1663.50 at epoch=57 step=12680
2026-04-21 23:15:00,137 WARNING High grad norm: 1716.24 at epoch=57 step=12681
2026-04-21 23:15:00,360 WARNING High grad norm: 1136.54 at epoch=57 step=12682
2026-04-21 23:15:00,584 WARNING High grad norm: 810.23 at epoch=57 step=12683
2026-04-21 23:15:00,807 WARNING High grad norm: 578.33 at epoch=57 step=12684
2026-04-21 23:15:01,031 WARNING High grad norm: 989.66 at epoch=57 step=12685
2026-04-21 23:15:01,257 WARNING High grad norm: 808.83 at epoch=57 step=12686
2026-04-21 23:15:01,485 WARNING High grad norm: 1101.99 at epoch=57 step=12687
2026-04-21 23:15:01,709 WARNING High grad norm: 1234.76 at epoch=57 step=12688
2026-04-21 23:15:01,935 WARNING High grad norm: 1060.80 at epoch=57 step=12689
2026-04-21 23:15:02,160 WARNING High grad norm: 1167.25 at epoch=57 step=12690
2026-04-21 23:15:02,394 WARNING High grad norm: 849.55 at epoch=57 step=12691
2026-04-21 23:15:02,626 WARNING High grad norm: 603.07 at epoch=57 step=12692
2026-04-21 23:15:02,854 WARNING High grad norm: 986.95 at epoch=57 step=12693
2026-04-21 23:15:03,078 WARNING High grad norm: 3650.43 at epoch=57 step=12694
2026-04-21 23:15:03,312 WARNING High grad norm: 1476.89 at epoch=57 step=12695
2026-04-21 23:15:03,539 WARNING High grad norm: 536.77 at epoch=57 step=12696
2026-04-21 23:15:03,762 WARNING High grad norm: 1076.26 at epoch=57 step=12697
2026-04-21 23:15:03,992 WARNING High grad norm: 1053.30 at epoch=57 step=12698
2026-04-21 23:15:04,217 WARNING High grad norm: 841.15 at epoch=57 step=12699
2026-04-21 23:15:04,230 INFO epoch=57 step=12700 loss=476.2762 grad_norm=841.1511 lr=1.00e-06
2026-04-21 23:15:04,443 WARNING High grad norm: 1105.98 at epoch=57 step=12700
2026-04-21 23:15:04,665 WARNING High grad norm: 926.21 at epoch=57 step=12701
2026-04-21 23:15:04,892 WARNING High grad norm: 1372.83 at epoch=57 step=12702
2026-04-21 23:15:05,113 WARNING High grad norm: 626.82 at epoch=57 step=12703
2026-04-21 23:15:05,334 WARNING High grad norm: 608.74 at epoch=57 step=12704
2026-04-21 23:15:05,561 WARNING High grad norm: 813.80 at epoch=57 step=12705
2026-04-21 23:15:05,783 WARNING High grad norm: 1203.45 at epoch=57 step=12706
2026-04-21 23:15:06,005 WARNING High grad norm: 1079.55 at epoch=57 step=12707
2026-04-21 23:15:06,235 WARNING High grad norm: 1476.51 at epoch=57 step=12708
2026-04-21 23:15:06,457 WARNING High grad norm: 725.55 at epoch=57 step=12709
2026-04-21 23:15:06,606 WARNING High grad norm: 805.55 at epoch=57 step=12710
2026-04-21 23:15:07,248 INFO epoch=57 avg_loss=477.4937 lr=1.00e-06
2026-04-21 23:15:21,259 WARNING High grad norm: 1253.29 at epoch=58 step=12711
2026-04-21 23:15:21,477 WARNING High grad norm: 1430.96 at epoch=58 step=12712
2026-04-21 23:15:21,699 WARNING High grad norm: 939.80 at epoch=58 step=12713
2026-04-21 23:15:21,919 WARNING High grad norm: 903.15 at epoch=58 step=12714
2026-04-21 23:15:22,138 WARNING High grad norm: 639.70 at epoch=58 step=12715
2026-04-21 23:15:22,362 WARNING High grad norm: 825.45 at epoch=58 step=12716
2026-04-21 23:15:22,587 WARNING High grad norm: 875.55 at epoch=58 step=12717
2026-04-21 23:15:22,807 WARNING High grad norm: 730.70 at epoch=58 step=12718
2026-04-21 23:15:23,027 WARNING High grad norm: 1172.55 at epoch=58 step=12719
2026-04-21 23:15:23,249 WARNING High grad norm: 530.16 at epoch=58 step=12720
2026-04-21 23:15:23,470 WARNING High grad norm: 1286.95 at epoch=58 step=12721
2026-04-21 23:15:23,690 WARNING High grad norm: 702.76 at epoch=58 step=12722
2026-04-21 23:15:23,910 WARNING High grad norm: 887.23 at epoch=58 step=12723
2026-04-21 23:15:24,132 WARNING High grad norm: 496.41 at epoch=58 step=12724
2026-04-21 23:15:24,355 WARNING High grad norm: 878.69 at epoch=58 step=12725
2026-04-21 23:15:24,576 WARNING High grad norm: 1336.18 at epoch=58 step=12726
2026-04-21 23:15:24,797 WARNING High grad norm: 631.66 at epoch=58 step=12727
2026-04-21 23:15:25,018 WARNING High grad norm: 1736.54 at epoch=58 step=12728
2026-04-21 23:15:25,239 WARNING High grad norm: 1665.80 at epoch=58 step=12729
2026-04-21 23:15:25,460 WARNING High grad norm: 900.88 at epoch=58 step=12730
2026-04-21 23:15:25,682 WARNING High grad norm: 974.66 at epoch=58 step=12731
2026-04-21 23:15:25,903 WARNING High grad norm: 908.99 at epoch=58 step=12732
2026-04-21 23:15:26,128 WARNING High grad norm: 1250.50 at epoch=58 step=12733
2026-04-21 23:15:26,354 WARNING High grad norm: 713.17 at epoch=58 step=12734
2026-04-21 23:15:26,577 WARNING High grad norm: 1255.53 at epoch=58 step=12735
2026-04-21 23:15:26,803 WARNING High grad norm: 1576.70 at epoch=58 step=12736
2026-04-21 23:15:27,027 WARNING High grad norm: 1071.55 at epoch=58 step=12737
2026-04-21 23:15:27,249 WARNING High grad norm: 1326.15 at epoch=58 step=12738
2026-04-21 23:15:27,471 WARNING High grad norm: 787.16 at epoch=58 step=12739
2026-04-21 23:15:27,699 WARNING High grad norm: 855.62 at epoch=58 step=12740
2026-04-21 23:15:27,927 WARNING High grad norm: 1028.60 at epoch=58 step=12741
2026-04-21 23:15:28,150 WARNING High grad norm: 1194.21 at epoch=58 step=12742
2026-04-21 23:15:28,380 WARNING High grad norm: 1427.94 at epoch=58 step=12743
2026-04-21 23:15:28,604 WARNING High grad norm: 744.57 at epoch=58 step=12744
2026-04-21 23:15:28,828 WARNING High grad norm: 1115.04 at epoch=58 step=12745
2026-04-21 23:15:29,050 WARNING High grad norm: 1352.20 at epoch=58 step=12746
2026-04-21 23:15:29,278 WARNING High grad norm: 1106.72 at epoch=58 step=12747
2026-04-21 23:15:29,500 WARNING High grad norm: 547.74 at epoch=58 step=12748
2026-04-21 23:15:29,722 WARNING High grad norm: 1474.18 at epoch=58 step=12749
2026-04-21 23:15:29,948 WARNING High grad norm: 1141.71 at epoch=58 step=12750
2026-04-21 23:15:30,170 WARNING High grad norm: 1262.38 at epoch=58 step=12751
2026-04-21 23:15:30,391 WARNING High grad norm: 1121.93 at epoch=58 step=12752
2026-04-21 23:15:30,612 WARNING High grad norm: 757.20 at epoch=58 step=12753
2026-04-21 23:15:30,842 WARNING High grad norm: 877.90 at epoch=58 step=12754
2026-04-21 23:15:31,065 WARNING High grad norm: 1021.50 at epoch=58 step=12755
2026-04-21 23:15:31,299 WARNING High grad norm: 818.37 at epoch=58 step=12756
2026-04-21 23:15:31,522 WARNING High grad norm: 992.93 at epoch=58 step=12757
2026-04-21 23:15:31,745 WARNING High grad norm: 768.71 at epoch=58 step=12758
2026-04-21 23:15:31,974 WARNING High grad norm: 832.86 at epoch=58 step=12759
2026-04-21 23:15:32,201 WARNING High grad norm: 1108.07 at epoch=58 step=12760
2026-04-21 23:15:32,422 WARNING High grad norm: 687.64 at epoch=58 step=12761
2026-04-21 23:15:32,651 WARNING High grad norm: 573.34 at epoch=58 step=12762
2026-04-21 23:15:32,879 WARNING High grad norm: 648.86 at epoch=58 step=12763
2026-04-21 23:15:33,103 WARNING High grad norm: 795.79 at epoch=58 step=12764
2026-04-21 23:15:33,325 WARNING High grad norm: 961.13 at epoch=58 step=12765
2026-04-21 23:15:33,549 WARNING High grad norm: 458.58 at epoch=58 step=12766
2026-04-21 23:15:33,769 WARNING High grad norm: 504.90 at epoch=58 step=12767
2026-04-21 23:15:33,992 WARNING High grad norm: 834.42 at epoch=58 step=12768
2026-04-21 23:15:34,213 WARNING High grad norm: 1105.13 at epoch=58 step=12769
2026-04-21 23:15:34,440 WARNING High grad norm: 2027.32 at epoch=58 step=12770
2026-04-21 23:15:34,665 WARNING High grad norm: 746.41 at epoch=58 step=12771
2026-04-21 23:15:34,889 WARNING High grad norm: 997.39 at epoch=58 step=12772
2026-04-21 23:15:35,114 WARNING High grad norm: 676.48 at epoch=58 step=12773
2026-04-21 23:15:35,342 WARNING High grad norm: 465.59 at epoch=58 step=12774
2026-04-21 23:15:35,568 WARNING High grad norm: 1252.27 at epoch=58 step=12775
2026-04-21 23:15:35,789 WARNING High grad norm: 1260.72 at epoch=58 step=12776
2026-04-21 23:15:36,010 WARNING High grad norm: 1345.68 at epoch=58 step=12777
2026-04-21 23:15:36,236 WARNING High grad norm: 696.96 at epoch=58 step=12778
2026-04-21 23:15:36,464 WARNING High grad norm: 839.54 at epoch=58 step=12779
2026-04-21 23:15:36,691 WARNING High grad norm: 1090.91 at epoch=58 step=12780
2026-04-21 23:15:36,918 WARNING High grad norm: 1043.53 at epoch=58 step=12781
2026-04-21 23:15:37,139 WARNING High grad norm: 951.07 at epoch=58 step=12782
2026-04-21 23:15:37,367 WARNING High grad norm: 1379.28 at epoch=58 step=12783
2026-04-21 23:15:37,588 WARNING High grad norm: 1090.98 at epoch=58 step=12784
2026-04-21 23:15:37,809 WARNING High grad norm: 606.52 at epoch=58 step=12785
2026-04-21 23:15:38,041 WARNING High grad norm: 2243.48 at epoch=58 step=12786
2026-04-21 23:15:38,265 WARNING High grad norm: 1694.30 at epoch=58 step=12787
2026-04-21 23:15:38,486 WARNING High grad norm: 1041.85 at epoch=58 step=12788
2026-04-21 23:15:38,719 WARNING High grad norm: 1143.54 at epoch=58 step=12789
2026-04-21 23:15:38,941 WARNING High grad norm: 3131.82 at epoch=58 step=12790
2026-04-21 23:15:39,163 WARNING High grad norm: 923.36 at epoch=58 step=12791
2026-04-21 23:15:39,386 WARNING High grad norm: 720.34 at epoch=58 step=12792
2026-04-21 23:15:39,607 WARNING High grad norm: 1781.51 at epoch=58 step=12793
2026-04-21 23:15:39,832 WARNING High grad norm: 1409.62 at epoch=58 step=12794
2026-04-21 23:15:40,053 WARNING High grad norm: 2084.33 at epoch=58 step=12795
2026-04-21 23:15:40,283 WARNING High grad norm: 989.07 at epoch=58 step=12796
2026-04-21 23:15:40,505 WARNING High grad norm: 1056.70 at epoch=58 step=12797
2026-04-21 23:15:40,736 WARNING High grad norm: 1778.27 at epoch=58 step=12798
2026-04-21 23:15:40,968 WARNING High grad norm: 1236.27 at epoch=58 step=12799
2026-04-21 23:15:40,983 INFO epoch=58 step=12800 loss=481.6180 grad_norm=1236.2708 lr=1.00e-06
2026-04-21 23:15:41,196 WARNING High grad norm: 982.70 at epoch=58 step=12800
2026-04-21 23:15:41,419 WARNING High grad norm: 785.82 at epoch=58 step=12801
2026-04-21 23:15:41,642 WARNING High grad norm: 1256.51 at epoch=58 step=12802
2026-04-21 23:15:41,863 WARNING High grad norm: 1086.46 at epoch=58 step=12803
2026-04-21 23:15:42,091 WARNING High grad norm: 702.49 at epoch=58 step=12804
2026-04-21 23:15:42,315 WARNING High grad norm: 1795.44 at epoch=58 step=12805
2026-04-21 23:15:42,541 WARNING High grad norm: 1014.62 at epoch=58 step=12806
2026-04-21 23:15:42,765 WARNING High grad norm: 887.04 at epoch=58 step=12807
2026-04-21 23:15:42,991 WARNING High grad norm: 608.11 at epoch=58 step=12808
2026-04-21 23:15:43,214 WARNING High grad norm: 572.87 at epoch=58 step=12809
2026-04-21 23:15:43,436 WARNING High grad norm: 1304.17 at epoch=58 step=12810
2026-04-21 23:15:43,661 WARNING High grad norm: 963.89 at epoch=58 step=12811
2026-04-21 23:15:43,888 WARNING High grad norm: 957.63 at epoch=58 step=12812
2026-04-21 23:15:44,108 WARNING High grad norm: 1353.37 at epoch=58 step=12813
2026-04-21 23:15:44,330 WARNING High grad norm: 1047.35 at epoch=58 step=12814
2026-04-21 23:15:44,560 WARNING High grad norm: 1590.73 at epoch=58 step=12815
2026-04-21 23:15:44,782 WARNING High grad norm: 1135.92 at epoch=58 step=12816
2026-04-21 23:15:45,006 WARNING High grad norm: 1042.57 at epoch=58 step=12817
2026-04-21 23:15:45,229 WARNING High grad norm: 843.84 at epoch=58 step=12818
2026-04-21 23:15:45,457 WARNING High grad norm: 972.20 at epoch=58 step=12819
2026-04-21 23:15:45,678 WARNING High grad norm: 974.99 at epoch=58 step=12820
2026-04-21 23:15:45,911 WARNING High grad norm: 1290.22 at epoch=58 step=12821
2026-04-21 23:15:46,132 WARNING High grad norm: 673.08 at epoch=58 step=12822
2026-04-21 23:15:46,355 WARNING High grad norm: 2458.57 at epoch=58 step=12823
2026-04-21 23:15:46,579 WARNING High grad norm: 547.48 at epoch=58 step=12824
2026-04-21 23:15:46,803 WARNING High grad norm: 603.30 at epoch=58 step=12825
2026-04-21 23:15:47,025 WARNING High grad norm: 741.85 at epoch=58 step=12826
2026-04-21 23:15:47,246 WARNING High grad norm: 2109.46 at epoch=58 step=12827
2026-04-21 23:15:47,469 WARNING High grad norm: 1671.16 at epoch=58 step=12828
2026-04-21 23:15:47,691 WARNING High grad norm: 1898.02 at epoch=58 step=12829
2026-04-21 23:15:47,913 WARNING High grad norm: 2358.59 at epoch=58 step=12830
2026-04-21 23:15:48,134 WARNING High grad norm: 752.09 at epoch=58 step=12831
2026-04-21 23:15:48,356 WARNING High grad norm: 1512.31 at epoch=58 step=12832
2026-04-21 23:15:48,578 WARNING High grad norm: 1564.74 at epoch=58 step=12833
2026-04-21 23:15:48,799 WARNING High grad norm: 1266.86 at epoch=58 step=12834
2026-04-21 23:15:49,022 WARNING High grad norm: 632.59 at epoch=58 step=12835
2026-04-21 23:15:49,246 WARNING High grad norm: 508.90 at epoch=58 step=12836
2026-04-21 23:15:49,469 WARNING High grad norm: 1801.34 at epoch=58 step=12837
2026-04-21 23:15:49,695 WARNING High grad norm: 1147.99 at epoch=58 step=12838
2026-04-21 23:15:49,916 WARNING High grad norm: 671.80 at epoch=58 step=12839
2026-04-21 23:15:50,137 WARNING High grad norm: 996.48 at epoch=58 step=12840
2026-04-21 23:15:50,359 WARNING High grad norm: 591.03 at epoch=58 step=12841
2026-04-21 23:15:50,580 WARNING High grad norm: 815.30 at epoch=58 step=12842
2026-04-21 23:15:50,802 WARNING High grad norm: 861.51 at epoch=58 step=12843
2026-04-21 23:15:51,024 WARNING High grad norm: 1031.18 at epoch=58 step=12844
2026-04-21 23:15:51,252 WARNING High grad norm: 781.85 at epoch=58 step=12845
2026-04-21 23:15:51,472 WARNING High grad norm: 1305.61 at epoch=58 step=12846
2026-04-21 23:15:51,694 WARNING High grad norm: 604.69 at epoch=58 step=12847
2026-04-21 23:15:51,914 WARNING High grad norm: 777.21 at epoch=58 step=12848
2026-04-21 23:15:52,136 WARNING High grad norm: 740.83 at epoch=58 step=12849
2026-04-21 23:15:52,358 WARNING High grad norm: 1042.27 at epoch=58 step=12850
2026-04-21 23:15:52,580 WARNING High grad norm: 875.30 at epoch=58 step=12851
2026-04-21 23:15:52,801 WARNING High grad norm: 1435.85 at epoch=58 step=12852
2026-04-21 23:15:53,023 WARNING High grad norm: 573.25 at epoch=58 step=12853
2026-04-21 23:15:53,243 WARNING High grad norm: 1857.12 at epoch=58 step=12854
2026-04-21 23:15:53,465 WARNING High grad norm: 898.50 at epoch=58 step=12855
2026-04-21 23:15:53,690 WARNING High grad norm: 1344.04 at epoch=58 step=12856
2026-04-21 23:15:53,912 WARNING High grad norm: 2359.04 at epoch=58 step=12857
2026-04-21 23:15:54,135 WARNING High grad norm: 945.32 at epoch=58 step=12858
2026-04-21 23:15:54,356 WARNING High grad norm: 1402.20 at epoch=58 step=12859
2026-04-21 23:15:54,577 WARNING High grad norm: 2586.94 at epoch=58 step=12860
2026-04-21 23:15:54,799 WARNING High grad norm: 1794.98 at epoch=58 step=12861
2026-04-21 23:15:55,020 WARNING High grad norm: 626.93 at epoch=58 step=12862
2026-04-21 23:15:55,243 WARNING High grad norm: 1997.03 at epoch=58 step=12863
2026-04-21 23:15:55,466 WARNING High grad norm: 691.30 at epoch=58 step=12864
2026-04-21 23:15:55,687 WARNING High grad norm: 1332.30 at epoch=58 step=12865
2026-04-21 23:15:55,908 WARNING High grad norm: 617.26 at epoch=58 step=12866
2026-04-21 23:15:56,131 WARNING High grad norm: 1022.76 at epoch=58 step=12867
2026-04-21 23:15:56,353 WARNING High grad norm: 1161.79 at epoch=58 step=12868
2026-04-21 23:15:56,576 WARNING High grad norm: 1587.69 at epoch=58 step=12869
2026-04-21 23:15:56,800 WARNING High grad norm: 697.97 at epoch=58 step=12870
2026-04-21 23:15:57,024 WARNING High grad norm: 1445.18 at epoch=58 step=12871
2026-04-21 23:15:57,247 WARNING High grad norm: 2436.25 at epoch=58 step=12872
2026-04-21 23:15:57,469 WARNING High grad norm: 646.97 at epoch=58 step=12873
2026-04-21 23:15:57,690 WARNING High grad norm: 1703.79 at epoch=58 step=12874
2026-04-21 23:15:57,911 WARNING High grad norm: 1509.12 at epoch=58 step=12875
2026-04-21 23:15:58,133 WARNING High grad norm: 1875.61 at epoch=58 step=12876
2026-04-21 23:15:58,354 WARNING High grad norm: 525.49 at epoch=58 step=12877
2026-04-21 23:15:58,581 WARNING High grad norm: 926.42 at epoch=58 step=12878
2026-04-21 23:15:58,803 WARNING High grad norm: 1032.08 at epoch=58 step=12879
2026-04-21 23:15:59,025 WARNING High grad norm: 884.25 at epoch=58 step=12880
2026-04-21 23:15:59,247 WARNING High grad norm: 605.36 at epoch=58 step=12881
2026-04-21 23:15:59,469 WARNING High grad norm: 883.23 at epoch=58 step=12882
2026-04-21 23:15:59,691 WARNING High grad norm: 658.13 at epoch=58 step=12883
2026-04-21 23:15:59,913 WARNING High grad norm: 2821.31 at epoch=58 step=12884
2026-04-21 23:16:00,137 WARNING High grad norm: 946.18 at epoch=58 step=12885
2026-04-21 23:16:00,363 WARNING High grad norm: 554.80 at epoch=58 step=12886
2026-04-21 23:16:00,584 WARNING High grad norm: 826.81 at epoch=58 step=12887
2026-04-21 23:16:00,815 WARNING High grad norm: 798.41 at epoch=58 step=12888
2026-04-21 23:16:01,037 WARNING High grad norm: 796.38 at epoch=58 step=12889
2026-04-21 23:16:01,267 WARNING High grad norm: 1473.89 at epoch=58 step=12890
2026-04-21 23:16:01,490 WARNING High grad norm: 789.94 at epoch=58 step=12891
2026-04-21 23:16:01,721 WARNING High grad norm: 1197.20 at epoch=58 step=12892
2026-04-21 23:16:01,959 WARNING High grad norm: 1201.21 at epoch=58 step=12893
2026-04-21 23:16:02,182 WARNING High grad norm: 887.62 at epoch=58 step=12894
2026-04-21 23:16:02,405 WARNING High grad norm: 603.43 at epoch=58 step=12895
2026-04-21 23:16:02,627 WARNING High grad norm: 3293.31 at epoch=58 step=12896
2026-04-21 23:16:02,852 WARNING High grad norm: 780.81 at epoch=58 step=12897
2026-04-21 23:16:03,073 WARNING High grad norm: 656.72 at epoch=58 step=12898
2026-04-21 23:16:03,296 WARNING High grad norm: 622.71 at epoch=58 step=12899
2026-04-21 23:16:03,310 INFO epoch=58 step=12900 loss=481.3438 grad_norm=622.7077 lr=1.00e-06
2026-04-21 23:16:03,523 WARNING High grad norm: 1824.83 at epoch=58 step=12900
2026-04-21 23:16:03,744 WARNING High grad norm: 869.71 at epoch=58 step=12901
2026-04-21 23:16:03,966 WARNING High grad norm: 746.53 at epoch=58 step=12902
2026-04-21 23:16:04,190 WARNING High grad norm: 988.79 at epoch=58 step=12903
2026-04-21 23:16:04,411 WARNING High grad norm: 1119.48 at epoch=58 step=12904
2026-04-21 23:16:04,635 WARNING High grad norm: 902.80 at epoch=58 step=12905
2026-04-21 23:16:04,865 WARNING High grad norm: 1691.84 at epoch=58 step=12906
2026-04-21 23:16:05,094 WARNING High grad norm: 728.32 at epoch=58 step=12907
2026-04-21 23:16:05,315 WARNING High grad norm: 953.44 at epoch=58 step=12908
2026-04-21 23:16:05,538 WARNING High grad norm: 1360.47 at epoch=58 step=12909
2026-04-21 23:16:05,766 WARNING High grad norm: 1016.81 at epoch=58 step=12910
2026-04-21 23:16:05,992 WARNING High grad norm: 1057.03 at epoch=58 step=12911
2026-04-21 23:16:06,215 WARNING High grad norm: 1518.48 at epoch=58 step=12912
2026-04-21 23:16:06,446 WARNING High grad norm: 2308.84 at epoch=58 step=12913
2026-04-21 23:16:06,667 WARNING High grad norm: 1160.31 at epoch=58 step=12914
2026-04-21 23:16:06,898 WARNING High grad norm: 1150.81 at epoch=58 step=12915
2026-04-21 23:16:07,121 WARNING High grad norm: 1348.54 at epoch=58 step=12916
2026-04-21 23:16:07,342 WARNING High grad norm: 879.71 at epoch=58 step=12917
2026-04-21 23:16:07,566 WARNING High grad norm: 881.56 at epoch=58 step=12918
2026-04-21 23:16:07,788 WARNING High grad norm: 773.75 at epoch=58 step=12919
2026-04-21 23:16:08,014 WARNING High grad norm: 1397.33 at epoch=58 step=12920
2026-04-21 23:16:08,237 WARNING High grad norm: 1342.40 at epoch=58 step=12921
2026-04-21 23:16:08,458 WARNING High grad norm: 908.50 at epoch=58 step=12922
2026-04-21 23:16:08,681 WARNING High grad norm: 851.92 at epoch=58 step=12923
2026-04-21 23:16:08,903 WARNING High grad norm: 1186.62 at epoch=58 step=12924
2026-04-21 23:16:09,127 WARNING High grad norm: 839.45 at epoch=58 step=12925
2026-04-21 23:16:09,356 WARNING High grad norm: 1343.58 at epoch=58 step=12926
2026-04-21 23:16:09,578 WARNING High grad norm: 732.63 at epoch=58 step=12927
2026-04-21 23:16:09,800 WARNING High grad norm: 1532.44 at epoch=58 step=12928
2026-04-21 23:16:10,023 WARNING High grad norm: 1304.75 at epoch=58 step=12929
2026-04-21 23:16:10,245 WARNING High grad norm: 1262.87 at epoch=58 step=12930
2026-04-21 23:16:10,475 WARNING High grad norm: 789.60 at epoch=58 step=12931
2026-04-21 23:16:10,698 WARNING High grad norm: 648.32 at epoch=58 step=12932
2026-04-21 23:16:10,847 WARNING High grad norm: 879.88 at epoch=58 step=12933
2026-04-21 23:16:11,447 INFO epoch=58 avg_loss=483.6958 lr=1.00e-06
2026-04-21 23:16:25,367 WARNING High grad norm: 797.54 at epoch=59 step=12934
2026-04-21 23:16:25,587 WARNING High grad norm: 2224.37 at epoch=59 step=12935
2026-04-21 23:16:25,811 WARNING High grad norm: 1827.76 at epoch=59 step=12936
2026-04-21 23:16:26,034 WARNING High grad norm: 1441.14 at epoch=59 step=12937
2026-04-21 23:16:26,254 WARNING High grad norm: 3535.87 at epoch=59 step=12938
2026-04-21 23:16:26,477 WARNING High grad norm: 544.35 at epoch=59 step=12939
2026-04-21 23:16:26,698 WARNING High grad norm: 992.77 at epoch=59 step=12940
2026-04-21 23:16:26,923 WARNING High grad norm: 631.18 at epoch=59 step=12941
2026-04-21 23:16:27,149 WARNING High grad norm: 855.89 at epoch=59 step=12942
2026-04-21 23:16:27,368 WARNING High grad norm: 1034.44 at epoch=59 step=12943
2026-04-21 23:16:27,590 WARNING High grad norm: 1444.87 at epoch=59 step=12944
2026-04-21 23:16:27,815 WARNING High grad norm: 1058.02 at epoch=59 step=12945
2026-04-21 23:16:28,044 WARNING High grad norm: 1582.95 at epoch=59 step=12946
2026-04-21 23:16:28,265 WARNING High grad norm: 1201.98 at epoch=59 step=12947
2026-04-21 23:16:28,486 WARNING High grad norm: 889.05 at epoch=59 step=12948
2026-04-21 23:16:28,714 WARNING High grad norm: 783.60 at epoch=59 step=12949
2026-04-21 23:16:28,939 WARNING High grad norm: 735.91 at epoch=59 step=12950
2026-04-21 23:16:29,166 WARNING High grad norm: 1342.74 at epoch=59 step=12951
2026-04-21 23:16:29,391 WARNING High grad norm: 826.32 at epoch=59 step=12952
2026-04-21 23:16:29,612 WARNING High grad norm: 1309.08 at epoch=59 step=12953
2026-04-21 23:16:29,837 WARNING High grad norm: 1214.70 at epoch=59 step=12954
2026-04-21 23:16:30,061 WARNING High grad norm: 2019.40 at epoch=59 step=12955
2026-04-21 23:16:30,282 WARNING High grad norm: 1909.49 at epoch=59 step=12956
2026-04-21 23:16:30,503 WARNING High grad norm: 1700.89 at epoch=59 step=12957
2026-04-21 23:16:30,731 WARNING High grad norm: 830.52 at epoch=59 step=12958
2026-04-21 23:16:30,956 WARNING High grad norm: 830.83 at epoch=59 step=12959
2026-04-21 23:16:31,186 WARNING High grad norm: 571.06 at epoch=59 step=12960
2026-04-21 23:16:31,410 WARNING High grad norm: 1356.90 at epoch=59 step=12961
2026-04-21 23:16:31,630 WARNING High grad norm: 1332.59 at epoch=59 step=12962
2026-04-21 23:16:31,853 WARNING High grad norm: 796.01 at epoch=59 step=12963
2026-04-21 23:16:32,086 WARNING High grad norm: 1699.74 at epoch=59 step=12964
2026-04-21 23:16:32,316 WARNING High grad norm: 819.86 at epoch=59 step=12965
2026-04-21 23:16:32,538 WARNING High grad norm: 985.49 at epoch=59 step=12966
2026-04-21 23:16:32,763 WARNING High grad norm: 706.27 at epoch=59 step=12967
2026-04-21 23:16:32,984 WARNING High grad norm: 1883.89 at epoch=59 step=12968
2026-04-21 23:16:33,206 WARNING High grad norm: 789.35 at epoch=59 step=12969
2026-04-21 23:16:33,433 WARNING High grad norm: 1447.46 at epoch=59 step=12970
2026-04-21 23:16:33,660 WARNING High grad norm: 1485.46 at epoch=59 step=12971
2026-04-21 23:16:33,880 WARNING High grad norm: 1220.72 at epoch=59 step=12972
2026-04-21 23:16:34,102 WARNING High grad norm: 1783.13 at epoch=59 step=12973
2026-04-21 23:16:34,323 WARNING High grad norm: 743.12 at epoch=59 step=12974
2026-04-21 23:16:34,547 WARNING High grad norm: 937.07 at epoch=59 step=12975
2026-04-21 23:16:34,767 WARNING High grad norm: 1562.82 at epoch=59 step=12976
2026-04-21 23:16:34,994 WARNING High grad norm: 1205.13 at epoch=59 step=12977
2026-04-21 23:16:35,223 WARNING High grad norm: 980.39 at epoch=59 step=12978
2026-04-21 23:16:35,443 WARNING High grad norm: 2314.90 at epoch=59 step=12979
2026-04-21 23:16:35,665 WARNING High grad norm: 757.75 at epoch=59 step=12980
2026-04-21 23:16:35,890 WARNING High grad norm: 745.85 at epoch=59 step=12981
2026-04-21 23:16:36,111 WARNING High grad norm: 828.65 at epoch=59 step=12982
2026-04-21 23:16:36,332 WARNING High grad norm: 1263.04 at epoch=59 step=12983
2026-04-21 23:16:36,552 WARNING High grad norm: 1847.31 at epoch=59 step=12984
2026-04-21 23:16:36,779 WARNING High grad norm: 1075.73 at epoch=59 step=12985
2026-04-21 23:16:37,000 WARNING High grad norm: 1599.82 at epoch=59 step=12986
2026-04-21 23:16:37,220 WARNING High grad norm: 546.57 at epoch=59 step=12987
2026-04-21 23:16:37,449 WARNING High grad norm: 949.02 at epoch=59 step=12988
2026-04-21 23:16:37,672 WARNING High grad norm: 1156.32 at epoch=59 step=12989
2026-04-21 23:16:37,900 WARNING High grad norm: 855.72 at epoch=59 step=12990
2026-04-21 23:16:38,122 WARNING High grad norm: 817.92 at epoch=59 step=12991
2026-04-21 23:16:38,349 WARNING High grad norm: 1180.13 at epoch=59 step=12992
2026-04-21 23:16:38,570 WARNING High grad norm: 1417.93 at epoch=59 step=12993
2026-04-21 23:16:38,794 WARNING High grad norm: 3184.53 at epoch=59 step=12994
2026-04-21 23:16:39,015 WARNING High grad norm: 2611.35 at epoch=59 step=12995
2026-04-21 23:16:39,237 WARNING High grad norm: 3094.67 at epoch=59 step=12996
2026-04-21 23:16:39,458 WARNING High grad norm: 726.56 at epoch=59 step=12997
2026-04-21 23:16:39,679 WARNING High grad norm: 1195.22 at epoch=59 step=12998
2026-04-21 23:16:39,903 WARNING High grad norm: 2385.34 at epoch=59 step=12999
2026-04-21 23:16:39,915 INFO epoch=59 step=13000 loss=481.9389 grad_norm=2385.3440 lr=1.00e-06
2026-04-21 23:16:40,128 WARNING High grad norm: 1469.56 at epoch=59 step=13000
2026-04-21 23:16:40,350 WARNING High grad norm: 792.62 at epoch=59 step=13001
2026-04-21 23:16:40,571 WARNING High grad norm: 948.93 at epoch=59 step=13002
2026-04-21 23:16:40,793 WARNING High grad norm: 1095.22 at epoch=59 step=13003
2026-04-21 23:16:41,014 WARNING High grad norm: 929.58 at epoch=59 step=13004
2026-04-21 23:16:41,235 WARNING High grad norm: 830.11 at epoch=59 step=13005
2026-04-21 23:16:41,457 WARNING High grad norm: 851.20 at epoch=59 step=13006
2026-04-21 23:16:41,679 WARNING High grad norm: 796.44 at epoch=59 step=13007
2026-04-21 23:16:41,901 WARNING High grad norm: 1320.60 at epoch=59 step=13008
2026-04-21 23:16:42,124 WARNING High grad norm: 1505.58 at epoch=59 step=13009
2026-04-21 23:16:42,345 WARNING High grad norm: 1432.32 at epoch=59 step=13010
2026-04-21 23:16:42,567 WARNING High grad norm: 1811.72 at epoch=59 step=13011
2026-04-21 23:16:42,790 WARNING High grad norm: 719.52 at epoch=59 step=13012
2026-04-21 23:16:43,018 WARNING High grad norm: 1024.63 at epoch=59 step=13013
2026-04-21 23:16:43,240 WARNING High grad norm: 670.33 at epoch=59 step=13014
2026-04-21 23:16:43,461 WARNING High grad norm: 693.67 at epoch=59 step=13015
2026-04-21 23:16:43,684 WARNING High grad norm: 965.30 at epoch=59 step=13016
2026-04-21 23:16:43,913 WARNING High grad norm: 872.17 at epoch=59 step=13017
2026-04-21 23:16:44,135 WARNING High grad norm: 1471.74 at epoch=59 step=13018
2026-04-21 23:16:44,364 WARNING High grad norm: 672.08 at epoch=59 step=13019
2026-04-21 23:16:44,587 WARNING High grad norm: 1526.30 at epoch=59 step=13020
2026-04-21 23:16:44,809 WARNING High grad norm: 991.69 at epoch=59 step=13021
2026-04-21 23:16:45,038 WARNING High grad norm: 579.27 at epoch=59 step=13022
2026-04-21 23:16:45,258 WARNING High grad norm: 1034.25 at epoch=59 step=13023
2026-04-21 23:16:45,480 WARNING High grad norm: 771.37 at epoch=59 step=13024
2026-04-21 23:16:45,705 WARNING High grad norm: 662.33 at epoch=59 step=13025
2026-04-21 23:16:45,936 WARNING High grad norm: 677.56 at epoch=59 step=13026
2026-04-21 23:16:46,161 WARNING High grad norm: 2168.26 at epoch=59 step=13027
2026-04-21 23:16:46,389 WARNING High grad norm: 1200.29 at epoch=59 step=13028
2026-04-21 23:16:46,609 WARNING High grad norm: 1220.41 at epoch=59 step=13029
2026-04-21 23:16:46,834 WARNING High grad norm: 701.27 at epoch=59 step=13030
2026-04-21 23:16:47,057 WARNING High grad norm: 783.09 at epoch=59 step=13031
2026-04-21 23:16:47,278 WARNING High grad norm: 701.55 at epoch=59 step=13032
2026-04-21 23:16:47,498 WARNING High grad norm: 875.82 at epoch=59 step=13033
2026-04-21 23:16:47,721 WARNING High grad norm: 1042.12 at epoch=59 step=13034
2026-04-21 23:16:47,944 WARNING High grad norm: 1024.15 at epoch=59 step=13035
2026-04-21 23:16:48,166 WARNING High grad norm: 2360.56 at epoch=59 step=13036
2026-04-21 23:16:48,390 WARNING High grad norm: 899.44 at epoch=59 step=13037
2026-04-21 23:16:48,616 WARNING High grad norm: 737.53 at epoch=59 step=13038
2026-04-21 23:16:48,837 WARNING High grad norm: 947.61 at epoch=59 step=13039
2026-04-21 23:16:49,059 WARNING High grad norm: 623.48 at epoch=59 step=13040
2026-04-21 23:16:49,281 WARNING High grad norm: 533.13 at epoch=59 step=13041
2026-04-21 23:16:49,503 WARNING High grad norm: 878.85 at epoch=59 step=13042
2026-04-21 23:16:49,727 WARNING High grad norm: 1878.62 at epoch=59 step=13043
2026-04-21 23:16:49,950 WARNING High grad norm: 2784.26 at epoch=59 step=13044
2026-04-21 23:16:50,170 WARNING High grad norm: 598.87 at epoch=59 step=13045
2026-04-21 23:16:50,392 WARNING High grad norm: 1034.83 at epoch=59 step=13046
2026-04-21 23:16:50,615 WARNING High grad norm: 621.25 at epoch=59 step=13047
2026-04-21 23:16:50,840 WARNING High grad norm: 1281.48 at epoch=59 step=13048
2026-04-21 23:16:51,061 WARNING High grad norm: 802.70 at epoch=59 step=13049
2026-04-21 23:16:51,282 WARNING High grad norm: 1535.41 at epoch=59 step=13050
2026-04-21 23:16:51,504 WARNING High grad norm: 1298.43 at epoch=59 step=13051
2026-04-21 23:16:51,728 WARNING High grad norm: 957.73 at epoch=59 step=13052
2026-04-21 23:16:51,954 WARNING High grad norm: 627.40 at epoch=59 step=13053
2026-04-21 23:16:52,174 WARNING High grad norm: 1447.24 at epoch=59 step=13054
2026-04-21 23:16:52,397 WARNING High grad norm: 1070.29 at epoch=59 step=13055
2026-04-21 23:16:52,619 WARNING High grad norm: 856.02 at epoch=59 step=13056
2026-04-21 23:16:52,841 WARNING High grad norm: 1239.04 at epoch=59 step=13057
2026-04-21 23:16:53,064 WARNING High grad norm: 477.88 at epoch=59 step=13058
2026-04-21 23:16:53,286 WARNING High grad norm: 1744.51 at epoch=59 step=13059
2026-04-21 23:16:53,508 WARNING High grad norm: 1151.73 at epoch=59 step=13060
2026-04-21 23:16:53,732 WARNING High grad norm: 532.85 at epoch=59 step=13061
2026-04-21 23:16:53,956 WARNING High grad norm: 1544.68 at epoch=59 step=13062
2026-04-21 23:16:54,177 WARNING High grad norm: 1458.25 at epoch=59 step=13063
2026-04-21 23:16:54,401 WARNING High grad norm: 1033.86 at epoch=59 step=13064
2026-04-21 23:16:54,623 WARNING High grad norm: 547.89 at epoch=59 step=13065
2026-04-21 23:16:54,845 WARNING High grad norm: 1310.99 at epoch=59 step=13066
2026-04-21 23:16:55,067 WARNING High grad norm: 1035.49 at epoch=59 step=13067
2026-04-21 23:16:55,288 WARNING High grad norm: 996.13 at epoch=59 step=13068
2026-04-21 23:16:55,510 WARNING High grad norm: 2368.83 at epoch=59 step=13069
2026-04-21 23:16:55,732 WARNING High grad norm: 717.39 at epoch=59 step=13070
2026-04-21 23:16:55,954 WARNING High grad norm: 823.56 at epoch=59 step=13071
2026-04-21 23:16:56,177 WARNING High grad norm: 639.12 at epoch=59 step=13072
2026-04-21 23:16:56,398 WARNING High grad norm: 1695.40 at epoch=59 step=13073
2026-04-21 23:16:56,622 WARNING High grad norm: 552.47 at epoch=59 step=13074
2026-04-21 23:16:56,844 WARNING High grad norm: 1913.00 at epoch=59 step=13075
2026-04-21 23:16:57,067 WARNING High grad norm: 1395.54 at epoch=59 step=13076
2026-04-21 23:16:57,288 WARNING High grad norm: 859.20 at epoch=59 step=13077
2026-04-21 23:16:57,511 WARNING High grad norm: 970.53 at epoch=59 step=13078
2026-04-21 23:16:57,742 WARNING High grad norm: 897.18 at epoch=59 step=13079
2026-04-21 23:16:57,964 WARNING High grad norm: 1034.81 at epoch=59 step=13080
2026-04-21 23:16:58,188 WARNING High grad norm: 760.81 at epoch=59 step=13081
2026-04-21 23:16:58,411 WARNING High grad norm: 978.80 at epoch=59 step=13082
2026-04-21 23:16:58,633 WARNING High grad norm: 1270.19 at epoch=59 step=13083
2026-04-21 23:16:58,854 WARNING High grad norm: 820.62 at epoch=59 step=13084
2026-04-21 23:16:59,076 WARNING High grad norm: 622.63 at epoch=59 step=13085
2026-04-21 23:16:59,298 WARNING High grad norm: 1149.27 at epoch=59 step=13086
2026-04-21 23:16:59,522 WARNING High grad norm: 774.79 at epoch=59 step=13087
2026-04-21 23:16:59,744 WARNING High grad norm: 1380.39 at epoch=59 step=13088
2026-04-21 23:16:59,977 WARNING High grad norm: 947.56 at epoch=59 step=13089
2026-04-21 23:17:00,203 WARNING High grad norm: 1205.12 at epoch=59 step=13090
2026-04-21 23:17:00,427 WARNING High grad norm: 1461.17 at epoch=59 step=13091
2026-04-21 23:17:00,650 WARNING High grad norm: 846.42 at epoch=59 step=13092
2026-04-21 23:17:00,886 WARNING High grad norm: 1502.69 at epoch=59 step=13093
2026-04-21 23:17:01,117 WARNING High grad norm: 838.95 at epoch=59 step=13094
2026-04-21 23:17:01,344 WARNING High grad norm: 801.57 at epoch=59 step=13095
2026-04-21 23:17:01,567 WARNING High grad norm: 622.39 at epoch=59 step=13096
2026-04-21 23:17:01,790 WARNING High grad norm: 1678.72 at epoch=59 step=13097
2026-04-21 23:17:02,014 WARNING High grad norm: 716.01 at epoch=59 step=13098
2026-04-21 23:17:02,244 WARNING High grad norm: 1124.32 at epoch=59 step=13099
2026-04-21 23:17:02,257 INFO epoch=59 step=13100 loss=482.2307 grad_norm=1124.3243 lr=1.00e-06
2026-04-21 23:17:02,470 WARNING High grad norm: 1495.95 at epoch=59 step=13100
2026-04-21 23:17:02,693 WARNING High grad norm: 774.83 at epoch=59 step=13101
2026-04-21 23:17:02,917 WARNING High grad norm: 946.40 at epoch=59 step=13102
2026-04-21 23:17:03,139 WARNING High grad norm: 950.12 at epoch=59 step=13103
2026-04-21 23:17:03,369 WARNING High grad norm: 1046.32 at epoch=59 step=13104
2026-04-21 23:17:03,599 WARNING High grad norm: 786.21 at epoch=59 step=13105
2026-04-21 23:17:03,821 WARNING High grad norm: 1661.19 at epoch=59 step=13106
2026-04-21 23:17:04,046 WARNING High grad norm: 546.51 at epoch=59 step=13107
2026-04-21 23:17:04,267 WARNING High grad norm: 738.79 at epoch=59 step=13108
2026-04-21 23:17:04,503 WARNING High grad norm: 1894.07 at epoch=59 step=13109
2026-04-21 23:17:04,727 WARNING High grad norm: 921.21 at epoch=59 step=13110
2026-04-21 23:17:04,949 WARNING High grad norm: 948.31 at epoch=59 step=13111
2026-04-21 23:17:05,171 WARNING High grad norm: 610.58 at epoch=59 step=13112
2026-04-21 23:17:05,393 WARNING High grad norm: 1551.47 at epoch=59 step=13113
2026-04-21 23:17:05,620 WARNING High grad norm: 1908.78 at epoch=59 step=13114
2026-04-21 23:17:05,846 WARNING High grad norm: 1254.40 at epoch=59 step=13115
2026-04-21 23:17:06,080 WARNING High grad norm: 732.52 at epoch=59 step=13116
2026-04-21 23:17:06,302 WARNING High grad norm: 775.81 at epoch=59 step=13117
2026-04-21 23:17:06,525 WARNING High grad norm: 819.45 at epoch=59 step=13118
2026-04-21 23:17:06,752 WARNING High grad norm: 709.97 at epoch=59 step=13119
2026-04-21 23:17:06,982 WARNING High grad norm: 843.59 at epoch=59 step=13120
2026-04-21 23:17:07,204 WARNING High grad norm: 761.92 at epoch=59 step=13121
2026-04-21 23:17:07,426 WARNING High grad norm: 1249.53 at epoch=59 step=13122
2026-04-21 23:17:07,647 WARNING High grad norm: 716.88 at epoch=59 step=13123
2026-04-21 23:17:07,869 WARNING High grad norm: 1244.76 at epoch=59 step=13124
2026-04-21 23:17:08,092 WARNING High grad norm: 1578.60 at epoch=59 step=13125
2026-04-21 23:17:08,317 WARNING High grad norm: 950.38 at epoch=59 step=13126
2026-04-21 23:17:08,539 WARNING High grad norm: 1080.87 at epoch=59 step=13127
2026-04-21 23:17:08,763 WARNING High grad norm: 970.50 at epoch=59 step=13128
2026-04-21 23:17:08,989 WARNING High grad norm: 710.75 at epoch=59 step=13129
2026-04-21 23:17:09,212 WARNING High grad norm: 666.66 at epoch=59 step=13130
2026-04-21 23:17:09,436 WARNING High grad norm: 645.11 at epoch=59 step=13131
2026-04-21 23:17:09,658 WARNING High grad norm: 1452.04 at epoch=59 step=13132
2026-04-21 23:17:09,882 WARNING High grad norm: 609.21 at epoch=59 step=13133
2026-04-21 23:17:10,105 WARNING High grad norm: 1299.16 at epoch=59 step=13134
2026-04-21 23:17:10,332 WARNING High grad norm: 1169.24 at epoch=59 step=13135
2026-04-21 23:17:10,554 WARNING High grad norm: 976.23 at epoch=59 step=13136
2026-04-21 23:17:10,775 WARNING High grad norm: 954.31 at epoch=59 step=13137
2026-04-21 23:17:11,000 WARNING High grad norm: 712.85 at epoch=59 step=13138
2026-04-21 23:17:11,222 WARNING High grad norm: 952.56 at epoch=59 step=13139
2026-04-21 23:17:11,445 WARNING High grad norm: 707.11 at epoch=59 step=13140
2026-04-21 23:17:11,667 WARNING High grad norm: 825.37 at epoch=59 step=13141
2026-04-21 23:17:11,891 WARNING High grad norm: 654.78 at epoch=59 step=13142
2026-04-21 23:17:12,115 WARNING High grad norm: 842.65 at epoch=59 step=13143
2026-04-21 23:17:12,341 WARNING High grad norm: 1217.24 at epoch=59 step=13144
2026-04-21 23:17:12,563 WARNING High grad norm: 820.95 at epoch=59 step=13145
2026-04-21 23:17:12,786 WARNING High grad norm: 2607.43 at epoch=59 step=13146
2026-04-21 23:17:13,008 WARNING High grad norm: 534.14 at epoch=59 step=13147
2026-04-21 23:17:13,234 WARNING High grad norm: 1732.00 at epoch=59 step=13148
2026-04-21 23:17:13,457 WARNING High grad norm: 769.26 at epoch=59 step=13149
2026-04-21 23:17:13,680 WARNING High grad norm: 709.83 at epoch=59 step=13150
2026-04-21 23:17:13,902 WARNING High grad norm: 2174.78 at epoch=59 step=13151
2026-04-21 23:17:14,125 WARNING High grad norm: 1077.40 at epoch=59 step=13152
2026-04-21 23:17:14,347 WARNING High grad norm: 710.26 at epoch=59 step=13153
2026-04-21 23:17:14,572 WARNING High grad norm: 1080.55 at epoch=59 step=13154
2026-04-21 23:17:14,793 WARNING High grad norm: 559.12 at epoch=59 step=13155
2026-04-21 23:17:14,944 WARNING High grad norm: 933.88 at epoch=59 step=13156
2026-04-21 23:17:15,543 INFO epoch=59 avg_loss=479.7665 lr=1.00e-06
2026-04-21 23:17:29,680 WARNING High grad norm: 1157.58 at epoch=60 step=13157
2026-04-21 23:17:29,904 WARNING High grad norm: 1464.88 at epoch=60 step=13158
2026-04-21 23:17:30,126 WARNING High grad norm: 1032.17 at epoch=60 step=13159
2026-04-21 23:17:30,351 WARNING High grad norm: 836.97 at epoch=60 step=13160
2026-04-21 23:17:30,571 WARNING High grad norm: 1256.06 at epoch=60 step=13161
2026-04-21 23:17:30,802 WARNING High grad norm: 1301.08 at epoch=60 step=13162
2026-04-21 23:17:31,022 WARNING High grad norm: 474.21 at epoch=60 step=13163
2026-04-21 23:17:31,254 WARNING High grad norm: 524.13 at epoch=60 step=13164
2026-04-21 23:17:31,476 WARNING High grad norm: 653.66 at epoch=60 step=13165
2026-04-21 23:17:31,700 WARNING High grad norm: 1405.42 at epoch=60 step=13166
2026-04-21 23:17:31,923 WARNING High grad norm: 1417.10 at epoch=60 step=13167
2026-04-21 23:17:32,148 WARNING High grad norm: 1859.49 at epoch=60 step=13168
2026-04-21 23:17:32,369 WARNING High grad norm: 926.58 at epoch=60 step=13169
2026-04-21 23:17:32,591 WARNING High grad norm: 1483.85 at epoch=60 step=13170
2026-04-21 23:17:32,812 WARNING High grad norm: 1630.20 at epoch=60 step=13171
2026-04-21 23:17:33,032 WARNING High grad norm: 2325.89 at epoch=60 step=13172
2026-04-21 23:17:33,253 WARNING High grad norm: 829.51 at epoch=60 step=13173
2026-04-21 23:17:33,474 WARNING High grad norm: 1272.55 at epoch=60 step=13174
2026-04-21 23:17:33,694 WARNING High grad norm: 1431.45 at epoch=60 step=13175
2026-04-21 23:17:33,929 WARNING High grad norm: 1855.77 at epoch=60 step=13176
2026-04-21 23:17:34,153 WARNING High grad norm: 803.78 at epoch=60 step=13177
2026-04-21 23:17:34,375 WARNING High grad norm: 667.86 at epoch=60 step=13178
2026-04-21 23:17:34,596 WARNING High grad norm: 1474.76 at epoch=60 step=13179
2026-04-21 23:17:34,824 WARNING High grad norm: 1824.77 at epoch=60 step=13180
2026-04-21 23:17:35,047 WARNING High grad norm: 929.44 at epoch=60 step=13181
2026-04-21 23:17:35,268 WARNING High grad norm: 859.71 at epoch=60 step=13182
2026-04-21 23:17:35,488 WARNING High grad norm: 872.91 at epoch=60 step=13183
2026-04-21 23:17:35,717 WARNING High grad norm: 908.20 at epoch=60 step=13184
2026-04-21 23:17:35,937 WARNING High grad norm: 711.48 at epoch=60 step=13185
2026-04-21 23:17:36,158 WARNING High grad norm: 1020.01 at epoch=60 step=13186
2026-04-21 23:17:36,379 WARNING High grad norm: 846.11 at epoch=60 step=13187
2026-04-21 23:17:36,600 WARNING High grad norm: 1225.74 at epoch=60 step=13188
2026-04-21 23:17:36,821 WARNING High grad norm: 1196.57 at epoch=60 step=13189
2026-04-21 23:17:37,042 WARNING High grad norm: 1117.84 at epoch=60 step=13190
2026-04-21 23:17:37,265 WARNING High grad norm: 1350.46 at epoch=60 step=13191
2026-04-21 23:17:37,487 WARNING High grad norm: 669.81 at epoch=60 step=13192
2026-04-21 23:17:37,709 WARNING High grad norm: 975.61 at epoch=60 step=13193
2026-04-21 23:17:37,930 WARNING High grad norm: 910.25 at epoch=60 step=13194
2026-04-21 23:17:38,153 WARNING High grad norm: 432.46 at epoch=60 step=13195
2026-04-21 23:17:38,376 WARNING High grad norm: 862.15 at epoch=60 step=13196
2026-04-21 23:17:38,599 WARNING High grad norm: 1366.89 at epoch=60 step=13197
2026-04-21 23:17:38,824 WARNING High grad norm: 753.79 at epoch=60 step=13198
2026-04-21 23:17:39,051 WARNING High grad norm: 1170.16 at epoch=60 step=13199
2026-04-21 23:17:39,062 INFO epoch=60 step=13200 loss=485.9031 grad_norm=1170.1567 lr=1.00e-06
2026-04-21 23:17:39,275 WARNING High grad norm: 2051.72 at epoch=60 step=13200
2026-04-21 23:17:39,498 WARNING High grad norm: 2232.27 at epoch=60 step=13201
2026-04-21 23:17:39,721 WARNING High grad norm: 1551.06 at epoch=60 step=13202
2026-04-21 23:17:39,944 WARNING High grad norm: 801.33 at epoch=60 step=13203
2026-04-21 23:17:40,172 WARNING High grad norm: 1108.11 at epoch=60 step=13204
2026-04-21 23:17:40,394 WARNING High grad norm: 789.39 at epoch=60 step=13205
2026-04-21 23:17:40,616 WARNING High grad norm: 875.86 at epoch=60 step=13206
2026-04-21 23:17:40,839 WARNING High grad norm: 578.30 at epoch=60 step=13207
2026-04-21 23:17:41,062 WARNING High grad norm: 1226.13 at epoch=60 step=13208
2026-04-21 23:17:41,289 WARNING High grad norm: 711.13 at epoch=60 step=13209
2026-04-21 23:17:41,519 WARNING High grad norm: 963.04 at epoch=60 step=13210
2026-04-21 23:17:41,740 WARNING High grad norm: 1141.16 at epoch=60 step=13211
2026-04-21 23:17:41,962 WARNING High grad norm: 827.42 at epoch=60 step=13212
2026-04-21 23:17:42,190 WARNING High grad norm: 738.56 at epoch=60 step=13213
2026-04-21 23:17:42,421 WARNING High grad norm: 1656.88 at epoch=60 step=13214
2026-04-21 23:17:42,641 WARNING High grad norm: 771.25 at epoch=60 step=13215
2026-04-21 23:17:42,863 WARNING High grad norm: 746.93 at epoch=60 step=13216
2026-04-21 23:17:43,085 WARNING High grad norm: 1775.48 at epoch=60 step=13217
2026-04-21 23:17:43,309 WARNING High grad norm: 1761.45 at epoch=60 step=13218
2026-04-21 23:17:43,531 WARNING High grad norm: 1596.86 at epoch=60 step=13219
2026-04-21 23:17:43,754 WARNING High grad norm: 790.14 at epoch=60 step=13220
2026-04-21 23:17:43,978 WARNING High grad norm: 1071.74 at epoch=60 step=13221
2026-04-21 23:17:44,201 WARNING High grad norm: 545.81 at epoch=60 step=13222
2026-04-21 23:17:44,422 WARNING High grad norm: 972.91 at epoch=60 step=13223
2026-04-21 23:17:44,648 WARNING High grad norm: 1117.13 at epoch=60 step=13224
2026-04-21 23:17:44,869 WARNING High grad norm: 1090.18 at epoch=60 step=13225
2026-04-21 23:17:45,090 WARNING High grad norm: 1064.38 at epoch=60 step=13226
2026-04-21 23:17:45,315 WARNING High grad norm: 616.21 at epoch=60 step=13227
2026-04-21 23:17:45,535 WARNING High grad norm: 2524.46 at epoch=60 step=13228
2026-04-21 23:17:45,760 WARNING High grad norm: 1635.74 at epoch=60 step=13229
2026-04-21 23:17:45,982 WARNING High grad norm: 684.65 at epoch=60 step=13230
2026-04-21 23:17:46,207 WARNING High grad norm: 1426.81 at epoch=60 step=13231
2026-04-21 23:17:46,428 WARNING High grad norm: 753.17 at epoch=60 step=13232
2026-04-21 23:17:46,651 WARNING High grad norm: 619.11 at epoch=60 step=13233
2026-04-21 23:17:46,872 WARNING High grad norm: 894.80 at epoch=60 step=13234
2026-04-21 23:17:47,093 WARNING High grad norm: 1066.62 at epoch=60 step=13235
2026-04-21 23:17:47,315 WARNING High grad norm: 897.80 at epoch=60 step=13236
2026-04-21 23:17:47,537 WARNING High grad norm: 1850.46 at epoch=60 step=13237
2026-04-21 23:17:47,762 WARNING High grad norm: 1405.46 at epoch=60 step=13238
2026-04-21 23:17:47,995 WARNING High grad norm: 694.51 at epoch=60 step=13239
2026-04-21 23:17:48,217 WARNING High grad norm: 703.90 at epoch=60 step=13240
2026-04-21 23:17:48,438 WARNING High grad norm: 1703.36 at epoch=60 step=13241
2026-04-21 23:17:48,661 WARNING High grad norm: 2257.39 at epoch=60 step=13242
2026-04-21 23:17:48,884 WARNING High grad norm: 1127.62 at epoch=60 step=13243
2026-04-21 23:17:49,106 WARNING High grad norm: 1009.44 at epoch=60 step=13244
2026-04-21 23:17:49,330 WARNING High grad norm: 2690.87 at epoch=60 step=13245
2026-04-21 23:17:49,551 WARNING High grad norm: 1327.23 at epoch=60 step=13246
2026-04-21 23:17:49,775 WARNING High grad norm: 1299.25 at epoch=60 step=13247
2026-04-21 23:17:49,996 WARNING High grad norm: 1418.15 at epoch=60 step=13248
2026-04-21 23:17:50,218 WARNING High grad norm: 1147.14 at epoch=60 step=13249
2026-04-21 23:17:50,440 WARNING High grad norm: 2578.24 at epoch=60 step=13250
2026-04-21 23:17:50,662 WARNING High grad norm: 1847.18 at epoch=60 step=13251
2026-04-21 23:17:50,885 WARNING High grad norm: 511.66 at epoch=60 step=13252
2026-04-21 23:17:51,107 WARNING High grad norm: 1475.38 at epoch=60 step=13253
2026-04-21 23:17:51,329 WARNING High grad norm: 1441.25 at epoch=60 step=13254
2026-04-21 23:17:51,552 WARNING High grad norm: 641.36 at epoch=60 step=13255
2026-04-21 23:17:51,776 WARNING High grad norm: 2508.63 at epoch=60 step=13256
2026-04-21 23:17:51,997 WARNING High grad norm: 1483.88 at epoch=60 step=13257
2026-04-21 23:17:52,220 WARNING High grad norm: 888.97 at epoch=60 step=13258
2026-04-21 23:17:52,446 WARNING High grad norm: 982.48 at epoch=60 step=13259
2026-04-21 23:17:52,669 WARNING High grad norm: 825.12 at epoch=60 step=13260
2026-04-21 23:17:52,890 WARNING High grad norm: 737.36 at epoch=60 step=13261
2026-04-21 23:17:53,116 WARNING High grad norm: 1063.51 at epoch=60 step=13262
2026-04-21 23:17:53,338 WARNING High grad norm: 691.43 at epoch=60 step=13263
2026-04-21 23:17:53,562 WARNING High grad norm: 855.83 at epoch=60 step=13264
2026-04-21 23:17:53,785 WARNING High grad norm: 1585.91 at epoch=60 step=13265
2026-04-21 23:17:54,008 WARNING High grad norm: 2292.10 at epoch=60 step=13266
2026-04-21 23:17:54,238 WARNING High grad norm: 1017.90 at epoch=60 step=13267
2026-04-21 23:17:54,460 WARNING High grad norm: 1086.44 at epoch=60 step=13268
2026-04-21 23:17:54,691 WARNING High grad norm: 847.69 at epoch=60 step=13269
2026-04-21 23:17:54,913 WARNING High grad norm: 702.50 at epoch=60 step=13270
2026-04-21 23:17:55,134 WARNING High grad norm: 866.57 at epoch=60 step=13271
2026-04-21 23:17:55,361 WARNING High grad norm: 1951.79 at epoch=60 step=13272
2026-04-21 23:17:55,583 WARNING High grad norm: 942.84 at epoch=60 step=13273
2026-04-21 23:17:55,811 WARNING High grad norm: 874.56 at epoch=60 step=13274
2026-04-21 23:17:56,041 WARNING High grad norm: 866.30 at epoch=60 step=13275
2026-04-21 23:17:56,275 WARNING High grad norm: 2054.28 at epoch=60 step=13276
2026-04-21 23:17:56,499 WARNING High grad norm: 2749.45 at epoch=60 step=13277
2026-04-21 23:17:56,722 WARNING High grad norm: 1363.36 at epoch=60 step=13278
2026-04-21 23:17:56,954 WARNING High grad norm: 896.57 at epoch=60 step=13279
2026-04-21 23:17:57,180 WARNING High grad norm: 704.10 at epoch=60 step=13280
2026-04-21 23:17:57,402 WARNING High grad norm: 1335.03 at epoch=60 step=13281
2026-04-21 23:17:57,624 WARNING High grad norm: 765.39 at epoch=60 step=13282
2026-04-21 23:17:57,850 WARNING High grad norm: 799.61 at epoch=60 step=13283
2026-04-21 23:17:58,073 WARNING High grad norm: 1104.52 at epoch=60 step=13284
2026-04-21 23:17:58,296 WARNING High grad norm: 626.51 at epoch=60 step=13285
2026-04-21 23:17:58,519 WARNING High grad norm: 1891.51 at epoch=60 step=13286
2026-04-21 23:17:58,742 WARNING High grad norm: 1771.73 at epoch=60 step=13287
2026-04-21 23:17:58,964 WARNING High grad norm: 738.18 at epoch=60 step=13288
2026-04-21 23:17:59,186 WARNING High grad norm: 843.70 at epoch=60 step=13289
2026-04-21 23:17:59,407 WARNING High grad norm: 1345.93 at epoch=60 step=13290
2026-04-21 23:17:59,631 WARNING High grad norm: 712.08 at epoch=60 step=13291
2026-04-21 23:17:59,855 WARNING High grad norm: 639.49 at epoch=60 step=13292
2026-04-21 23:18:00,078 WARNING High grad norm: 592.38 at epoch=60 step=13293
2026-04-21 23:18:00,299 WARNING High grad norm: 651.74 at epoch=60 step=13294
2026-04-21 23:18:00,520 WARNING High grad norm: 679.52 at epoch=60 step=13295
2026-04-21 23:18:00,742 WARNING High grad norm: 901.07 at epoch=60 step=13296
2026-04-21 23:18:00,964 WARNING High grad norm: 1144.24 at epoch=60 step=13297
2026-04-21 23:18:01,187 WARNING High grad norm: 1888.01 at epoch=60 step=13298
2026-04-21 23:18:01,415 WARNING High grad norm: 880.30 at epoch=60 step=13299
2026-04-21 23:18:01,427 INFO epoch=60 step=13300 loss=483.5618 grad_norm=880.3006 lr=1.00e-06
2026-04-21 23:18:01,641 WARNING High grad norm: 624.01 at epoch=60 step=13300
2026-04-21 23:18:01,863 WARNING High grad norm: 2161.69 at epoch=60 step=13301
2026-04-21 23:18:02,085 WARNING High grad norm: 653.19 at epoch=60 step=13302
2026-04-21 23:18:02,310 WARNING High grad norm: 651.34 at epoch=60 step=13303
2026-04-21 23:18:02,533 WARNING High grad norm: 961.15 at epoch=60 step=13304
2026-04-21 23:18:02,755 WARNING High grad norm: 878.47 at epoch=60 step=13305
2026-04-21 23:18:02,977 WARNING High grad norm: 568.65 at epoch=60 step=13306
2026-04-21 23:18:03,209 WARNING High grad norm: 2259.13 at epoch=60 step=13307
2026-04-21 23:18:03,429 WARNING High grad norm: 1170.29 at epoch=60 step=13308
2026-04-21 23:18:03,652 WARNING High grad norm: 1744.59 at epoch=60 step=13309
2026-04-21 23:18:03,874 WARNING High grad norm: 1351.54 at epoch=60 step=13310
2026-04-21 23:18:04,101 WARNING High grad norm: 564.02 at epoch=60 step=13311
2026-04-21 23:18:04,323 WARNING High grad norm: 824.91 at epoch=60 step=13312
2026-04-21 23:18:04,544 WARNING High grad norm: 2152.58 at epoch=60 step=13313
2026-04-21 23:18:04,770 WARNING High grad norm: 703.68 at epoch=60 step=13314
2026-04-21 23:18:04,992 WARNING High grad norm: 1882.07 at epoch=60 step=13315
2026-04-21 23:18:05,214 WARNING High grad norm: 848.95 at epoch=60 step=13316
2026-04-21 23:18:05,439 WARNING High grad norm: 740.70 at epoch=60 step=13317
2026-04-21 23:18:05,663 WARNING High grad norm: 2960.63 at epoch=60 step=13318
2026-04-21 23:18:05,885 WARNING High grad norm: 1233.43 at epoch=60 step=13319
2026-04-21 23:18:06,107 WARNING High grad norm: 714.37 at epoch=60 step=13320
2026-04-21 23:18:06,333 WARNING High grad norm: 694.50 at epoch=60 step=13321
2026-04-21 23:18:06,555 WARNING High grad norm: 688.59 at epoch=60 step=13322
2026-04-21 23:18:06,782 WARNING High grad norm: 1686.28 at epoch=60 step=13323
2026-04-21 23:18:07,005 WARNING High grad norm: 1614.72 at epoch=60 step=13324
2026-04-21 23:18:07,229 WARNING High grad norm: 1465.29 at epoch=60 step=13325
2026-04-21 23:18:07,455 WARNING High grad norm: 917.83 at epoch=60 step=13326
2026-04-21 23:18:07,680 WARNING High grad norm: 1412.61 at epoch=60 step=13327
2026-04-21 23:18:07,902 WARNING High grad norm: 2424.99 at epoch=60 step=13328
2026-04-21 23:18:08,124 WARNING High grad norm: 1870.80 at epoch=60 step=13329
2026-04-21 23:18:08,348 WARNING High grad norm: 1062.42 at epoch=60 step=13330
2026-04-21 23:18:08,577 WARNING High grad norm: 829.41 at epoch=60 step=13331
2026-04-21 23:18:08,811 WARNING High grad norm: 724.18 at epoch=60 step=13332
2026-04-21 23:18:09,041 WARNING High grad norm: 1164.08 at epoch=60 step=13333
2026-04-21 23:18:09,277 WARNING High grad norm: 1828.80 at epoch=60 step=13334
2026-04-21 23:18:09,504 WARNING High grad norm: 771.95 at epoch=60 step=13335
2026-04-21 23:18:09,730 WARNING High grad norm: 643.44 at epoch=60 step=13336
2026-04-21 23:18:09,952 WARNING High grad norm: 1006.99 at epoch=60 step=13337
2026-04-21 23:18:10,179 WARNING High grad norm: 1193.76 at epoch=60 step=13338
2026-04-21 23:18:10,404 WARNING High grad norm: 1640.53 at epoch=60 step=13339
2026-04-21 23:18:10,635 WARNING High grad norm: 857.99 at epoch=60 step=13340
2026-04-21 23:18:10,866 WARNING High grad norm: 996.66 at epoch=60 step=13341
2026-04-21 23:18:11,090 WARNING High grad norm: 1507.05 at epoch=60 step=13342
2026-04-21 23:18:11,315 WARNING High grad norm: 1345.50 at epoch=60 step=13343
2026-04-21 23:18:11,540 WARNING High grad norm: 986.01 at epoch=60 step=13344
2026-04-21 23:18:11,765 WARNING High grad norm: 1295.16 at epoch=60 step=13345
2026-04-21 23:18:11,988 WARNING High grad norm: 1338.18 at epoch=60 step=13346
2026-04-21 23:18:12,217 WARNING High grad norm: 2515.40 at epoch=60 step=13347
2026-04-21 23:18:12,448 WARNING High grad norm: 2288.78 at epoch=60 step=13348
2026-04-21 23:18:12,671 WARNING High grad norm: 824.73 at epoch=60 step=13349
2026-04-21 23:18:12,893 WARNING High grad norm: 1199.43 at epoch=60 step=13350
2026-04-21 23:18:13,120 WARNING High grad norm: 1187.74 at epoch=60 step=13351
2026-04-21 23:18:13,344 WARNING High grad norm: 777.51 at epoch=60 step=13352
2026-04-21 23:18:13,565 WARNING High grad norm: 942.71 at epoch=60 step=13353
2026-04-21 23:18:13,793 WARNING High grad norm: 1531.59 at epoch=60 step=13354
2026-04-21 23:18:14,014 WARNING High grad norm: 692.46 at epoch=60 step=13355
2026-04-21 23:18:14,241 WARNING High grad norm: 1714.77 at epoch=60 step=13356
2026-04-21 23:18:14,465 WARNING High grad norm: 1006.09 at epoch=60 step=13357
2026-04-21 23:18:14,692 WARNING High grad norm: 1506.09 at epoch=60 step=13358
2026-04-21 23:18:14,916 WARNING High grad norm: 2009.90 at epoch=60 step=13359
2026-04-21 23:18:15,138 WARNING High grad norm: 2268.49 at epoch=60 step=13360
2026-04-21 23:18:15,362 WARNING High grad norm: 786.33 at epoch=60 step=13361
2026-04-21 23:18:15,585 WARNING High grad norm: 1646.89 at epoch=60 step=13362
2026-04-21 23:18:15,808 WARNING High grad norm: 3023.79 at epoch=60 step=13363
2026-04-21 23:18:16,030 WARNING High grad norm: 2145.31 at epoch=60 step=13364
2026-04-21 23:18:16,252 WARNING High grad norm: 512.20 at epoch=60 step=13365
2026-04-21 23:18:16,474 WARNING High grad norm: 701.20 at epoch=60 step=13366
2026-04-21 23:18:16,697 WARNING High grad norm: 942.49 at epoch=60 step=13367
2026-04-21 23:18:16,932 WARNING High grad norm: 480.97 at epoch=60 step=13368
2026-04-21 23:18:17,163 WARNING High grad norm: 890.40 at epoch=60 step=13369
2026-04-21 23:18:17,387 WARNING High grad norm: 1715.75 at epoch=60 step=13370
2026-04-21 23:18:17,621 WARNING High grad norm: 658.51 at epoch=60 step=13371
2026-04-21 23:18:17,853 WARNING High grad norm: 1063.47 at epoch=60 step=13372
2026-04-21 23:18:18,075 WARNING High grad norm: 1058.09 at epoch=60 step=13373
2026-04-21 23:18:18,297 WARNING High grad norm: 1432.26 at epoch=60 step=13374
2026-04-21 23:18:18,520 WARNING High grad norm: 1813.82 at epoch=60 step=13375
2026-04-21 23:18:18,742 WARNING High grad norm: 761.64 at epoch=60 step=13376
2026-04-21 23:18:18,966 WARNING High grad norm: 1377.08 at epoch=60 step=13377
2026-04-21 23:18:19,195 WARNING High grad norm: 1278.33 at epoch=60 step=13378
2026-04-21 23:18:19,346 WARNING High grad norm: 998.71 at epoch=60 step=13379
2026-04-21 23:18:20,010 INFO epoch=60 avg_loss=484.0838 lr=1.00e-06
2026-04-21 23:18:27,790 INFO Saved checkpoint to C:\Users\artun\Desktop\ITS-project\checkpoints\score_fmnist_v2\score_epoch_0060.pt
2026-04-21 23:18:41,799 WARNING High grad norm: 1102.14 at epoch=61 step=13380
2026-04-21 23:18:42,019 WARNING High grad norm: 1784.07 at epoch=61 step=13381
2026-04-21 23:18:42,244 WARNING High grad norm: 715.37 at epoch=61 step=13382
2026-04-21 23:18:42,465 WARNING High grad norm: 1012.07 at epoch=61 step=13383
2026-04-21 23:18:42,686 WARNING High grad norm: 1178.15 at epoch=61 step=13384
2026-04-21 23:18:42,906 WARNING High grad norm: 748.22 at epoch=61 step=13385
2026-04-21 23:18:43,131 WARNING High grad norm: 859.20 at epoch=61 step=13386
2026-04-21 23:18:43,351 WARNING High grad norm: 1303.99 at epoch=61 step=13387
2026-04-21 23:18:43,571 WARNING High grad norm: 1517.92 at epoch=61 step=13388
2026-04-21 23:18:43,798 WARNING High grad norm: 1798.12 at epoch=61 step=13389
2026-04-21 23:18:44,023 WARNING High grad norm: 812.58 at epoch=61 step=13390
2026-04-21 23:18:44,250 WARNING High grad norm: 1153.90 at epoch=61 step=13391
2026-04-21 23:18:44,469 WARNING High grad norm: 654.91 at epoch=61 step=13392
2026-04-21 23:18:44,689 WARNING High grad norm: 555.93 at epoch=61 step=13393
2026-04-21 23:18:44,909 WARNING High grad norm: 1203.40 at epoch=61 step=13394
2026-04-21 23:18:45,130 WARNING High grad norm: 2507.85 at epoch=61 step=13395
2026-04-21 23:18:45,354 WARNING High grad norm: 2768.39 at epoch=61 step=13396
2026-04-21 23:18:45,582 WARNING High grad norm: 746.24 at epoch=61 step=13397
2026-04-21 23:18:45,807 WARNING High grad norm: 2619.86 at epoch=61 step=13398
2026-04-21 23:18:46,028 WARNING High grad norm: 545.21 at epoch=61 step=13399
2026-04-21 23:18:46,040 INFO epoch=61 step=13400 loss=468.4442 grad_norm=545.2053 lr=1.00e-06
2026-04-21 23:18:46,253 WARNING High grad norm: 1204.08 at epoch=61 step=13400
2026-04-21 23:18:46,475 WARNING High grad norm: 1224.68 at epoch=61 step=13401
2026-04-21 23:18:46,701 WARNING High grad norm: 1459.57 at epoch=61 step=13402
2026-04-21 23:18:46,922 WARNING High grad norm: 1515.36 at epoch=61 step=13403
2026-04-21 23:18:47,142 WARNING High grad norm: 770.42 at epoch=61 step=13404
2026-04-21 23:18:47,362 WARNING High grad norm: 606.60 at epoch=61 step=13405
2026-04-21 23:18:47,584 WARNING High grad norm: 810.21 at epoch=61 step=13406
2026-04-21 23:18:47,805 WARNING High grad norm: 2448.07 at epoch=61 step=13407
2026-04-21 23:18:48,030 WARNING High grad norm: 2157.68 at epoch=61 step=13408
2026-04-21 23:18:48,253 WARNING High grad norm: 784.38 at epoch=61 step=13409
2026-04-21 23:18:48,473 WARNING High grad norm: 1218.58 at epoch=61 step=13410
2026-04-21 23:18:48,697 WARNING High grad norm: 774.26 at epoch=61 step=13411
2026-04-21 23:18:48,918 WARNING High grad norm: 1547.86 at epoch=61 step=13412
2026-04-21 23:18:49,141 WARNING High grad norm: 964.99 at epoch=61 step=13413
2026-04-21 23:18:49,366 WARNING High grad norm: 748.52 at epoch=61 step=13414
2026-04-21 23:18:49,588 WARNING High grad norm: 1388.34 at epoch=61 step=13415
2026-04-21 23:18:49,809 WARNING High grad norm: 1916.76 at epoch=61 step=13416
2026-04-21 23:18:50,030 WARNING High grad norm: 1104.15 at epoch=61 step=13417
2026-04-21 23:18:50,253 WARNING High grad norm: 1151.83 at epoch=61 step=13418
2026-04-21 23:18:50,474 WARNING High grad norm: 848.82 at epoch=61 step=13419
2026-04-21 23:18:50,695 WARNING High grad norm: 817.16 at epoch=61 step=13420
2026-04-21 23:18:50,927 WARNING High grad norm: 471.37 at epoch=61 step=13421
2026-04-21 23:18:51,148 WARNING High grad norm: 773.77 at epoch=61 step=13422
2026-04-21 23:18:51,368 WARNING High grad norm: 693.30 at epoch=61 step=13423
2026-04-21 23:18:51,593 WARNING High grad norm: 974.15 at epoch=61 step=13424
2026-04-21 23:18:51,814 WARNING High grad norm: 1126.17 at epoch=61 step=13425
2026-04-21 23:18:52,038 WARNING High grad norm: 535.74 at epoch=61 step=13426
2026-04-21 23:18:52,260 WARNING High grad norm: 1020.09 at epoch=61 step=13427
2026-04-21 23:18:52,492 WARNING High grad norm: 712.15 at epoch=61 step=13428
2026-04-21 23:18:52,712 WARNING High grad norm: 529.80 at epoch=61 step=13429
2026-04-21 23:18:52,932 WARNING High grad norm: 1560.51 at epoch=61 step=13430
2026-04-21 23:18:53,153 WARNING High grad norm: 1941.18 at epoch=61 step=13431
2026-04-21 23:18:53,373 WARNING High grad norm: 685.59 at epoch=61 step=13432
2026-04-21 23:18:53,594 WARNING High grad norm: 1213.39 at epoch=61 step=13433
2026-04-21 23:18:53,814 WARNING High grad norm: 1219.78 at epoch=61 step=13434
2026-04-21 23:18:54,035 WARNING High grad norm: 980.93 at epoch=61 step=13435
2026-04-21 23:18:54,256 WARNING High grad norm: 1835.77 at epoch=61 step=13436
2026-04-21 23:18:54,477 WARNING High grad norm: 2335.64 at epoch=61 step=13437
2026-04-21 23:18:54,698 WARNING High grad norm: 1724.43 at epoch=61 step=13438
2026-04-21 23:18:54,920 WARNING High grad norm: 794.73 at epoch=61 step=13439
2026-04-21 23:18:55,140 WARNING High grad norm: 672.16 at epoch=61 step=13440
2026-04-21 23:18:55,361 WARNING High grad norm: 801.45 at epoch=61 step=13441
2026-04-21 23:18:55,582 WARNING High grad norm: 745.49 at epoch=61 step=13442
2026-04-21 23:18:55,805 WARNING High grad norm: 1015.27 at epoch=61 step=13443
2026-04-21 23:18:56,028 WARNING High grad norm: 775.25 at epoch=61 step=13444
2026-04-21 23:18:56,251 WARNING High grad norm: 805.08 at epoch=61 step=13445
2026-04-21 23:18:56,471 WARNING High grad norm: 775.66 at epoch=61 step=13446
2026-04-21 23:18:56,693 WARNING High grad norm: 701.79 at epoch=61 step=13447
2026-04-21 23:18:56,914 WARNING High grad norm: 493.54 at epoch=61 step=13448
2026-04-21 23:18:57,137 WARNING High grad norm: 1544.12 at epoch=61 step=13449
2026-04-21 23:18:57,357 WARNING High grad norm: 1069.21 at epoch=61 step=13450
2026-04-21 23:18:57,577 WARNING High grad norm: 907.34 at epoch=61 step=13451
2026-04-21 23:18:57,799 WARNING High grad norm: 1077.59 at epoch=61 step=13452
2026-04-21 23:18:58,020 WARNING High grad norm: 1011.09 at epoch=61 step=13453
2026-04-21 23:18:58,243 WARNING High grad norm: 1105.68 at epoch=61 step=13454
2026-04-21 23:18:58,465 WARNING High grad norm: 703.35 at epoch=61 step=13455
2026-04-21 23:18:58,686 WARNING High grad norm: 843.52 at epoch=61 step=13456
2026-04-21 23:18:58,914 WARNING High grad norm: 643.66 at epoch=61 step=13457
2026-04-21 23:18:59,148 WARNING High grad norm: 637.25 at epoch=61 step=13458
2026-04-21 23:18:59,369 WARNING High grad norm: 1487.12 at epoch=61 step=13459
2026-04-21 23:18:59,590 WARNING High grad norm: 688.77 at epoch=61 step=13460
2026-04-21 23:18:59,818 WARNING High grad norm: 586.43 at epoch=61 step=13461
2026-04-21 23:19:00,039 WARNING High grad norm: 644.00 at epoch=61 step=13462
2026-04-21 23:19:00,260 WARNING High grad norm: 569.77 at epoch=61 step=13463
2026-04-21 23:19:00,481 WARNING High grad norm: 2574.96 at epoch=61 step=13464
2026-04-21 23:19:00,703 WARNING High grad norm: 1447.06 at epoch=61 step=13465
2026-04-21 23:19:00,924 WARNING High grad norm: 1015.35 at epoch=61 step=13466
2026-04-21 23:19:01,147 WARNING High grad norm: 797.05 at epoch=61 step=13467
2026-04-21 23:19:01,369 WARNING High grad norm: 1436.26 at epoch=61 step=13468
2026-04-21 23:19:01,591 WARNING High grad norm: 864.35 at epoch=61 step=13469
2026-04-21 23:19:01,812 WARNING High grad norm: 887.57 at epoch=61 step=13470
2026-04-21 23:19:02,033 WARNING High grad norm: 735.16 at epoch=61 step=13471
2026-04-21 23:19:02,258 WARNING High grad norm: 1873.60 at epoch=61 step=13472
2026-04-21 23:19:02,479 WARNING High grad norm: 1455.75 at epoch=61 step=13473
2026-04-21 23:19:02,701 WARNING High grad norm: 866.52 at epoch=61 step=13474
2026-04-21 23:19:02,922 WARNING High grad norm: 2150.55 at epoch=61 step=13475
2026-04-21 23:19:03,143 WARNING High grad norm: 933.50 at epoch=61 step=13476
2026-04-21 23:19:03,364 WARNING High grad norm: 746.35 at epoch=61 step=13477
2026-04-21 23:19:03,585 WARNING High grad norm: 1963.87 at epoch=61 step=13478
2026-04-21 23:19:03,807 WARNING High grad norm: 1334.50 at epoch=61 step=13479
2026-04-21 23:19:04,028 WARNING High grad norm: 2078.11 at epoch=61 step=13480
2026-04-21 23:19:04,250 WARNING High grad norm: 839.72 at epoch=61 step=13481
2026-04-21 23:19:04,477 WARNING High grad norm: 611.64 at epoch=61 step=13482
2026-04-21 23:19:04,699 WARNING High grad norm: 682.61 at epoch=61 step=13483
2026-04-21 23:19:04,921 WARNING High grad norm: 1076.60 at epoch=61 step=13484
2026-04-21 23:19:05,142 WARNING High grad norm: 1218.38 at epoch=61 step=13485
2026-04-21 23:19:05,371 WARNING High grad norm: 1307.49 at epoch=61 step=13486
2026-04-21 23:19:05,593 WARNING High grad norm: 763.83 at epoch=61 step=13487
2026-04-21 23:19:05,815 WARNING High grad norm: 793.06 at epoch=61 step=13488
2026-04-21 23:19:06,035 WARNING High grad norm: 853.63 at epoch=61 step=13489
2026-04-21 23:19:06,259 WARNING High grad norm: 1156.05 at epoch=61 step=13490
2026-04-21 23:19:06,487 WARNING High grad norm: 914.08 at epoch=61 step=13491
2026-04-21 23:19:06,708 WARNING High grad norm: 660.25 at epoch=61 step=13492
2026-04-21 23:19:06,937 WARNING High grad norm: 1317.49 at epoch=61 step=13493
2026-04-21 23:19:07,158 WARNING High grad norm: 789.87 at epoch=61 step=13494
2026-04-21 23:19:07,379 WARNING High grad norm: 1305.18 at epoch=61 step=13495
2026-04-21 23:19:07,601 WARNING High grad norm: 681.09 at epoch=61 step=13496
2026-04-21 23:19:07,821 WARNING High grad norm: 498.13 at epoch=61 step=13497
2026-04-21 23:19:08,045 WARNING High grad norm: 1496.30 at epoch=61 step=13498
2026-04-21 23:19:08,266 WARNING High grad norm: 641.96 at epoch=61 step=13499
2026-04-21 23:19:08,282 INFO epoch=61 step=13500 loss=478.0041 grad_norm=641.9587 lr=1.00e-06
2026-04-21 23:19:08,496 WARNING High grad norm: 1020.19 at epoch=61 step=13500
2026-04-21 23:19:08,719 WARNING High grad norm: 964.48 at epoch=61 step=13501
2026-04-21 23:19:08,941 WARNING High grad norm: 877.51 at epoch=61 step=13502
2026-04-21 23:19:09,170 WARNING High grad norm: 808.26 at epoch=61 step=13503
2026-04-21 23:19:09,392 WARNING High grad norm: 2722.54 at epoch=61 step=13504
2026-04-21 23:19:09,615 WARNING High grad norm: 565.37 at epoch=61 step=13505
2026-04-21 23:19:09,840 WARNING High grad norm: 1446.82 at epoch=61 step=13506
2026-04-21 23:19:10,063 WARNING High grad norm: 790.18 at epoch=61 step=13507
2026-04-21 23:19:10,283 WARNING High grad norm: 669.25 at epoch=61 step=13508
2026-04-21 23:19:10,504 WARNING High grad norm: 1180.76 at epoch=61 step=13509
2026-04-21 23:19:10,726 WARNING High grad norm: 1220.92 at epoch=61 step=13510
2026-04-21 23:19:10,947 WARNING High grad norm: 835.12 at epoch=61 step=13511
2026-04-21 23:19:11,168 WARNING High grad norm: 1353.09 at epoch=61 step=13512
2026-04-21 23:19:11,391 WARNING High grad norm: 954.88 at epoch=61 step=13513
2026-04-21 23:19:11,613 WARNING High grad norm: 513.05 at epoch=61 step=13514
2026-04-21 23:19:11,834 WARNING High grad norm: 2215.65 at epoch=61 step=13515
2026-04-21 23:19:12,055 WARNING High grad norm: 1222.33 at epoch=61 step=13516
2026-04-21 23:19:12,280 WARNING High grad norm: 1412.64 at epoch=61 step=13517
2026-04-21 23:19:12,501 WARNING High grad norm: 1153.98 at epoch=61 step=13518
2026-04-21 23:19:12,728 WARNING High grad norm: 1064.94 at epoch=61 step=13519
2026-04-21 23:19:12,950 WARNING High grad norm: 1077.61 at epoch=61 step=13520
2026-04-21 23:19:13,172 WARNING High grad norm: 986.46 at epoch=61 step=13521
2026-04-21 23:19:13,394 WARNING High grad norm: 652.01 at epoch=61 step=13522
2026-04-21 23:19:13,622 WARNING High grad norm: 796.85 at epoch=61 step=13523
2026-04-21 23:19:13,846 WARNING High grad norm: 2007.14 at epoch=61 step=13524
2026-04-21 23:19:14,068 WARNING High grad norm: 1468.40 at epoch=61 step=13525
2026-04-21 23:19:14,291 WARNING High grad norm: 735.24 at epoch=61 step=13526
2026-04-21 23:19:14,515 WARNING High grad norm: 906.63 at epoch=61 step=13527
2026-04-21 23:19:14,737 WARNING High grad norm: 1649.48 at epoch=61 step=13528
2026-04-21 23:19:14,958 WARNING High grad norm: 657.05 at epoch=61 step=13529
2026-04-21 23:19:15,180 WARNING High grad norm: 1101.08 at epoch=61 step=13530
2026-04-21 23:19:15,408 WARNING High grad norm: 759.05 at epoch=61 step=13531
2026-04-21 23:19:15,629 WARNING High grad norm: 594.73 at epoch=61 step=13532
2026-04-21 23:19:15,852 WARNING High grad norm: 1458.42 at epoch=61 step=13533
2026-04-21 23:19:16,076 WARNING High grad norm: 554.54 at epoch=61 step=13534
2026-04-21 23:19:16,301 WARNING High grad norm: 1805.66 at epoch=61 step=13535
2026-04-21 23:19:16,524 WARNING High grad norm: 514.56 at epoch=61 step=13536
2026-04-21 23:19:16,746 WARNING High grad norm: 771.58 at epoch=61 step=13537
2026-04-21 23:19:16,968 WARNING High grad norm: 832.55 at epoch=61 step=13538
2026-04-21 23:19:17,191 WARNING High grad norm: 749.00 at epoch=61 step=13539
2026-04-21 23:19:17,417 WARNING High grad norm: 712.51 at epoch=61 step=13540
2026-04-21 23:19:17,642 WARNING High grad norm: 1992.41 at epoch=61 step=13541
2026-04-21 23:19:17,861 WARNING High grad norm: 1004.50 at epoch=61 step=13542
2026-04-21 23:19:18,082 WARNING High grad norm: 801.11 at epoch=61 step=13543
2026-04-21 23:19:18,305 WARNING High grad norm: 947.63 at epoch=61 step=13544
2026-04-21 23:19:18,527 WARNING High grad norm: 1098.88 at epoch=61 step=13545
2026-04-21 23:19:18,750 WARNING High grad norm: 1098.74 at epoch=61 step=13546
2026-04-21 23:19:18,971 WARNING High grad norm: 753.84 at epoch=61 step=13547
2026-04-21 23:19:19,196 WARNING High grad norm: 640.35 at epoch=61 step=13548
2026-04-21 23:19:19,418 WARNING High grad norm: 1090.82 at epoch=61 step=13549
2026-04-21 23:19:19,642 WARNING High grad norm: 939.72 at epoch=61 step=13550
2026-04-21 23:19:19,863 WARNING High grad norm: 645.78 at epoch=61 step=13551
2026-04-21 23:19:20,082 WARNING High grad norm: 734.10 at epoch=61 step=13552
2026-04-21 23:19:20,306 WARNING High grad norm: 726.88 at epoch=61 step=13553
2026-04-21 23:19:20,538 WARNING High grad norm: 916.31 at epoch=61 step=13554
2026-04-21 23:19:20,759 WARNING High grad norm: 1140.39 at epoch=61 step=13555
2026-04-21 23:19:20,981 WARNING High grad norm: 778.85 at epoch=61 step=13556
2026-04-21 23:19:21,203 WARNING High grad norm: 1548.23 at epoch=61 step=13557
2026-04-21 23:19:21,425 WARNING High grad norm: 887.65 at epoch=61 step=13558
2026-04-21 23:19:21,659 WARNING High grad norm: 993.68 at epoch=61 step=13559
2026-04-21 23:19:21,880 WARNING High grad norm: 638.20 at epoch=61 step=13560
2026-04-21 23:19:22,106 WARNING High grad norm: 656.81 at epoch=61 step=13561
2026-04-21 23:19:22,330 WARNING High grad norm: 1684.80 at epoch=61 step=13562
2026-04-21 23:19:22,552 WARNING High grad norm: 861.32 at epoch=61 step=13563
2026-04-21 23:19:22,775 WARNING High grad norm: 1470.46 at epoch=61 step=13564
2026-04-21 23:19:23,004 WARNING High grad norm: 1120.26 at epoch=61 step=13565
2026-04-21 23:19:23,226 WARNING High grad norm: 1771.50 at epoch=61 step=13566
2026-04-21 23:19:23,447 WARNING High grad norm: 1334.85 at epoch=61 step=13567
2026-04-21 23:19:23,672 WARNING High grad norm: 972.76 at epoch=61 step=13568
2026-04-21 23:19:23,894 WARNING High grad norm: 1136.99 at epoch=61 step=13569
2026-04-21 23:19:24,115 WARNING High grad norm: 880.94 at epoch=61 step=13570
2026-04-21 23:19:24,337 WARNING High grad norm: 3758.56 at epoch=61 step=13571
2026-04-21 23:19:24,560 WARNING High grad norm: 2248.33 at epoch=61 step=13572
2026-04-21 23:19:24,782 WARNING High grad norm: 1375.66 at epoch=61 step=13573
2026-04-21 23:19:25,007 WARNING High grad norm: 1771.70 at epoch=61 step=13574
2026-04-21 23:19:25,229 WARNING High grad norm: 1605.65 at epoch=61 step=13575
2026-04-21 23:19:25,453 WARNING High grad norm: 659.89 at epoch=61 step=13576
2026-04-21 23:19:25,674 WARNING High grad norm: 566.80 at epoch=61 step=13577
2026-04-21 23:19:25,896 WARNING High grad norm: 1021.83 at epoch=61 step=13578
2026-04-21 23:19:26,120 WARNING High grad norm: 664.11 at epoch=61 step=13579
2026-04-21 23:19:26,341 WARNING High grad norm: 1433.77 at epoch=61 step=13580
2026-04-21 23:19:26,563 WARNING High grad norm: 1959.79 at epoch=61 step=13581
2026-04-21 23:19:26,795 WARNING High grad norm: 673.35 at epoch=61 step=13582
2026-04-21 23:19:27,029 WARNING High grad norm: 3685.88 at epoch=61 step=13583
2026-04-21 23:19:27,262 WARNING High grad norm: 989.03 at epoch=61 step=13584
2026-04-21 23:19:27,490 WARNING High grad norm: 607.15 at epoch=61 step=13585
2026-04-21 23:19:27,714 WARNING High grad norm: 1646.75 at epoch=61 step=13586
2026-04-21 23:19:27,936 WARNING High grad norm: 1349.96 at epoch=61 step=13587
2026-04-21 23:19:28,168 WARNING High grad norm: 1173.34 at epoch=61 step=13588
2026-04-21 23:19:28,394 WARNING High grad norm: 498.88 at epoch=61 step=13589
2026-04-21 23:19:28,622 WARNING High grad norm: 840.75 at epoch=61 step=13590
2026-04-21 23:19:28,854 WARNING High grad norm: 1270.89 at epoch=61 step=13591
2026-04-21 23:19:29,082 WARNING High grad norm: 579.04 at epoch=61 step=13592
2026-04-21 23:19:29,313 WARNING High grad norm: 1294.18 at epoch=61 step=13593
2026-04-21 23:19:29,538 WARNING High grad norm: 737.35 at epoch=61 step=13594
2026-04-21 23:19:29,771 WARNING High grad norm: 3320.63 at epoch=61 step=13595
2026-04-21 23:19:29,993 WARNING High grad norm: 2064.63 at epoch=61 step=13596
2026-04-21 23:19:30,215 WARNING High grad norm: 917.34 at epoch=61 step=13597
2026-04-21 23:19:30,438 WARNING High grad norm: 945.93 at epoch=61 step=13598
2026-04-21 23:19:30,661 WARNING High grad norm: 633.19 at epoch=61 step=13599
2026-04-21 23:19:30,678 INFO epoch=61 step=13600 loss=475.0687 grad_norm=633.1852 lr=1.00e-06
2026-04-21 23:19:30,893 WARNING High grad norm: 2083.04 at epoch=61 step=13600
2026-04-21 23:19:31,117 WARNING High grad norm: 1907.21 at epoch=61 step=13601
2026-04-21 23:19:31,273 WARNING High grad norm: 608.87 at epoch=61 step=13602
2026-04-21 23:19:31,931 INFO epoch=61 avg_loss=475.0060 lr=1.00e-06
2026-04-21 23:19:46,116 WARNING High grad norm: 758.28 at epoch=62 step=13603
2026-04-21 23:19:46,336 WARNING High grad norm: 1291.03 at epoch=62 step=13604
2026-04-21 23:19:46,557 WARNING High grad norm: 1091.68 at epoch=62 step=13605
2026-04-21 23:19:46,779 WARNING High grad norm: 1354.91 at epoch=62 step=13606
2026-04-21 23:19:46,999 WARNING High grad norm: 718.45 at epoch=62 step=13607
2026-04-21 23:19:47,224 WARNING High grad norm: 899.45 at epoch=62 step=13608
2026-04-21 23:19:47,444 WARNING High grad norm: 1243.89 at epoch=62 step=13609
2026-04-21 23:19:47,668 WARNING High grad norm: 1706.85 at epoch=62 step=13610
2026-04-21 23:19:47,889 WARNING High grad norm: 2091.60 at epoch=62 step=13611
2026-04-21 23:19:48,111 WARNING High grad norm: 1499.87 at epoch=62 step=13612
2026-04-21 23:19:48,332 WARNING High grad norm: 930.44 at epoch=62 step=13613
2026-04-21 23:19:48,554 WARNING High grad norm: 729.13 at epoch=62 step=13614
2026-04-21 23:19:48,775 WARNING High grad norm: 886.24 at epoch=62 step=13615
2026-04-21 23:19:48,998 WARNING High grad norm: 1224.20 at epoch=62 step=13616
2026-04-21 23:19:49,225 WARNING High grad norm: 942.09 at epoch=62 step=13617
2026-04-21 23:19:49,444 WARNING High grad norm: 629.07 at epoch=62 step=13618
2026-04-21 23:19:49,666 WARNING High grad norm: 1490.74 at epoch=62 step=13619
2026-04-21 23:19:49,887 WARNING High grad norm: 827.27 at epoch=62 step=13620
2026-04-21 23:19:50,112 WARNING High grad norm: 825.33 at epoch=62 step=13621
2026-04-21 23:19:50,332 WARNING High grad norm: 742.81 at epoch=62 step=13622
2026-04-21 23:19:50,555 WARNING High grad norm: 909.50 at epoch=62 step=13623
2026-04-21 23:19:50,776 WARNING High grad norm: 1024.25 at epoch=62 step=13624
2026-04-21 23:19:50,998 WARNING High grad norm: 2376.39 at epoch=62 step=13625
2026-04-21 23:19:51,219 WARNING High grad norm: 1746.63 at epoch=62 step=13626
2026-04-21 23:19:51,440 WARNING High grad norm: 1343.84 at epoch=62 step=13627
2026-04-21 23:19:51,662 WARNING High grad norm: 623.52 at epoch=62 step=13628
2026-04-21 23:19:51,892 WARNING High grad norm: 1296.59 at epoch=62 step=13629
2026-04-21 23:19:52,113 WARNING High grad norm: 1181.60 at epoch=62 step=13630
2026-04-21 23:19:52,338 WARNING High grad norm: 852.58 at epoch=62 step=13631
2026-04-21 23:19:52,560 WARNING High grad norm: 922.78 at epoch=62 step=13632
2026-04-21 23:19:52,781 WARNING High grad norm: 886.76 at epoch=62 step=13633
2026-04-21 23:19:53,002 WARNING High grad norm: 892.81 at epoch=62 step=13634
2026-04-21 23:19:53,223 WARNING High grad norm: 1576.50 at epoch=62 step=13635
2026-04-21 23:19:53,444 WARNING High grad norm: 801.72 at epoch=62 step=13636
2026-04-21 23:19:53,664 WARNING High grad norm: 1125.09 at epoch=62 step=13637
2026-04-21 23:19:53,885 WARNING High grad norm: 1002.82 at epoch=62 step=13638
2026-04-21 23:19:54,106 WARNING High grad norm: 988.67 at epoch=62 step=13639
2026-04-21 23:19:54,331 WARNING High grad norm: 659.44 at epoch=62 step=13640
2026-04-21 23:19:54,555 WARNING High grad norm: 1270.81 at epoch=62 step=13641
2026-04-21 23:19:54,776 WARNING High grad norm: 1678.42 at epoch=62 step=13642
2026-04-21 23:19:54,997 WARNING High grad norm: 802.62 at epoch=62 step=13643
2026-04-21 23:19:55,223 WARNING High grad norm: 1086.99 at epoch=62 step=13644
2026-04-21 23:19:55,447 WARNING High grad norm: 603.92 at epoch=62 step=13645
2026-04-21 23:19:55,677 WARNING High grad norm: 503.80 at epoch=62 step=13646
2026-04-21 23:19:55,903 WARNING High grad norm: 787.48 at epoch=62 step=13647
2026-04-21 23:19:56,125 WARNING High grad norm: 790.58 at epoch=62 step=13648
2026-04-21 23:19:56,358 WARNING High grad norm: 1234.51 at epoch=62 step=13649
2026-04-21 23:19:56,578 WARNING High grad norm: 1174.58 at epoch=62 step=13650
2026-04-21 23:19:56,805 WARNING High grad norm: 1617.92 at epoch=62 step=13651
2026-04-21 23:19:57,037 WARNING High grad norm: 782.00 at epoch=62 step=13652
2026-04-21 23:19:57,264 WARNING High grad norm: 766.07 at epoch=62 step=13653
2026-04-21 23:19:57,486 WARNING High grad norm: 928.83 at epoch=62 step=13654
2026-04-21 23:19:57,707 WARNING High grad norm: 1152.36 at epoch=62 step=13655
2026-04-21 23:19:57,938 WARNING High grad norm: 518.61 at epoch=62 step=13656
2026-04-21 23:19:58,160 WARNING High grad norm: 1151.37 at epoch=62 step=13657
2026-04-21 23:19:58,383 WARNING High grad norm: 1559.44 at epoch=62 step=13658
2026-04-21 23:19:58,612 WARNING High grad norm: 1309.09 at epoch=62 step=13659
2026-04-21 23:19:58,832 WARNING High grad norm: 1839.47 at epoch=62 step=13660
2026-04-21 23:19:59,063 WARNING High grad norm: 1325.31 at epoch=62 step=13661
2026-04-21 23:19:59,285 WARNING High grad norm: 1671.82 at epoch=62 step=13662
2026-04-21 23:19:59,514 WARNING High grad norm: 516.06 at epoch=62 step=13663
2026-04-21 23:19:59,736 WARNING High grad norm: 789.76 at epoch=62 step=13664
2026-04-21 23:19:59,962 WARNING High grad norm: 3428.30 at epoch=62 step=13665
2026-04-21 23:20:00,185 WARNING High grad norm: 966.92 at epoch=62 step=13666
2026-04-21 23:20:00,411 WARNING High grad norm: 1800.45 at epoch=62 step=13667
2026-04-21 23:20:00,636 WARNING High grad norm: 1138.94 at epoch=62 step=13668
2026-04-21 23:20:00,862 WARNING High grad norm: 940.55 at epoch=62 step=13669
2026-04-21 23:20:01,085 WARNING High grad norm: 534.97 at epoch=62 step=13670
2026-04-21 23:20:01,307 WARNING High grad norm: 932.89 at epoch=62 step=13671
2026-04-21 23:20:01,539 WARNING High grad norm: 814.92 at epoch=62 step=13672
2026-04-21 23:20:01,764 WARNING High grad norm: 1200.05 at epoch=62 step=13673
2026-04-21 23:20:01,988 WARNING High grad norm: 700.17 at epoch=62 step=13674
2026-04-21 23:20:02,209 WARNING High grad norm: 546.87 at epoch=62 step=13675
2026-04-21 23:20:02,433 WARNING High grad norm: 1493.30 at epoch=62 step=13676
2026-04-21 23:20:02,659 WARNING High grad norm: 1306.28 at epoch=62 step=13677
2026-04-21 23:20:02,883 WARNING High grad norm: 1129.13 at epoch=62 step=13678
2026-04-21 23:20:03,111 WARNING High grad norm: 840.45 at epoch=62 step=13679
2026-04-21 23:20:03,337 WARNING High grad norm: 952.17 at epoch=62 step=13680
2026-04-21 23:20:03,558 WARNING High grad norm: 1183.38 at epoch=62 step=13681
2026-04-21 23:20:03,780 WARNING High grad norm: 3432.11 at epoch=62 step=13682
2026-04-21 23:20:04,006 WARNING High grad norm: 1106.90 at epoch=62 step=13683
2026-04-21 23:20:04,227 WARNING High grad norm: 1180.17 at epoch=62 step=13684
2026-04-21 23:20:04,453 WARNING High grad norm: 644.34 at epoch=62 step=13685
2026-04-21 23:20:04,677 WARNING High grad norm: 1030.86 at epoch=62 step=13686
2026-04-21 23:20:04,899 WARNING High grad norm: 1551.90 at epoch=62 step=13687
2026-04-21 23:20:05,121 WARNING High grad norm: 685.94 at epoch=62 step=13688
2026-04-21 23:20:05,343 WARNING High grad norm: 1399.65 at epoch=62 step=13689
2026-04-21 23:20:05,566 WARNING High grad norm: 1461.56 at epoch=62 step=13690
2026-04-21 23:20:05,788 WARNING High grad norm: 1860.41 at epoch=62 step=13691
2026-04-21 23:20:06,011 WARNING High grad norm: 846.00 at epoch=62 step=13692
2026-04-21 23:20:06,244 WARNING High grad norm: 769.00 at epoch=62 step=13693
2026-04-21 23:20:06,468 WARNING High grad norm: 655.59 at epoch=62 step=13694
2026-04-21 23:20:06,690 WARNING High grad norm: 808.98 at epoch=62 step=13695
2026-04-21 23:20:06,916 WARNING High grad norm: 1118.66 at epoch=62 step=13696
2026-04-21 23:20:07,143 WARNING High grad norm: 747.57 at epoch=62 step=13697
2026-04-21 23:20:07,374 WARNING High grad norm: 1177.33 at epoch=62 step=13698
2026-04-21 23:20:07,597 WARNING High grad norm: 1170.93 at epoch=62 step=13699
2026-04-21 23:20:07,615 INFO epoch=62 step=13700 loss=485.3324 grad_norm=1170.9315 lr=1.00e-06
2026-04-21 23:20:07,829 WARNING High grad norm: 951.86 at epoch=62 step=13700
2026-04-21 23:20:08,052 WARNING High grad norm: 530.24 at epoch=62 step=13701
2026-04-21 23:20:08,279 WARNING High grad norm: 821.77 at epoch=62 step=13702
2026-04-21 23:20:08,499 WARNING High grad norm: 2396.29 at epoch=62 step=13703
2026-04-21 23:20:08,722 WARNING High grad norm: 1087.16 at epoch=62 step=13704
2026-04-21 23:20:08,949 WARNING High grad norm: 751.81 at epoch=62 step=13705
2026-04-21 23:20:09,176 WARNING High grad norm: 1219.52 at epoch=62 step=13706
2026-04-21 23:20:09,406 WARNING High grad norm: 1496.62 at epoch=62 step=13707
2026-04-21 23:20:09,633 WARNING High grad norm: 669.80 at epoch=62 step=13708
2026-04-21 23:20:09,855 WARNING High grad norm: 1037.70 at epoch=62 step=13709
2026-04-21 23:20:10,079 WARNING High grad norm: 1024.86 at epoch=62 step=13710
2026-04-21 23:20:10,304 WARNING High grad norm: 1057.02 at epoch=62 step=13711
2026-04-21 23:20:10,529 WARNING High grad norm: 707.74 at epoch=62 step=13712
2026-04-21 23:20:10,752 WARNING High grad norm: 1029.17 at epoch=62 step=13713
2026-04-21 23:20:10,974 WARNING High grad norm: 553.88 at epoch=62 step=13714
2026-04-21 23:20:11,199 WARNING High grad norm: 812.43 at epoch=62 step=13715
2026-04-21 23:20:11,421 WARNING High grad norm: 1830.02 at epoch=62 step=13716
2026-04-21 23:20:11,649 WARNING High grad norm: 1020.20 at epoch=62 step=13717
2026-04-21 23:20:11,875 WARNING High grad norm: 1888.32 at epoch=62 step=13718
2026-04-21 23:20:12,096 WARNING High grad norm: 818.53 at epoch=62 step=13719
2026-04-21 23:20:12,330 WARNING High grad norm: 1135.73 at epoch=62 step=13720
2026-04-21 23:20:12,554 WARNING High grad norm: 1123.25 at epoch=62 step=13721
2026-04-21 23:20:12,777 WARNING High grad norm: 572.53 at epoch=62 step=13722
2026-04-21 23:20:13,002 WARNING High grad norm: 1156.28 at epoch=62 step=13723
2026-04-21 23:20:13,225 WARNING High grad norm: 511.29 at epoch=62 step=13724
2026-04-21 23:20:13,446 WARNING High grad norm: 597.64 at epoch=62 step=13725
2026-04-21 23:20:13,672 WARNING High grad norm: 968.47 at epoch=62 step=13726
2026-04-21 23:20:13,896 WARNING High grad norm: 782.33 at epoch=62 step=13727
2026-04-21 23:20:14,118 WARNING High grad norm: 1629.53 at epoch=62 step=13728
2026-04-21 23:20:14,346 WARNING High grad norm: 595.40 at epoch=62 step=13729
2026-04-21 23:20:14,568 WARNING High grad norm: 1007.57 at epoch=62 step=13730
2026-04-21 23:20:14,797 WARNING High grad norm: 913.01 at epoch=62 step=13731
2026-04-21 23:20:15,020 WARNING High grad norm: 1648.62 at epoch=62 step=13732
2026-04-21 23:20:15,247 WARNING High grad norm: 868.06 at epoch=62 step=13733
2026-04-21 23:20:15,477 WARNING High grad norm: 1454.67 at epoch=62 step=13734
2026-04-21 23:20:15,698 WARNING High grad norm: 871.04 at epoch=62 step=13735
2026-04-21 23:20:15,927 WARNING High grad norm: 1738.38 at epoch=62 step=13736
2026-04-21 23:20:16,149 WARNING High grad norm: 1414.76 at epoch=62 step=13737
2026-04-21 23:20:16,371 WARNING High grad norm: 700.14 at epoch=62 step=13738
2026-04-21 23:20:16,596 WARNING High grad norm: 987.63 at epoch=62 step=13739
2026-04-21 23:20:16,817 WARNING High grad norm: 743.78 at epoch=62 step=13740
2026-04-21 23:20:17,040 WARNING High grad norm: 2127.57 at epoch=62 step=13741
2026-04-21 23:20:17,265 WARNING High grad norm: 1329.28 at epoch=62 step=13742
2026-04-21 23:20:17,486 WARNING High grad norm: 1222.91 at epoch=62 step=13743
2026-04-21 23:20:17,708 WARNING High grad norm: 670.69 at epoch=62 step=13744
2026-04-21 23:20:17,929 WARNING High grad norm: 1263.11 at epoch=62 step=13745
2026-04-21 23:20:18,156 WARNING High grad norm: 1181.35 at epoch=62 step=13746
2026-04-21 23:20:18,378 WARNING High grad norm: 703.41 at epoch=62 step=13747
2026-04-21 23:20:18,600 WARNING High grad norm: 405.71 at epoch=62 step=13748
2026-04-21 23:20:18,823 WARNING High grad norm: 1537.65 at epoch=62 step=13749
2026-04-21 23:20:19,046 WARNING High grad norm: 672.49 at epoch=62 step=13750
2026-04-21 23:20:19,267 WARNING High grad norm: 628.64 at epoch=62 step=13751
2026-04-21 23:20:19,491 WARNING High grad norm: 1979.50 at epoch=62 step=13752
2026-04-21 23:20:19,714 WARNING High grad norm: 2795.87 at epoch=62 step=13753
2026-04-21 23:20:19,936 WARNING High grad norm: 1611.71 at epoch=62 step=13754
2026-04-21 23:20:20,162 WARNING High grad norm: 816.87 at epoch=62 step=13755
2026-04-21 23:20:20,392 WARNING High grad norm: 766.20 at epoch=62 step=13756
2026-04-21 23:20:20,614 WARNING High grad norm: 1738.71 at epoch=62 step=13757
2026-04-21 23:20:20,835 WARNING High grad norm: 1691.46 at epoch=62 step=13758
2026-04-21 23:20:21,059 WARNING High grad norm: 1146.43 at epoch=62 step=13759
2026-04-21 23:20:21,280 WARNING High grad norm: 804.02 at epoch=62 step=13760
2026-04-21 23:20:21,502 WARNING High grad norm: 698.49 at epoch=62 step=13761
2026-04-21 23:20:21,724 WARNING High grad norm: 1144.97 at epoch=62 step=13762
2026-04-21 23:20:21,946 WARNING High grad norm: 1875.09 at epoch=62 step=13763
2026-04-21 23:20:22,168 WARNING High grad norm: 2726.93 at epoch=62 step=13764
2026-04-21 23:20:22,391 WARNING High grad norm: 593.66 at epoch=62 step=13765
2026-04-21 23:20:22,613 WARNING High grad norm: 938.09 at epoch=62 step=13766
2026-04-21 23:20:22,835 WARNING High grad norm: 1369.01 at epoch=62 step=13767
2026-04-21 23:20:23,057 WARNING High grad norm: 700.23 at epoch=62 step=13768
2026-04-21 23:20:23,282 WARNING High grad norm: 1275.58 at epoch=62 step=13769
2026-04-21 23:20:23,504 WARNING High grad norm: 1941.45 at epoch=62 step=13770
2026-04-21 23:20:23,727 WARNING High grad norm: 2290.44 at epoch=62 step=13771
2026-04-21 23:20:23,948 WARNING High grad norm: 1012.45 at epoch=62 step=13772
2026-04-21 23:20:24,170 WARNING High grad norm: 2824.13 at epoch=62 step=13773
2026-04-21 23:20:24,391 WARNING High grad norm: 1079.48 at epoch=62 step=13774
2026-04-21 23:20:24,612 WARNING High grad norm: 2673.06 at epoch=62 step=13775
2026-04-21 23:20:24,835 WARNING High grad norm: 2086.15 at epoch=62 step=13776
2026-04-21 23:20:25,056 WARNING High grad norm: 2435.16 at epoch=62 step=13777
2026-04-21 23:20:25,279 WARNING High grad norm: 668.41 at epoch=62 step=13778
2026-04-21 23:20:25,505 WARNING High grad norm: 678.70 at epoch=62 step=13779
2026-04-21 23:20:25,727 WARNING High grad norm: 1293.63 at epoch=62 step=13780
2026-04-21 23:20:25,949 WARNING High grad norm: 1018.80 at epoch=62 step=13781
2026-04-21 23:20:26,183 WARNING High grad norm: 1044.26 at epoch=62 step=13782
2026-04-21 23:20:26,406 WARNING High grad norm: 1079.04 at epoch=62 step=13783
2026-04-21 23:20:26,632 WARNING High grad norm: 1350.35 at epoch=62 step=13784
2026-04-21 23:20:26,858 WARNING High grad norm: 1098.84 at epoch=62 step=13785
2026-04-21 23:20:27,081 WARNING High grad norm: 709.19 at epoch=62 step=13786
2026-04-21 23:20:27,302 WARNING High grad norm: 2834.23 at epoch=62 step=13787
2026-04-21 23:20:27,526 WARNING High grad norm: 1709.23 at epoch=62 step=13788
2026-04-21 23:20:27,757 WARNING High grad norm: 2134.31 at epoch=62 step=13789
2026-04-21 23:20:27,980 WARNING High grad norm: 1237.60 at epoch=62 step=13790
2026-04-21 23:20:28,204 WARNING High grad norm: 542.99 at epoch=62 step=13791
2026-04-21 23:20:28,428 WARNING High grad norm: 558.42 at epoch=62 step=13792
2026-04-21 23:20:28,651 WARNING High grad norm: 824.83 at epoch=62 step=13793
2026-04-21 23:20:28,873 WARNING High grad norm: 762.59 at epoch=62 step=13794
2026-04-21 23:20:29,095 WARNING High grad norm: 645.08 at epoch=62 step=13795
2026-04-21 23:20:29,319 WARNING High grad norm: 856.81 at epoch=62 step=13796
2026-04-21 23:20:29,541 WARNING High grad norm: 1067.74 at epoch=62 step=13797
2026-04-21 23:20:29,764 WARNING High grad norm: 1297.55 at epoch=62 step=13798
2026-04-21 23:20:29,993 WARNING High grad norm: 1034.24 at epoch=62 step=13799
2026-04-21 23:20:30,005 INFO epoch=62 step=13800 loss=486.6786 grad_norm=1034.2374 lr=1.00e-06
2026-04-21 23:20:30,218 WARNING High grad norm: 967.70 at epoch=62 step=13800
2026-04-21 23:20:30,440 WARNING High grad norm: 1018.43 at epoch=62 step=13801
2026-04-21 23:20:30,665 WARNING High grad norm: 602.86 at epoch=62 step=13802
2026-04-21 23:20:30,888 WARNING High grad norm: 1472.46 at epoch=62 step=13803
2026-04-21 23:20:31,111 WARNING High grad norm: 1199.62 at epoch=62 step=13804
2026-04-21 23:20:31,334 WARNING High grad norm: 1488.73 at epoch=62 step=13805
2026-04-21 23:20:31,563 WARNING High grad norm: 766.89 at epoch=62 step=13806
2026-04-21 23:20:31,788 WARNING High grad norm: 1742.91 at epoch=62 step=13807
2026-04-21 23:20:32,010 WARNING High grad norm: 1267.27 at epoch=62 step=13808
2026-04-21 23:20:32,239 WARNING High grad norm: 708.40 at epoch=62 step=13809
2026-04-21 23:20:32,469 WARNING High grad norm: 927.65 at epoch=62 step=13810
2026-04-21 23:20:32,691 WARNING High grad norm: 1910.12 at epoch=62 step=13811
2026-04-21 23:20:32,915 WARNING High grad norm: 1617.00 at epoch=62 step=13812
2026-04-21 23:20:33,139 WARNING High grad norm: 1207.87 at epoch=62 step=13813
2026-04-21 23:20:33,368 WARNING High grad norm: 843.01 at epoch=62 step=13814
2026-04-21 23:20:33,592 WARNING High grad norm: 826.73 at epoch=62 step=13815
2026-04-21 23:20:33,816 WARNING High grad norm: 976.29 at epoch=62 step=13816
2026-04-21 23:20:34,045 WARNING High grad norm: 1156.68 at epoch=62 step=13817
2026-04-21 23:20:34,267 WARNING High grad norm: 696.50 at epoch=62 step=13818
2026-04-21 23:20:34,488 WARNING High grad norm: 926.77 at epoch=62 step=13819
2026-04-21 23:20:34,709 WARNING High grad norm: 660.26 at epoch=62 step=13820
2026-04-21 23:20:34,931 WARNING High grad norm: 498.30 at epoch=62 step=13821
2026-04-21 23:20:35,159 WARNING High grad norm: 2221.51 at epoch=62 step=13822
2026-04-21 23:20:35,386 WARNING High grad norm: 1797.20 at epoch=62 step=13823
2026-04-21 23:20:35,610 WARNING High grad norm: 2372.08 at epoch=62 step=13824
2026-04-21 23:20:35,760 WARNING High grad norm: 1694.06 at epoch=62 step=13825
2026-04-21 23:20:36,344 INFO epoch=62 avg_loss=486.4277 lr=1.00e-06
2026-04-21 23:20:50,004 WARNING High grad norm: 943.28 at epoch=63 step=13826
2026-04-21 23:20:50,226 WARNING High grad norm: 862.89 at epoch=63 step=13827
2026-04-21 23:20:50,449 WARNING High grad norm: 1191.85 at epoch=63 step=13828
2026-04-21 23:20:50,669 WARNING High grad norm: 778.03 at epoch=63 step=13829
2026-04-21 23:20:50,889 WARNING High grad norm: 1030.14 at epoch=63 step=13830
2026-04-21 23:20:51,109 WARNING High grad norm: 678.32 at epoch=63 step=13831
2026-04-21 23:20:51,330 WARNING High grad norm: 1057.02 at epoch=63 step=13832
2026-04-21 23:20:51,550 WARNING High grad norm: 971.41 at epoch=63 step=13833
2026-04-21 23:20:51,771 WARNING High grad norm: 872.14 at epoch=63 step=13834
2026-04-21 23:20:51,993 WARNING High grad norm: 1324.95 at epoch=63 step=13835
2026-04-21 23:20:52,215 WARNING High grad norm: 1301.41 at epoch=63 step=13836
2026-04-21 23:20:52,440 WARNING High grad norm: 774.57 at epoch=63 step=13837
2026-04-21 23:20:52,664 WARNING High grad norm: 808.73 at epoch=63 step=13838
2026-04-21 23:20:52,891 WARNING High grad norm: 872.23 at epoch=63 step=13839
2026-04-21 23:20:53,112 WARNING High grad norm: 674.12 at epoch=63 step=13840
2026-04-21 23:20:53,333 WARNING High grad norm: 1586.76 at epoch=63 step=13841
2026-04-21 23:20:53,555 WARNING High grad norm: 1605.30 at epoch=63 step=13842
2026-04-21 23:20:53,777 WARNING High grad norm: 1071.64 at epoch=63 step=13843
2026-04-21 23:20:53,999 WARNING High grad norm: 481.09 at epoch=63 step=13844
2026-04-21 23:20:54,232 WARNING High grad norm: 1774.11 at epoch=63 step=13845
2026-04-21 23:20:54,462 WARNING High grad norm: 930.80 at epoch=63 step=13846
2026-04-21 23:20:54,684 WARNING High grad norm: 1166.85 at epoch=63 step=13847
2026-04-21 23:20:54,905 WARNING High grad norm: 1235.99 at epoch=63 step=13848
2026-04-21 23:20:55,127 WARNING High grad norm: 1048.08 at epoch=63 step=13849
2026-04-21 23:20:55,350 WARNING High grad norm: 791.51 at epoch=63 step=13850
2026-04-21 23:20:55,574 WARNING High grad norm: 941.08 at epoch=63 step=13851
2026-04-21 23:20:55,797 WARNING High grad norm: 703.77 at epoch=63 step=13852
2026-04-21 23:20:56,019 WARNING High grad norm: 855.70 at epoch=63 step=13853
2026-04-21 23:20:56,242 WARNING High grad norm: 774.85 at epoch=63 step=13854
2026-04-21 23:20:56,462 WARNING High grad norm: 1144.38 at epoch=63 step=13855
2026-04-21 23:20:56,684 WARNING High grad norm: 1598.79 at epoch=63 step=13856
2026-04-21 23:20:56,907 WARNING High grad norm: 855.07 at epoch=63 step=13857
2026-04-21 23:20:57,128 WARNING High grad norm: 1116.30 at epoch=63 step=13858
2026-04-21 23:20:57,355 WARNING High grad norm: 580.40 at epoch=63 step=13859
2026-04-21 23:20:57,577 WARNING High grad norm: 1276.07 at epoch=63 step=13860
2026-04-21 23:20:57,804 WARNING High grad norm: 600.05 at epoch=63 step=13861
2026-04-21 23:20:58,028 WARNING High grad norm: 1074.57 at epoch=63 step=13862
2026-04-21 23:20:58,249 WARNING High grad norm: 765.14 at epoch=63 step=13863
2026-04-21 23:20:58,476 WARNING High grad norm: 582.17 at epoch=63 step=13864
2026-04-21 23:20:58,697 WARNING High grad norm: 683.21 at epoch=63 step=13865
2026-04-21 23:20:58,919 WARNING High grad norm: 1879.57 at epoch=63 step=13866
2026-04-21 23:20:59,141 WARNING High grad norm: 940.11 at epoch=63 step=13867
2026-04-21 23:20:59,362 WARNING High grad norm: 2464.04 at epoch=63 step=13868
2026-04-21 23:20:59,583 WARNING High grad norm: 1366.26 at epoch=63 step=13869
2026-04-21 23:20:59,805 WARNING High grad norm: 1085.23 at epoch=63 step=13870
2026-04-21 23:21:00,028 WARNING High grad norm: 876.91 at epoch=63 step=13871
2026-04-21 23:21:00,251 WARNING High grad norm: 2273.27 at epoch=63 step=13872
2026-04-21 23:21:00,475 WARNING High grad norm: 737.25 at epoch=63 step=13873
2026-04-21 23:21:00,702 WARNING High grad norm: 587.96 at epoch=63 step=13874
2026-04-21 23:21:00,925 WARNING High grad norm: 896.73 at epoch=63 step=13875
2026-04-21 23:21:01,147 WARNING High grad norm: 806.76 at epoch=63 step=13876
2026-04-21 23:21:01,374 WARNING High grad norm: 1522.67 at epoch=63 step=13877
2026-04-21 23:21:01,604 WARNING High grad norm: 773.26 at epoch=63 step=13878
2026-04-21 23:21:01,831 WARNING High grad norm: 612.18 at epoch=63 step=13879
2026-04-21 23:21:02,066 WARNING High grad norm: 521.47 at epoch=63 step=13880
2026-04-21 23:21:02,288 WARNING High grad norm: 998.52 at epoch=63 step=13881
2026-04-21 23:21:02,510 WARNING High grad norm: 822.83 at epoch=63 step=13882
2026-04-21 23:21:02,732 WARNING High grad norm: 758.23 at epoch=63 step=13883
2026-04-21 23:21:02,961 WARNING High grad norm: 1030.11 at epoch=63 step=13884
2026-04-21 23:21:03,182 WARNING High grad norm: 798.23 at epoch=63 step=13885
2026-04-21 23:21:03,411 WARNING High grad norm: 791.75 at epoch=63 step=13886
2026-04-21 23:21:03,632 WARNING High grad norm: 779.31 at epoch=63 step=13887
2026-04-21 23:21:03,853 WARNING High grad norm: 1455.69 at epoch=63 step=13888
2026-04-21 23:21:04,074 WARNING High grad norm: 635.58 at epoch=63 step=13889
2026-04-21 23:21:04,296 WARNING High grad norm: 1719.02 at epoch=63 step=13890
2026-04-21 23:21:04,518 WARNING High grad norm: 760.82 at epoch=63 step=13891
2026-04-21 23:21:04,742 WARNING High grad norm: 994.46 at epoch=63 step=13892
2026-04-21 23:21:04,972 WARNING High grad norm: 1089.90 at epoch=63 step=13893
2026-04-21 23:21:05,195 WARNING High grad norm: 1050.42 at epoch=63 step=13894
2026-04-21 23:21:05,416 WARNING High grad norm: 897.45 at epoch=63 step=13895
2026-04-21 23:21:05,638 WARNING High grad norm: 908.83 at epoch=63 step=13896
2026-04-21 23:21:05,861 WARNING High grad norm: 761.26 at epoch=63 step=13897
2026-04-21 23:21:06,082 WARNING High grad norm: 2437.12 at epoch=63 step=13898
2026-04-21 23:21:06,303 WARNING High grad norm: 1256.17 at epoch=63 step=13899
2026-04-21 23:21:06,313 INFO epoch=63 step=13900 loss=472.4938 grad_norm=1256.1696 lr=1.00e-06
2026-04-21 23:21:06,526 WARNING High grad norm: 844.81 at epoch=63 step=13900
2026-04-21 23:21:06,748 WARNING High grad norm: 581.81 at epoch=63 step=13901
2026-04-21 23:21:06,969 WARNING High grad norm: 978.72 at epoch=63 step=13902
2026-04-21 23:21:07,191 WARNING High grad norm: 736.32 at epoch=63 step=13903
2026-04-21 23:21:07,410 WARNING High grad norm: 874.07 at epoch=63 step=13904
2026-04-21 23:21:07,633 WARNING High grad norm: 558.26 at epoch=63 step=13905
2026-04-21 23:21:07,856 WARNING High grad norm: 1396.21 at epoch=63 step=13906
2026-04-21 23:21:08,077 WARNING High grad norm: 1729.75 at epoch=63 step=13907
2026-04-21 23:21:08,298 WARNING High grad norm: 1128.54 at epoch=63 step=13908
2026-04-21 23:21:08,523 WARNING High grad norm: 1030.92 at epoch=63 step=13909
2026-04-21 23:21:08,749 WARNING High grad norm: 726.36 at epoch=63 step=13910
2026-04-21 23:21:08,975 WARNING High grad norm: 1996.28 at epoch=63 step=13911
2026-04-21 23:21:09,196 WARNING High grad norm: 1069.80 at epoch=63 step=13912
2026-04-21 23:21:09,426 WARNING High grad norm: 896.12 at epoch=63 step=13913
2026-04-21 23:21:09,648 WARNING High grad norm: 976.31 at epoch=63 step=13914
2026-04-21 23:21:09,870 WARNING High grad norm: 2971.22 at epoch=63 step=13915
2026-04-21 23:21:10,098 WARNING High grad norm: 769.02 at epoch=63 step=13916
2026-04-21 23:21:10,319 WARNING High grad norm: 1143.68 at epoch=63 step=13917
2026-04-21 23:21:10,544 WARNING High grad norm: 1433.33 at epoch=63 step=13918
2026-04-21 23:21:10,767 WARNING High grad norm: 1358.12 at epoch=63 step=13919
2026-04-21 23:21:10,989 WARNING High grad norm: 1314.91 at epoch=63 step=13920
2026-04-21 23:21:11,211 WARNING High grad norm: 887.40 at epoch=63 step=13921
2026-04-21 23:21:11,431 WARNING High grad norm: 702.78 at epoch=63 step=13922
2026-04-21 23:21:11,652 WARNING High grad norm: 651.32 at epoch=63 step=13923
2026-04-21 23:21:11,872 WARNING High grad norm: 891.36 at epoch=63 step=13924
2026-04-21 23:21:12,094 WARNING High grad norm: 1829.33 at epoch=63 step=13925
2026-04-21 23:21:12,316 WARNING High grad norm: 1110.77 at epoch=63 step=13926
2026-04-21 23:21:12,538 WARNING High grad norm: 610.94 at epoch=63 step=13927
2026-04-21 23:21:12,761 WARNING High grad norm: 1736.33 at epoch=63 step=13928
2026-04-21 23:21:12,983 WARNING High grad norm: 943.46 at epoch=63 step=13929
2026-04-21 23:21:13,207 WARNING High grad norm: 929.72 at epoch=63 step=13930
2026-04-21 23:21:13,429 WARNING High grad norm: 937.04 at epoch=63 step=13931
2026-04-21 23:21:13,650 WARNING High grad norm: 854.01 at epoch=63 step=13932
2026-04-21 23:21:13,871 WARNING High grad norm: 854.35 at epoch=63 step=13933
2026-04-21 23:21:14,093 WARNING High grad norm: 1407.88 at epoch=63 step=13934
2026-04-21 23:21:14,315 WARNING High grad norm: 1249.33 at epoch=63 step=13935
2026-04-21 23:21:14,537 WARNING High grad norm: 543.18 at epoch=63 step=13936
2026-04-21 23:21:14,757 WARNING High grad norm: 1363.52 at epoch=63 step=13937
2026-04-21 23:21:14,983 WARNING High grad norm: 2254.98 at epoch=63 step=13938
2026-04-21 23:21:15,204 WARNING High grad norm: 645.76 at epoch=63 step=13939
2026-04-21 23:21:15,429 WARNING High grad norm: 716.96 at epoch=63 step=13940
2026-04-21 23:21:15,653 WARNING High grad norm: 1942.02 at epoch=63 step=13941
2026-04-21 23:21:15,878 WARNING High grad norm: 1031.90 at epoch=63 step=13942
2026-04-21 23:21:16,100 WARNING High grad norm: 2228.62 at epoch=63 step=13943
2026-04-21 23:21:16,321 WARNING High grad norm: 772.93 at epoch=63 step=13944
2026-04-21 23:21:16,544 WARNING High grad norm: 1329.59 at epoch=63 step=13945
2026-04-21 23:21:16,768 WARNING High grad norm: 681.17 at epoch=63 step=13946
2026-04-21 23:21:16,991 WARNING High grad norm: 1274.70 at epoch=63 step=13947
2026-04-21 23:21:17,213 WARNING High grad norm: 1682.34 at epoch=63 step=13948
2026-04-21 23:21:17,436 WARNING High grad norm: 2197.04 at epoch=63 step=13949
2026-04-21 23:21:17,661 WARNING High grad norm: 658.03 at epoch=63 step=13950
2026-04-21 23:21:17,882 WARNING High grad norm: 2641.57 at epoch=63 step=13951
2026-04-21 23:21:18,104 WARNING High grad norm: 653.64 at epoch=63 step=13952
2026-04-21 23:21:18,326 WARNING High grad norm: 615.44 at epoch=63 step=13953
2026-04-21 23:21:18,548 WARNING High grad norm: 644.40 at epoch=63 step=13954
2026-04-21 23:21:18,771 WARNING High grad norm: 660.90 at epoch=63 step=13955
2026-04-21 23:21:18,993 WARNING High grad norm: 710.34 at epoch=63 step=13956
2026-04-21 23:21:19,215 WARNING High grad norm: 1285.01 at epoch=63 step=13957
2026-04-21 23:21:19,437 WARNING High grad norm: 487.61 at epoch=63 step=13958
2026-04-21 23:21:19,658 WARNING High grad norm: 671.30 at epoch=63 step=13959
2026-04-21 23:21:19,883 WARNING High grad norm: 806.05 at epoch=63 step=13960
2026-04-21 23:21:20,105 WARNING High grad norm: 890.38 at epoch=63 step=13961
2026-04-21 23:21:20,326 WARNING High grad norm: 797.31 at epoch=63 step=13962
2026-04-21 23:21:20,549 WARNING High grad norm: 1354.54 at epoch=63 step=13963
2026-04-21 23:21:20,770 WARNING High grad norm: 1608.86 at epoch=63 step=13964
2026-04-21 23:21:20,992 WARNING High grad norm: 722.14 at epoch=63 step=13965
2026-04-21 23:21:21,215 WARNING High grad norm: 868.14 at epoch=63 step=13966
2026-04-21 23:21:21,437 WARNING High grad norm: 1040.51 at epoch=63 step=13967
2026-04-21 23:21:21,664 WARNING High grad norm: 1379.61 at epoch=63 step=13968
2026-04-21 23:21:21,887 WARNING High grad norm: 1457.28 at epoch=63 step=13969
2026-04-21 23:21:22,109 WARNING High grad norm: 1103.28 at epoch=63 step=13970
2026-04-21 23:21:22,333 WARNING High grad norm: 2859.54 at epoch=63 step=13971
2026-04-21 23:21:22,555 WARNING High grad norm: 921.52 at epoch=63 step=13972
2026-04-21 23:21:22,780 WARNING High grad norm: 1812.01 at epoch=63 step=13973
2026-04-21 23:21:23,002 WARNING High grad norm: 783.27 at epoch=63 step=13974
2026-04-21 23:21:23,223 WARNING High grad norm: 892.40 at epoch=63 step=13975
2026-04-21 23:21:23,447 WARNING High grad norm: 802.96 at epoch=63 step=13976
2026-04-21 23:21:23,669 WARNING High grad norm: 2046.00 at epoch=63 step=13977
2026-04-21 23:21:23,895 WARNING High grad norm: 744.38 at epoch=63 step=13978
2026-04-21 23:21:24,120 WARNING High grad norm: 855.09 at epoch=63 step=13979
2026-04-21 23:21:24,343 WARNING High grad norm: 1831.64 at epoch=63 step=13980
2026-04-21 23:21:24,566 WARNING High grad norm: 1948.89 at epoch=63 step=13981
2026-04-21 23:21:24,788 WARNING High grad norm: 777.55 at epoch=63 step=13982
2026-04-21 23:21:25,011 WARNING High grad norm: 679.01 at epoch=63 step=13983
2026-04-21 23:21:25,232 WARNING High grad norm: 814.18 at epoch=63 step=13984
2026-04-21 23:21:25,455 WARNING High grad norm: 839.17 at epoch=63 step=13985
2026-04-21 23:21:25,676 WARNING High grad norm: 719.52 at epoch=63 step=13986
2026-04-21 23:21:25,898 WARNING High grad norm: 1715.61 at epoch=63 step=13987
2026-04-21 23:21:26,120 WARNING High grad norm: 714.40 at epoch=63 step=13988
2026-04-21 23:21:26,346 WARNING High grad norm: 1667.60 at epoch=63 step=13989
2026-04-21 23:21:26,568 WARNING High grad norm: 706.87 at epoch=63 step=13990
2026-04-21 23:21:26,793 WARNING High grad norm: 1465.68 at epoch=63 step=13991
2026-04-21 23:21:27,029 WARNING High grad norm: 2116.76 at epoch=63 step=13992
2026-04-21 23:21:27,259 WARNING High grad norm: 809.94 at epoch=63 step=13993
2026-04-21 23:21:27,483 WARNING High grad norm: 1563.43 at epoch=63 step=13994
2026-04-21 23:21:27,706 WARNING High grad norm: 1486.49 at epoch=63 step=13995
2026-04-21 23:21:27,934 WARNING High grad norm: 825.85 at epoch=63 step=13996
2026-04-21 23:21:28,161 WARNING High grad norm: 1461.27 at epoch=63 step=13997
2026-04-21 23:21:28,383 WARNING High grad norm: 2377.85 at epoch=63 step=13998
2026-04-21 23:21:28,605 WARNING High grad norm: 892.40 at epoch=63 step=13999
2026-04-21 23:21:28,619 INFO epoch=63 step=14000 loss=483.0939 grad_norm=892.3995 lr=1.00e-06
2026-04-21 23:21:28,835 WARNING High grad norm: 933.79 at epoch=63 step=14000
2026-04-21 23:21:29,070 WARNING High grad norm: 1108.03 at epoch=63 step=14001
2026-04-21 23:21:29,299 WARNING High grad norm: 700.06 at epoch=63 step=14002
2026-04-21 23:21:29,526 WARNING High grad norm: 827.63 at epoch=63 step=14003
2026-04-21 23:21:29,748 WARNING High grad norm: 524.52 at epoch=63 step=14004
2026-04-21 23:21:29,981 WARNING High grad norm: 854.39 at epoch=63 step=14005
2026-04-21 23:21:30,207 WARNING High grad norm: 879.18 at epoch=63 step=14006
2026-04-21 23:21:30,435 WARNING High grad norm: 776.20 at epoch=63 step=14007
2026-04-21 23:21:30,663 WARNING High grad norm: 710.37 at epoch=63 step=14008
2026-04-21 23:21:30,896 WARNING High grad norm: 770.32 at epoch=63 step=14009
2026-04-21 23:21:31,125 WARNING High grad norm: 691.90 at epoch=63 step=14010
2026-04-21 23:21:31,358 WARNING High grad norm: 1459.91 at epoch=63 step=14011
2026-04-21 23:21:31,592 WARNING High grad norm: 1442.52 at epoch=63 step=14012
2026-04-21 23:21:31,823 WARNING High grad norm: 566.92 at epoch=63 step=14013
2026-04-21 23:21:32,052 WARNING High grad norm: 1436.55 at epoch=63 step=14014
2026-04-21 23:21:32,284 WARNING High grad norm: 1537.42 at epoch=63 step=14015
2026-04-21 23:21:32,508 WARNING High grad norm: 1174.66 at epoch=63 step=14016
2026-04-21 23:21:32,736 WARNING High grad norm: 823.77 at epoch=63 step=14017
2026-04-21 23:21:32,964 WARNING High grad norm: 2335.22 at epoch=63 step=14018
2026-04-21 23:21:33,186 WARNING High grad norm: 1149.57 at epoch=63 step=14019
2026-04-21 23:21:33,413 WARNING High grad norm: 837.26 at epoch=63 step=14020
2026-04-21 23:21:33,655 WARNING High grad norm: 961.81 at epoch=63 step=14021
2026-04-21 23:21:33,882 WARNING High grad norm: 991.75 at epoch=63 step=14022
2026-04-21 23:21:34,108 WARNING High grad norm: 798.46 at epoch=63 step=14023
2026-04-21 23:21:34,335 WARNING High grad norm: 711.62 at epoch=63 step=14024
2026-04-21 23:21:34,562 WARNING High grad norm: 767.88 at epoch=63 step=14025
2026-04-21 23:21:34,788 WARNING High grad norm: 1277.32 at epoch=63 step=14026
2026-04-21 23:21:35,015 WARNING High grad norm: 960.16 at epoch=63 step=14027
2026-04-21 23:21:35,246 WARNING High grad norm: 869.10 at epoch=63 step=14028
2026-04-21 23:21:35,476 WARNING High grad norm: 738.53 at epoch=63 step=14029
2026-04-21 23:21:35,706 WARNING High grad norm: 1677.98 at epoch=63 step=14030
2026-04-21 23:21:35,939 WARNING High grad norm: 1727.17 at epoch=63 step=14031
2026-04-21 23:21:36,164 WARNING High grad norm: 1317.56 at epoch=63 step=14032
2026-04-21 23:21:36,390 WARNING High grad norm: 781.11 at epoch=63 step=14033
2026-04-21 23:21:36,620 WARNING High grad norm: 701.44 at epoch=63 step=14034
2026-04-21 23:21:36,854 WARNING High grad norm: 1270.72 at epoch=63 step=14035
2026-04-21 23:21:37,084 WARNING High grad norm: 1013.91 at epoch=63 step=14036
2026-04-21 23:21:37,315 WARNING High grad norm: 697.44 at epoch=63 step=14037
2026-04-21 23:21:37,544 WARNING High grad norm: 1501.28 at epoch=63 step=14038
2026-04-21 23:21:37,772 WARNING High grad norm: 737.93 at epoch=63 step=14039
2026-04-21 23:21:38,008 WARNING High grad norm: 1104.24 at epoch=63 step=14040
2026-04-21 23:21:38,239 WARNING High grad norm: 627.22 at epoch=63 step=14041
2026-04-21 23:21:38,466 WARNING High grad norm: 1379.07 at epoch=63 step=14042
2026-04-21 23:21:38,693 WARNING High grad norm: 829.50 at epoch=63 step=14043
2026-04-21 23:21:38,922 WARNING High grad norm: 642.70 at epoch=63 step=14044
2026-04-21 23:21:39,149 WARNING High grad norm: 1044.02 at epoch=63 step=14045
2026-04-21 23:21:39,374 WARNING High grad norm: 788.78 at epoch=63 step=14046
2026-04-21 23:21:39,601 WARNING High grad norm: 1146.79 at epoch=63 step=14047
2026-04-21 23:21:39,757 WARNING High grad norm: 585.95 at epoch=63 step=14048
2026-04-21 23:21:40,560 INFO epoch=63 avg_loss=481.7318 lr=1.00e-06
2026-04-21 23:22:02,114 WARNING High grad norm: 1568.14 at epoch=64 step=14049
2026-04-21 23:22:02,338 WARNING High grad norm: 554.83 at epoch=64 step=14050
2026-04-21 23:22:02,563 WARNING High grad norm: 1567.53 at epoch=64 step=14051
2026-04-21 23:22:02,789 WARNING High grad norm: 1081.49 at epoch=64 step=14052
2026-04-21 23:22:03,012 WARNING High grad norm: 1139.97 at epoch=64 step=14053
2026-04-21 23:22:03,238 WARNING High grad norm: 1034.42 at epoch=64 step=14054
2026-04-21 23:22:03,463 WARNING High grad norm: 848.18 at epoch=64 step=14055
2026-04-21 23:22:03,688 WARNING High grad norm: 983.53 at epoch=64 step=14056
2026-04-21 23:22:03,916 WARNING High grad norm: 693.24 at epoch=64 step=14057
2026-04-21 23:22:04,142 WARNING High grad norm: 787.96 at epoch=64 step=14058
2026-04-21 23:22:04,365 WARNING High grad norm: 800.66 at epoch=64 step=14059
2026-04-21 23:22:04,589 WARNING High grad norm: 1215.21 at epoch=64 step=14060
2026-04-21 23:22:04,812 WARNING High grad norm: 2541.10 at epoch=64 step=14061
2026-04-21 23:22:05,038 WARNING High grad norm: 733.21 at epoch=64 step=14062
2026-04-21 23:22:05,262 WARNING High grad norm: 1046.25 at epoch=64 step=14063
2026-04-21 23:22:05,492 WARNING High grad norm: 1028.57 at epoch=64 step=14064
2026-04-21 23:22:05,718 WARNING High grad norm: 1030.14 at epoch=64 step=14065
2026-04-21 23:22:05,948 WARNING High grad norm: 1349.96 at epoch=64 step=14066
2026-04-21 23:22:06,175 WARNING High grad norm: 648.86 at epoch=64 step=14067
2026-04-21 23:22:06,404 WARNING High grad norm: 1633.64 at epoch=64 step=14068
2026-04-21 23:22:06,626 WARNING High grad norm: 835.02 at epoch=64 step=14069
2026-04-21 23:22:06,850 WARNING High grad norm: 910.15 at epoch=64 step=14070
2026-04-21 23:22:07,076 WARNING High grad norm: 1359.51 at epoch=64 step=14071
2026-04-21 23:22:07,302 WARNING High grad norm: 1005.83 at epoch=64 step=14072
2026-04-21 23:22:07,525 WARNING High grad norm: 627.42 at epoch=64 step=14073
2026-04-21 23:22:07,750 WARNING High grad norm: 1933.79 at epoch=64 step=14074
2026-04-21 23:22:07,976 WARNING High grad norm: 664.13 at epoch=64 step=14075
2026-04-21 23:22:08,202 WARNING High grad norm: 1184.95 at epoch=64 step=14076
2026-04-21 23:22:08,440 WARNING High grad norm: 779.82 at epoch=64 step=14077
2026-04-21 23:22:08,663 WARNING High grad norm: 1960.00 at epoch=64 step=14078
2026-04-21 23:22:08,887 WARNING High grad norm: 1067.50 at epoch=64 step=14079
2026-04-21 23:22:09,114 WARNING High grad norm: 825.45 at epoch=64 step=14080
2026-04-21 23:22:09,340 WARNING High grad norm: 964.48 at epoch=64 step=14081
2026-04-21 23:22:09,565 WARNING High grad norm: 1369.32 at epoch=64 step=14082
2026-04-21 23:22:09,790 WARNING High grad norm: 1269.80 at epoch=64 step=14083
2026-04-21 23:22:10,018 WARNING High grad norm: 2332.51 at epoch=64 step=14084
2026-04-21 23:22:10,241 WARNING High grad norm: 1349.12 at epoch=64 step=14085
2026-04-21 23:22:10,467 WARNING High grad norm: 1953.75 at epoch=64 step=14086
2026-04-21 23:22:10,697 WARNING High grad norm: 1367.23 at epoch=64 step=14087
2026-04-21 23:22:10,925 WARNING High grad norm: 1735.47 at epoch=64 step=14088
2026-04-21 23:22:11,148 WARNING High grad norm: 972.22 at epoch=64 step=14089
2026-04-21 23:22:11,374 WARNING High grad norm: 1167.45 at epoch=64 step=14090
2026-04-21 23:22:11,598 WARNING High grad norm: 1539.68 at epoch=64 step=14091
2026-04-21 23:22:11,823 WARNING High grad norm: 1323.85 at epoch=64 step=14092
2026-04-21 23:22:12,053 WARNING High grad norm: 716.24 at epoch=64 step=14093
2026-04-21 23:22:12,283 WARNING High grad norm: 858.33 at epoch=64 step=14094
2026-04-21 23:22:12,511 WARNING High grad norm: 1255.40 at epoch=64 step=14095
2026-04-21 23:22:12,741 WARNING High grad norm: 1163.49 at epoch=64 step=14096
2026-04-21 23:22:12,965 WARNING High grad norm: 1039.07 at epoch=64 step=14097
2026-04-21 23:22:13,192 WARNING High grad norm: 671.98 at epoch=64 step=14098
2026-04-21 23:22:13,414 WARNING High grad norm: 875.45 at epoch=64 step=14099
2026-04-21 23:22:13,424 INFO epoch=64 step=14100 loss=481.1136 grad_norm=875.4518 lr=1.00e-06
2026-04-21 23:22:13,636 WARNING High grad norm: 825.91 at epoch=64 step=14100
2026-04-21 23:22:13,860 WARNING High grad norm: 485.51 at epoch=64 step=14101
2026-04-21 23:22:14,083 WARNING High grad norm: 889.58 at epoch=64 step=14102
2026-04-21 23:22:14,304 WARNING High grad norm: 2765.40 at epoch=64 step=14103
2026-04-21 23:22:14,525 WARNING High grad norm: 603.46 at epoch=64 step=14104
2026-04-21 23:22:14,745 WARNING High grad norm: 1211.80 at epoch=64 step=14105
2026-04-21 23:22:14,967 WARNING High grad norm: 1445.40 at epoch=64 step=14106
2026-04-21 23:22:15,199 WARNING High grad norm: 1765.48 at epoch=64 step=14107
2026-04-21 23:22:15,426 WARNING High grad norm: 1420.25 at epoch=64 step=14108
2026-04-21 23:22:15,651 WARNING High grad norm: 748.03 at epoch=64 step=14109
2026-04-21 23:22:15,876 WARNING High grad norm: 709.84 at epoch=64 step=14110
2026-04-21 23:22:16,100 WARNING High grad norm: 1193.88 at epoch=64 step=14111
2026-04-21 23:22:16,320 WARNING High grad norm: 566.82 at epoch=64 step=14112
2026-04-21 23:22:16,544 WARNING High grad norm: 1856.30 at epoch=64 step=14113
2026-04-21 23:22:16,767 WARNING High grad norm: 1122.72 at epoch=64 step=14114
2026-04-21 23:22:16,987 WARNING High grad norm: 1261.73 at epoch=64 step=14115
2026-04-21 23:22:17,211 WARNING High grad norm: 2241.50 at epoch=64 step=14116
2026-04-21 23:22:17,436 WARNING High grad norm: 1683.59 at epoch=64 step=14117
2026-04-21 23:22:17,657 WARNING High grad norm: 910.23 at epoch=64 step=14118
2026-04-21 23:22:17,882 WARNING High grad norm: 2558.48 at epoch=64 step=14119
2026-04-21 23:22:18,107 WARNING High grad norm: 2379.76 at epoch=64 step=14120
2026-04-21 23:22:18,330 WARNING High grad norm: 620.72 at epoch=64 step=14121
2026-04-21 23:22:18,553 WARNING High grad norm: 799.33 at epoch=64 step=14122
2026-04-21 23:22:18,774 WARNING High grad norm: 638.00 at epoch=64 step=14123
2026-04-21 23:22:18,996 WARNING High grad norm: 1091.09 at epoch=64 step=14124
2026-04-21 23:22:19,221 WARNING High grad norm: 1131.51 at epoch=64 step=14125
2026-04-21 23:22:19,443 WARNING High grad norm: 506.71 at epoch=64 step=14126
2026-04-21 23:22:19,666 WARNING High grad norm: 1894.34 at epoch=64 step=14127
2026-04-21 23:22:19,888 WARNING High grad norm: 838.81 at epoch=64 step=14128
2026-04-21 23:22:20,118 WARNING High grad norm: 1240.17 at epoch=64 step=14129
2026-04-21 23:22:20,340 WARNING High grad norm: 795.69 at epoch=64 step=14130
2026-04-21 23:22:20,561 WARNING High grad norm: 747.53 at epoch=64 step=14131
2026-04-21 23:22:20,783 WARNING High grad norm: 693.82 at epoch=64 step=14132
2026-04-21 23:22:21,006 WARNING High grad norm: 2779.55 at epoch=64 step=14133
2026-04-21 23:22:21,228 WARNING High grad norm: 1405.61 at epoch=64 step=14134
2026-04-21 23:22:21,457 WARNING High grad norm: 544.27 at epoch=64 step=14135
2026-04-21 23:22:21,678 WARNING High grad norm: 720.62 at epoch=64 step=14136
2026-04-21 23:22:21,902 WARNING High grad norm: 766.23 at epoch=64 step=14137
2026-04-21 23:22:22,123 WARNING High grad norm: 2076.28 at epoch=64 step=14138
2026-04-21 23:22:22,351 WARNING High grad norm: 805.61 at epoch=64 step=14139
2026-04-21 23:22:22,578 WARNING High grad norm: 1275.54 at epoch=64 step=14140
2026-04-21 23:22:22,800 WARNING High grad norm: 1271.86 at epoch=64 step=14141
2026-04-21 23:22:23,022 WARNING High grad norm: 788.47 at epoch=64 step=14142
2026-04-21 23:22:23,243 WARNING High grad norm: 829.57 at epoch=64 step=14143
2026-04-21 23:22:23,473 WARNING High grad norm: 769.94 at epoch=64 step=14144
2026-04-21 23:22:23,695 WARNING High grad norm: 905.76 at epoch=64 step=14145
2026-04-21 23:22:23,917 WARNING High grad norm: 750.39 at epoch=64 step=14146
2026-04-21 23:22:24,139 WARNING High grad norm: 1382.91 at epoch=64 step=14147
2026-04-21 23:22:24,363 WARNING High grad norm: 2676.60 at epoch=64 step=14148
2026-04-21 23:22:24,584 WARNING High grad norm: 1077.72 at epoch=64 step=14149
2026-04-21 23:22:24,807 WARNING High grad norm: 1196.54 at epoch=64 step=14150
2026-04-21 23:22:25,027 WARNING High grad norm: 1790.60 at epoch=64 step=14151
2026-04-21 23:22:25,249 WARNING High grad norm: 873.84 at epoch=64 step=14152
2026-04-21 23:22:25,471 WARNING High grad norm: 852.14 at epoch=64 step=14153
2026-04-21 23:22:25,698 WARNING High grad norm: 564.41 at epoch=64 step=14154
2026-04-21 23:22:25,919 WARNING High grad norm: 645.09 at epoch=64 step=14155
2026-04-21 23:22:26,140 WARNING High grad norm: 1559.25 at epoch=64 step=14156
2026-04-21 23:22:26,361 WARNING High grad norm: 752.04 at epoch=64 step=14157
2026-04-21 23:22:26,584 WARNING High grad norm: 735.32 at epoch=64 step=14158
2026-04-21 23:22:26,805 WARNING High grad norm: 754.49 at epoch=64 step=14159
2026-04-21 23:22:27,028 WARNING High grad norm: 974.21 at epoch=64 step=14160
2026-04-21 23:22:27,254 WARNING High grad norm: 1037.30 at epoch=64 step=14161
2026-04-21 23:22:27,477 WARNING High grad norm: 773.11 at epoch=64 step=14162
2026-04-21 23:22:27,699 WARNING High grad norm: 823.45 at epoch=64 step=14163
2026-04-21 23:22:27,924 WARNING High grad norm: 1040.14 at epoch=64 step=14164
2026-04-21 23:22:28,145 WARNING High grad norm: 1089.23 at epoch=64 step=14165
2026-04-21 23:22:28,369 WARNING High grad norm: 1125.77 at epoch=64 step=14166
2026-04-21 23:22:28,591 WARNING High grad norm: 1615.64 at epoch=64 step=14167
2026-04-21 23:22:28,814 WARNING High grad norm: 1552.99 at epoch=64 step=14168
2026-04-21 23:22:29,036 WARNING High grad norm: 872.03 at epoch=64 step=14169
2026-04-21 23:22:29,258 WARNING High grad norm: 684.35 at epoch=64 step=14170
2026-04-21 23:22:29,483 WARNING High grad norm: 932.36 at epoch=64 step=14171
2026-04-21 23:22:29,705 WARNING High grad norm: 1074.78 at epoch=64 step=14172
2026-04-21 23:22:29,927 WARNING High grad norm: 1420.62 at epoch=64 step=14173
2026-04-21 23:22:30,156 WARNING High grad norm: 1183.16 at epoch=64 step=14174
2026-04-21 23:22:30,380 WARNING High grad norm: 947.40 at epoch=64 step=14175
2026-04-21 23:22:30,602 WARNING High grad norm: 1678.36 at epoch=64 step=14176
2026-04-21 23:22:30,828 WARNING High grad norm: 2089.62 at epoch=64 step=14177
2026-04-21 23:22:31,057 WARNING High grad norm: 1651.19 at epoch=64 step=14178
2026-04-21 23:22:31,282 WARNING High grad norm: 2114.64 at epoch=64 step=14179
2026-04-21 23:22:31,508 WARNING High grad norm: 1642.78 at epoch=64 step=14180
2026-04-21 23:22:31,733 WARNING High grad norm: 2348.97 at epoch=64 step=14181
2026-04-21 23:22:31,955 WARNING High grad norm: 803.09 at epoch=64 step=14182
2026-04-21 23:22:32,176 WARNING High grad norm: 1340.08 at epoch=64 step=14183
2026-04-21 23:22:32,400 WARNING High grad norm: 519.22 at epoch=64 step=14184
2026-04-21 23:22:32,625 WARNING High grad norm: 815.65 at epoch=64 step=14185
2026-04-21 23:22:32,847 WARNING High grad norm: 1003.64 at epoch=64 step=14186
2026-04-21 23:22:33,071 WARNING High grad norm: 1174.74 at epoch=64 step=14187
2026-04-21 23:22:33,293 WARNING High grad norm: 593.51 at epoch=64 step=14188
2026-04-21 23:22:33,514 WARNING High grad norm: 1241.54 at epoch=64 step=14189
2026-04-21 23:22:33,737 WARNING High grad norm: 1477.82 at epoch=64 step=14190
2026-04-21 23:22:33,958 WARNING High grad norm: 759.78 at epoch=64 step=14191
2026-04-21 23:22:34,180 WARNING High grad norm: 849.66 at epoch=64 step=14192
2026-04-21 23:22:34,401 WARNING High grad norm: 1326.35 at epoch=64 step=14193
2026-04-21 23:22:34,623 WARNING High grad norm: 984.06 at epoch=64 step=14194
2026-04-21 23:22:34,846 WARNING High grad norm: 1377.49 at epoch=64 step=14195
2026-04-21 23:22:35,068 WARNING High grad norm: 1963.04 at epoch=64 step=14196
2026-04-21 23:22:35,289 WARNING High grad norm: 1159.57 at epoch=64 step=14197
2026-04-21 23:22:35,519 WARNING High grad norm: 1117.71 at epoch=64 step=14198
2026-04-21 23:22:35,742 WARNING High grad norm: 948.01 at epoch=64 step=14199
2026-04-21 23:22:35,751 INFO epoch=64 step=14200 loss=486.5708 grad_norm=948.0093 lr=1.00e-06
2026-04-21 23:22:35,965 WARNING High grad norm: 767.23 at epoch=64 step=14200
2026-04-21 23:22:36,184 WARNING High grad norm: 1780.93 at epoch=64 step=14201
2026-04-21 23:22:36,407 WARNING High grad norm: 839.54 at epoch=64 step=14202
2026-04-21 23:22:36,629 WARNING High grad norm: 1850.12 at epoch=64 step=14203
2026-04-21 23:22:36,850 WARNING High grad norm: 835.71 at epoch=64 step=14204
2026-04-21 23:22:37,072 WARNING High grad norm: 859.79 at epoch=64 step=14205
2026-04-21 23:22:37,294 WARNING High grad norm: 1653.06 at epoch=64 step=14206
2026-04-21 23:22:37,516 WARNING High grad norm: 1250.22 at epoch=64 step=14207
2026-04-21 23:22:37,738 WARNING High grad norm: 579.63 at epoch=64 step=14208
2026-04-21 23:22:37,965 WARNING High grad norm: 778.23 at epoch=64 step=14209
2026-04-21 23:22:38,187 WARNING High grad norm: 1767.29 at epoch=64 step=14210
2026-04-21 23:22:38,413 WARNING High grad norm: 555.59 at epoch=64 step=14211
2026-04-21 23:22:38,634 WARNING High grad norm: 696.68 at epoch=64 step=14212
2026-04-21 23:22:38,856 WARNING High grad norm: 1930.24 at epoch=64 step=14213
2026-04-21 23:22:39,085 WARNING High grad norm: 659.22 at epoch=64 step=14214
2026-04-21 23:22:39,314 WARNING High grad norm: 759.85 at epoch=64 step=14215
2026-04-21 23:22:39,536 WARNING High grad norm: 1451.33 at epoch=64 step=14216
2026-04-21 23:22:39,758 WARNING High grad norm: 980.88 at epoch=64 step=14217
2026-04-21 23:22:39,980 WARNING High grad norm: 768.47 at epoch=64 step=14218
2026-04-21 23:22:40,205 WARNING High grad norm: 933.04 at epoch=64 step=14219
2026-04-21 23:22:40,426 WARNING High grad norm: 1058.76 at epoch=64 step=14220
2026-04-21 23:22:40,648 WARNING High grad norm: 1015.93 at epoch=64 step=14221
2026-04-21 23:22:40,869 WARNING High grad norm: 1116.51 at epoch=64 step=14222
2026-04-21 23:22:41,091 WARNING High grad norm: 1625.18 at epoch=64 step=14223
2026-04-21 23:22:41,312 WARNING High grad norm: 2898.79 at epoch=64 step=14224
2026-04-21 23:22:41,535 WARNING High grad norm: 2402.00 at epoch=64 step=14225
2026-04-21 23:22:41,758 WARNING High grad norm: 638.31 at epoch=64 step=14226
2026-04-21 23:22:41,980 WARNING High grad norm: 849.14 at epoch=64 step=14227
2026-04-21 23:22:42,205 WARNING High grad norm: 1086.23 at epoch=64 step=14228
2026-04-21 23:22:42,427 WARNING High grad norm: 685.19 at epoch=64 step=14229
2026-04-21 23:22:42,650 WARNING High grad norm: 707.33 at epoch=64 step=14230
2026-04-21 23:22:42,871 WARNING High grad norm: 871.70 at epoch=64 step=14231
2026-04-21 23:22:43,095 WARNING High grad norm: 735.55 at epoch=64 step=14232
2026-04-21 23:22:43,317 WARNING High grad norm: 884.08 at epoch=64 step=14233
2026-04-21 23:22:43,540 WARNING High grad norm: 693.14 at epoch=64 step=14234
2026-04-21 23:22:43,764 WARNING High grad norm: 1438.25 at epoch=64 step=14235
2026-04-21 23:22:43,986 WARNING High grad norm: 854.41 at epoch=64 step=14236
2026-04-21 23:22:44,210 WARNING High grad norm: 2401.81 at epoch=64 step=14237
2026-04-21 23:22:44,443 WARNING High grad norm: 1483.19 at epoch=64 step=14238
2026-04-21 23:22:44,665 WARNING High grad norm: 823.43 at epoch=64 step=14239
2026-04-21 23:22:44,891 WARNING High grad norm: 749.68 at epoch=64 step=14240
2026-04-21 23:22:45,120 WARNING High grad norm: 567.49 at epoch=64 step=14241
2026-04-21 23:22:45,341 WARNING High grad norm: 810.37 at epoch=64 step=14242
2026-04-21 23:22:45,564 WARNING High grad norm: 593.20 at epoch=64 step=14243
2026-04-21 23:22:45,786 WARNING High grad norm: 928.31 at epoch=64 step=14244
2026-04-21 23:22:46,008 WARNING High grad norm: 1171.18 at epoch=64 step=14245
2026-04-21 23:22:46,230 WARNING High grad norm: 1928.93 at epoch=64 step=14246
2026-04-21 23:22:46,456 WARNING High grad norm: 1201.01 at epoch=64 step=14247
2026-04-21 23:22:46,679 WARNING High grad norm: 1131.11 at epoch=64 step=14248
2026-04-21 23:22:46,903 WARNING High grad norm: 818.16 at epoch=64 step=14249
2026-04-21 23:22:47,126 WARNING High grad norm: 1416.13 at epoch=64 step=14250
2026-04-21 23:22:47,348 WARNING High grad norm: 815.73 at epoch=64 step=14251
2026-04-21 23:22:47,572 WARNING High grad norm: 746.99 at epoch=64 step=14252
2026-04-21 23:22:47,795 WARNING High grad norm: 1714.00 at epoch=64 step=14253
2026-04-21 23:22:48,018 WARNING High grad norm: 1406.96 at epoch=64 step=14254
2026-04-21 23:22:48,240 WARNING High grad norm: 589.27 at epoch=64 step=14255
2026-04-21 23:22:48,463 WARNING High grad norm: 1196.63 at epoch=64 step=14256
2026-04-21 23:22:48,689 WARNING High grad norm: 730.44 at epoch=64 step=14257
2026-04-21 23:22:48,922 WARNING High grad norm: 1245.01 at epoch=64 step=14258
2026-04-21 23:22:49,145 WARNING High grad norm: 1727.40 at epoch=64 step=14259
2026-04-21 23:22:49,368 WARNING High grad norm: 716.38 at epoch=64 step=14260
2026-04-21 23:22:49,590 WARNING High grad norm: 651.81 at epoch=64 step=14261
2026-04-21 23:22:49,813 WARNING High grad norm: 880.00 at epoch=64 step=14262
2026-04-21 23:22:50,038 WARNING High grad norm: 935.51 at epoch=64 step=14263
2026-04-21 23:22:50,261 WARNING High grad norm: 1115.12 at epoch=64 step=14264
2026-04-21 23:22:50,481 WARNING High grad norm: 1024.57 at epoch=64 step=14265
2026-04-21 23:22:50,706 WARNING High grad norm: 877.14 at epoch=64 step=14266
2026-04-21 23:22:50,928 WARNING High grad norm: 1614.77 at epoch=64 step=14267
2026-04-21 23:22:51,151 WARNING High grad norm: 1412.28 at epoch=64 step=14268
2026-04-21 23:22:51,373 WARNING High grad norm: 562.39 at epoch=64 step=14269
2026-04-21 23:22:51,595 WARNING High grad norm: 1658.46 at epoch=64 step=14270
2026-04-21 23:22:51,745 WARNING High grad norm: 1052.21 at epoch=64 step=14271
2026-04-21 23:22:52,338 INFO epoch=64 avg_loss=483.8342 lr=1.00e-06
2026-04-21 23:23:06,019 WARNING High grad norm: 1441.83 at epoch=65 step=14272
2026-04-21 23:23:06,241 WARNING High grad norm: 821.74 at epoch=65 step=14273
2026-04-21 23:23:06,464 WARNING High grad norm: 772.84 at epoch=65 step=14274
2026-04-21 23:23:06,685 WARNING High grad norm: 747.90 at epoch=65 step=14275
2026-04-21 23:23:06,905 WARNING High grad norm: 1281.42 at epoch=65 step=14276
2026-04-21 23:23:07,125 WARNING High grad norm: 795.13 at epoch=65 step=14277
2026-04-21 23:23:07,349 WARNING High grad norm: 1199.65 at epoch=65 step=14278
2026-04-21 23:23:07,573 WARNING High grad norm: 2057.48 at epoch=65 step=14279
2026-04-21 23:23:07,794 WARNING High grad norm: 1260.71 at epoch=65 step=14280
2026-04-21 23:23:08,015 WARNING High grad norm: 895.19 at epoch=65 step=14281
2026-04-21 23:23:08,238 WARNING High grad norm: 2157.88 at epoch=65 step=14282
2026-04-21 23:23:08,457 WARNING High grad norm: 1114.57 at epoch=65 step=14283
2026-04-21 23:23:08,680 WARNING High grad norm: 1013.96 at epoch=65 step=14284
2026-04-21 23:23:08,900 WARNING High grad norm: 978.08 at epoch=65 step=14285
2026-04-21 23:23:09,122 WARNING High grad norm: 2063.91 at epoch=65 step=14286
2026-04-21 23:23:09,343 WARNING High grad norm: 1377.08 at epoch=65 step=14287
2026-04-21 23:23:09,564 WARNING High grad norm: 924.11 at epoch=65 step=14288
2026-04-21 23:23:09,787 WARNING High grad norm: 1884.78 at epoch=65 step=14289
2026-04-21 23:23:10,009 WARNING High grad norm: 545.91 at epoch=65 step=14290
2026-04-21 23:23:10,230 WARNING High grad norm: 1068.39 at epoch=65 step=14291
2026-04-21 23:23:10,451 WARNING High grad norm: 880.98 at epoch=65 step=14292
2026-04-21 23:23:10,673 WARNING High grad norm: 1127.48 at epoch=65 step=14293
2026-04-21 23:23:10,893 WARNING High grad norm: 1736.14 at epoch=65 step=14294
2026-04-21 23:23:11,115 WARNING High grad norm: 2265.38 at epoch=65 step=14295
2026-04-21 23:23:11,337 WARNING High grad norm: 590.32 at epoch=65 step=14296
2026-04-21 23:23:11,558 WARNING High grad norm: 2037.82 at epoch=65 step=14297
2026-04-21 23:23:11,778 WARNING High grad norm: 2879.70 at epoch=65 step=14298
2026-04-21 23:23:11,999 WARNING High grad norm: 3024.48 at epoch=65 step=14299
2026-04-21 23:23:12,014 INFO epoch=65 step=14300 loss=475.7728 grad_norm=3024.4766 lr=1.00e-06
2026-04-21 23:23:12,228 WARNING High grad norm: 1067.91 at epoch=65 step=14300
2026-04-21 23:23:12,451 WARNING High grad norm: 1944.19 at epoch=65 step=14301
2026-04-21 23:23:12,672 WARNING High grad norm: 862.45 at epoch=65 step=14302
2026-04-21 23:23:12,895 WARNING High grad norm: 489.54 at epoch=65 step=14303
2026-04-21 23:23:13,116 WARNING High grad norm: 1435.87 at epoch=65 step=14304
2026-04-21 23:23:13,337 WARNING High grad norm: 1324.23 at epoch=65 step=14305
2026-04-21 23:23:13,559 WARNING High grad norm: 584.51 at epoch=65 step=14306
2026-04-21 23:23:13,780 WARNING High grad norm: 886.37 at epoch=65 step=14307
2026-04-21 23:23:14,000 WARNING High grad norm: 1593.03 at epoch=65 step=14308
2026-04-21 23:23:14,222 WARNING High grad norm: 1333.00 at epoch=65 step=14309
2026-04-21 23:23:14,444 WARNING High grad norm: 1558.94 at epoch=65 step=14310
2026-04-21 23:23:14,676 WARNING High grad norm: 823.37 at epoch=65 step=14311
2026-04-21 23:23:14,898 WARNING High grad norm: 744.33 at epoch=65 step=14312
2026-04-21 23:23:15,125 WARNING High grad norm: 565.52 at epoch=65 step=14313
2026-04-21 23:23:15,346 WARNING High grad norm: 1196.66 at epoch=65 step=14314
2026-04-21 23:23:15,567 WARNING High grad norm: 881.45 at epoch=65 step=14315
2026-04-21 23:23:15,792 WARNING High grad norm: 834.04 at epoch=65 step=14316
2026-04-21 23:23:16,013 WARNING High grad norm: 697.31 at epoch=65 step=14317
2026-04-21 23:23:16,234 WARNING High grad norm: 1249.61 at epoch=65 step=14318
2026-04-21 23:23:16,457 WARNING High grad norm: 723.93 at epoch=65 step=14319
2026-04-21 23:23:16,678 WARNING High grad norm: 1293.84 at epoch=65 step=14320
2026-04-21 23:23:16,900 WARNING High grad norm: 1533.42 at epoch=65 step=14321
2026-04-21 23:23:17,122 WARNING High grad norm: 1346.83 at epoch=65 step=14322
2026-04-21 23:23:17,342 WARNING High grad norm: 897.06 at epoch=65 step=14323
2026-04-21 23:23:17,563 WARNING High grad norm: 1593.56 at epoch=65 step=14324
2026-04-21 23:23:17,785 WARNING High grad norm: 1088.29 at epoch=65 step=14325
2026-04-21 23:23:18,007 WARNING High grad norm: 1264.53 at epoch=65 step=14326
2026-04-21 23:23:18,228 WARNING High grad norm: 818.51 at epoch=65 step=14327
2026-04-21 23:23:18,450 WARNING High grad norm: 1311.89 at epoch=65 step=14328
2026-04-21 23:23:18,672 WARNING High grad norm: 844.47 at epoch=65 step=14329
2026-04-21 23:23:18,897 WARNING High grad norm: 2024.80 at epoch=65 step=14330
2026-04-21 23:23:19,119 WARNING High grad norm: 612.73 at epoch=65 step=14331
2026-04-21 23:23:19,342 WARNING High grad norm: 883.07 at epoch=65 step=14332
2026-04-21 23:23:19,568 WARNING High grad norm: 854.62 at epoch=65 step=14333
2026-04-21 23:23:19,792 WARNING High grad norm: 585.07 at epoch=65 step=14334
2026-04-21 23:23:20,017 WARNING High grad norm: 2010.01 at epoch=65 step=14335
2026-04-21 23:23:20,241 WARNING High grad norm: 1154.76 at epoch=65 step=14336
2026-04-21 23:23:20,463 WARNING High grad norm: 1134.93 at epoch=65 step=14337
2026-04-21 23:23:20,683 WARNING High grad norm: 916.38 at epoch=65 step=14338
2026-04-21 23:23:20,905 WARNING High grad norm: 656.53 at epoch=65 step=14339
2026-04-21 23:23:21,126 WARNING High grad norm: 579.29 at epoch=65 step=14340
2026-04-21 23:23:21,347 WARNING High grad norm: 1459.48 at epoch=65 step=14341
2026-04-21 23:23:21,570 WARNING High grad norm: 1760.24 at epoch=65 step=14342
2026-04-21 23:23:21,792 WARNING High grad norm: 763.91 at epoch=65 step=14343
2026-04-21 23:23:22,017 WARNING High grad norm: 1835.17 at epoch=65 step=14344
2026-04-21 23:23:22,241 WARNING High grad norm: 894.32 at epoch=65 step=14345
2026-04-21 23:23:22,463 WARNING High grad norm: 751.51 at epoch=65 step=14346
2026-04-21 23:23:22,684 WARNING High grad norm: 1251.75 at epoch=65 step=14347
2026-04-21 23:23:22,905 WARNING High grad norm: 1784.23 at epoch=65 step=14348
2026-04-21 23:23:23,127 WARNING High grad norm: 835.55 at epoch=65 step=14349
2026-04-21 23:23:23,349 WARNING High grad norm: 1496.12 at epoch=65 step=14350
2026-04-21 23:23:23,572 WARNING High grad norm: 1024.72 at epoch=65 step=14351
2026-04-21 23:23:23,793 WARNING High grad norm: 1541.61 at epoch=65 step=14352
2026-04-21 23:23:24,017 WARNING High grad norm: 915.24 at epoch=65 step=14353
2026-04-21 23:23:24,239 WARNING High grad norm: 1542.60 at epoch=65 step=14354
2026-04-21 23:23:24,460 WARNING High grad norm: 1721.16 at epoch=65 step=14355
2026-04-21 23:23:24,686 WARNING High grad norm: 1568.30 at epoch=65 step=14356
2026-04-21 23:23:24,909 WARNING High grad norm: 2107.47 at epoch=65 step=14357
2026-04-21 23:23:25,130 WARNING High grad norm: 828.59 at epoch=65 step=14358
2026-04-21 23:23:25,355 WARNING High grad norm: 677.77 at epoch=65 step=14359
2026-04-21 23:23:25,575 WARNING High grad norm: 883.94 at epoch=65 step=14360
2026-04-21 23:23:25,798 WARNING High grad norm: 1248.83 at epoch=65 step=14361
2026-04-21 23:23:26,019 WARNING High grad norm: 1432.06 at epoch=65 step=14362
2026-04-21 23:23:26,242 WARNING High grad norm: 892.68 at epoch=65 step=14363
2026-04-21 23:23:26,462 WARNING High grad norm: 793.01 at epoch=65 step=14364
2026-04-21 23:23:26,689 WARNING High grad norm: 1317.03 at epoch=65 step=14365
2026-04-21 23:23:26,916 WARNING High grad norm: 1444.47 at epoch=65 step=14366
2026-04-21 23:23:27,139 WARNING High grad norm: 2072.34 at epoch=65 step=14367
2026-04-21 23:23:27,371 WARNING High grad norm: 867.00 at epoch=65 step=14368
2026-04-21 23:23:27,599 WARNING High grad norm: 797.68 at epoch=65 step=14369
2026-04-21 23:23:27,825 WARNING High grad norm: 1086.73 at epoch=65 step=14370
2026-04-21 23:23:28,047 WARNING High grad norm: 2343.84 at epoch=65 step=14371
2026-04-21 23:23:28,269 WARNING High grad norm: 1038.42 at epoch=65 step=14372
2026-04-21 23:23:28,492 WARNING High grad norm: 1507.36 at epoch=65 step=14373
2026-04-21 23:23:28,714 WARNING High grad norm: 1243.24 at epoch=65 step=14374
2026-04-21 23:23:28,937 WARNING High grad norm: 801.16 at epoch=65 step=14375
2026-04-21 23:23:29,159 WARNING High grad norm: 1274.27 at epoch=65 step=14376
2026-04-21 23:23:29,380 WARNING High grad norm: 724.06 at epoch=65 step=14377
2026-04-21 23:23:29,608 WARNING High grad norm: 1237.06 at epoch=65 step=14378
2026-04-21 23:23:29,833 WARNING High grad norm: 1736.10 at epoch=65 step=14379
2026-04-21 23:23:30,054 WARNING High grad norm: 870.13 at epoch=65 step=14380
2026-04-21 23:23:30,278 WARNING High grad norm: 762.13 at epoch=65 step=14381
2026-04-21 23:23:30,500 WARNING High grad norm: 853.72 at epoch=65 step=14382
2026-04-21 23:23:30,722 WARNING High grad norm: 1106.01 at epoch=65 step=14383
2026-04-21 23:23:30,942 WARNING High grad norm: 884.79 at epoch=65 step=14384
2026-04-21 23:23:31,165 WARNING High grad norm: 1621.98 at epoch=65 step=14385
2026-04-21 23:23:31,402 WARNING High grad norm: 1421.62 at epoch=65 step=14386
2026-04-21 23:23:31,625 WARNING High grad norm: 854.54 at epoch=65 step=14387
2026-04-21 23:23:31,852 WARNING High grad norm: 1423.65 at epoch=65 step=14388
2026-04-21 23:23:32,077 WARNING High grad norm: 1487.34 at epoch=65 step=14389
2026-04-21 23:23:32,301 WARNING High grad norm: 2139.73 at epoch=65 step=14390
2026-04-21 23:23:32,534 WARNING High grad norm: 2943.16 at epoch=65 step=14391
2026-04-21 23:23:32,764 WARNING High grad norm: 1361.36 at epoch=65 step=14392
2026-04-21 23:23:32,986 WARNING High grad norm: 1071.69 at epoch=65 step=14393
2026-04-21 23:23:33,208 WARNING High grad norm: 913.84 at epoch=65 step=14394
2026-04-21 23:23:33,435 WARNING High grad norm: 2127.95 at epoch=65 step=14395
2026-04-21 23:23:33,666 WARNING High grad norm: 1388.74 at epoch=65 step=14396
2026-04-21 23:23:33,890 WARNING High grad norm: 965.21 at epoch=65 step=14397
2026-04-21 23:23:34,113 WARNING High grad norm: 1257.95 at epoch=65 step=14398
2026-04-21 23:23:34,335 WARNING High grad norm: 1409.51 at epoch=65 step=14399
2026-04-21 23:23:34,346 INFO epoch=65 step=14400 loss=475.4716 grad_norm=1409.5092 lr=1.00e-06
2026-04-21 23:23:34,559 WARNING High grad norm: 617.66 at epoch=65 step=14400
2026-04-21 23:23:34,781 WARNING High grad norm: 1194.65 at epoch=65 step=14401
2026-04-21 23:23:35,001 WARNING High grad norm: 1448.54 at epoch=65 step=14402
2026-04-21 23:23:35,226 WARNING High grad norm: 699.72 at epoch=65 step=14403
2026-04-21 23:23:35,447 WARNING High grad norm: 677.00 at epoch=65 step=14404
2026-04-21 23:23:35,670 WARNING High grad norm: 1069.03 at epoch=65 step=14405
2026-04-21 23:23:35,901 WARNING High grad norm: 1238.96 at epoch=65 step=14406
2026-04-21 23:23:36,122 WARNING High grad norm: 1750.87 at epoch=65 step=14407
2026-04-21 23:23:36,345 WARNING High grad norm: 1636.16 at epoch=65 step=14408
2026-04-21 23:23:36,567 WARNING High grad norm: 716.84 at epoch=65 step=14409
2026-04-21 23:23:36,790 WARNING High grad norm: 830.14 at epoch=65 step=14410
2026-04-21 23:23:37,012 WARNING High grad norm: 1056.89 at epoch=65 step=14411
2026-04-21 23:23:37,235 WARNING High grad norm: 733.09 at epoch=65 step=14412
2026-04-21 23:23:37,458 WARNING High grad norm: 714.54 at epoch=65 step=14413
2026-04-21 23:23:37,681 WARNING High grad norm: 2499.01 at epoch=65 step=14414
2026-04-21 23:23:37,907 WARNING High grad norm: 1751.11 at epoch=65 step=14415
2026-04-21 23:23:38,131 WARNING High grad norm: 1597.50 at epoch=65 step=14416
2026-04-21 23:23:38,353 WARNING High grad norm: 555.19 at epoch=65 step=14417
2026-04-21 23:23:38,575 WARNING High grad norm: 1142.45 at epoch=65 step=14418
2026-04-21 23:23:38,800 WARNING High grad norm: 1253.70 at epoch=65 step=14419
2026-04-21 23:23:39,022 WARNING High grad norm: 2439.06 at epoch=65 step=14420
2026-04-21 23:23:39,246 WARNING High grad norm: 826.10 at epoch=65 step=14421
2026-04-21 23:23:39,471 WARNING High grad norm: 1815.83 at epoch=65 step=14422
2026-04-21 23:23:39,701 WARNING High grad norm: 1415.87 at epoch=65 step=14423
2026-04-21 23:23:39,927 WARNING High grad norm: 769.94 at epoch=65 step=14424
2026-04-21 23:23:40,150 WARNING High grad norm: 1769.82 at epoch=65 step=14425
2026-04-21 23:23:40,381 WARNING High grad norm: 853.08 at epoch=65 step=14426
2026-04-21 23:23:40,605 WARNING High grad norm: 2628.78 at epoch=65 step=14427
2026-04-21 23:23:40,828 WARNING High grad norm: 821.09 at epoch=65 step=14428
2026-04-21 23:23:41,050 WARNING High grad norm: 1493.61 at epoch=65 step=14429
2026-04-21 23:23:41,280 WARNING High grad norm: 1044.96 at epoch=65 step=14430
2026-04-21 23:23:41,503 WARNING High grad norm: 1555.90 at epoch=65 step=14431
2026-04-21 23:23:41,727 WARNING High grad norm: 900.50 at epoch=65 step=14432
2026-04-21 23:23:41,953 WARNING High grad norm: 1180.13 at epoch=65 step=14433
2026-04-21 23:23:42,177 WARNING High grad norm: 1371.42 at epoch=65 step=14434
2026-04-21 23:23:42,399 WARNING High grad norm: 934.80 at epoch=65 step=14435
2026-04-21 23:23:42,621 WARNING High grad norm: 1843.74 at epoch=65 step=14436
2026-04-21 23:23:42,855 WARNING High grad norm: 684.54 at epoch=65 step=14437
2026-04-21 23:23:43,077 WARNING High grad norm: 931.93 at epoch=65 step=14438
2026-04-21 23:23:43,301 WARNING High grad norm: 3784.99 at epoch=65 step=14439
2026-04-21 23:23:43,524 WARNING High grad norm: 1385.82 at epoch=65 step=14440
2026-04-21 23:23:43,746 WARNING High grad norm: 434.81 at epoch=65 step=14441
2026-04-21 23:23:43,968 WARNING High grad norm: 3396.44 at epoch=65 step=14442
2026-04-21 23:23:44,193 WARNING High grad norm: 698.09 at epoch=65 step=14443
2026-04-21 23:23:44,420 WARNING High grad norm: 581.05 at epoch=65 step=14444
2026-04-21 23:23:44,645 WARNING High grad norm: 855.97 at epoch=65 step=14445
2026-04-21 23:23:44,872 WARNING High grad norm: 811.49 at epoch=65 step=14446
2026-04-21 23:23:45,094 WARNING High grad norm: 707.18 at epoch=65 step=14447
2026-04-21 23:23:45,323 WARNING High grad norm: 796.10 at epoch=65 step=14448
2026-04-21 23:23:45,546 WARNING High grad norm: 2388.37 at epoch=65 step=14449
2026-04-21 23:23:45,767 WARNING High grad norm: 2142.44 at epoch=65 step=14450
2026-04-21 23:23:45,989 WARNING High grad norm: 712.00 at epoch=65 step=14451
2026-04-21 23:23:46,211 WARNING High grad norm: 1479.91 at epoch=65 step=14452
2026-04-21 23:23:46,434 WARNING High grad norm: 1154.79 at epoch=65 step=14453
2026-04-21 23:23:46,656 WARNING High grad norm: 1152.66 at epoch=65 step=14454
2026-04-21 23:23:46,880 WARNING High grad norm: 934.45 at epoch=65 step=14455
2026-04-21 23:23:47,102 WARNING High grad norm: 1101.69 at epoch=65 step=14456
2026-04-21 23:23:47,331 WARNING High grad norm: 798.48 at epoch=65 step=14457
2026-04-21 23:23:47,554 WARNING High grad norm: 630.47 at epoch=65 step=14458
2026-04-21 23:23:47,783 WARNING High grad norm: 634.19 at epoch=65 step=14459
2026-04-21 23:23:48,006 WARNING High grad norm: 653.59 at epoch=65 step=14460
2026-04-21 23:23:48,228 WARNING High grad norm: 1677.65 at epoch=65 step=14461
2026-04-21 23:23:48,451 WARNING High grad norm: 1028.87 at epoch=65 step=14462
2026-04-21 23:23:48,675 WARNING High grad norm: 658.94 at epoch=65 step=14463
2026-04-21 23:23:48,899 WARNING High grad norm: 1082.58 at epoch=65 step=14464
2026-04-21 23:23:49,120 WARNING High grad norm: 2047.40 at epoch=65 step=14465
2026-04-21 23:23:49,343 WARNING High grad norm: 641.64 at epoch=65 step=14466
2026-04-21 23:23:49,566 WARNING High grad norm: 726.64 at epoch=65 step=14467
2026-04-21 23:23:49,786 WARNING High grad norm: 627.92 at epoch=65 step=14468
2026-04-21 23:23:50,009 WARNING High grad norm: 1645.54 at epoch=65 step=14469
2026-04-21 23:23:50,232 WARNING High grad norm: 1380.86 at epoch=65 step=14470
2026-04-21 23:23:50,454 WARNING High grad norm: 503.17 at epoch=65 step=14471
2026-04-21 23:23:50,677 WARNING High grad norm: 1178.25 at epoch=65 step=14472
2026-04-21 23:23:50,903 WARNING High grad norm: 2558.77 at epoch=65 step=14473
2026-04-21 23:23:51,127 WARNING High grad norm: 1551.97 at epoch=65 step=14474
2026-04-21 23:23:51,351 WARNING High grad norm: 1260.37 at epoch=65 step=14475
2026-04-21 23:23:51,574 WARNING High grad norm: 818.83 at epoch=65 step=14476
2026-04-21 23:23:51,795 WARNING High grad norm: 1230.73 at epoch=65 step=14477
2026-04-21 23:23:52,018 WARNING High grad norm: 518.28 at epoch=65 step=14478
2026-04-21 23:23:52,241 WARNING High grad norm: 1282.78 at epoch=65 step=14479
2026-04-21 23:23:52,469 WARNING High grad norm: 725.64 at epoch=65 step=14480
2026-04-21 23:23:52,693 WARNING High grad norm: 1009.05 at epoch=65 step=14481
2026-04-21 23:23:52,916 WARNING High grad norm: 1327.35 at epoch=65 step=14482
2026-04-21 23:23:53,138 WARNING High grad norm: 1347.03 at epoch=65 step=14483
2026-04-21 23:23:53,360 WARNING High grad norm: 2179.57 at epoch=65 step=14484
2026-04-21 23:23:53,591 WARNING High grad norm: 669.29 at epoch=65 step=14485
2026-04-21 23:23:53,815 WARNING High grad norm: 1480.69 at epoch=65 step=14486
2026-04-21 23:23:54,035 WARNING High grad norm: 1420.03 at epoch=65 step=14487
2026-04-21 23:23:54,257 WARNING High grad norm: 743.52 at epoch=65 step=14488
2026-04-21 23:23:54,478 WARNING High grad norm: 1184.80 at epoch=65 step=14489
2026-04-21 23:23:54,706 WARNING High grad norm: 1701.38 at epoch=65 step=14490
2026-04-21 23:23:54,929 WARNING High grad norm: 1009.27 at epoch=65 step=14491
2026-04-21 23:23:55,152 WARNING High grad norm: 720.08 at epoch=65 step=14492
2026-04-21 23:23:55,374 WARNING High grad norm: 1440.85 at epoch=65 step=14493
2026-04-21 23:23:55,524 WARNING High grad norm: 880.03 at epoch=65 step=14494
2026-04-21 23:23:56,132 INFO epoch=65 avg_loss=481.9411 lr=1.00e-06
2026-04-21 23:24:03,163 INFO Saved checkpoint to C:\Users\artun\Desktop\ITS-project\checkpoints\score_fmnist_v2\score_epoch_0065.pt
2026-04-21 23:24:16,973 WARNING High grad norm: 979.02 at epoch=66 step=14495
2026-04-21 23:24:17,193 WARNING High grad norm: 2327.64 at epoch=66 step=14496
2026-04-21 23:24:17,416 WARNING High grad norm: 1869.02 at epoch=66 step=14497
2026-04-21 23:24:17,637 WARNING High grad norm: 630.27 at epoch=66 step=14498
2026-04-21 23:24:17,858 WARNING High grad norm: 1228.80 at epoch=66 step=14499
2026-04-21 23:24:17,869 INFO epoch=66 step=14500 loss=418.6261 grad_norm=1228.7975 lr=1.00e-06
2026-04-21 23:24:18,082 WARNING High grad norm: 1479.01 at epoch=66 step=14500
2026-04-21 23:24:18,303 WARNING High grad norm: 781.63 at epoch=66 step=14501
2026-04-21 23:24:18,524 WARNING High grad norm: 1335.26 at epoch=66 step=14502
2026-04-21 23:24:18,746 WARNING High grad norm: 679.22 at epoch=66 step=14503
2026-04-21 23:24:18,972 WARNING High grad norm: 1013.63 at epoch=66 step=14504
2026-04-21 23:24:19,194 WARNING High grad norm: 669.23 at epoch=66 step=14505
2026-04-21 23:24:19,415 WARNING High grad norm: 630.27 at epoch=66 step=14506
2026-04-21 23:24:19,636 WARNING High grad norm: 1153.19 at epoch=66 step=14507
2026-04-21 23:24:19,857 WARNING High grad norm: 1032.45 at epoch=66 step=14508
2026-04-21 23:24:20,084 WARNING High grad norm: 672.68 at epoch=66 step=14509
2026-04-21 23:24:20,311 WARNING High grad norm: 931.77 at epoch=66 step=14510
2026-04-21 23:24:20,537 WARNING High grad norm: 903.30 at epoch=66 step=14511
2026-04-21 23:24:20,762 WARNING High grad norm: 1223.15 at epoch=66 step=14512
2026-04-21 23:24:20,982 WARNING High grad norm: 1725.28 at epoch=66 step=14513
2026-04-21 23:24:21,206 WARNING High grad norm: 703.78 at epoch=66 step=14514
2026-04-21 23:24:21,426 WARNING High grad norm: 842.05 at epoch=66 step=14515
2026-04-21 23:24:21,647 WARNING High grad norm: 693.09 at epoch=66 step=14516
2026-04-21 23:24:21,868 WARNING High grad norm: 1366.20 at epoch=66 step=14517
2026-04-21 23:24:22,094 WARNING High grad norm: 1028.34 at epoch=66 step=14518
2026-04-21 23:24:22,324 WARNING High grad norm: 832.87 at epoch=66 step=14519
2026-04-21 23:24:22,546 WARNING High grad norm: 2009.80 at epoch=66 step=14520
2026-04-21 23:24:22,776 WARNING High grad norm: 1310.78 at epoch=66 step=14521
2026-04-21 23:24:22,997 WARNING High grad norm: 786.24 at epoch=66 step=14522
2026-04-21 23:24:23,227 WARNING High grad norm: 940.67 at epoch=66 step=14523
2026-04-21 23:24:23,450 WARNING High grad norm: 1353.55 at epoch=66 step=14524
2026-04-21 23:24:23,671 WARNING High grad norm: 481.80 at epoch=66 step=14525
2026-04-21 23:24:23,892 WARNING High grad norm: 1101.28 at epoch=66 step=14526
2026-04-21 23:24:24,115 WARNING High grad norm: 1997.44 at epoch=66 step=14527
2026-04-21 23:24:24,339 WARNING High grad norm: 1136.30 at epoch=66 step=14528
2026-04-21 23:24:24,562 WARNING High grad norm: 725.88 at epoch=66 step=14529
2026-04-21 23:24:24,784 WARNING High grad norm: 858.14 at epoch=66 step=14530
2026-04-21 23:24:25,011 WARNING High grad norm: 552.53 at epoch=66 step=14531
2026-04-21 23:24:25,232 WARNING High grad norm: 513.50 at epoch=66 step=14532
2026-04-21 23:24:25,455 WARNING High grad norm: 762.29 at epoch=66 step=14533
2026-04-21 23:24:25,677 WARNING High grad norm: 963.12 at epoch=66 step=14534
2026-04-21 23:24:25,900 WARNING High grad norm: 910.96 at epoch=66 step=14535
2026-04-21 23:24:26,124 WARNING High grad norm: 1046.52 at epoch=66 step=14536
2026-04-21 23:24:26,345 WARNING High grad norm: 567.77 at epoch=66 step=14537
2026-04-21 23:24:26,566 WARNING High grad norm: 572.64 at epoch=66 step=14538
2026-04-21 23:24:26,788 WARNING High grad norm: 704.74 at epoch=66 step=14539
2026-04-21 23:24:27,011 WARNING High grad norm: 2439.95 at epoch=66 step=14540
2026-04-21 23:24:27,243 WARNING High grad norm: 739.92 at epoch=66 step=14541
2026-04-21 23:24:27,475 WARNING High grad norm: 681.97 at epoch=66 step=14542
2026-04-21 23:24:27,702 WARNING High grad norm: 830.62 at epoch=66 step=14543
2026-04-21 23:24:27,924 WARNING High grad norm: 689.68 at epoch=66 step=14544
2026-04-21 23:24:28,146 WARNING High grad norm: 1919.21 at epoch=66 step=14545
2026-04-21 23:24:28,368 WARNING High grad norm: 1871.62 at epoch=66 step=14546
2026-04-21 23:24:28,598 WARNING High grad norm: 1125.66 at epoch=66 step=14547
2026-04-21 23:24:28,822 WARNING High grad norm: 840.25 at epoch=66 step=14548
2026-04-21 23:24:29,044 WARNING High grad norm: 708.72 at epoch=66 step=14549
2026-04-21 23:24:29,267 WARNING High grad norm: 635.25 at epoch=66 step=14550
2026-04-21 23:24:29,490 WARNING High grad norm: 1104.03 at epoch=66 step=14551
2026-04-21 23:24:29,710 WARNING High grad norm: 1195.47 at epoch=66 step=14552
2026-04-21 23:24:29,935 WARNING High grad norm: 1064.80 at epoch=66 step=14553
2026-04-21 23:24:30,156 WARNING High grad norm: 1049.73 at epoch=66 step=14554
2026-04-21 23:24:30,378 WARNING High grad norm: 764.02 at epoch=66 step=14555
2026-04-21 23:24:30,598 WARNING High grad norm: 1106.88 at epoch=66 step=14556
2026-04-21 23:24:30,822 WARNING High grad norm: 832.22 at epoch=66 step=14557
2026-04-21 23:24:31,046 WARNING High grad norm: 1935.86 at epoch=66 step=14558
2026-04-21 23:24:31,270 WARNING High grad norm: 1331.50 at epoch=66 step=14559
2026-04-21 23:24:31,494 WARNING High grad norm: 1329.01 at epoch=66 step=14560
2026-04-21 23:24:31,719 WARNING High grad norm: 539.48 at epoch=66 step=14561
2026-04-21 23:24:31,954 WARNING High grad norm: 619.98 at epoch=66 step=14562
2026-04-21 23:24:32,189 WARNING High grad norm: 2349.70 at epoch=66 step=14563
2026-04-21 23:24:32,420 WARNING High grad norm: 859.46 at epoch=66 step=14564
2026-04-21 23:24:32,648 WARNING High grad norm: 1850.29 at epoch=66 step=14565
2026-04-21 23:24:32,871 WARNING High grad norm: 1310.54 at epoch=66 step=14566
2026-04-21 23:24:33,094 WARNING High grad norm: 1083.38 at epoch=66 step=14567
2026-04-21 23:24:33,318 WARNING High grad norm: 826.14 at epoch=66 step=14568
2026-04-21 23:24:33,545 WARNING High grad norm: 1626.89 at epoch=66 step=14569
2026-04-21 23:24:33,772 WARNING High grad norm: 811.39 at epoch=66 step=14570
2026-04-21 23:24:34,000 WARNING High grad norm: 1051.51 at epoch=66 step=14571
2026-04-21 23:24:34,233 WARNING High grad norm: 1038.47 at epoch=66 step=14572
2026-04-21 23:24:34,454 WARNING High grad norm: 787.37 at epoch=66 step=14573
2026-04-21 23:24:34,675 WARNING High grad norm: 1877.92 at epoch=66 step=14574
2026-04-21 23:24:34,897 WARNING High grad norm: 1260.62 at epoch=66 step=14575
2026-04-21 23:24:35,120 WARNING High grad norm: 1166.72 at epoch=66 step=14576
2026-04-21 23:24:35,340 WARNING High grad norm: 709.76 at epoch=66 step=14577
2026-04-21 23:24:35,562 WARNING High grad norm: 923.04 at epoch=66 step=14578
2026-04-21 23:24:35,784 WARNING High grad norm: 757.19 at epoch=66 step=14579
2026-04-21 23:24:36,007 WARNING High grad norm: 1255.29 at epoch=66 step=14580
2026-04-21 23:24:36,229 WARNING High grad norm: 1762.10 at epoch=66 step=14581
2026-04-21 23:24:36,451 WARNING High grad norm: 817.45 at epoch=66 step=14582
2026-04-21 23:24:36,672 WARNING High grad norm: 1055.35 at epoch=66 step=14583
2026-04-21 23:24:36,894 WARNING High grad norm: 582.30 at epoch=66 step=14584
2026-04-21 23:24:37,118 WARNING High grad norm: 1875.63 at epoch=66 step=14585
2026-04-21 23:24:37,341 WARNING High grad norm: 2581.92 at epoch=66 step=14586
2026-04-21 23:24:37,563 WARNING High grad norm: 1005.69 at epoch=66 step=14587
2026-04-21 23:24:37,793 WARNING High grad norm: 1958.32 at epoch=66 step=14588
2026-04-21 23:24:38,021 WARNING High grad norm: 660.69 at epoch=66 step=14589
2026-04-21 23:24:38,243 WARNING High grad norm: 531.73 at epoch=66 step=14590
2026-04-21 23:24:38,465 WARNING High grad norm: 1746.07 at epoch=66 step=14591
2026-04-21 23:24:38,688 WARNING High grad norm: 1267.57 at epoch=66 step=14592
2026-04-21 23:24:38,911 WARNING High grad norm: 1468.35 at epoch=66 step=14593
2026-04-21 23:24:39,133 WARNING High grad norm: 745.10 at epoch=66 step=14594
2026-04-21 23:24:39,355 WARNING High grad norm: 1057.32 at epoch=66 step=14595
2026-04-21 23:24:39,576 WARNING High grad norm: 1794.37 at epoch=66 step=14596
2026-04-21 23:24:39,798 WARNING High grad norm: 643.07 at epoch=66 step=14597
2026-04-21 23:24:40,020 WARNING High grad norm: 817.40 at epoch=66 step=14598
2026-04-21 23:24:40,246 WARNING High grad norm: 889.14 at epoch=66 step=14599
2026-04-21 23:24:40,259 INFO epoch=66 step=14600 loss=474.3850 grad_norm=889.1381 lr=1.00e-06
2026-04-21 23:24:40,473 WARNING High grad norm: 1080.54 at epoch=66 step=14600
2026-04-21 23:24:40,697 WARNING High grad norm: 773.62 at epoch=66 step=14601
2026-04-21 23:24:40,920 WARNING High grad norm: 1186.20 at epoch=66 step=14602
2026-04-21 23:24:41,142 WARNING High grad norm: 637.62 at epoch=66 step=14603
2026-04-21 23:24:41,368 WARNING High grad norm: 1982.34 at epoch=66 step=14604
2026-04-21 23:24:41,592 WARNING High grad norm: 876.33 at epoch=66 step=14605
2026-04-21 23:24:41,819 WARNING High grad norm: 867.27 at epoch=66 step=14606
2026-04-21 23:24:42,042 WARNING High grad norm: 1589.65 at epoch=66 step=14607
2026-04-21 23:24:42,272 WARNING High grad norm: 1201.25 at epoch=66 step=14608
2026-04-21 23:24:42,499 WARNING High grad norm: 877.06 at epoch=66 step=14609
2026-04-21 23:24:42,721 WARNING High grad norm: 1004.81 at epoch=66 step=14610
2026-04-21 23:24:42,944 WARNING High grad norm: 1975.00 at epoch=66 step=14611
2026-04-21 23:24:43,167 WARNING High grad norm: 1484.14 at epoch=66 step=14612
2026-04-21 23:24:43,394 WARNING High grad norm: 922.86 at epoch=66 step=14613
2026-04-21 23:24:43,619 WARNING High grad norm: 1360.02 at epoch=66 step=14614
2026-04-21 23:24:43,840 WARNING High grad norm: 1438.61 at epoch=66 step=14615
2026-04-21 23:24:44,066 WARNING High grad norm: 671.68 at epoch=66 step=14616
2026-04-21 23:24:44,294 WARNING High grad norm: 738.43 at epoch=66 step=14617
2026-04-21 23:24:44,525 WARNING High grad norm: 584.59 at epoch=66 step=14618
2026-04-21 23:24:44,747 WARNING High grad norm: 936.46 at epoch=66 step=14619
2026-04-21 23:24:44,977 WARNING High grad norm: 1994.45 at epoch=66 step=14620
2026-04-21 23:24:45,199 WARNING High grad norm: 1286.57 at epoch=66 step=14621
2026-04-21 23:24:45,422 WARNING High grad norm: 1760.75 at epoch=66 step=14622
2026-04-21 23:24:45,645 WARNING High grad norm: 1689.36 at epoch=66 step=14623
2026-04-21 23:24:45,866 WARNING High grad norm: 1219.42 at epoch=66 step=14624
2026-04-21 23:24:46,087 WARNING High grad norm: 1689.70 at epoch=66 step=14625
2026-04-21 23:24:46,313 WARNING High grad norm: 1597.57 at epoch=66 step=14626
2026-04-21 23:24:46,536 WARNING High grad norm: 692.44 at epoch=66 step=14627
2026-04-21 23:24:46,758 WARNING High grad norm: 2734.63 at epoch=66 step=14628
2026-04-21 23:24:46,987 WARNING High grad norm: 2424.69 at epoch=66 step=14629
2026-04-21 23:24:47,211 WARNING High grad norm: 1161.59 at epoch=66 step=14630
2026-04-21 23:24:47,434 WARNING High grad norm: 1578.65 at epoch=66 step=14631
2026-04-21 23:24:47,659 WARNING High grad norm: 2915.85 at epoch=66 step=14632
2026-04-21 23:24:47,882 WARNING High grad norm: 2659.23 at epoch=66 step=14633
2026-04-21 23:24:48,106 WARNING High grad norm: 1770.46 at epoch=66 step=14634
2026-04-21 23:24:48,330 WARNING High grad norm: 1290.59 at epoch=66 step=14635
2026-04-21 23:24:48,552 WARNING High grad norm: 669.88 at epoch=66 step=14636
2026-04-21 23:24:48,783 WARNING High grad norm: 1321.00 at epoch=66 step=14637
2026-04-21 23:24:49,006 WARNING High grad norm: 777.69 at epoch=66 step=14638
2026-04-21 23:24:49,229 WARNING High grad norm: 1016.82 at epoch=66 step=14639
2026-04-21 23:24:49,451 WARNING High grad norm: 618.43 at epoch=66 step=14640
2026-04-21 23:24:49,675 WARNING High grad norm: 1073.65 at epoch=66 step=14641
2026-04-21 23:24:49,899 WARNING High grad norm: 2008.98 at epoch=66 step=14642
2026-04-21 23:24:50,121 WARNING High grad norm: 1220.39 at epoch=66 step=14643
2026-04-21 23:24:50,343 WARNING High grad norm: 627.53 at epoch=66 step=14644
2026-04-21 23:24:50,571 WARNING High grad norm: 1117.22 at epoch=66 step=14645
2026-04-21 23:24:50,793 WARNING High grad norm: 839.41 at epoch=66 step=14646
2026-04-21 23:24:51,016 WARNING High grad norm: 1008.45 at epoch=66 step=14647
2026-04-21 23:24:51,251 WARNING High grad norm: 1255.62 at epoch=66 step=14648
2026-04-21 23:24:51,474 WARNING High grad norm: 877.19 at epoch=66 step=14649
2026-04-21 23:24:51,709 WARNING High grad norm: 1381.06 at epoch=66 step=14650
2026-04-21 23:24:51,931 WARNING High grad norm: 624.69 at epoch=66 step=14651
2026-04-21 23:24:52,154 WARNING High grad norm: 747.40 at epoch=66 step=14652
2026-04-21 23:24:52,379 WARNING High grad norm: 743.74 at epoch=66 step=14653
2026-04-21 23:24:52,602 WARNING High grad norm: 762.72 at epoch=66 step=14654
2026-04-21 23:24:52,824 WARNING High grad norm: 1599.36 at epoch=66 step=14655
2026-04-21 23:24:53,049 WARNING High grad norm: 801.91 at epoch=66 step=14656
2026-04-21 23:24:53,271 WARNING High grad norm: 2131.87 at epoch=66 step=14657
2026-04-21 23:24:53,493 WARNING High grad norm: 1376.82 at epoch=66 step=14658
2026-04-21 23:24:53,715 WARNING High grad norm: 622.96 at epoch=66 step=14659
2026-04-21 23:24:53,937 WARNING High grad norm: 630.77 at epoch=66 step=14660
2026-04-21 23:24:54,158 WARNING High grad norm: 1011.91 at epoch=66 step=14661
2026-04-21 23:24:54,381 WARNING High grad norm: 718.31 at epoch=66 step=14662
2026-04-21 23:24:54,603 WARNING High grad norm: 1659.92 at epoch=66 step=14663
2026-04-21 23:24:54,825 WARNING High grad norm: 710.52 at epoch=66 step=14664
2026-04-21 23:24:55,048 WARNING High grad norm: 1997.59 at epoch=66 step=14665
2026-04-21 23:24:55,269 WARNING High grad norm: 628.03 at epoch=66 step=14666
2026-04-21 23:24:55,492 WARNING High grad norm: 1613.52 at epoch=66 step=14667
2026-04-21 23:24:55,713 WARNING High grad norm: 1103.08 at epoch=66 step=14668
2026-04-21 23:24:55,935 WARNING High grad norm: 933.50 at epoch=66 step=14669
2026-04-21 23:24:56,159 WARNING High grad norm: 733.90 at epoch=66 step=14670
2026-04-21 23:24:56,391 WARNING High grad norm: 1094.82 at epoch=66 step=14671
2026-04-21 23:24:56,613 WARNING High grad norm: 891.94 at epoch=66 step=14672
2026-04-21 23:24:56,842 WARNING High grad norm: 824.97 at epoch=66 step=14673
2026-04-21 23:24:57,066 WARNING High grad norm: 1077.05 at epoch=66 step=14674
2026-04-21 23:24:57,287 WARNING High grad norm: 801.65 at epoch=66 step=14675
2026-04-21 23:24:57,510 WARNING High grad norm: 640.88 at epoch=66 step=14676
2026-04-21 23:24:57,732 WARNING High grad norm: 778.31 at epoch=66 step=14677
2026-04-21 23:24:57,953 WARNING High grad norm: 1038.99 at epoch=66 step=14678
2026-04-21 23:24:58,176 WARNING High grad norm: 1605.53 at epoch=66 step=14679
2026-04-21 23:24:58,398 WARNING High grad norm: 1159.22 at epoch=66 step=14680
2026-04-21 23:24:58,621 WARNING High grad norm: 851.92 at epoch=66 step=14681
2026-04-21 23:24:58,843 WARNING High grad norm: 1433.33 at epoch=66 step=14682
2026-04-21 23:24:59,065 WARNING High grad norm: 2397.80 at epoch=66 step=14683
2026-04-21 23:24:59,287 WARNING High grad norm: 882.55 at epoch=66 step=14684
2026-04-21 23:24:59,509 WARNING High grad norm: 936.39 at epoch=66 step=14685
2026-04-21 23:24:59,731 WARNING High grad norm: 519.92 at epoch=66 step=14686
2026-04-21 23:24:59,953 WARNING High grad norm: 698.67 at epoch=66 step=14687
2026-04-21 23:25:00,178 WARNING High grad norm: 1046.32 at epoch=66 step=14688
2026-04-21 23:25:00,403 WARNING High grad norm: 1279.77 at epoch=66 step=14689
2026-04-21 23:25:00,626 WARNING High grad norm: 989.98 at epoch=66 step=14690
2026-04-21 23:25:00,851 WARNING High grad norm: 618.92 at epoch=66 step=14691
2026-04-21 23:25:01,075 WARNING High grad norm: 1069.79 at epoch=66 step=14692
2026-04-21 23:25:01,300 WARNING High grad norm: 1546.38 at epoch=66 step=14693
2026-04-21 23:25:01,525 WARNING High grad norm: 939.22 at epoch=66 step=14694
2026-04-21 23:25:01,750 WARNING High grad norm: 902.39 at epoch=66 step=14695
2026-04-21 23:25:01,975 WARNING High grad norm: 1035.99 at epoch=66 step=14696
2026-04-21 23:25:02,202 WARNING High grad norm: 624.68 at epoch=66 step=14697
2026-04-21 23:25:02,427 WARNING High grad norm: 734.60 at epoch=66 step=14698
2026-04-21 23:25:02,654 WARNING High grad norm: 618.40 at epoch=66 step=14699
2026-04-21 23:25:02,667 INFO epoch=66 step=14700 loss=472.4233 grad_norm=618.4034 lr=1.00e-06
2026-04-21 23:25:02,881 WARNING High grad norm: 627.46 at epoch=66 step=14700
2026-04-21 23:25:03,103 WARNING High grad norm: 973.76 at epoch=66 step=14701
2026-04-21 23:25:03,326 WARNING High grad norm: 651.63 at epoch=66 step=14702
2026-04-21 23:25:03,548 WARNING High grad norm: 968.59 at epoch=66 step=14703
2026-04-21 23:25:03,771 WARNING High grad norm: 1475.14 at epoch=66 step=14704
2026-04-21 23:25:03,993 WARNING High grad norm: 812.77 at epoch=66 step=14705
2026-04-21 23:25:04,215 WARNING High grad norm: 931.31 at epoch=66 step=14706
2026-04-21 23:25:04,436 WARNING High grad norm: 1877.90 at epoch=66 step=14707
2026-04-21 23:25:04,663 WARNING High grad norm: 1309.26 at epoch=66 step=14708
2026-04-21 23:25:04,889 WARNING High grad norm: 760.49 at epoch=66 step=14709
2026-04-21 23:25:05,114 WARNING High grad norm: 953.63 at epoch=66 step=14710
2026-04-21 23:25:05,337 WARNING High grad norm: 1041.41 at epoch=66 step=14711
2026-04-21 23:25:05,564 WARNING High grad norm: 2560.10 at epoch=66 step=14712
2026-04-21 23:25:05,786 WARNING High grad norm: 1960.10 at epoch=66 step=14713
2026-04-21 23:25:06,008 WARNING High grad norm: 883.45 at epoch=66 step=14714
2026-04-21 23:25:06,232 WARNING High grad norm: 1578.24 at epoch=66 step=14715
2026-04-21 23:25:06,459 WARNING High grad norm: 2771.93 at epoch=66 step=14716
2026-04-21 23:25:06,608 WARNING High grad norm: 1119.52 at epoch=66 step=14717
2026-04-21 23:25:07,182 INFO epoch=66 avg_loss=473.6372 lr=1.00e-06
2026-04-21 23:25:20,863 WARNING High grad norm: 735.38 at epoch=67 step=14718
2026-04-21 23:25:21,085 WARNING High grad norm: 831.70 at epoch=67 step=14719
2026-04-21 23:25:21,312 WARNING High grad norm: 760.92 at epoch=67 step=14720
2026-04-21 23:25:21,535 WARNING High grad norm: 913.86 at epoch=67 step=14721
2026-04-21 23:25:21,755 WARNING High grad norm: 992.21 at epoch=67 step=14722
2026-04-21 23:25:21,977 WARNING High grad norm: 577.88 at epoch=67 step=14723
2026-04-21 23:25:22,198 WARNING High grad norm: 1018.54 at epoch=67 step=14724
2026-04-21 23:25:22,420 WARNING High grad norm: 1553.54 at epoch=67 step=14725
2026-04-21 23:25:22,643 WARNING High grad norm: 1022.99 at epoch=67 step=14726
2026-04-21 23:25:22,865 WARNING High grad norm: 1123.51 at epoch=67 step=14727
2026-04-21 23:25:23,086 WARNING High grad norm: 655.08 at epoch=67 step=14728
2026-04-21 23:25:23,307 WARNING High grad norm: 871.15 at epoch=67 step=14729
2026-04-21 23:25:23,527 WARNING High grad norm: 1225.21 at epoch=67 step=14730
2026-04-21 23:25:23,754 WARNING High grad norm: 1880.59 at epoch=67 step=14731
2026-04-21 23:25:23,976 WARNING High grad norm: 2119.35 at epoch=67 step=14732
2026-04-21 23:25:24,197 WARNING High grad norm: 800.38 at epoch=67 step=14733
2026-04-21 23:25:24,420 WARNING High grad norm: 1131.24 at epoch=67 step=14734
2026-04-21 23:25:24,643 WARNING High grad norm: 1151.22 at epoch=67 step=14735
2026-04-21 23:25:24,871 WARNING High grad norm: 2512.86 at epoch=67 step=14736
2026-04-21 23:25:25,095 WARNING High grad norm: 1264.10 at epoch=67 step=14737
2026-04-21 23:25:25,318 WARNING High grad norm: 1103.04 at epoch=67 step=14738
2026-04-21 23:25:25,546 WARNING High grad norm: 2025.33 at epoch=67 step=14739
2026-04-21 23:25:25,775 WARNING High grad norm: 2256.14 at epoch=67 step=14740
2026-04-21 23:25:25,996 WARNING High grad norm: 2488.93 at epoch=67 step=14741
2026-04-21 23:25:26,218 WARNING High grad norm: 829.15 at epoch=67 step=14742
2026-04-21 23:25:26,444 WARNING High grad norm: 862.07 at epoch=67 step=14743
2026-04-21 23:25:26,667 WARNING High grad norm: 858.71 at epoch=67 step=14744
2026-04-21 23:25:26,895 WARNING High grad norm: 1335.38 at epoch=67 step=14745
2026-04-21 23:25:27,118 WARNING High grad norm: 1043.20 at epoch=67 step=14746
2026-04-21 23:25:27,339 WARNING High grad norm: 977.12 at epoch=67 step=14747
2026-04-21 23:25:27,560 WARNING High grad norm: 799.97 at epoch=67 step=14748
2026-04-21 23:25:27,782 WARNING High grad norm: 1947.20 at epoch=67 step=14749
2026-04-21 23:25:28,007 WARNING High grad norm: 831.65 at epoch=67 step=14750
2026-04-21 23:25:28,230 WARNING High grad norm: 1785.79 at epoch=67 step=14751
2026-04-21 23:25:28,457 WARNING High grad norm: 1180.25 at epoch=67 step=14752
2026-04-21 23:25:28,678 WARNING High grad norm: 927.47 at epoch=67 step=14753
2026-04-21 23:25:28,902 WARNING High grad norm: 704.53 at epoch=67 step=14754
2026-04-21 23:25:29,124 WARNING High grad norm: 599.62 at epoch=67 step=14755
2026-04-21 23:25:29,346 WARNING High grad norm: 793.98 at epoch=67 step=14756
2026-04-21 23:25:29,571 WARNING High grad norm: 1690.33 at epoch=67 step=14757
2026-04-21 23:25:29,793 WARNING High grad norm: 1622.00 at epoch=67 step=14758
2026-04-21 23:25:30,014 WARNING High grad norm: 721.58 at epoch=67 step=14759
2026-04-21 23:25:30,244 WARNING High grad norm: 624.24 at epoch=67 step=14760
2026-04-21 23:25:30,471 WARNING High grad norm: 1644.58 at epoch=67 step=14761
2026-04-21 23:25:30,695 WARNING High grad norm: 1140.20 at epoch=67 step=14762
2026-04-21 23:25:30,915 WARNING High grad norm: 1130.46 at epoch=67 step=14763
2026-04-21 23:25:31,139 WARNING High grad norm: 763.04 at epoch=67 step=14764
2026-04-21 23:25:31,359 WARNING High grad norm: 744.15 at epoch=67 step=14765
2026-04-21 23:25:31,583 WARNING High grad norm: 1108.76 at epoch=67 step=14766
2026-04-21 23:25:31,812 WARNING High grad norm: 870.05 at epoch=67 step=14767
2026-04-21 23:25:32,037 WARNING High grad norm: 846.68 at epoch=67 step=14768
2026-04-21 23:25:32,258 WARNING High grad norm: 1715.51 at epoch=67 step=14769
2026-04-21 23:25:32,480 WARNING High grad norm: 850.60 at epoch=67 step=14770
2026-04-21 23:25:32,706 WARNING High grad norm: 775.88 at epoch=67 step=14771
2026-04-21 23:25:32,927 WARNING High grad norm: 903.46 at epoch=67 step=14772
2026-04-21 23:25:33,148 WARNING High grad norm: 851.36 at epoch=67 step=14773
2026-04-21 23:25:33,377 WARNING High grad norm: 2066.14 at epoch=67 step=14774
2026-04-21 23:25:33,598 WARNING High grad norm: 1198.00 at epoch=67 step=14775
2026-04-21 23:25:33,823 WARNING High grad norm: 1023.13 at epoch=67 step=14776
2026-04-21 23:25:34,044 WARNING High grad norm: 1535.13 at epoch=67 step=14777
2026-04-21 23:25:34,265 WARNING High grad norm: 675.96 at epoch=67 step=14778
2026-04-21 23:25:34,493 WARNING High grad norm: 1398.18 at epoch=67 step=14779
2026-04-21 23:25:34,714 WARNING High grad norm: 1073.86 at epoch=67 step=14780
2026-04-21 23:25:34,935 WARNING High grad norm: 587.05 at epoch=67 step=14781
2026-04-21 23:25:35,164 WARNING High grad norm: 2406.02 at epoch=67 step=14782
2026-04-21 23:25:35,387 WARNING High grad norm: 702.02 at epoch=67 step=14783
2026-04-21 23:25:35,612 WARNING High grad norm: 540.48 at epoch=67 step=14784
2026-04-21 23:25:35,843 WARNING High grad norm: 2485.38 at epoch=67 step=14785
2026-04-21 23:25:36,065 WARNING High grad norm: 1371.01 at epoch=67 step=14786
2026-04-21 23:25:36,289 WARNING High grad norm: 1173.21 at epoch=67 step=14787
2026-04-21 23:25:36,510 WARNING High grad norm: 831.35 at epoch=67 step=14788
2026-04-21 23:25:36,734 WARNING High grad norm: 700.04 at epoch=67 step=14789
2026-04-21 23:25:36,962 WARNING High grad norm: 824.31 at epoch=67 step=14790
2026-04-21 23:25:37,195 WARNING High grad norm: 1601.96 at epoch=67 step=14791
2026-04-21 23:25:37,417 WARNING High grad norm: 617.82 at epoch=67 step=14792
2026-04-21 23:25:37,641 WARNING High grad norm: 973.70 at epoch=67 step=14793
2026-04-21 23:25:37,862 WARNING High grad norm: 820.01 at epoch=67 step=14794
2026-04-21 23:25:38,086 WARNING High grad norm: 941.84 at epoch=67 step=14795
2026-04-21 23:25:38,309 WARNING High grad norm: 828.61 at epoch=67 step=14796
2026-04-21 23:25:38,532 WARNING High grad norm: 692.78 at epoch=67 step=14797
2026-04-21 23:25:38,757 WARNING High grad norm: 1193.17 at epoch=67 step=14798
2026-04-21 23:25:38,983 WARNING High grad norm: 2280.28 at epoch=67 step=14799
2026-04-21 23:25:38,994 INFO epoch=67 step=14800 loss=481.3575 grad_norm=2280.2791 lr=1.00e-06
2026-04-21 23:25:39,207 WARNING High grad norm: 1677.55 at epoch=67 step=14800
2026-04-21 23:25:39,432 WARNING High grad norm: 1320.43 at epoch=67 step=14801
2026-04-21 23:25:39,661 WARNING High grad norm: 521.33 at epoch=67 step=14802
2026-04-21 23:25:39,893 WARNING High grad norm: 1527.56 at epoch=67 step=14803
2026-04-21 23:25:40,126 WARNING High grad norm: 711.58 at epoch=67 step=14804
2026-04-21 23:25:40,347 WARNING High grad norm: 1020.52 at epoch=67 step=14805
2026-04-21 23:25:40,579 WARNING High grad norm: 944.63 at epoch=67 step=14806
2026-04-21 23:25:40,805 WARNING High grad norm: 1027.11 at epoch=67 step=14807
2026-04-21 23:25:41,027 WARNING High grad norm: 1080.59 at epoch=67 step=14808
2026-04-21 23:25:41,251 WARNING High grad norm: 1817.02 at epoch=67 step=14809
2026-04-21 23:25:41,472 WARNING High grad norm: 1442.66 at epoch=67 step=14810
2026-04-21 23:25:41,694 WARNING High grad norm: 663.64 at epoch=67 step=14811
2026-04-21 23:25:41,917 WARNING High grad norm: 1400.80 at epoch=67 step=14812
2026-04-21 23:25:42,150 WARNING High grad norm: 1000.53 at epoch=67 step=14813
2026-04-21 23:25:42,374 WARNING High grad norm: 592.14 at epoch=67 step=14814
2026-04-21 23:25:42,599 WARNING High grad norm: 929.44 at epoch=67 step=14815
2026-04-21 23:25:42,824 WARNING High grad norm: 2226.87 at epoch=67 step=14816
2026-04-21 23:25:43,051 WARNING High grad norm: 1164.20 at epoch=67 step=14817
2026-04-21 23:25:43,274 WARNING High grad norm: 831.26 at epoch=67 step=14818
2026-04-21 23:25:43,499 WARNING High grad norm: 1745.84 at epoch=67 step=14819
2026-04-21 23:25:43,719 WARNING High grad norm: 1380.67 at epoch=67 step=14820
2026-04-21 23:25:43,942 WARNING High grad norm: 1091.27 at epoch=67 step=14821
2026-04-21 23:25:44,164 WARNING High grad norm: 1082.24 at epoch=67 step=14822
2026-04-21 23:25:44,389 WARNING High grad norm: 545.48 at epoch=67 step=14823
2026-04-21 23:25:44,611 WARNING High grad norm: 1336.19 at epoch=67 step=14824
2026-04-21 23:25:44,833 WARNING High grad norm: 1534.41 at epoch=67 step=14825
2026-04-21 23:25:45,054 WARNING High grad norm: 1242.91 at epoch=67 step=14826
2026-04-21 23:25:45,276 WARNING High grad norm: 1782.04 at epoch=67 step=14827
2026-04-21 23:25:45,504 WARNING High grad norm: 855.69 at epoch=67 step=14828
2026-04-21 23:25:45,726 WARNING High grad norm: 685.23 at epoch=67 step=14829
2026-04-21 23:25:45,949 WARNING High grad norm: 697.69 at epoch=67 step=14830
2026-04-21 23:25:46,172 WARNING High grad norm: 1693.36 at epoch=67 step=14831
2026-04-21 23:25:46,397 WARNING High grad norm: 2097.89 at epoch=67 step=14832
2026-04-21 23:25:46,622 WARNING High grad norm: 1440.34 at epoch=67 step=14833
2026-04-21 23:25:46,845 WARNING High grad norm: 1705.22 at epoch=67 step=14834
2026-04-21 23:25:47,067 WARNING High grad norm: 1052.92 at epoch=67 step=14835
2026-04-21 23:25:47,290 WARNING High grad norm: 2392.25 at epoch=67 step=14836
2026-04-21 23:25:47,521 WARNING High grad norm: 1635.27 at epoch=67 step=14837
2026-04-21 23:25:47,746 WARNING High grad norm: 764.90 at epoch=67 step=14838
2026-04-21 23:25:47,968 WARNING High grad norm: 1594.45 at epoch=67 step=14839
2026-04-21 23:25:48,194 WARNING High grad norm: 1398.33 at epoch=67 step=14840
2026-04-21 23:25:48,423 WARNING High grad norm: 1552.50 at epoch=67 step=14841
2026-04-21 23:25:48,646 WARNING High grad norm: 1965.77 at epoch=67 step=14842
2026-04-21 23:25:48,869 WARNING High grad norm: 1297.01 at epoch=67 step=14843
2026-04-21 23:25:49,091 WARNING High grad norm: 2584.87 at epoch=67 step=14844
2026-04-21 23:25:49,314 WARNING High grad norm: 2304.63 at epoch=67 step=14845
2026-04-21 23:25:49,540 WARNING High grad norm: 2176.39 at epoch=67 step=14846
2026-04-21 23:25:49,762 WARNING High grad norm: 1729.93 at epoch=67 step=14847
2026-04-21 23:25:49,984 WARNING High grad norm: 1595.38 at epoch=67 step=14848
2026-04-21 23:25:50,210 WARNING High grad norm: 2362.04 at epoch=67 step=14849
2026-04-21 23:25:50,435 WARNING High grad norm: 1022.95 at epoch=67 step=14850
2026-04-21 23:25:50,657 WARNING High grad norm: 1165.01 at epoch=67 step=14851
2026-04-21 23:25:50,879 WARNING High grad norm: 1633.45 at epoch=67 step=14852
2026-04-21 23:25:51,103 WARNING High grad norm: 702.31 at epoch=67 step=14853
2026-04-21 23:25:51,328 WARNING High grad norm: 1391.52 at epoch=67 step=14854
2026-04-21 23:25:51,551 WARNING High grad norm: 831.73 at epoch=67 step=14855
2026-04-21 23:25:51,774 WARNING High grad norm: 947.92 at epoch=67 step=14856
2026-04-21 23:25:51,997 WARNING High grad norm: 1940.76 at epoch=67 step=14857
2026-04-21 23:25:52,220 WARNING High grad norm: 902.08 at epoch=67 step=14858
2026-04-21 23:25:52,444 WARNING High grad norm: 1703.62 at epoch=67 step=14859
2026-04-21 23:25:52,673 WARNING High grad norm: 1860.46 at epoch=67 step=14860
2026-04-21 23:25:52,897 WARNING High grad norm: 2147.85 at epoch=67 step=14861
2026-04-21 23:25:53,123 WARNING High grad norm: 1216.64 at epoch=67 step=14862
2026-04-21 23:25:53,348 WARNING High grad norm: 2334.27 at epoch=67 step=14863
2026-04-21 23:25:53,572 WARNING High grad norm: 805.21 at epoch=67 step=14864
2026-04-21 23:25:53,794 WARNING High grad norm: 503.05 at epoch=67 step=14865
2026-04-21 23:25:54,018 WARNING High grad norm: 1138.00 at epoch=67 step=14866
2026-04-21 23:25:54,240 WARNING High grad norm: 625.09 at epoch=67 step=14867
2026-04-21 23:25:54,464 WARNING High grad norm: 938.60 at epoch=67 step=14868
2026-04-21 23:25:54,692 WARNING High grad norm: 1999.81 at epoch=67 step=14869
2026-04-21 23:25:54,923 WARNING High grad norm: 935.93 at epoch=67 step=14870
2026-04-21 23:25:55,144 WARNING High grad norm: 1709.79 at epoch=67 step=14871
2026-04-21 23:25:55,367 WARNING High grad norm: 1445.30 at epoch=67 step=14872
2026-04-21 23:25:55,593 WARNING High grad norm: 3122.58 at epoch=67 step=14873
2026-04-21 23:25:55,819 WARNING High grad norm: 1498.44 at epoch=67 step=14874
2026-04-21 23:25:56,042 WARNING High grad norm: 582.90 at epoch=67 step=14875
2026-04-21 23:25:56,266 WARNING High grad norm: 628.45 at epoch=67 step=14876
2026-04-21 23:25:56,490 WARNING High grad norm: 803.82 at epoch=67 step=14877
2026-04-21 23:25:56,714 WARNING High grad norm: 777.90 at epoch=67 step=14878
2026-04-21 23:25:56,942 WARNING High grad norm: 2243.91 at epoch=67 step=14879
2026-04-21 23:25:57,164 WARNING High grad norm: 739.64 at epoch=67 step=14880
2026-04-21 23:25:57,390 WARNING High grad norm: 962.70 at epoch=67 step=14881
2026-04-21 23:25:57,617 WARNING High grad norm: 887.76 at epoch=67 step=14882
2026-04-21 23:25:57,838 WARNING High grad norm: 919.24 at epoch=67 step=14883
2026-04-21 23:25:58,062 WARNING High grad norm: 799.88 at epoch=67 step=14884
2026-04-21 23:25:58,284 WARNING High grad norm: 1349.17 at epoch=67 step=14885
2026-04-21 23:25:58,510 WARNING High grad norm: 1925.80 at epoch=67 step=14886
2026-04-21 23:25:58,737 WARNING High grad norm: 593.32 at epoch=67 step=14887
2026-04-21 23:25:58,963 WARNING High grad norm: 751.92 at epoch=67 step=14888
2026-04-21 23:25:59,187 WARNING High grad norm: 518.68 at epoch=67 step=14889
2026-04-21 23:25:59,411 WARNING High grad norm: 2020.50 at epoch=67 step=14890
2026-04-21 23:25:59,633 WARNING High grad norm: 1624.10 at epoch=67 step=14891
2026-04-21 23:25:59,858 WARNING High grad norm: 1150.82 at epoch=67 step=14892
2026-04-21 23:26:00,081 WARNING High grad norm: 848.36 at epoch=67 step=14893
2026-04-21 23:26:00,305 WARNING High grad norm: 1823.50 at epoch=67 step=14894
2026-04-21 23:26:00,531 WARNING High grad norm: 2681.83 at epoch=67 step=14895
2026-04-21 23:26:00,757 WARNING High grad norm: 945.83 at epoch=67 step=14896
2026-04-21 23:26:00,982 WARNING High grad norm: 694.87 at epoch=67 step=14897
2026-04-21 23:26:01,214 WARNING High grad norm: 812.43 at epoch=67 step=14898
2026-04-21 23:26:01,436 WARNING High grad norm: 992.50 at epoch=67 step=14899
2026-04-21 23:26:01,447 INFO epoch=67 step=14900 loss=480.1400 grad_norm=992.4960 lr=1.00e-06
2026-04-21 23:26:01,661 WARNING High grad norm: 1342.60 at epoch=67 step=14900
2026-04-21 23:26:01,883 WARNING High grad norm: 784.02 at epoch=67 step=14901
2026-04-21 23:26:02,105 WARNING High grad norm: 3612.70 at epoch=67 step=14902
2026-04-21 23:26:02,327 WARNING High grad norm: 1229.63 at epoch=67 step=14903
2026-04-21 23:26:02,552 WARNING High grad norm: 1089.39 at epoch=67 step=14904
2026-04-21 23:26:02,784 WARNING High grad norm: 1506.85 at epoch=67 step=14905
2026-04-21 23:26:03,008 WARNING High grad norm: 1753.35 at epoch=67 step=14906
2026-04-21 23:26:03,240 WARNING High grad norm: 2263.44 at epoch=67 step=14907
2026-04-21 23:26:03,463 WARNING High grad norm: 685.71 at epoch=67 step=14908
2026-04-21 23:26:03,686 WARNING High grad norm: 2152.67 at epoch=67 step=14909
2026-04-21 23:26:03,908 WARNING High grad norm: 1962.84 at epoch=67 step=14910
2026-04-21 23:26:04,132 WARNING High grad norm: 646.14 at epoch=67 step=14911
2026-04-21 23:26:04,353 WARNING High grad norm: 1757.39 at epoch=67 step=14912
2026-04-21 23:26:04,576 WARNING High grad norm: 686.16 at epoch=67 step=14913
2026-04-21 23:26:04,799 WARNING High grad norm: 1390.65 at epoch=67 step=14914
2026-04-21 23:26:05,025 WARNING High grad norm: 1107.96 at epoch=67 step=14915
2026-04-21 23:26:05,249 WARNING High grad norm: 876.98 at epoch=67 step=14916
2026-04-21 23:26:05,473 WARNING High grad norm: 830.28 at epoch=67 step=14917
2026-04-21 23:26:05,700 WARNING High grad norm: 770.88 at epoch=67 step=14918
2026-04-21 23:26:05,923 WARNING High grad norm: 628.71 at epoch=67 step=14919
2026-04-21 23:26:06,146 WARNING High grad norm: 618.13 at epoch=67 step=14920
2026-04-21 23:26:06,368 WARNING High grad norm: 560.20 at epoch=67 step=14921
2026-04-21 23:26:06,591 WARNING High grad norm: 929.69 at epoch=67 step=14922
2026-04-21 23:26:06,814 WARNING High grad norm: 1136.81 at epoch=67 step=14923
2026-04-21 23:26:07,043 WARNING High grad norm: 1061.74 at epoch=67 step=14924
2026-04-21 23:26:07,269 WARNING High grad norm: 608.67 at epoch=67 step=14925
2026-04-21 23:26:07,494 WARNING High grad norm: 643.89 at epoch=67 step=14926
2026-04-21 23:26:07,717 WARNING High grad norm: 1539.57 at epoch=67 step=14927
2026-04-21 23:26:07,940 WARNING High grad norm: 669.09 at epoch=67 step=14928
2026-04-21 23:26:08,163 WARNING High grad norm: 703.92 at epoch=67 step=14929
2026-04-21 23:26:08,388 WARNING High grad norm: 893.12 at epoch=67 step=14930
2026-04-21 23:26:08,619 WARNING High grad norm: 1873.09 at epoch=67 step=14931
2026-04-21 23:26:08,847 WARNING High grad norm: 816.95 at epoch=67 step=14932
2026-04-21 23:26:09,070 WARNING High grad norm: 1130.60 at epoch=67 step=14933
2026-04-21 23:26:09,295 WARNING High grad norm: 1899.33 at epoch=67 step=14934
2026-04-21 23:26:09,530 WARNING High grad norm: 1409.73 at epoch=67 step=14935
2026-04-21 23:26:09,769 WARNING High grad norm: 1183.06 at epoch=67 step=14936
2026-04-21 23:26:09,993 WARNING High grad norm: 1870.18 at epoch=67 step=14937
2026-04-21 23:26:10,229 WARNING High grad norm: 1481.17 at epoch=67 step=14938
2026-04-21 23:26:10,464 WARNING High grad norm: 1310.92 at epoch=67 step=14939
2026-04-21 23:26:10,615 WARNING High grad norm: 1544.43 at epoch=67 step=14940
2026-04-21 23:26:11,237 INFO epoch=67 avg_loss=481.0721 lr=1.00e-06
2026-04-21 23:26:25,575 WARNING High grad norm: 754.07 at epoch=68 step=14941
2026-04-21 23:26:25,796 WARNING High grad norm: 852.15 at epoch=68 step=14942
2026-04-21 23:26:26,019 WARNING High grad norm: 1058.78 at epoch=68 step=14943
2026-04-21 23:26:26,242 WARNING High grad norm: 1573.26 at epoch=68 step=14944
2026-04-21 23:26:26,464 WARNING High grad norm: 1159.93 at epoch=68 step=14945
2026-04-21 23:26:26,685 WARNING High grad norm: 1040.98 at epoch=68 step=14946
2026-04-21 23:26:26,908 WARNING High grad norm: 1083.45 at epoch=68 step=14947
2026-04-21 23:26:27,128 WARNING High grad norm: 737.73 at epoch=68 step=14948
2026-04-21 23:26:27,350 WARNING High grad norm: 1635.78 at epoch=68 step=14949
2026-04-21 23:26:27,572 WARNING High grad norm: 1089.02 at epoch=68 step=14950
2026-04-21 23:26:27,797 WARNING High grad norm: 2703.94 at epoch=68 step=14951
2026-04-21 23:26:28,020 WARNING High grad norm: 1038.12 at epoch=68 step=14952
2026-04-21 23:26:28,242 WARNING High grad norm: 2730.92 at epoch=68 step=14953
2026-04-21 23:26:28,482 WARNING High grad norm: 594.98 at epoch=68 step=14954
2026-04-21 23:26:28,704 WARNING High grad norm: 1305.14 at epoch=68 step=14955
2026-04-21 23:26:28,928 WARNING High grad norm: 938.96 at epoch=68 step=14956
2026-04-21 23:26:29,150 WARNING High grad norm: 602.99 at epoch=68 step=14957
2026-04-21 23:26:29,372 WARNING High grad norm: 1111.70 at epoch=68 step=14958
2026-04-21 23:26:29,592 WARNING High grad norm: 1145.19 at epoch=68 step=14959
2026-04-21 23:26:29,814 WARNING High grad norm: 1607.81 at epoch=68 step=14960
2026-04-21 23:26:30,035 WARNING High grad norm: 789.31 at epoch=68 step=14961
2026-04-21 23:26:30,263 WARNING High grad norm: 900.73 at epoch=68 step=14962
2026-04-21 23:26:30,485 WARNING High grad norm: 889.99 at epoch=68 step=14963
2026-04-21 23:26:30,705 WARNING High grad norm: 1990.13 at epoch=68 step=14964
2026-04-21 23:26:30,929 WARNING High grad norm: 1633.95 at epoch=68 step=14965
2026-04-21 23:26:31,150 WARNING High grad norm: 1795.55 at epoch=68 step=14966
2026-04-21 23:26:31,372 WARNING High grad norm: 615.44 at epoch=68 step=14967
2026-04-21 23:26:31,594 WARNING High grad norm: 1512.26 at epoch=68 step=14968
2026-04-21 23:26:31,814 WARNING High grad norm: 933.41 at epoch=68 step=14969
2026-04-21 23:26:32,037 WARNING High grad norm: 1260.81 at epoch=68 step=14970
2026-04-21 23:26:32,261 WARNING High grad norm: 1526.90 at epoch=68 step=14971
2026-04-21 23:26:32,483 WARNING High grad norm: 880.78 at epoch=68 step=14972
2026-04-21 23:26:32,705 WARNING High grad norm: 816.02 at epoch=68 step=14973
2026-04-21 23:26:32,929 WARNING High grad norm: 1555.03 at epoch=68 step=14974
2026-04-21 23:26:33,150 WARNING High grad norm: 715.31 at epoch=68 step=14975
2026-04-21 23:26:33,383 WARNING High grad norm: 1828.98 at epoch=68 step=14976
2026-04-21 23:26:33,612 WARNING High grad norm: 691.23 at epoch=68 step=14977
2026-04-21 23:26:33,835 WARNING High grad norm: 819.82 at epoch=68 step=14978
2026-04-21 23:26:34,057 WARNING High grad norm: 1380.50 at epoch=68 step=14979
2026-04-21 23:26:34,281 WARNING High grad norm: 1720.00 at epoch=68 step=14980
2026-04-21 23:26:34,501 WARNING High grad norm: 801.61 at epoch=68 step=14981
2026-04-21 23:26:34,726 WARNING High grad norm: 800.48 at epoch=68 step=14982
2026-04-21 23:26:34,951 WARNING High grad norm: 850.34 at epoch=68 step=14983
2026-04-21 23:26:35,175 WARNING High grad norm: 1376.27 at epoch=68 step=14984
2026-04-21 23:26:35,397 WARNING High grad norm: 937.54 at epoch=68 step=14985
2026-04-21 23:26:35,619 WARNING High grad norm: 880.14 at epoch=68 step=14986
2026-04-21 23:26:35,841 WARNING High grad norm: 780.37 at epoch=68 step=14987
2026-04-21 23:26:36,062 WARNING High grad norm: 1911.07 at epoch=68 step=14988
2026-04-21 23:26:36,283 WARNING High grad norm: 2487.53 at epoch=68 step=14989
2026-04-21 23:26:36,505 WARNING High grad norm: 724.95 at epoch=68 step=14990
2026-04-21 23:26:36,727 WARNING High grad norm: 1018.89 at epoch=68 step=14991
2026-04-21 23:26:36,948 WARNING High grad norm: 886.81 at epoch=68 step=14992
2026-04-21 23:26:37,169 WARNING High grad norm: 870.81 at epoch=68 step=14993
2026-04-21 23:26:37,401 WARNING High grad norm: 843.08 at epoch=68 step=14994
2026-04-21 23:26:37,623 WARNING High grad norm: 1744.70 at epoch=68 step=14995
2026-04-21 23:26:37,851 WARNING High grad norm: 1685.95 at epoch=68 step=14996
2026-04-21 23:26:38,074 WARNING High grad norm: 878.46 at epoch=68 step=14997
2026-04-21 23:26:38,296 WARNING High grad norm: 2220.90 at epoch=68 step=14998
2026-04-21 23:26:38,526 WARNING High grad norm: 1826.95 at epoch=68 step=14999
2026-04-21 23:26:38,536 INFO epoch=68 step=15000 loss=480.7574 grad_norm=1826.9458 lr=1.00e-06
2026-04-21 23:26:38,749 WARNING High grad norm: 1245.53 at epoch=68 step=15000
2026-04-21 23:26:38,973 WARNING High grad norm: 2398.74 at epoch=68 step=15001
2026-04-21 23:26:39,198 WARNING High grad norm: 2349.07 at epoch=68 step=15002
2026-04-21 23:26:39,420 WARNING High grad norm: 851.81 at epoch=68 step=15003
2026-04-21 23:26:39,646 WARNING High grad norm: 2518.80 at epoch=68 step=15004
2026-04-21 23:26:39,871 WARNING High grad norm: 793.60 at epoch=68 step=15005
2026-04-21 23:26:40,094 WARNING High grad norm: 689.19 at epoch=68 step=15006
2026-04-21 23:26:40,317 WARNING High grad norm: 1735.19 at epoch=68 step=15007
2026-04-21 23:26:40,538 WARNING High grad norm: 1300.71 at epoch=68 step=15008
2026-04-21 23:26:40,762 WARNING High grad norm: 1559.96 at epoch=68 step=15009
2026-04-21 23:26:40,983 WARNING High grad norm: 2045.46 at epoch=68 step=15010
2026-04-21 23:26:41,205 WARNING High grad norm: 2539.56 at epoch=68 step=15011
2026-04-21 23:26:41,426 WARNING High grad norm: 904.69 at epoch=68 step=15012
2026-04-21 23:26:41,652 WARNING High grad norm: 775.25 at epoch=68 step=15013
2026-04-21 23:26:41,875 WARNING High grad norm: 587.37 at epoch=68 step=15014
2026-04-21 23:26:42,097 WARNING High grad norm: 765.75 at epoch=68 step=15015
2026-04-21 23:26:42,318 WARNING High grad norm: 747.10 at epoch=68 step=15016
2026-04-21 23:26:42,542 WARNING High grad norm: 1158.92 at epoch=68 step=15017
2026-04-21 23:26:42,763 WARNING High grad norm: 1703.11 at epoch=68 step=15018
2026-04-21 23:26:42,985 WARNING High grad norm: 547.32 at epoch=68 step=15019
2026-04-21 23:26:43,208 WARNING High grad norm: 1713.61 at epoch=68 step=15020
2026-04-21 23:26:43,433 WARNING High grad norm: 544.87 at epoch=68 step=15021
2026-04-21 23:26:43,655 WARNING High grad norm: 823.99 at epoch=68 step=15022
2026-04-21 23:26:43,879 WARNING High grad norm: 593.42 at epoch=68 step=15023
2026-04-21 23:26:44,101 WARNING High grad norm: 1457.97 at epoch=68 step=15024
2026-04-21 23:26:44,324 WARNING High grad norm: 1573.31 at epoch=68 step=15025
2026-04-21 23:26:44,555 WARNING High grad norm: 1350.75 at epoch=68 step=15026
2026-04-21 23:26:44,778 WARNING High grad norm: 650.73 at epoch=68 step=15027
2026-04-21 23:26:45,000 WARNING High grad norm: 1971.29 at epoch=68 step=15028
2026-04-21 23:26:45,226 WARNING High grad norm: 1381.14 at epoch=68 step=15029
2026-04-21 23:26:45,451 WARNING High grad norm: 1438.25 at epoch=68 step=15030
2026-04-21 23:26:45,673 WARNING High grad norm: 981.47 at epoch=68 step=15031
2026-04-21 23:26:45,893 WARNING High grad norm: 1331.46 at epoch=68 step=15032
2026-04-21 23:26:46,117 WARNING High grad norm: 1349.64 at epoch=68 step=15033
2026-04-21 23:26:46,338 WARNING High grad norm: 809.39 at epoch=68 step=15034
2026-04-21 23:26:46,560 WARNING High grad norm: 583.72 at epoch=68 step=15035
2026-04-21 23:26:46,782 WARNING High grad norm: 1442.40 at epoch=68 step=15036
2026-04-21 23:26:47,008 WARNING High grad norm: 1611.48 at epoch=68 step=15037
2026-04-21 23:26:47,232 WARNING High grad norm: 578.46 at epoch=68 step=15038
2026-04-21 23:26:47,458 WARNING High grad norm: 926.86 at epoch=68 step=15039
2026-04-21 23:26:47,679 WARNING High grad norm: 2481.20 at epoch=68 step=15040
2026-04-21 23:26:47,902 WARNING High grad norm: 1942.89 at epoch=68 step=15041
2026-04-21 23:26:48,125 WARNING High grad norm: 911.21 at epoch=68 step=15042
2026-04-21 23:26:48,348 WARNING High grad norm: 874.15 at epoch=68 step=15043
2026-04-21 23:26:48,573 WARNING High grad norm: 830.33 at epoch=68 step=15044
2026-04-21 23:26:48,801 WARNING High grad norm: 516.02 at epoch=68 step=15045
2026-04-21 23:26:49,024 WARNING High grad norm: 1110.55 at epoch=68 step=15046
2026-04-21 23:26:49,247 WARNING High grad norm: 934.17 at epoch=68 step=15047
2026-04-21 23:26:49,469 WARNING High grad norm: 1005.76 at epoch=68 step=15048
2026-04-21 23:26:49,696 WARNING High grad norm: 597.51 at epoch=68 step=15049
2026-04-21 23:26:49,920 WARNING High grad norm: 865.94 at epoch=68 step=15050
2026-04-21 23:26:50,144 WARNING High grad norm: 689.62 at epoch=68 step=15051
2026-04-21 23:26:50,370 WARNING High grad norm: 959.59 at epoch=68 step=15052
2026-04-21 23:26:50,593 WARNING High grad norm: 1333.73 at epoch=68 step=15053
2026-04-21 23:26:50,817 WARNING High grad norm: 608.75 at epoch=68 step=15054
2026-04-21 23:26:51,044 WARNING High grad norm: 897.51 at epoch=68 step=15055
2026-04-21 23:26:51,269 WARNING High grad norm: 946.45 at epoch=68 step=15056
2026-04-21 23:26:51,499 WARNING High grad norm: 942.63 at epoch=68 step=15057
2026-04-21 23:26:51,721 WARNING High grad norm: 625.98 at epoch=68 step=15058
2026-04-21 23:26:51,944 WARNING High grad norm: 1999.09 at epoch=68 step=15059
2026-04-21 23:26:52,171 WARNING High grad norm: 628.20 at epoch=68 step=15060
2026-04-21 23:26:52,394 WARNING High grad norm: 1936.04 at epoch=68 step=15061
2026-04-21 23:26:52,618 WARNING High grad norm: 3155.38 at epoch=68 step=15062
2026-04-21 23:26:52,840 WARNING High grad norm: 821.92 at epoch=68 step=15063
2026-04-21 23:26:53,061 WARNING High grad norm: 944.35 at epoch=68 step=15064
2026-04-21 23:26:53,283 WARNING High grad norm: 842.53 at epoch=68 step=15065
2026-04-21 23:26:53,504 WARNING High grad norm: 709.05 at epoch=68 step=15066
2026-04-21 23:26:53,729 WARNING High grad norm: 723.97 at epoch=68 step=15067
2026-04-21 23:26:53,951 WARNING High grad norm: 1062.73 at epoch=68 step=15068
2026-04-21 23:26:54,176 WARNING High grad norm: 1562.57 at epoch=68 step=15069
2026-04-21 23:26:54,402 WARNING High grad norm: 1193.69 at epoch=68 step=15070
2026-04-21 23:26:54,626 WARNING High grad norm: 4111.07 at epoch=68 step=15071
2026-04-21 23:26:54,848 WARNING High grad norm: 1214.04 at epoch=68 step=15072
2026-04-21 23:26:55,072 WARNING High grad norm: 5043.17 at epoch=68 step=15073
2026-04-21 23:26:55,295 WARNING High grad norm: 567.59 at epoch=68 step=15074
2026-04-21 23:26:55,520 WARNING High grad norm: 998.05 at epoch=68 step=15075
2026-04-21 23:26:55,747 WARNING High grad norm: 1305.96 at epoch=68 step=15076
2026-04-21 23:26:55,969 WARNING High grad norm: 569.97 at epoch=68 step=15077
2026-04-21 23:26:56,191 WARNING High grad norm: 963.66 at epoch=68 step=15078
2026-04-21 23:26:56,414 WARNING High grad norm: 1251.49 at epoch=68 step=15079
2026-04-21 23:26:56,637 WARNING High grad norm: 957.11 at epoch=68 step=15080
2026-04-21 23:26:56,862 WARNING High grad norm: 705.73 at epoch=68 step=15081
2026-04-21 23:26:57,094 WARNING High grad norm: 556.43 at epoch=68 step=15082
2026-04-21 23:26:57,317 WARNING High grad norm: 1671.03 at epoch=68 step=15083
2026-04-21 23:26:57,539 WARNING High grad norm: 1802.67 at epoch=68 step=15084
2026-04-21 23:26:57,760 WARNING High grad norm: 640.45 at epoch=68 step=15085
2026-04-21 23:26:57,984 WARNING High grad norm: 1213.02 at epoch=68 step=15086
2026-04-21 23:26:58,210 WARNING High grad norm: 625.76 at epoch=68 step=15087
2026-04-21 23:26:58,432 WARNING High grad norm: 1627.99 at epoch=68 step=15088
2026-04-21 23:26:58,655 WARNING High grad norm: 644.80 at epoch=68 step=15089
2026-04-21 23:26:58,879 WARNING High grad norm: 1392.59 at epoch=68 step=15090
2026-04-21 23:26:59,101 WARNING High grad norm: 575.37 at epoch=68 step=15091
2026-04-21 23:26:59,331 WARNING High grad norm: 1792.78 at epoch=68 step=15092
2026-04-21 23:26:59,554 WARNING High grad norm: 1164.14 at epoch=68 step=15093
2026-04-21 23:26:59,779 WARNING High grad norm: 1756.13 at epoch=68 step=15094
2026-04-21 23:27:00,008 WARNING High grad norm: 800.94 at epoch=68 step=15095
2026-04-21 23:27:00,238 WARNING High grad norm: 1336.06 at epoch=68 step=15096
2026-04-21 23:27:00,460 WARNING High grad norm: 656.25 at epoch=68 step=15097
2026-04-21 23:27:00,684 WARNING High grad norm: 862.35 at epoch=68 step=15098
2026-04-21 23:27:00,906 WARNING High grad norm: 2093.44 at epoch=68 step=15099
2026-04-21 23:27:00,917 INFO epoch=68 step=15100 loss=480.6460 grad_norm=2093.4409 lr=1.00e-06
2026-04-21 23:27:01,131 WARNING High grad norm: 807.75 at epoch=68 step=15100
2026-04-21 23:27:01,354 WARNING High grad norm: 1116.33 at epoch=68 step=15101
2026-04-21 23:27:01,575 WARNING High grad norm: 1681.67 at epoch=68 step=15102
2026-04-21 23:27:01,799 WARNING High grad norm: 1174.65 at epoch=68 step=15103
2026-04-21 23:27:02,021 WARNING High grad norm: 646.46 at epoch=68 step=15104
2026-04-21 23:27:02,243 WARNING High grad norm: 955.76 at epoch=68 step=15105
2026-04-21 23:27:02,471 WARNING High grad norm: 764.24 at epoch=68 step=15106
2026-04-21 23:27:02,693 WARNING High grad norm: 1644.52 at epoch=68 step=15107
2026-04-21 23:27:02,915 WARNING High grad norm: 798.23 at epoch=68 step=15108
2026-04-21 23:27:03,140 WARNING High grad norm: 658.70 at epoch=68 step=15109
2026-04-21 23:27:03,366 WARNING High grad norm: 1153.09 at epoch=68 step=15110
2026-04-21 23:27:03,592 WARNING High grad norm: 759.87 at epoch=68 step=15111
2026-04-21 23:27:03,814 WARNING High grad norm: 838.98 at epoch=68 step=15112
2026-04-21 23:27:04,036 WARNING High grad norm: 1331.75 at epoch=68 step=15113
2026-04-21 23:27:04,261 WARNING High grad norm: 738.60 at epoch=68 step=15114
2026-04-21 23:27:04,482 WARNING High grad norm: 2044.79 at epoch=68 step=15115
2026-04-21 23:27:04,704 WARNING High grad norm: 1516.67 at epoch=68 step=15116
2026-04-21 23:27:04,928 WARNING High grad norm: 1524.10 at epoch=68 step=15117
2026-04-21 23:27:05,150 WARNING High grad norm: 1032.64 at epoch=68 step=15118
2026-04-21 23:27:05,376 WARNING High grad norm: 1508.41 at epoch=68 step=15119
2026-04-21 23:27:05,602 WARNING High grad norm: 854.62 at epoch=68 step=15120
2026-04-21 23:27:05,825 WARNING High grad norm: 1355.78 at epoch=68 step=15121
2026-04-21 23:27:06,056 WARNING High grad norm: 1564.84 at epoch=68 step=15122
2026-04-21 23:27:06,278 WARNING High grad norm: 1141.90 at epoch=68 step=15123
2026-04-21 23:27:06,499 WARNING High grad norm: 1708.11 at epoch=68 step=15124
2026-04-21 23:27:06,722 WARNING High grad norm: 1757.04 at epoch=68 step=15125
2026-04-21 23:27:06,947 WARNING High grad norm: 843.30 at epoch=68 step=15126
2026-04-21 23:27:07,169 WARNING High grad norm: 1264.03 at epoch=68 step=15127
2026-04-21 23:27:07,392 WARNING High grad norm: 1254.37 at epoch=68 step=15128
2026-04-21 23:27:07,618 WARNING High grad norm: 1517.00 at epoch=68 step=15129
2026-04-21 23:27:07,841 WARNING High grad norm: 1184.23 at epoch=68 step=15130
2026-04-21 23:27:08,072 WARNING High grad norm: 1466.60 at epoch=68 step=15131
2026-04-21 23:27:08,294 WARNING High grad norm: 884.59 at epoch=68 step=15132
2026-04-21 23:27:08,523 WARNING High grad norm: 1027.62 at epoch=68 step=15133
2026-04-21 23:27:08,749 WARNING High grad norm: 634.08 at epoch=68 step=15134
2026-04-21 23:27:08,972 WARNING High grad norm: 1053.01 at epoch=68 step=15135
2026-04-21 23:27:09,194 WARNING High grad norm: 555.11 at epoch=68 step=15136
2026-04-21 23:27:09,415 WARNING High grad norm: 1199.86 at epoch=68 step=15137
2026-04-21 23:27:09,638 WARNING High grad norm: 966.29 at epoch=68 step=15138
2026-04-21 23:27:09,864 WARNING High grad norm: 940.51 at epoch=68 step=15139
2026-04-21 23:27:10,091 WARNING High grad norm: 1657.64 at epoch=68 step=15140
2026-04-21 23:27:10,313 WARNING High grad norm: 951.16 at epoch=68 step=15141
2026-04-21 23:27:10,538 WARNING High grad norm: 7931.72 at epoch=68 step=15142
2026-04-21 23:27:10,761 WARNING High grad norm: 1502.42 at epoch=68 step=15143
2026-04-21 23:27:10,984 WARNING High grad norm: 967.66 at epoch=68 step=15144
2026-04-21 23:27:11,208 WARNING High grad norm: 1127.74 at epoch=68 step=15145
2026-04-21 23:27:11,433 WARNING High grad norm: 672.78 at epoch=68 step=15146
2026-04-21 23:27:11,657 WARNING High grad norm: 1046.42 at epoch=68 step=15147
2026-04-21 23:27:11,881 WARNING High grad norm: 971.41 at epoch=68 step=15148
2026-04-21 23:27:12,107 WARNING High grad norm: 602.17 at epoch=68 step=15149
2026-04-21 23:27:12,330 WARNING High grad norm: 721.95 at epoch=68 step=15150
2026-04-21 23:27:12,561 WARNING High grad norm: 846.48 at epoch=68 step=15151
2026-04-21 23:27:12,785 WARNING High grad norm: 981.80 at epoch=68 step=15152
2026-04-21 23:27:13,008 WARNING High grad norm: 868.44 at epoch=68 step=15153
2026-04-21 23:27:13,231 WARNING High grad norm: 1076.01 at epoch=68 step=15154
2026-04-21 23:27:13,456 WARNING High grad norm: 1391.09 at epoch=68 step=15155
2026-04-21 23:27:13,678 WARNING High grad norm: 819.75 at epoch=68 step=15156
2026-04-21 23:27:13,908 WARNING High grad norm: 917.94 at epoch=68 step=15157
2026-04-21 23:27:14,132 WARNING High grad norm: 1202.46 at epoch=68 step=15158
2026-04-21 23:27:14,357 WARNING High grad norm: 1465.89 at epoch=68 step=15159
2026-04-21 23:27:14,581 WARNING High grad norm: 1042.83 at epoch=68 step=15160
2026-04-21 23:27:14,807 WARNING High grad norm: 1158.27 at epoch=68 step=15161
2026-04-21 23:27:15,029 WARNING High grad norm: 740.30 at epoch=68 step=15162
2026-04-21 23:27:15,180 WARNING High grad norm: 2504.57 at epoch=68 step=15163
2026-04-21 23:27:15,758 INFO epoch=68 avg_loss=484.9306 lr=1.00e-06
2026-04-21 23:27:30,270 WARNING High grad norm: 608.40 at epoch=69 step=15164
2026-04-21 23:27:30,491 WARNING High grad norm: 1143.83 at epoch=69 step=15165
2026-04-21 23:27:30,714 WARNING High grad norm: 2989.12 at epoch=69 step=15166
2026-04-21 23:27:30,935 WARNING High grad norm: 705.11 at epoch=69 step=15167
2026-04-21 23:27:31,157 WARNING High grad norm: 926.72 at epoch=69 step=15168
2026-04-21 23:27:31,379 WARNING High grad norm: 2092.89 at epoch=69 step=15169
2026-04-21 23:27:31,602 WARNING High grad norm: 1134.15 at epoch=69 step=15170
2026-04-21 23:27:31,826 WARNING High grad norm: 824.27 at epoch=69 step=15171
2026-04-21 23:27:32,046 WARNING High grad norm: 1025.71 at epoch=69 step=15172
2026-04-21 23:27:32,267 WARNING High grad norm: 2337.87 at epoch=69 step=15173
2026-04-21 23:27:32,492 WARNING High grad norm: 969.12 at epoch=69 step=15174
2026-04-21 23:27:32,712 WARNING High grad norm: 731.35 at epoch=69 step=15175
2026-04-21 23:27:32,932 WARNING High grad norm: 1964.88 at epoch=69 step=15176
2026-04-21 23:27:33,153 WARNING High grad norm: 1686.03 at epoch=69 step=15177
2026-04-21 23:27:33,376 WARNING High grad norm: 1026.76 at epoch=69 step=15178
2026-04-21 23:27:33,598 WARNING High grad norm: 1682.19 at epoch=69 step=15179
2026-04-21 23:27:33,820 WARNING High grad norm: 799.64 at epoch=69 step=15180
2026-04-21 23:27:34,045 WARNING High grad norm: 1199.59 at epoch=69 step=15181
2026-04-21 23:27:34,267 WARNING High grad norm: 743.75 at epoch=69 step=15182
2026-04-21 23:27:34,488 WARNING High grad norm: 655.62 at epoch=69 step=15183
2026-04-21 23:27:34,710 WARNING High grad norm: 1433.90 at epoch=69 step=15184
2026-04-21 23:27:34,931 WARNING High grad norm: 1369.71 at epoch=69 step=15185
2026-04-21 23:27:35,152 WARNING High grad norm: 1115.94 at epoch=69 step=15186
2026-04-21 23:27:35,374 WARNING High grad norm: 1084.91 at epoch=69 step=15187
2026-04-21 23:27:35,596 WARNING High grad norm: 1693.38 at epoch=69 step=15188
2026-04-21 23:27:35,820 WARNING High grad norm: 1206.64 at epoch=69 step=15189
2026-04-21 23:27:36,052 WARNING High grad norm: 707.05 at epoch=69 step=15190
2026-04-21 23:27:36,276 WARNING High grad norm: 1079.96 at epoch=69 step=15191
2026-04-21 23:27:36,504 WARNING High grad norm: 1074.52 at epoch=69 step=15192
2026-04-21 23:27:36,728 WARNING High grad norm: 701.75 at epoch=69 step=15193
2026-04-21 23:27:36,953 WARNING High grad norm: 675.52 at epoch=69 step=15194
2026-04-21 23:27:37,177 WARNING High grad norm: 703.76 at epoch=69 step=15195
2026-04-21 23:27:37,400 WARNING High grad norm: 879.99 at epoch=69 step=15196
2026-04-21 23:27:37,622 WARNING High grad norm: 1772.41 at epoch=69 step=15197
2026-04-21 23:27:37,846 WARNING High grad norm: 809.26 at epoch=69 step=15198
2026-04-21 23:27:38,068 WARNING High grad norm: 811.22 at epoch=69 step=15199
2026-04-21 23:27:38,087 INFO epoch=69 step=15200 loss=473.6960 grad_norm=811.2200 lr=1.00e-06
2026-04-21 23:27:38,302 WARNING High grad norm: 510.61 at epoch=69 step=15200
2026-04-21 23:27:38,524 WARNING High grad norm: 942.93 at epoch=69 step=15201
2026-04-21 23:27:38,746 WARNING High grad norm: 686.94 at epoch=69 step=15202
2026-04-21 23:27:38,968 WARNING High grad norm: 1882.63 at epoch=69 step=15203
2026-04-21 23:27:39,189 WARNING High grad norm: 692.04 at epoch=69 step=15204
2026-04-21 23:27:39,411 WARNING High grad norm: 1287.12 at epoch=69 step=15205
2026-04-21 23:27:39,637 WARNING High grad norm: 958.87 at epoch=69 step=15206
2026-04-21 23:27:39,858 WARNING High grad norm: 1463.19 at epoch=69 step=15207
2026-04-21 23:27:40,081 WARNING High grad norm: 578.02 at epoch=69 step=15208
2026-04-21 23:27:40,303 WARNING High grad norm: 1079.12 at epoch=69 step=15209
2026-04-21 23:27:40,524 WARNING High grad norm: 1128.98 at epoch=69 step=15210
2026-04-21 23:27:40,747 WARNING High grad norm: 1077.81 at epoch=69 step=15211
2026-04-21 23:27:40,969 WARNING High grad norm: 1278.66 at epoch=69 step=15212
2026-04-21 23:27:41,195 WARNING High grad norm: 1185.64 at epoch=69 step=15213
2026-04-21 23:27:41,416 WARNING High grad norm: 1147.37 at epoch=69 step=15214
2026-04-21 23:27:41,637 WARNING High grad norm: 717.71 at epoch=69 step=15215
2026-04-21 23:27:41,860 WARNING High grad norm: 727.07 at epoch=69 step=15216
2026-04-21 23:27:42,086 WARNING High grad norm: 1744.99 at epoch=69 step=15217
2026-04-21 23:27:42,310 WARNING High grad norm: 1868.86 at epoch=69 step=15218
2026-04-21 23:27:42,532 WARNING High grad norm: 890.29 at epoch=69 step=15219
2026-04-21 23:27:42,753 WARNING High grad norm: 750.62 at epoch=69 step=15220
2026-04-21 23:27:42,977 WARNING High grad norm: 1444.34 at epoch=69 step=15221
2026-04-21 23:27:43,202 WARNING High grad norm: 1067.54 at epoch=69 step=15222
2026-04-21 23:27:43,424 WARNING High grad norm: 901.38 at epoch=69 step=15223
2026-04-21 23:27:43,645 WARNING High grad norm: 1533.04 at epoch=69 step=15224
2026-04-21 23:27:43,876 WARNING High grad norm: 873.38 at epoch=69 step=15225
2026-04-21 23:27:44,100 WARNING High grad norm: 1033.50 at epoch=69 step=15226
2026-04-21 23:27:44,323 WARNING High grad norm: 1177.06 at epoch=69 step=15227
2026-04-21 23:27:44,545 WARNING High grad norm: 2088.01 at epoch=69 step=15228
2026-04-21 23:27:44,766 WARNING High grad norm: 644.55 at epoch=69 step=15229
2026-04-21 23:27:44,989 WARNING High grad norm: 1095.89 at epoch=69 step=15230
2026-04-21 23:27:45,216 WARNING High grad norm: 1055.44 at epoch=69 step=15231
2026-04-21 23:27:45,436 WARNING High grad norm: 1390.48 at epoch=69 step=15232
2026-04-21 23:27:45,658 WARNING High grad norm: 2034.83 at epoch=69 step=15233
2026-04-21 23:27:45,882 WARNING High grad norm: 2229.78 at epoch=69 step=15234
2026-04-21 23:27:46,104 WARNING High grad norm: 807.81 at epoch=69 step=15235
2026-04-21 23:27:46,325 WARNING High grad norm: 1969.07 at epoch=69 step=15236
2026-04-21 23:27:46,548 WARNING High grad norm: 761.32 at epoch=69 step=15237
2026-04-21 23:27:46,774 WARNING High grad norm: 1094.92 at epoch=69 step=15238
2026-04-21 23:27:47,001 WARNING High grad norm: 1741.35 at epoch=69 step=15239
2026-04-21 23:27:47,224 WARNING High grad norm: 569.79 at epoch=69 step=15240
2026-04-21 23:27:47,446 WARNING High grad norm: 1004.72 at epoch=69 step=15241
2026-04-21 23:27:47,667 WARNING High grad norm: 1085.93 at epoch=69 step=15242
2026-04-21 23:27:47,891 WARNING High grad norm: 564.06 at epoch=69 step=15243
2026-04-21 23:27:48,115 WARNING High grad norm: 2325.58 at epoch=69 step=15244
2026-04-21 23:27:48,340 WARNING High grad norm: 1679.81 at epoch=69 step=15245
2026-04-21 23:27:48,563 WARNING High grad norm: 1519.25 at epoch=69 step=15246
2026-04-21 23:27:48,785 WARNING High grad norm: 1126.26 at epoch=69 step=15247
2026-04-21 23:27:49,007 WARNING High grad norm: 1679.54 at epoch=69 step=15248
2026-04-21 23:27:49,231 WARNING High grad norm: 1329.43 at epoch=69 step=15249
2026-04-21 23:27:49,457 WARNING High grad norm: 816.45 at epoch=69 step=15250
2026-04-21 23:27:49,679 WARNING High grad norm: 944.07 at epoch=69 step=15251
2026-04-21 23:27:49,905 WARNING High grad norm: 809.80 at epoch=69 step=15252
2026-04-21 23:27:50,134 WARNING High grad norm: 639.52 at epoch=69 step=15253
2026-04-21 23:27:50,360 WARNING High grad norm: 622.52 at epoch=69 step=15254
2026-04-21 23:27:50,582 WARNING High grad norm: 816.43 at epoch=69 step=15255
2026-04-21 23:27:50,808 WARNING High grad norm: 1575.12 at epoch=69 step=15256
2026-04-21 23:27:51,032 WARNING High grad norm: 2045.62 at epoch=69 step=15257
2026-04-21 23:27:51,255 WARNING High grad norm: 1194.69 at epoch=69 step=15258
2026-04-21 23:27:51,479 WARNING High grad norm: 888.38 at epoch=69 step=15259
2026-04-21 23:27:51,711 WARNING High grad norm: 2179.25 at epoch=69 step=15260
2026-04-21 23:27:51,934 WARNING High grad norm: 831.31 at epoch=69 step=15261
2026-04-21 23:27:52,156 WARNING High grad norm: 2617.65 at epoch=69 step=15262
2026-04-21 23:27:52,382 WARNING High grad norm: 714.45 at epoch=69 step=15263
2026-04-21 23:27:52,605 WARNING High grad norm: 812.02 at epoch=69 step=15264
2026-04-21 23:27:52,827 WARNING High grad norm: 664.48 at epoch=69 step=15265
2026-04-21 23:27:53,050 WARNING High grad norm: 931.64 at epoch=69 step=15266
2026-04-21 23:27:53,274 WARNING High grad norm: 1870.47 at epoch=69 step=15267
2026-04-21 23:27:53,506 WARNING High grad norm: 2025.67 at epoch=69 step=15268
2026-04-21 23:27:53,729 WARNING High grad norm: 1910.82 at epoch=69 step=15269
2026-04-21 23:27:53,954 WARNING High grad norm: 846.76 at epoch=69 step=15270
2026-04-21 23:27:54,178 WARNING High grad norm: 583.64 at epoch=69 step=15271
2026-04-21 23:27:54,401 WARNING High grad norm: 908.60 at epoch=69 step=15272
2026-04-21 23:27:54,624 WARNING High grad norm: 1421.50 at epoch=69 step=15273
2026-04-21 23:27:54,845 WARNING High grad norm: 964.49 at epoch=69 step=15274
2026-04-21 23:27:55,070 WARNING High grad norm: 1218.91 at epoch=69 step=15275
2026-04-21 23:27:55,296 WARNING High grad norm: 810.25 at epoch=69 step=15276
2026-04-21 23:27:55,520 WARNING High grad norm: 740.62 at epoch=69 step=15277
2026-04-21 23:27:55,745 WARNING High grad norm: 1107.83 at epoch=69 step=15278
2026-04-21 23:27:55,972 WARNING High grad norm: 684.00 at epoch=69 step=15279
2026-04-21 23:27:56,194 WARNING High grad norm: 1540.19 at epoch=69 step=15280
2026-04-21 23:27:56,417 WARNING High grad norm: 3375.40 at epoch=69 step=15281
2026-04-21 23:27:56,642 WARNING High grad norm: 640.52 at epoch=69 step=15282
2026-04-21 23:27:56,865 WARNING High grad norm: 1553.53 at epoch=69 step=15283
2026-04-21 23:27:57,090 WARNING High grad norm: 1213.03 at epoch=69 step=15284
2026-04-21 23:27:57,313 WARNING High grad norm: 905.02 at epoch=69 step=15285
2026-04-21 23:27:57,539 WARNING High grad norm: 1404.70 at epoch=69 step=15286
2026-04-21 23:27:57,762 WARNING High grad norm: 1144.77 at epoch=69 step=15287
2026-04-21 23:27:57,989 WARNING High grad norm: 1718.99 at epoch=69 step=15288
2026-04-21 23:27:58,216 WARNING High grad norm: 1177.64 at epoch=69 step=15289
2026-04-21 23:27:58,437 WARNING High grad norm: 849.98 at epoch=69 step=15290
2026-04-21 23:27:58,660 WARNING High grad norm: 1451.49 at epoch=69 step=15291
2026-04-21 23:27:58,882 WARNING High grad norm: 961.23 at epoch=69 step=15292
2026-04-21 23:27:59,106 WARNING High grad norm: 2368.11 at epoch=69 step=15293
2026-04-21 23:27:59,327 WARNING High grad norm: 729.23 at epoch=69 step=15294
2026-04-21 23:27:59,551 WARNING High grad norm: 1092.16 at epoch=69 step=15295
2026-04-21 23:27:59,772 WARNING High grad norm: 568.37 at epoch=69 step=15296
2026-04-21 23:27:59,993 WARNING High grad norm: 1138.25 at epoch=69 step=15297
2026-04-21 23:28:00,216 WARNING High grad norm: 1171.25 at epoch=69 step=15298
2026-04-21 23:28:00,438 WARNING High grad norm: 911.00 at epoch=69 step=15299
2026-04-21 23:28:00,451 INFO epoch=69 step=15300 loss=472.4918 grad_norm=910.9979 lr=1.00e-06
2026-04-21 23:28:00,664 WARNING High grad norm: 598.70 at epoch=69 step=15300
2026-04-21 23:28:00,885 WARNING High grad norm: 870.49 at epoch=69 step=15301
2026-04-21 23:28:01,108 WARNING High grad norm: 1168.59 at epoch=69 step=15302
2026-04-21 23:28:01,333 WARNING High grad norm: 629.80 at epoch=69 step=15303
2026-04-21 23:28:01,561 WARNING High grad norm: 1094.28 at epoch=69 step=15304
2026-04-21 23:28:01,783 WARNING High grad norm: 892.65 at epoch=69 step=15305
2026-04-21 23:28:02,009 WARNING High grad norm: 689.79 at epoch=69 step=15306
2026-04-21 23:28:02,239 WARNING High grad norm: 1462.06 at epoch=69 step=15307
2026-04-21 23:28:02,464 WARNING High grad norm: 811.57 at epoch=69 step=15308
2026-04-21 23:28:02,686 WARNING High grad norm: 1212.42 at epoch=69 step=15309
2026-04-21 23:28:02,908 WARNING High grad norm: 1221.75 at epoch=69 step=15310
2026-04-21 23:28:03,133 WARNING High grad norm: 1879.94 at epoch=69 step=15311
2026-04-21 23:28:03,356 WARNING High grad norm: 1215.40 at epoch=69 step=15312
2026-04-21 23:28:03,584 WARNING High grad norm: 896.78 at epoch=69 step=15313
2026-04-21 23:28:03,807 WARNING High grad norm: 1345.44 at epoch=69 step=15314
2026-04-21 23:28:04,029 WARNING High grad norm: 748.16 at epoch=69 step=15315
2026-04-21 23:28:04,252 WARNING High grad norm: 1583.71 at epoch=69 step=15316
2026-04-21 23:28:04,475 WARNING High grad norm: 1358.37 at epoch=69 step=15317
2026-04-21 23:28:04,698 WARNING High grad norm: 632.38 at epoch=69 step=15318
2026-04-21 23:28:04,923 WARNING High grad norm: 1219.32 at epoch=69 step=15319
2026-04-21 23:28:05,149 WARNING High grad norm: 979.72 at epoch=69 step=15320
2026-04-21 23:28:05,373 WARNING High grad norm: 2000.12 at epoch=69 step=15321
2026-04-21 23:28:05,595 WARNING High grad norm: 891.81 at epoch=69 step=15322
2026-04-21 23:28:05,823 WARNING High grad norm: 1223.08 at epoch=69 step=15323
2026-04-21 23:28:06,046 WARNING High grad norm: 1085.09 at epoch=69 step=15324
2026-04-21 23:28:06,274 WARNING High grad norm: 1620.82 at epoch=69 step=15325
2026-04-21 23:28:06,496 WARNING High grad norm: 789.33 at epoch=69 step=15326
2026-04-21 23:28:06,719 WARNING High grad norm: 1331.81 at epoch=69 step=15327
2026-04-21 23:28:06,943 WARNING High grad norm: 1349.34 at epoch=69 step=15328
2026-04-21 23:28:07,166 WARNING High grad norm: 610.77 at epoch=69 step=15329
2026-04-21 23:28:07,389 WARNING High grad norm: 1257.22 at epoch=69 step=15330
2026-04-21 23:28:07,613 WARNING High grad norm: 1315.12 at epoch=69 step=15331
2026-04-21 23:28:07,838 WARNING High grad norm: 1507.69 at epoch=69 step=15332
2026-04-21 23:28:08,063 WARNING High grad norm: 1310.68 at epoch=69 step=15333
2026-04-21 23:28:08,288 WARNING High grad norm: 1776.93 at epoch=69 step=15334
2026-04-21 23:28:08,514 WARNING High grad norm: 805.44 at epoch=69 step=15335
2026-04-21 23:28:08,738 WARNING High grad norm: 1314.67 at epoch=69 step=15336
2026-04-21 23:28:08,961 WARNING High grad norm: 852.45 at epoch=69 step=15337
2026-04-21 23:28:09,184 WARNING High grad norm: 828.25 at epoch=69 step=15338
2026-04-21 23:28:09,409 WARNING High grad norm: 1909.90 at epoch=69 step=15339
2026-04-21 23:28:09,632 WARNING High grad norm: 964.13 at epoch=69 step=15340
2026-04-21 23:28:09,852 WARNING High grad norm: 675.91 at epoch=69 step=15341
2026-04-21 23:28:10,075 WARNING High grad norm: 1632.55 at epoch=69 step=15342
2026-04-21 23:28:10,301 WARNING High grad norm: 1139.34 at epoch=69 step=15343
2026-04-21 23:28:10,523 WARNING High grad norm: 1170.34 at epoch=69 step=15344
2026-04-21 23:28:10,745 WARNING High grad norm: 898.07 at epoch=69 step=15345
2026-04-21 23:28:10,966 WARNING High grad norm: 735.20 at epoch=69 step=15346
2026-04-21 23:28:11,190 WARNING High grad norm: 863.99 at epoch=69 step=15347
2026-04-21 23:28:11,411 WARNING High grad norm: 787.79 at epoch=69 step=15348
2026-04-21 23:28:11,637 WARNING High grad norm: 1641.95 at epoch=69 step=15349
2026-04-21 23:28:11,862 WARNING High grad norm: 821.75 at epoch=69 step=15350
2026-04-21 23:28:12,085 WARNING High grad norm: 817.81 at epoch=69 step=15351
2026-04-21 23:28:12,314 WARNING High grad norm: 809.51 at epoch=69 step=15352
2026-04-21 23:28:12,538 WARNING High grad norm: 1188.03 at epoch=69 step=15353
2026-04-21 23:28:12,767 WARNING High grad norm: 1055.27 at epoch=69 step=15354
2026-04-21 23:28:12,994 WARNING High grad norm: 567.23 at epoch=69 step=15355
2026-04-21 23:28:13,217 WARNING High grad norm: 951.29 at epoch=69 step=15356
2026-04-21 23:28:13,439 WARNING High grad norm: 894.50 at epoch=69 step=15357
2026-04-21 23:28:13,664 WARNING High grad norm: 788.47 at epoch=69 step=15358
2026-04-21 23:28:13,890 WARNING High grad norm: 1335.68 at epoch=69 step=15359
2026-04-21 23:28:14,113 WARNING High grad norm: 1544.49 at epoch=69 step=15360
2026-04-21 23:28:14,334 WARNING High grad norm: 1467.40 at epoch=69 step=15361
2026-04-21 23:28:14,557 WARNING High grad norm: 602.18 at epoch=69 step=15362
2026-04-21 23:28:14,780 WARNING High grad norm: 1282.72 at epoch=69 step=15363
2026-04-21 23:28:15,003 WARNING High grad norm: 607.07 at epoch=69 step=15364
2026-04-21 23:28:15,225 WARNING High grad norm: 811.78 at epoch=69 step=15365
2026-04-21 23:28:15,455 WARNING High grad norm: 1972.76 at epoch=69 step=15366
2026-04-21 23:28:15,678 WARNING High grad norm: 873.42 at epoch=69 step=15367
2026-04-21 23:28:15,902 WARNING High grad norm: 969.59 at epoch=69 step=15368
2026-04-21 23:28:16,125 WARNING High grad norm: 1244.87 at epoch=69 step=15369
2026-04-21 23:28:16,348 WARNING High grad norm: 781.77 at epoch=69 step=15370
2026-04-21 23:28:16,570 WARNING High grad norm: 1611.87 at epoch=69 step=15371
2026-04-21 23:28:16,794 WARNING High grad norm: 770.92 at epoch=69 step=15372
2026-04-21 23:28:17,020 WARNING High grad norm: 1136.85 at epoch=69 step=15373
2026-04-21 23:28:17,245 WARNING High grad norm: 855.37 at epoch=69 step=15374
2026-04-21 23:28:17,468 WARNING High grad norm: 1309.69 at epoch=69 step=15375
2026-04-21 23:28:17,691 WARNING High grad norm: 849.54 at epoch=69 step=15376
2026-04-21 23:28:17,916 WARNING High grad norm: 921.18 at epoch=69 step=15377
2026-04-21 23:28:18,140 WARNING High grad norm: 861.60 at epoch=69 step=15378
2026-04-21 23:28:18,363 WARNING High grad norm: 974.88 at epoch=69 step=15379
2026-04-21 23:28:18,585 WARNING High grad norm: 594.55 at epoch=69 step=15380
2026-04-21 23:28:18,810 WARNING High grad norm: 2391.78 at epoch=69 step=15381
2026-04-21 23:28:19,037 WARNING High grad norm: 853.39 at epoch=69 step=15382
2026-04-21 23:28:19,261 WARNING High grad norm: 770.56 at epoch=69 step=15383
2026-04-21 23:28:19,484 WARNING High grad norm: 786.44 at epoch=69 step=15384
2026-04-21 23:28:19,709 WARNING High grad norm: 1043.69 at epoch=69 step=15385
2026-04-21 23:28:19,860 WARNING High grad norm: 973.68 at epoch=69 step=15386
2026-04-21 23:28:20,451 INFO epoch=69 avg_loss=480.3435 lr=1.00e-06
2026-04-21 23:28:34,581 WARNING High grad norm: 567.64 at epoch=70 step=15387
2026-04-21 23:28:34,802 WARNING High grad norm: 1413.11 at epoch=70 step=15388
2026-04-21 23:28:35,025 WARNING High grad norm: 1338.82 at epoch=70 step=15389
2026-04-21 23:28:35,249 WARNING High grad norm: 791.38 at epoch=70 step=15390
2026-04-21 23:28:35,474 WARNING High grad norm: 1475.18 at epoch=70 step=15391
2026-04-21 23:28:35,699 WARNING High grad norm: 762.05 at epoch=70 step=15392
2026-04-21 23:28:35,926 WARNING High grad norm: 841.55 at epoch=70 step=15393
2026-04-21 23:28:36,149 WARNING High grad norm: 562.07 at epoch=70 step=15394
2026-04-21 23:28:36,375 WARNING High grad norm: 1042.56 at epoch=70 step=15395
2026-04-21 23:28:36,597 WARNING High grad norm: 945.09 at epoch=70 step=15396
2026-04-21 23:28:36,819 WARNING High grad norm: 1245.35 at epoch=70 step=15397
2026-04-21 23:28:37,042 WARNING High grad norm: 958.91 at epoch=70 step=15398
2026-04-21 23:28:37,265 WARNING High grad norm: 1297.75 at epoch=70 step=15399
2026-04-21 23:28:37,277 INFO epoch=70 step=15400 loss=498.9906 grad_norm=1297.7510 lr=1.00e-06
2026-04-21 23:28:37,492 WARNING High grad norm: 1165.44 at epoch=70 step=15400
2026-04-21 23:28:37,712 WARNING High grad norm: 1104.27 at epoch=70 step=15401
2026-04-21 23:28:37,934 WARNING High grad norm: 1420.70 at epoch=70 step=15402
2026-04-21 23:28:38,156 WARNING High grad norm: 607.39 at epoch=70 step=15403
2026-04-21 23:28:38,379 WARNING High grad norm: 737.94 at epoch=70 step=15404
2026-04-21 23:28:38,606 WARNING High grad norm: 613.50 at epoch=70 step=15405
2026-04-21 23:28:38,829 WARNING High grad norm: 800.71 at epoch=70 step=15406
2026-04-21 23:28:39,051 WARNING High grad norm: 1024.72 at epoch=70 step=15407
2026-04-21 23:28:39,272 WARNING High grad norm: 844.86 at epoch=70 step=15408
2026-04-21 23:28:39,492 WARNING High grad norm: 708.27 at epoch=70 step=15409
2026-04-21 23:28:39,715 WARNING High grad norm: 527.45 at epoch=70 step=15410
2026-04-21 23:28:39,936 WARNING High grad norm: 952.45 at epoch=70 step=15411
2026-04-21 23:28:40,159 WARNING High grad norm: 597.88 at epoch=70 step=15412
2026-04-21 23:28:40,381 WARNING High grad norm: 1231.64 at epoch=70 step=15413
2026-04-21 23:28:40,603 WARNING High grad norm: 861.47 at epoch=70 step=15414
2026-04-21 23:28:40,824 WARNING High grad norm: 620.16 at epoch=70 step=15415
2026-04-21 23:28:41,048 WARNING High grad norm: 886.86 at epoch=70 step=15416
2026-04-21 23:28:41,270 WARNING High grad norm: 941.19 at epoch=70 step=15417
2026-04-21 23:28:41,493 WARNING High grad norm: 729.92 at epoch=70 step=15418
2026-04-21 23:28:41,715 WARNING High grad norm: 1637.29 at epoch=70 step=15419
2026-04-21 23:28:41,945 WARNING High grad norm: 459.68 at epoch=70 step=15420
2026-04-21 23:28:42,167 WARNING High grad norm: 644.70 at epoch=70 step=15421
2026-04-21 23:28:42,389 WARNING High grad norm: 787.08 at epoch=70 step=15422
2026-04-21 23:28:42,611 WARNING High grad norm: 1584.85 at epoch=70 step=15423
2026-04-21 23:28:42,832 WARNING High grad norm: 1349.07 at epoch=70 step=15424
2026-04-21 23:28:43,056 WARNING High grad norm: 869.98 at epoch=70 step=15425
2026-04-21 23:28:43,279 WARNING High grad norm: 868.97 at epoch=70 step=15426
2026-04-21 23:28:43,507 WARNING High grad norm: 1426.07 at epoch=70 step=15427
2026-04-21 23:28:43,730 WARNING High grad norm: 1320.27 at epoch=70 step=15428
2026-04-21 23:28:43,952 WARNING High grad norm: 548.86 at epoch=70 step=15429
2026-04-21 23:28:44,173 WARNING High grad norm: 1826.52 at epoch=70 step=15430
2026-04-21 23:28:44,396 WARNING High grad norm: 789.30 at epoch=70 step=15431
2026-04-21 23:28:44,626 WARNING High grad norm: 482.90 at epoch=70 step=15432
2026-04-21 23:28:44,847 WARNING High grad norm: 1186.56 at epoch=70 step=15433
2026-04-21 23:28:45,069 WARNING High grad norm: 889.98 at epoch=70 step=15434
2026-04-21 23:28:45,292 WARNING High grad norm: 653.44 at epoch=70 step=15435
2026-04-21 23:28:45,514 WARNING High grad norm: 922.29 at epoch=70 step=15436
2026-04-21 23:28:45,736 WARNING High grad norm: 853.38 at epoch=70 step=15437
2026-04-21 23:28:45,957 WARNING High grad norm: 1755.36 at epoch=70 step=15438
2026-04-21 23:28:46,180 WARNING High grad norm: 1966.67 at epoch=70 step=15439
2026-04-21 23:28:46,403 WARNING High grad norm: 658.31 at epoch=70 step=15440
2026-04-21 23:28:46,627 WARNING High grad norm: 811.27 at epoch=70 step=15441
2026-04-21 23:28:46,849 WARNING High grad norm: 698.39 at epoch=70 step=15442
2026-04-21 23:28:47,072 WARNING High grad norm: 861.95 at epoch=70 step=15443
2026-04-21 23:28:47,293 WARNING High grad norm: 838.16 at epoch=70 step=15444
2026-04-21 23:28:47,516 WARNING High grad norm: 1258.69 at epoch=70 step=15445
2026-04-21 23:28:47,738 WARNING High grad norm: 728.24 at epoch=70 step=15446
2026-04-21 23:28:47,960 WARNING High grad norm: 1126.52 at epoch=70 step=15447
2026-04-21 23:28:48,189 WARNING High grad norm: 1902.37 at epoch=70 step=15448
2026-04-21 23:28:48,411 WARNING High grad norm: 1679.98 at epoch=70 step=15449
2026-04-21 23:28:48,633 WARNING High grad norm: 1642.79 at epoch=70 step=15450
2026-04-21 23:28:48,856 WARNING High grad norm: 1403.56 at epoch=70 step=15451
2026-04-21 23:28:49,080 WARNING High grad norm: 1079.86 at epoch=70 step=15452
2026-04-21 23:28:49,303 WARNING High grad norm: 1183.94 at epoch=70 step=15453
2026-04-21 23:28:49,528 WARNING High grad norm: 757.44 at epoch=70 step=15454
2026-04-21 23:28:49,753 WARNING High grad norm: 2133.32 at epoch=70 step=15455
2026-04-21 23:28:49,975 WARNING High grad norm: 1259.28 at epoch=70 step=15456
2026-04-21 23:28:50,199 WARNING High grad norm: 1001.61 at epoch=70 step=15457
2026-04-21 23:28:50,421 WARNING High grad norm: 1060.21 at epoch=70 step=15458
2026-04-21 23:28:50,644 WARNING High grad norm: 1050.47 at epoch=70 step=15459
2026-04-21 23:28:50,865 WARNING High grad norm: 1330.39 at epoch=70 step=15460
2026-04-21 23:28:51,091 WARNING High grad norm: 5654.76 at epoch=70 step=15461
2026-04-21 23:28:51,313 WARNING High grad norm: 1462.55 at epoch=70 step=15462
2026-04-21 23:28:51,534 WARNING High grad norm: 1012.16 at epoch=70 step=15463
2026-04-21 23:28:51,761 WARNING High grad norm: 2153.54 at epoch=70 step=15464
2026-04-21 23:28:51,983 WARNING High grad norm: 2036.73 at epoch=70 step=15465
2026-04-21 23:28:52,208 WARNING High grad norm: 1627.53 at epoch=70 step=15466
2026-04-21 23:28:52,431 WARNING High grad norm: 739.07 at epoch=70 step=15467
2026-04-21 23:28:52,655 WARNING High grad norm: 1085.62 at epoch=70 step=15468
2026-04-21 23:28:52,877 WARNING High grad norm: 1228.47 at epoch=70 step=15469
2026-04-21 23:28:53,108 WARNING High grad norm: 1797.64 at epoch=70 step=15470
2026-04-21 23:28:53,329 WARNING High grad norm: 859.17 at epoch=70 step=15471
2026-04-21 23:28:53,560 WARNING High grad norm: 1600.01 at epoch=70 step=15472
2026-04-21 23:28:53,781 WARNING High grad norm: 1606.84 at epoch=70 step=15473
2026-04-21 23:28:54,004 WARNING High grad norm: 1724.95 at epoch=70 step=15474
2026-04-21 23:28:54,226 WARNING High grad norm: 1387.35 at epoch=70 step=15475
2026-04-21 23:28:54,456 WARNING High grad norm: 1109.59 at epoch=70 step=15476
2026-04-21 23:28:54,678 WARNING High grad norm: 727.46 at epoch=70 step=15477
2026-04-21 23:28:54,901 WARNING High grad norm: 854.19 at epoch=70 step=15478
2026-04-21 23:28:55,123 WARNING High grad norm: 1248.36 at epoch=70 step=15479
2026-04-21 23:28:55,346 WARNING High grad norm: 1054.63 at epoch=70 step=15480
2026-04-21 23:28:55,567 WARNING High grad norm: 939.44 at epoch=70 step=15481
2026-04-21 23:28:55,790 WARNING High grad norm: 890.09 at epoch=70 step=15482
2026-04-21 23:28:56,010 WARNING High grad norm: 1147.68 at epoch=70 step=15483
2026-04-21 23:28:56,232 WARNING High grad norm: 706.88 at epoch=70 step=15484
2026-04-21 23:28:56,455 WARNING High grad norm: 935.57 at epoch=70 step=15485
2026-04-21 23:28:56,678 WARNING High grad norm: 808.38 at epoch=70 step=15486
2026-04-21 23:28:56,904 WARNING High grad norm: 882.62 at epoch=70 step=15487
2026-04-21 23:28:57,126 WARNING High grad norm: 948.31 at epoch=70 step=15488
2026-04-21 23:28:57,347 WARNING High grad norm: 735.21 at epoch=70 step=15489
2026-04-21 23:28:57,571 WARNING High grad norm: 2549.89 at epoch=70 step=15490
2026-04-21 23:28:57,800 WARNING High grad norm: 1161.79 at epoch=70 step=15491
2026-04-21 23:28:58,024 WARNING High grad norm: 498.07 at epoch=70 step=15492
2026-04-21 23:28:58,246 WARNING High grad norm: 870.21 at epoch=70 step=15493
2026-04-21 23:28:58,472 WARNING High grad norm: 870.95 at epoch=70 step=15494
2026-04-21 23:28:58,694 WARNING High grad norm: 1490.09 at epoch=70 step=15495
2026-04-21 23:28:58,915 WARNING High grad norm: 695.51 at epoch=70 step=15496
2026-04-21 23:28:59,140 WARNING High grad norm: 1029.61 at epoch=70 step=15497
2026-04-21 23:28:59,362 WARNING High grad norm: 1178.41 at epoch=70 step=15498
2026-04-21 23:28:59,584 WARNING High grad norm: 937.04 at epoch=70 step=15499
2026-04-21 23:28:59,600 INFO epoch=70 step=15500 loss=484.7648 grad_norm=937.0438 lr=1.00e-06
2026-04-21 23:28:59,814 WARNING High grad norm: 1762.75 at epoch=70 step=15500
2026-04-21 23:29:00,038 WARNING High grad norm: 2420.89 at epoch=70 step=15501
2026-04-21 23:29:00,260 WARNING High grad norm: 2387.72 at epoch=70 step=15502
2026-04-21 23:29:00,482 WARNING High grad norm: 1533.33 at epoch=70 step=15503
2026-04-21 23:29:00,704 WARNING High grad norm: 939.39 at epoch=70 step=15504
2026-04-21 23:29:00,926 WARNING High grad norm: 1371.27 at epoch=70 step=15505
2026-04-21 23:29:01,152 WARNING High grad norm: 436.50 at epoch=70 step=15506
2026-04-21 23:29:01,374 WARNING High grad norm: 1136.99 at epoch=70 step=15507
2026-04-21 23:29:01,597 WARNING High grad norm: 1117.32 at epoch=70 step=15508
2026-04-21 23:29:01,825 WARNING High grad norm: 3190.08 at epoch=70 step=15509
2026-04-21 23:29:02,054 WARNING High grad norm: 1234.55 at epoch=70 step=15510
2026-04-21 23:29:02,284 WARNING High grad norm: 2144.26 at epoch=70 step=15511
2026-04-21 23:29:02,514 WARNING High grad norm: 1958.27 at epoch=70 step=15512
2026-04-21 23:29:02,736 WARNING High grad norm: 2322.80 at epoch=70 step=15513
2026-04-21 23:29:02,957 WARNING High grad norm: 744.98 at epoch=70 step=15514
2026-04-21 23:29:03,188 WARNING High grad norm: 541.32 at epoch=70 step=15515
2026-04-21 23:29:03,417 WARNING High grad norm: 2093.79 at epoch=70 step=15516
2026-04-21 23:29:03,640 WARNING High grad norm: 747.81 at epoch=70 step=15517
2026-04-21 23:29:03,863 WARNING High grad norm: 1261.48 at epoch=70 step=15518
2026-04-21 23:29:04,089 WARNING High grad norm: 1706.46 at epoch=70 step=15519
2026-04-21 23:29:04,311 WARNING High grad norm: 1400.43 at epoch=70 step=15520
2026-04-21 23:29:04,533 WARNING High grad norm: 2696.26 at epoch=70 step=15521
2026-04-21 23:29:04,755 WARNING High grad norm: 2780.60 at epoch=70 step=15522
2026-04-21 23:29:04,983 WARNING High grad norm: 957.70 at epoch=70 step=15523
2026-04-21 23:29:05,208 WARNING High grad norm: 1269.40 at epoch=70 step=15524
2026-04-21 23:29:05,431 WARNING High grad norm: 1438.02 at epoch=70 step=15525
2026-04-21 23:29:05,664 WARNING High grad norm: 991.19 at epoch=70 step=15526
2026-04-21 23:29:05,888 WARNING High grad norm: 1117.95 at epoch=70 step=15527
2026-04-21 23:29:06,115 WARNING High grad norm: 2007.65 at epoch=70 step=15528
2026-04-21 23:29:06,344 WARNING High grad norm: 1293.46 at epoch=70 step=15529
2026-04-21 23:29:06,568 WARNING High grad norm: 436.47 at epoch=70 step=15530
2026-04-21 23:29:06,794 WARNING High grad norm: 911.32 at epoch=70 step=15531
2026-04-21 23:29:07,016 WARNING High grad norm: 1651.77 at epoch=70 step=15532
2026-04-21 23:29:07,239 WARNING High grad norm: 1206.58 at epoch=70 step=15533
2026-04-21 23:29:07,462 WARNING High grad norm: 1419.04 at epoch=70 step=15534
2026-04-21 23:29:07,683 WARNING High grad norm: 1020.22 at epoch=70 step=15535
2026-04-21 23:29:07,911 WARNING High grad norm: 951.22 at epoch=70 step=15536
2026-04-21 23:29:08,135 WARNING High grad norm: 952.74 at epoch=70 step=15537
2026-04-21 23:29:08,363 WARNING High grad norm: 894.24 at epoch=70 step=15538
2026-04-21 23:29:08,589 WARNING High grad norm: 973.75 at epoch=70 step=15539
2026-04-21 23:29:08,811 WARNING High grad norm: 626.68 at epoch=70 step=15540
2026-04-21 23:29:09,033 WARNING High grad norm: 809.51 at epoch=70 step=15541
2026-04-21 23:29:09,258 WARNING High grad norm: 882.32 at epoch=70 step=15542
2026-04-21 23:29:09,480 WARNING High grad norm: 642.65 at epoch=70 step=15543
2026-04-21 23:29:09,702 WARNING High grad norm: 2034.11 at epoch=70 step=15544
2026-04-21 23:29:09,926 WARNING High grad norm: 983.62 at epoch=70 step=15545
2026-04-21 23:29:10,148 WARNING High grad norm: 1871.58 at epoch=70 step=15546
2026-04-21 23:29:10,370 WARNING High grad norm: 1501.87 at epoch=70 step=15547
2026-04-21 23:29:10,592 WARNING High grad norm: 1812.08 at epoch=70 step=15548
2026-04-21 23:29:10,820 WARNING High grad norm: 776.71 at epoch=70 step=15549
2026-04-21 23:29:11,042 WARNING High grad norm: 2279.96 at epoch=70 step=15550
2026-04-21 23:29:11,265 WARNING High grad norm: 1418.65 at epoch=70 step=15551
2026-04-21 23:29:11,488 WARNING High grad norm: 1384.01 at epoch=70 step=15552
2026-04-21 23:29:11,710 WARNING High grad norm: 1702.77 at epoch=70 step=15553
2026-04-21 23:29:11,935 WARNING High grad norm: 1186.35 at epoch=70 step=15554
2026-04-21 23:29:12,158 WARNING High grad norm: 879.83 at epoch=70 step=15555
2026-04-21 23:29:12,380 WARNING High grad norm: 733.02 at epoch=70 step=15556
2026-04-21 23:29:12,603 WARNING High grad norm: 1713.80 at epoch=70 step=15557
2026-04-21 23:29:12,826 WARNING High grad norm: 936.35 at epoch=70 step=15558
2026-04-21 23:29:13,049 WARNING High grad norm: 654.74 at epoch=70 step=15559
2026-04-21 23:29:13,271 WARNING High grad norm: 664.70 at epoch=70 step=15560
2026-04-21 23:29:13,492 WARNING High grad norm: 1062.59 at epoch=70 step=15561
2026-04-21 23:29:13,715 WARNING High grad norm: 1873.38 at epoch=70 step=15562
2026-04-21 23:29:13,937 WARNING High grad norm: 754.37 at epoch=70 step=15563
2026-04-21 23:29:14,160 WARNING High grad norm: 661.27 at epoch=70 step=15564
2026-04-21 23:29:14,386 WARNING High grad norm: 568.02 at epoch=70 step=15565
2026-04-21 23:29:14,608 WARNING High grad norm: 1045.36 at epoch=70 step=15566
2026-04-21 23:29:14,831 WARNING High grad norm: 610.91 at epoch=70 step=15567
2026-04-21 23:29:15,052 WARNING High grad norm: 832.58 at epoch=70 step=15568
2026-04-21 23:29:15,274 WARNING High grad norm: 1578.57 at epoch=70 step=15569
2026-04-21 23:29:15,496 WARNING High grad norm: 1297.82 at epoch=70 step=15570
2026-04-21 23:29:15,729 WARNING High grad norm: 1403.58 at epoch=70 step=15571
2026-04-21 23:29:15,952 WARNING High grad norm: 577.29 at epoch=70 step=15572
2026-04-21 23:29:16,176 WARNING High grad norm: 1301.20 at epoch=70 step=15573
2026-04-21 23:29:16,398 WARNING High grad norm: 1093.65 at epoch=70 step=15574
2026-04-21 23:29:16,627 WARNING High grad norm: 1145.00 at epoch=70 step=15575
2026-04-21 23:29:16,854 WARNING High grad norm: 1313.65 at epoch=70 step=15576
2026-04-21 23:29:17,077 WARNING High grad norm: 778.20 at epoch=70 step=15577
2026-04-21 23:29:17,302 WARNING High grad norm: 1118.64 at epoch=70 step=15578
2026-04-21 23:29:17,525 WARNING High grad norm: 699.58 at epoch=70 step=15579
2026-04-21 23:29:17,747 WARNING High grad norm: 888.96 at epoch=70 step=15580
2026-04-21 23:29:17,970 WARNING High grad norm: 920.35 at epoch=70 step=15581
2026-04-21 23:29:18,193 WARNING High grad norm: 765.66 at epoch=70 step=15582
2026-04-21 23:29:18,414 WARNING High grad norm: 1548.34 at epoch=70 step=15583
2026-04-21 23:29:18,638 WARNING High grad norm: 708.66 at epoch=70 step=15584
2026-04-21 23:29:18,862 WARNING High grad norm: 2669.44 at epoch=70 step=15585
2026-04-21 23:29:19,084 WARNING High grad norm: 803.91 at epoch=70 step=15586
2026-04-21 23:29:19,308 WARNING High grad norm: 672.94 at epoch=70 step=15587
2026-04-21 23:29:19,531 WARNING High grad norm: 1292.53 at epoch=70 step=15588
2026-04-21 23:29:19,754 WARNING High grad norm: 661.12 at epoch=70 step=15589
2026-04-21 23:29:19,976 WARNING High grad norm: 1271.23 at epoch=70 step=15590
2026-04-21 23:29:20,200 WARNING High grad norm: 718.40 at epoch=70 step=15591
2026-04-21 23:29:20,426 WARNING High grad norm: 1295.12 at epoch=70 step=15592
2026-04-21 23:29:20,650 WARNING High grad norm: 1414.84 at epoch=70 step=15593
2026-04-21 23:29:20,875 WARNING High grad norm: 727.76 at epoch=70 step=15594
2026-04-21 23:29:21,098 WARNING High grad norm: 994.20 at epoch=70 step=15595
2026-04-21 23:29:21,321 WARNING High grad norm: 2154.11 at epoch=70 step=15596
2026-04-21 23:29:21,543 WARNING High grad norm: 1467.60 at epoch=70 step=15597
2026-04-21 23:29:21,772 WARNING High grad norm: 2083.46 at epoch=70 step=15598
2026-04-21 23:29:21,994 WARNING High grad norm: 940.32 at epoch=70 step=15599
2026-04-21 23:29:22,004 INFO epoch=70 step=15600 loss=484.4179 grad_norm=940.3235 lr=1.00e-06
2026-04-21 23:29:22,219 WARNING High grad norm: 667.10 at epoch=70 step=15600
2026-04-21 23:29:22,448 WARNING High grad norm: 712.02 at epoch=70 step=15601
2026-04-21 23:29:22,682 WARNING High grad norm: 1019.33 at epoch=70 step=15602
2026-04-21 23:29:22,905 WARNING High grad norm: 668.55 at epoch=70 step=15603
2026-04-21 23:29:23,128 WARNING High grad norm: 1053.63 at epoch=70 step=15604
2026-04-21 23:29:23,363 WARNING High grad norm: 687.77 at epoch=70 step=15605
2026-04-21 23:29:23,595 WARNING High grad norm: 1525.21 at epoch=70 step=15606
2026-04-21 23:29:23,825 WARNING High grad norm: 1254.32 at epoch=70 step=15607
2026-04-21 23:29:24,054 WARNING High grad norm: 1097.30 at epoch=70 step=15608
2026-04-21 23:29:24,209 WARNING High grad norm: 1673.39 at epoch=70 step=15609
2026-04-21 23:29:24,855 INFO epoch=70 avg_loss=484.3638 lr=1.00e-06
2026-04-21 23:29:31,857 INFO Saved checkpoint to C:\Users\artun\Desktop\ITS-project\checkpoints\score_fmnist_v2\score_epoch_0070.pt
2026-04-21 23:29:46,915 WARNING High grad norm: 1090.07 at epoch=71 step=15610
2026-04-21 23:29:47,135 WARNING High grad norm: 1111.84 at epoch=71 step=15611
2026-04-21 23:29:47,358 WARNING High grad norm: 804.68 at epoch=71 step=15612
2026-04-21 23:29:47,581 WARNING High grad norm: 2273.52 at epoch=71 step=15613
2026-04-21 23:29:47,801 WARNING High grad norm: 590.79 at epoch=71 step=15614
2026-04-21 23:29:48,026 WARNING High grad norm: 1314.02 at epoch=71 step=15615
2026-04-21 23:29:48,247 WARNING High grad norm: 1124.98 at epoch=71 step=15616
2026-04-21 23:29:48,468 WARNING High grad norm: 501.54 at epoch=71 step=15617
2026-04-21 23:29:48,688 WARNING High grad norm: 816.19 at epoch=71 step=15618
2026-04-21 23:29:48,910 WARNING High grad norm: 615.02 at epoch=71 step=15619
2026-04-21 23:29:49,133 WARNING High grad norm: 2807.06 at epoch=71 step=15620
2026-04-21 23:29:49,355 WARNING High grad norm: 801.21 at epoch=71 step=15621
2026-04-21 23:29:49,579 WARNING High grad norm: 629.96 at epoch=71 step=15622
2026-04-21 23:29:49,801 WARNING High grad norm: 1030.59 at epoch=71 step=15623
2026-04-21 23:29:50,022 WARNING High grad norm: 956.51 at epoch=71 step=15624
2026-04-21 23:29:50,243 WARNING High grad norm: 1202.90 at epoch=71 step=15625
2026-04-21 23:29:50,463 WARNING High grad norm: 597.19 at epoch=71 step=15626
2026-04-21 23:29:50,684 WARNING High grad norm: 1253.91 at epoch=71 step=15627
2026-04-21 23:29:50,906 WARNING High grad norm: 630.72 at epoch=71 step=15628
2026-04-21 23:29:51,127 WARNING High grad norm: 1474.96 at epoch=71 step=15629
2026-04-21 23:29:51,353 WARNING High grad norm: 1210.81 at epoch=71 step=15630
2026-04-21 23:29:51,580 WARNING High grad norm: 2748.96 at epoch=71 step=15631
2026-04-21 23:29:51,817 WARNING High grad norm: 1061.82 at epoch=71 step=15632
2026-04-21 23:29:52,042 WARNING High grad norm: 1141.07 at epoch=71 step=15633
2026-04-21 23:29:52,268 WARNING High grad norm: 1436.12 at epoch=71 step=15634
2026-04-21 23:29:52,495 WARNING High grad norm: 707.44 at epoch=71 step=15635
2026-04-21 23:29:52,717 WARNING High grad norm: 1477.34 at epoch=71 step=15636
2026-04-21 23:29:52,937 WARNING High grad norm: 1964.30 at epoch=71 step=15637
2026-04-21 23:29:53,160 WARNING High grad norm: 1780.14 at epoch=71 step=15638
2026-04-21 23:29:53,384 WARNING High grad norm: 1519.32 at epoch=71 step=15639
2026-04-21 23:29:53,609 WARNING High grad norm: 1109.19 at epoch=71 step=15640
2026-04-21 23:29:53,833 WARNING High grad norm: 2790.87 at epoch=71 step=15641
2026-04-21 23:29:54,053 WARNING High grad norm: 1180.24 at epoch=71 step=15642
2026-04-21 23:29:54,278 WARNING High grad norm: 884.72 at epoch=71 step=15643
2026-04-21 23:29:54,500 WARNING High grad norm: 986.91 at epoch=71 step=15644
2026-04-21 23:29:54,724 WARNING High grad norm: 2023.15 at epoch=71 step=15645
2026-04-21 23:29:54,948 WARNING High grad norm: 785.61 at epoch=71 step=15646
2026-04-21 23:29:55,170 WARNING High grad norm: 757.76 at epoch=71 step=15647
2026-04-21 23:29:55,394 WARNING High grad norm: 2552.25 at epoch=71 step=15648
2026-04-21 23:29:55,616 WARNING High grad norm: 1111.89 at epoch=71 step=15649
2026-04-21 23:29:55,836 WARNING High grad norm: 867.95 at epoch=71 step=15650
2026-04-21 23:29:56,058 WARNING High grad norm: 947.85 at epoch=71 step=15651
2026-04-21 23:29:56,280 WARNING High grad norm: 1948.25 at epoch=71 step=15652
2026-04-21 23:29:56,502 WARNING High grad norm: 1068.43 at epoch=71 step=15653
2026-04-21 23:29:56,733 WARNING High grad norm: 909.88 at epoch=71 step=15654
2026-04-21 23:29:56,960 WARNING High grad norm: 944.36 at epoch=71 step=15655
2026-04-21 23:29:57,183 WARNING High grad norm: 2400.58 at epoch=71 step=15656
2026-04-21 23:29:57,404 WARNING High grad norm: 1554.17 at epoch=71 step=15657
2026-04-21 23:29:57,626 WARNING High grad norm: 2278.60 at epoch=71 step=15658
2026-04-21 23:29:57,851 WARNING High grad norm: 745.84 at epoch=71 step=15659
2026-04-21 23:29:58,077 WARNING High grad norm: 1334.25 at epoch=71 step=15660
2026-04-21 23:29:58,299 WARNING High grad norm: 606.62 at epoch=71 step=15661
2026-04-21 23:29:58,524 WARNING High grad norm: 1268.84 at epoch=71 step=15662
2026-04-21 23:29:58,750 WARNING High grad norm: 833.94 at epoch=71 step=15663
2026-04-21 23:29:58,972 WARNING High grad norm: 1993.35 at epoch=71 step=15664
2026-04-21 23:29:59,192 WARNING High grad norm: 948.29 at epoch=71 step=15665
2026-04-21 23:29:59,418 WARNING High grad norm: 467.97 at epoch=71 step=15666
2026-04-21 23:29:59,641 WARNING High grad norm: 944.98 at epoch=71 step=15667
2026-04-21 23:29:59,861 WARNING High grad norm: 1769.57 at epoch=71 step=15668
2026-04-21 23:30:00,086 WARNING High grad norm: 831.49 at epoch=71 step=15669
2026-04-21 23:30:00,307 WARNING High grad norm: 698.62 at epoch=71 step=15670
2026-04-21 23:30:00,528 WARNING High grad norm: 1184.03 at epoch=71 step=15671
2026-04-21 23:30:00,750 WARNING High grad norm: 782.57 at epoch=71 step=15672
2026-04-21 23:30:00,971 WARNING High grad norm: 863.64 at epoch=71 step=15673
2026-04-21 23:30:01,194 WARNING High grad norm: 1524.52 at epoch=71 step=15674
2026-04-21 23:30:01,415 WARNING High grad norm: 767.80 at epoch=71 step=15675
2026-04-21 23:30:01,637 WARNING High grad norm: 918.10 at epoch=71 step=15676
2026-04-21 23:30:01,856 WARNING High grad norm: 1394.47 at epoch=71 step=15677
2026-04-21 23:30:02,079 WARNING High grad norm: 1851.85 at epoch=71 step=15678
2026-04-21 23:30:02,301 WARNING High grad norm: 1100.67 at epoch=71 step=15679
2026-04-21 23:30:02,529 WARNING High grad norm: 958.75 at epoch=71 step=15680
2026-04-21 23:30:02,751 WARNING High grad norm: 1568.35 at epoch=71 step=15681
2026-04-21 23:30:02,972 WARNING High grad norm: 594.80 at epoch=71 step=15682
2026-04-21 23:30:03,196 WARNING High grad norm: 695.08 at epoch=71 step=15683
2026-04-21 23:30:03,420 WARNING High grad norm: 2067.48 at epoch=71 step=15684
2026-04-21 23:30:03,641 WARNING High grad norm: 1770.41 at epoch=71 step=15685
2026-04-21 23:30:03,864 WARNING High grad norm: 819.98 at epoch=71 step=15686
2026-04-21 23:30:04,086 WARNING High grad norm: 1298.07 at epoch=71 step=15687
2026-04-21 23:30:04,311 WARNING High grad norm: 703.71 at epoch=71 step=15688
2026-04-21 23:30:04,534 WARNING High grad norm: 686.89 at epoch=71 step=15689
2026-04-21 23:30:04,765 WARNING High grad norm: 1167.79 at epoch=71 step=15690
2026-04-21 23:30:04,994 WARNING High grad norm: 1156.57 at epoch=71 step=15691
2026-04-21 23:30:05,217 WARNING High grad norm: 1099.98 at epoch=71 step=15692
2026-04-21 23:30:05,440 WARNING High grad norm: 1105.01 at epoch=71 step=15693
2026-04-21 23:30:05,666 WARNING High grad norm: 630.02 at epoch=71 step=15694
2026-04-21 23:30:05,888 WARNING High grad norm: 687.98 at epoch=71 step=15695
2026-04-21 23:30:06,118 WARNING High grad norm: 782.46 at epoch=71 step=15696
2026-04-21 23:30:06,340 WARNING High grad norm: 1055.18 at epoch=71 step=15697
2026-04-21 23:30:06,563 WARNING High grad norm: 1228.39 at epoch=71 step=15698
2026-04-21 23:30:06,794 WARNING High grad norm: 1094.80 at epoch=71 step=15699
2026-04-21 23:30:06,806 INFO epoch=71 step=15700 loss=489.6366 grad_norm=1094.8048 lr=1.00e-06
2026-04-21 23:30:07,020 WARNING High grad norm: 671.48 at epoch=71 step=15700
2026-04-21 23:30:07,243 WARNING High grad norm: 505.17 at epoch=71 step=15701
2026-04-21 23:30:07,466 WARNING High grad norm: 1101.76 at epoch=71 step=15702
2026-04-21 23:30:07,689 WARNING High grad norm: 942.07 at epoch=71 step=15703
2026-04-21 23:30:07,911 WARNING High grad norm: 2351.37 at epoch=71 step=15704
2026-04-21 23:30:08,133 WARNING High grad norm: 1052.99 at epoch=71 step=15705
2026-04-21 23:30:08,356 WARNING High grad norm: 656.72 at epoch=71 step=15706
2026-04-21 23:30:08,579 WARNING High grad norm: 952.73 at epoch=71 step=15707
2026-04-21 23:30:08,804 WARNING High grad norm: 1014.01 at epoch=71 step=15708
2026-04-21 23:30:09,025 WARNING High grad norm: 591.16 at epoch=71 step=15709
2026-04-21 23:30:09,249 WARNING High grad norm: 687.78 at epoch=71 step=15710
2026-04-21 23:30:09,470 WARNING High grad norm: 1111.21 at epoch=71 step=15711
2026-04-21 23:30:09,692 WARNING High grad norm: 901.63 at epoch=71 step=15712
2026-04-21 23:30:09,918 WARNING High grad norm: 530.77 at epoch=71 step=15713
2026-04-21 23:30:10,141 WARNING High grad norm: 1431.81 at epoch=71 step=15714
2026-04-21 23:30:10,363 WARNING High grad norm: 866.28 at epoch=71 step=15715
2026-04-21 23:30:10,584 WARNING High grad norm: 1511.33 at epoch=71 step=15716
2026-04-21 23:30:10,808 WARNING High grad norm: 1823.36 at epoch=71 step=15717
2026-04-21 23:30:11,032 WARNING High grad norm: 611.25 at epoch=71 step=15718
2026-04-21 23:30:11,254 WARNING High grad norm: 983.71 at epoch=71 step=15719
2026-04-21 23:30:11,477 WARNING High grad norm: 2163.93 at epoch=71 step=15720
2026-04-21 23:30:11,707 WARNING High grad norm: 884.82 at epoch=71 step=15721
2026-04-21 23:30:11,932 WARNING High grad norm: 1967.72 at epoch=71 step=15722
2026-04-21 23:30:12,158 WARNING High grad norm: 2657.09 at epoch=71 step=15723
2026-04-21 23:30:12,379 WARNING High grad norm: 1086.79 at epoch=71 step=15724
2026-04-21 23:30:12,602 WARNING High grad norm: 985.48 at epoch=71 step=15725
2026-04-21 23:30:12,824 WARNING High grad norm: 798.61 at epoch=71 step=15726
2026-04-21 23:30:13,048 WARNING High grad norm: 1643.45 at epoch=71 step=15727
2026-04-21 23:30:13,275 WARNING High grad norm: 717.51 at epoch=71 step=15728
2026-04-21 23:30:13,497 WARNING High grad norm: 534.22 at epoch=71 step=15729
2026-04-21 23:30:13,727 WARNING High grad norm: 1129.85 at epoch=71 step=15730
2026-04-21 23:30:13,949 WARNING High grad norm: 1285.10 at epoch=71 step=15731
2026-04-21 23:30:14,173 WARNING High grad norm: 1366.42 at epoch=71 step=15732
2026-04-21 23:30:14,396 WARNING High grad norm: 1086.93 at epoch=71 step=15733
2026-04-21 23:30:14,617 WARNING High grad norm: 1151.80 at epoch=71 step=15734
2026-04-21 23:30:14,841 WARNING High grad norm: 925.33 at epoch=71 step=15735
2026-04-21 23:30:15,063 WARNING High grad norm: 955.71 at epoch=71 step=15736
2026-04-21 23:30:15,285 WARNING High grad norm: 1388.91 at epoch=71 step=15737
2026-04-21 23:30:15,508 WARNING High grad norm: 1473.77 at epoch=71 step=15738
2026-04-21 23:30:15,729 WARNING High grad norm: 906.17 at epoch=71 step=15739
2026-04-21 23:30:15,953 WARNING High grad norm: 1780.07 at epoch=71 step=15740
2026-04-21 23:30:16,176 WARNING High grad norm: 1200.87 at epoch=71 step=15741
2026-04-21 23:30:16,398 WARNING High grad norm: 746.48 at epoch=71 step=15742
2026-04-21 23:30:16,621 WARNING High grad norm: 657.35 at epoch=71 step=15743
2026-04-21 23:30:16,847 WARNING High grad norm: 1141.13 at epoch=71 step=15744
2026-04-21 23:30:17,068 WARNING High grad norm: 1071.60 at epoch=71 step=15745
2026-04-21 23:30:17,290 WARNING High grad norm: 1055.59 at epoch=71 step=15746
2026-04-21 23:30:17,514 WARNING High grad norm: 1155.35 at epoch=71 step=15747
2026-04-21 23:30:17,736 WARNING High grad norm: 1768.89 at epoch=71 step=15748
2026-04-21 23:30:17,960 WARNING High grad norm: 825.13 at epoch=71 step=15749
2026-04-21 23:30:18,182 WARNING High grad norm: 892.67 at epoch=71 step=15750
2026-04-21 23:30:18,405 WARNING High grad norm: 1739.49 at epoch=71 step=15751
2026-04-21 23:30:18,628 WARNING High grad norm: 754.62 at epoch=71 step=15752
2026-04-21 23:30:18,852 WARNING High grad norm: 905.99 at epoch=71 step=15753
2026-04-21 23:30:19,075 WARNING High grad norm: 795.86 at epoch=71 step=15754
2026-04-21 23:30:19,299 WARNING High grad norm: 735.44 at epoch=71 step=15755
2026-04-21 23:30:19,521 WARNING High grad norm: 1978.54 at epoch=71 step=15756
2026-04-21 23:30:19,744 WARNING High grad norm: 1168.63 at epoch=71 step=15757
2026-04-21 23:30:19,967 WARNING High grad norm: 1912.85 at epoch=71 step=15758
2026-04-21 23:30:20,190 WARNING High grad norm: 668.53 at epoch=71 step=15759
2026-04-21 23:30:20,413 WARNING High grad norm: 2337.58 at epoch=71 step=15760
2026-04-21 23:30:20,645 WARNING High grad norm: 1473.18 at epoch=71 step=15761
2026-04-21 23:30:20,870 WARNING High grad norm: 1025.27 at epoch=71 step=15762
2026-04-21 23:30:21,095 WARNING High grad norm: 1143.54 at epoch=71 step=15763
2026-04-21 23:30:21,317 WARNING High grad norm: 846.07 at epoch=71 step=15764
2026-04-21 23:30:21,540 WARNING High grad norm: 640.68 at epoch=71 step=15765
2026-04-21 23:30:21,771 WARNING High grad norm: 718.50 at epoch=71 step=15766
2026-04-21 23:30:21,996 WARNING High grad norm: 833.21 at epoch=71 step=15767
2026-04-21 23:30:22,218 WARNING High grad norm: 1752.51 at epoch=71 step=15768
2026-04-21 23:30:22,439 WARNING High grad norm: 1006.14 at epoch=71 step=15769
2026-04-21 23:30:22,662 WARNING High grad norm: 538.82 at epoch=71 step=15770
2026-04-21 23:30:22,885 WARNING High grad norm: 1341.38 at epoch=71 step=15771
2026-04-21 23:30:23,107 WARNING High grad norm: 1286.62 at epoch=71 step=15772
2026-04-21 23:30:23,330 WARNING High grad norm: 2186.27 at epoch=71 step=15773
2026-04-21 23:30:23,552 WARNING High grad norm: 676.62 at epoch=71 step=15774
2026-04-21 23:30:23,777 WARNING High grad norm: 1386.58 at epoch=71 step=15775
2026-04-21 23:30:24,001 WARNING High grad norm: 1361.39 at epoch=71 step=15776
2026-04-21 23:30:24,226 WARNING High grad norm: 882.12 at epoch=71 step=15777
2026-04-21 23:30:24,448 WARNING High grad norm: 848.15 at epoch=71 step=15778
2026-04-21 23:30:24,671 WARNING High grad norm: 1492.02 at epoch=71 step=15779
2026-04-21 23:30:24,893 WARNING High grad norm: 573.27 at epoch=71 step=15780
2026-04-21 23:30:25,116 WARNING High grad norm: 1570.57 at epoch=71 step=15781
2026-04-21 23:30:25,338 WARNING High grad norm: 1383.68 at epoch=71 step=15782
2026-04-21 23:30:25,561 WARNING High grad norm: 1248.22 at epoch=71 step=15783
2026-04-21 23:30:25,784 WARNING High grad norm: 993.11 at epoch=71 step=15784
2026-04-21 23:30:26,009 WARNING High grad norm: 1873.15 at epoch=71 step=15785
2026-04-21 23:30:26,231 WARNING High grad norm: 1185.66 at epoch=71 step=15786
2026-04-21 23:30:26,453 WARNING High grad norm: 844.49 at epoch=71 step=15787
2026-04-21 23:30:26,676 WARNING High grad norm: 883.44 at epoch=71 step=15788
2026-04-21 23:30:26,899 WARNING High grad norm: 781.85 at epoch=71 step=15789
2026-04-21 23:30:27,125 WARNING High grad norm: 726.79 at epoch=71 step=15790
2026-04-21 23:30:27,350 WARNING High grad norm: 872.23 at epoch=71 step=15791
2026-04-21 23:30:27,574 WARNING High grad norm: 1085.72 at epoch=71 step=15792
2026-04-21 23:30:27,796 WARNING High grad norm: 1000.72 at epoch=71 step=15793
2026-04-21 23:30:28,018 WARNING High grad norm: 721.27 at epoch=71 step=15794
2026-04-21 23:30:28,242 WARNING High grad norm: 2169.76 at epoch=71 step=15795
2026-04-21 23:30:28,464 WARNING High grad norm: 4782.00 at epoch=71 step=15796
2026-04-21 23:30:28,686 WARNING High grad norm: 1017.65 at epoch=71 step=15797
2026-04-21 23:30:28,911 WARNING High grad norm: 1546.38 at epoch=71 step=15798
2026-04-21 23:30:29,133 WARNING High grad norm: 1467.98 at epoch=71 step=15799
2026-04-21 23:30:29,144 INFO epoch=71 step=15800 loss=479.7274 grad_norm=1467.9751 lr=1.00e-06
2026-04-21 23:30:29,358 WARNING High grad norm: 536.29 at epoch=71 step=15800
2026-04-21 23:30:29,580 WARNING High grad norm: 1355.65 at epoch=71 step=15801
2026-04-21 23:30:29,803 WARNING High grad norm: 503.78 at epoch=71 step=15802
2026-04-21 23:30:30,026 WARNING High grad norm: 1347.48 at epoch=71 step=15803
2026-04-21 23:30:30,249 WARNING High grad norm: 1040.82 at epoch=71 step=15804
2026-04-21 23:30:30,472 WARNING High grad norm: 1432.13 at epoch=71 step=15805
2026-04-21 23:30:30,694 WARNING High grad norm: 1583.84 at epoch=71 step=15806
2026-04-21 23:30:30,917 WARNING High grad norm: 1235.16 at epoch=71 step=15807
2026-04-21 23:30:31,143 WARNING High grad norm: 868.95 at epoch=71 step=15808
2026-04-21 23:30:31,367 WARNING High grad norm: 753.77 at epoch=71 step=15809
2026-04-21 23:30:31,590 WARNING High grad norm: 1048.05 at epoch=71 step=15810
2026-04-21 23:30:31,813 WARNING High grad norm: 1262.79 at epoch=71 step=15811
2026-04-21 23:30:32,036 WARNING High grad norm: 1142.17 at epoch=71 step=15812
2026-04-21 23:30:32,258 WARNING High grad norm: 977.43 at epoch=71 step=15813
2026-04-21 23:30:32,480 WARNING High grad norm: 956.83 at epoch=71 step=15814
2026-04-21 23:30:32,704 WARNING High grad norm: 987.16 at epoch=71 step=15815
2026-04-21 23:30:32,929 WARNING High grad norm: 2334.12 at epoch=71 step=15816
2026-04-21 23:30:33,152 WARNING High grad norm: 943.55 at epoch=71 step=15817
2026-04-21 23:30:33,376 WARNING High grad norm: 1479.69 at epoch=71 step=15818
2026-04-21 23:30:33,607 WARNING High grad norm: 630.60 at epoch=71 step=15819
2026-04-21 23:30:33,830 WARNING High grad norm: 969.57 at epoch=71 step=15820
2026-04-21 23:30:34,060 WARNING High grad norm: 883.90 at epoch=71 step=15821
2026-04-21 23:30:34,293 WARNING High grad norm: 1690.25 at epoch=71 step=15822
2026-04-21 23:30:34,514 WARNING High grad norm: 1045.14 at epoch=71 step=15823
2026-04-21 23:30:34,739 WARNING High grad norm: 861.02 at epoch=71 step=15824
2026-04-21 23:30:34,961 WARNING High grad norm: 582.91 at epoch=71 step=15825
2026-04-21 23:30:35,184 WARNING High grad norm: 704.04 at epoch=71 step=15826
2026-04-21 23:30:35,410 WARNING High grad norm: 2409.89 at epoch=71 step=15827
2026-04-21 23:30:35,642 WARNING High grad norm: 909.61 at epoch=71 step=15828
2026-04-21 23:30:35,865 WARNING High grad norm: 1127.32 at epoch=71 step=15829
2026-04-21 23:30:36,087 WARNING High grad norm: 1730.76 at epoch=71 step=15830
2026-04-21 23:30:36,313 WARNING High grad norm: 1082.16 at epoch=71 step=15831
2026-04-21 23:30:36,471 WARNING High grad norm: 781.02 at epoch=71 step=15832
2026-04-21 23:30:37,055 INFO epoch=71 avg_loss=477.2847 lr=1.00e-06
2026-04-21 23:30:50,624 WARNING High grad norm: 1053.50 at epoch=72 step=15833
2026-04-21 23:30:50,845 WARNING High grad norm: 1218.69 at epoch=72 step=15834
2026-04-21 23:30:51,069 WARNING High grad norm: 629.35 at epoch=72 step=15835
2026-04-21 23:30:51,293 WARNING High grad norm: 749.34 at epoch=72 step=15836
2026-04-21 23:30:51,516 WARNING High grad norm: 1528.19 at epoch=72 step=15837
2026-04-21 23:30:51,740 WARNING High grad norm: 1462.74 at epoch=72 step=15838
2026-04-21 23:30:51,961 WARNING High grad norm: 734.37 at epoch=72 step=15839
2026-04-21 23:30:52,182 WARNING High grad norm: 1008.52 at epoch=72 step=15840
2026-04-21 23:30:52,403 WARNING High grad norm: 732.24 at epoch=72 step=15841
2026-04-21 23:30:52,629 WARNING High grad norm: 743.91 at epoch=72 step=15842
2026-04-21 23:30:52,848 WARNING High grad norm: 1515.99 at epoch=72 step=15843
2026-04-21 23:30:53,070 WARNING High grad norm: 1352.66 at epoch=72 step=15844
2026-04-21 23:30:53,290 WARNING High grad norm: 639.87 at epoch=72 step=15845
2026-04-21 23:30:53,514 WARNING High grad norm: 1668.14 at epoch=72 step=15846
2026-04-21 23:30:53,735 WARNING High grad norm: 1225.08 at epoch=72 step=15847
2026-04-21 23:30:53,955 WARNING High grad norm: 2038.74 at epoch=72 step=15848
2026-04-21 23:30:54,189 WARNING High grad norm: 827.97 at epoch=72 step=15849
2026-04-21 23:30:54,410 WARNING High grad norm: 792.66 at epoch=72 step=15850
2026-04-21 23:30:54,631 WARNING High grad norm: 1734.13 at epoch=72 step=15851
2026-04-21 23:30:54,854 WARNING High grad norm: 1071.91 at epoch=72 step=15852
2026-04-21 23:30:55,077 WARNING High grad norm: 1347.68 at epoch=72 step=15853
2026-04-21 23:30:55,299 WARNING High grad norm: 1039.49 at epoch=72 step=15854
2026-04-21 23:30:55,520 WARNING High grad norm: 1037.70 at epoch=72 step=15855
2026-04-21 23:30:55,741 WARNING High grad norm: 921.73 at epoch=72 step=15856
2026-04-21 23:30:55,963 WARNING High grad norm: 818.93 at epoch=72 step=15857
2026-04-21 23:30:56,184 WARNING High grad norm: 1219.93 at epoch=72 step=15858
2026-04-21 23:30:56,405 WARNING High grad norm: 2770.01 at epoch=72 step=15859
2026-04-21 23:30:56,635 WARNING High grad norm: 1846.04 at epoch=72 step=15860
2026-04-21 23:30:56,866 WARNING High grad norm: 614.20 at epoch=72 step=15861
2026-04-21 23:30:57,087 WARNING High grad norm: 2100.63 at epoch=72 step=15862
2026-04-21 23:30:57,310 WARNING High grad norm: 2027.08 at epoch=72 step=15863
2026-04-21 23:30:57,531 WARNING High grad norm: 732.95 at epoch=72 step=15864
2026-04-21 23:30:57,753 WARNING High grad norm: 1292.56 at epoch=72 step=15865
2026-04-21 23:30:57,979 WARNING High grad norm: 1550.99 at epoch=72 step=15866
2026-04-21 23:30:58,200 WARNING High grad norm: 685.68 at epoch=72 step=15867
2026-04-21 23:30:58,421 WARNING High grad norm: 2142.83 at epoch=72 step=15868
2026-04-21 23:30:58,642 WARNING High grad norm: 3985.27 at epoch=72 step=15869
2026-04-21 23:30:58,863 WARNING High grad norm: 819.98 at epoch=72 step=15870
2026-04-21 23:30:59,085 WARNING High grad norm: 2478.23 at epoch=72 step=15871
2026-04-21 23:30:59,308 WARNING High grad norm: 977.82 at epoch=72 step=15872
2026-04-21 23:30:59,530 WARNING High grad norm: 1267.23 at epoch=72 step=15873
2026-04-21 23:30:59,750 WARNING High grad norm: 1055.87 at epoch=72 step=15874
2026-04-21 23:30:59,971 WARNING High grad norm: 694.13 at epoch=72 step=15875
2026-04-21 23:31:00,198 WARNING High grad norm: 2591.17 at epoch=72 step=15876
2026-04-21 23:31:00,420 WARNING High grad norm: 1009.35 at epoch=72 step=15877
2026-04-21 23:31:00,641 WARNING High grad norm: 965.82 at epoch=72 step=15878
2026-04-21 23:31:00,862 WARNING High grad norm: 2299.40 at epoch=72 step=15879
2026-04-21 23:31:01,085 WARNING High grad norm: 1762.07 at epoch=72 step=15880
2026-04-21 23:31:01,311 WARNING High grad norm: 1395.52 at epoch=72 step=15881
2026-04-21 23:31:01,540 WARNING High grad norm: 1379.64 at epoch=72 step=15882
2026-04-21 23:31:01,762 WARNING High grad norm: 1302.76 at epoch=72 step=15883
2026-04-21 23:31:01,991 WARNING High grad norm: 1733.75 at epoch=72 step=15884
2026-04-21 23:31:02,213 WARNING High grad norm: 1558.79 at epoch=72 step=15885
2026-04-21 23:31:02,436 WARNING High grad norm: 595.13 at epoch=72 step=15886
2026-04-21 23:31:02,665 WARNING High grad norm: 755.51 at epoch=72 step=15887
2026-04-21 23:31:02,891 WARNING High grad norm: 1585.15 at epoch=72 step=15888
2026-04-21 23:31:03,112 WARNING High grad norm: 1106.19 at epoch=72 step=15889
2026-04-21 23:31:03,334 WARNING High grad norm: 1274.31 at epoch=72 step=15890
2026-04-21 23:31:03,559 WARNING High grad norm: 901.16 at epoch=72 step=15891
2026-04-21 23:31:03,781 WARNING High grad norm: 1253.26 at epoch=72 step=15892
2026-04-21 23:31:04,003 WARNING High grad norm: 1225.23 at epoch=72 step=15893
2026-04-21 23:31:04,232 WARNING High grad norm: 617.14 at epoch=72 step=15894
2026-04-21 23:31:04,454 WARNING High grad norm: 914.25 at epoch=72 step=15895
2026-04-21 23:31:04,677 WARNING High grad norm: 949.02 at epoch=72 step=15896
2026-04-21 23:31:04,903 WARNING High grad norm: 1182.00 at epoch=72 step=15897
2026-04-21 23:31:05,127 WARNING High grad norm: 2003.45 at epoch=72 step=15898
2026-04-21 23:31:05,348 WARNING High grad norm: 772.04 at epoch=72 step=15899
2026-04-21 23:31:05,359 INFO epoch=72 step=15900 loss=495.1549 grad_norm=772.0415 lr=1.00e-06
2026-04-21 23:31:05,571 WARNING High grad norm: 1274.63 at epoch=72 step=15900
2026-04-21 23:31:05,799 WARNING High grad norm: 676.02 at epoch=72 step=15901
2026-04-21 23:31:06,022 WARNING High grad norm: 1057.81 at epoch=72 step=15902
2026-04-21 23:31:06,245 WARNING High grad norm: 643.64 at epoch=72 step=15903
2026-04-21 23:31:06,469 WARNING High grad norm: 1877.12 at epoch=72 step=15904
2026-04-21 23:31:06,690 WARNING High grad norm: 1177.12 at epoch=72 step=15905
2026-04-21 23:31:06,912 WARNING High grad norm: 580.58 at epoch=72 step=15906
2026-04-21 23:31:07,134 WARNING High grad norm: 1285.80 at epoch=72 step=15907
2026-04-21 23:31:07,359 WARNING High grad norm: 2240.95 at epoch=72 step=15908
2026-04-21 23:31:07,586 WARNING High grad norm: 1064.32 at epoch=72 step=15909
2026-04-21 23:31:07,811 WARNING High grad norm: 1057.46 at epoch=72 step=15910
2026-04-21 23:31:08,034 WARNING High grad norm: 648.82 at epoch=72 step=15911
2026-04-21 23:31:08,255 WARNING High grad norm: 658.41 at epoch=72 step=15912
2026-04-21 23:31:08,486 WARNING High grad norm: 1464.57 at epoch=72 step=15913
2026-04-21 23:31:08,707 WARNING High grad norm: 1361.75 at epoch=72 step=15914
2026-04-21 23:31:08,928 WARNING High grad norm: 726.87 at epoch=72 step=15915
2026-04-21 23:31:09,152 WARNING High grad norm: 1148.94 at epoch=72 step=15916
2026-04-21 23:31:09,374 WARNING High grad norm: 1501.94 at epoch=72 step=15917
2026-04-21 23:31:09,596 WARNING High grad norm: 886.33 at epoch=72 step=15918
2026-04-21 23:31:09,818 WARNING High grad norm: 1110.56 at epoch=72 step=15919
2026-04-21 23:31:10,044 WARNING High grad norm: 813.71 at epoch=72 step=15920
2026-04-21 23:31:10,265 WARNING High grad norm: 740.63 at epoch=72 step=15921
2026-04-21 23:31:10,486 WARNING High grad norm: 1165.71 at epoch=72 step=15922
2026-04-21 23:31:10,708 WARNING High grad norm: 634.49 at epoch=72 step=15923
2026-04-21 23:31:10,928 WARNING High grad norm: 1170.94 at epoch=72 step=15924
2026-04-21 23:31:11,150 WARNING High grad norm: 1083.43 at epoch=72 step=15925
2026-04-21 23:31:11,373 WARNING High grad norm: 711.20 at epoch=72 step=15926
2026-04-21 23:31:11,593 WARNING High grad norm: 2105.71 at epoch=72 step=15927
2026-04-21 23:31:11,815 WARNING High grad norm: 698.70 at epoch=72 step=15928
2026-04-21 23:31:12,039 WARNING High grad norm: 1366.53 at epoch=72 step=15929
2026-04-21 23:31:12,261 WARNING High grad norm: 1856.73 at epoch=72 step=15930
2026-04-21 23:31:12,481 WARNING High grad norm: 708.24 at epoch=72 step=15931
2026-04-21 23:31:12,703 WARNING High grad norm: 2540.33 at epoch=72 step=15932
2026-04-21 23:31:12,924 WARNING High grad norm: 1468.49 at epoch=72 step=15933
2026-04-21 23:31:13,146 WARNING High grad norm: 663.29 at epoch=72 step=15934
2026-04-21 23:31:13,367 WARNING High grad norm: 753.94 at epoch=72 step=15935
2026-04-21 23:31:13,597 WARNING High grad norm: 969.32 at epoch=72 step=15936
2026-04-21 23:31:13,819 WARNING High grad norm: 2355.67 at epoch=72 step=15937
2026-04-21 23:31:14,041 WARNING High grad norm: 703.95 at epoch=72 step=15938
2026-04-21 23:31:14,263 WARNING High grad norm: 2198.81 at epoch=72 step=15939
2026-04-21 23:31:14,485 WARNING High grad norm: 1046.11 at epoch=72 step=15940
2026-04-21 23:31:14,710 WARNING High grad norm: 1019.58 at epoch=72 step=15941
2026-04-21 23:31:14,933 WARNING High grad norm: 2090.65 at epoch=72 step=15942
2026-04-21 23:31:15,154 WARNING High grad norm: 1997.74 at epoch=72 step=15943
2026-04-21 23:31:15,378 WARNING High grad norm: 722.58 at epoch=72 step=15944
2026-04-21 23:31:15,600 WARNING High grad norm: 1356.52 at epoch=72 step=15945
2026-04-21 23:31:15,828 WARNING High grad norm: 1536.57 at epoch=72 step=15946
2026-04-21 23:31:16,054 WARNING High grad norm: 750.15 at epoch=72 step=15947
2026-04-21 23:31:16,276 WARNING High grad norm: 1048.92 at epoch=72 step=15948
2026-04-21 23:31:16,498 WARNING High grad norm: 895.32 at epoch=72 step=15949
2026-04-21 23:31:16,721 WARNING High grad norm: 789.73 at epoch=72 step=15950
2026-04-21 23:31:16,942 WARNING High grad norm: 802.00 at epoch=72 step=15951
2026-04-21 23:31:17,165 WARNING High grad norm: 570.75 at epoch=72 step=15952
2026-04-21 23:31:17,395 WARNING High grad norm: 894.20 at epoch=72 step=15953
2026-04-21 23:31:17,619 WARNING High grad norm: 1368.73 at epoch=72 step=15954
2026-04-21 23:31:17,842 WARNING High grad norm: 2118.83 at epoch=72 step=15955
2026-04-21 23:31:18,071 WARNING High grad norm: 908.65 at epoch=72 step=15956
2026-04-21 23:31:18,294 WARNING High grad norm: 2571.56 at epoch=72 step=15957
2026-04-21 23:31:18,518 WARNING High grad norm: 678.80 at epoch=72 step=15958
2026-04-21 23:31:18,749 WARNING High grad norm: 929.39 at epoch=72 step=15959
2026-04-21 23:31:18,976 WARNING High grad norm: 1992.74 at epoch=72 step=15960
2026-04-21 23:31:19,198 WARNING High grad norm: 1293.49 at epoch=72 step=15961
2026-04-21 23:31:19,420 WARNING High grad norm: 812.03 at epoch=72 step=15962
2026-04-21 23:31:19,643 WARNING High grad norm: 996.97 at epoch=72 step=15963
2026-04-21 23:31:19,868 WARNING High grad norm: 725.07 at epoch=72 step=15964
2026-04-21 23:31:20,091 WARNING High grad norm: 682.52 at epoch=72 step=15965
2026-04-21 23:31:20,314 WARNING High grad norm: 1336.26 at epoch=72 step=15966
2026-04-21 23:31:20,538 WARNING High grad norm: 2138.74 at epoch=72 step=15967
2026-04-21 23:31:20,761 WARNING High grad norm: 688.57 at epoch=72 step=15968
2026-04-21 23:31:20,982 WARNING High grad norm: 913.02 at epoch=72 step=15969
2026-04-21 23:31:21,211 WARNING High grad norm: 834.63 at epoch=72 step=15970
2026-04-21 23:31:21,432 WARNING High grad norm: 805.04 at epoch=72 step=15971
2026-04-21 23:31:21,654 WARNING High grad norm: 1190.27 at epoch=72 step=15972
2026-04-21 23:31:21,879 WARNING High grad norm: 742.28 at epoch=72 step=15973
2026-04-21 23:31:22,105 WARNING High grad norm: 1197.01 at epoch=72 step=15974
2026-04-21 23:31:22,328 WARNING High grad norm: 716.35 at epoch=72 step=15975
2026-04-21 23:31:22,550 WARNING High grad norm: 762.96 at epoch=72 step=15976
2026-04-21 23:31:22,776 WARNING High grad norm: 1151.55 at epoch=72 step=15977
2026-04-21 23:31:22,999 WARNING High grad norm: 886.70 at epoch=72 step=15978
2026-04-21 23:31:23,222 WARNING High grad norm: 862.57 at epoch=72 step=15979
2026-04-21 23:31:23,448 WARNING High grad norm: 3507.08 at epoch=72 step=15980
2026-04-21 23:31:23,671 WARNING High grad norm: 2399.74 at epoch=72 step=15981
2026-04-21 23:31:23,894 WARNING High grad norm: 725.23 at epoch=72 step=15982
2026-04-21 23:31:24,115 WARNING High grad norm: 1080.09 at epoch=72 step=15983
2026-04-21 23:31:24,341 WARNING High grad norm: 1074.87 at epoch=72 step=15984
2026-04-21 23:31:24,563 WARNING High grad norm: 713.60 at epoch=72 step=15985
2026-04-21 23:31:24,785 WARNING High grad norm: 680.03 at epoch=72 step=15986
2026-04-21 23:31:25,007 WARNING High grad norm: 891.19 at epoch=72 step=15987
2026-04-21 23:31:25,230 WARNING High grad norm: 1058.08 at epoch=72 step=15988
2026-04-21 23:31:25,452 WARNING High grad norm: 1322.06 at epoch=72 step=15989
2026-04-21 23:31:25,680 WARNING High grad norm: 1603.78 at epoch=72 step=15990
2026-04-21 23:31:25,902 WARNING High grad norm: 1072.81 at epoch=72 step=15991
2026-04-21 23:31:26,129 WARNING High grad norm: 979.67 at epoch=72 step=15992
2026-04-21 23:31:26,352 WARNING High grad norm: 1115.68 at epoch=72 step=15993
2026-04-21 23:31:26,573 WARNING High grad norm: 1329.98 at epoch=72 step=15994
2026-04-21 23:31:26,797 WARNING High grad norm: 1735.99 at epoch=72 step=15995
2026-04-21 23:31:27,023 WARNING High grad norm: 1638.70 at epoch=72 step=15996
2026-04-21 23:31:27,245 WARNING High grad norm: 679.78 at epoch=72 step=15997
2026-04-21 23:31:27,468 WARNING High grad norm: 713.11 at epoch=72 step=15998
2026-04-21 23:31:27,690 WARNING High grad norm: 600.01 at epoch=72 step=15999
2026-04-21 23:31:27,700 INFO epoch=72 step=16000 loss=491.1414 grad_norm=600.0053 lr=1.00e-06
2026-04-21 23:31:27,914 WARNING High grad norm: 645.42 at epoch=72 step=16000
2026-04-21 23:31:28,136 WARNING High grad norm: 1261.03 at epoch=72 step=16001
2026-04-21 23:31:28,357 WARNING High grad norm: 1688.97 at epoch=72 step=16002
2026-04-21 23:31:28,579 WARNING High grad norm: 1076.51 at epoch=72 step=16003
2026-04-21 23:31:28,802 WARNING High grad norm: 1567.36 at epoch=72 step=16004
2026-04-21 23:31:29,032 WARNING High grad norm: 697.43 at epoch=72 step=16005
2026-04-21 23:31:29,254 WARNING High grad norm: 1001.08 at epoch=72 step=16006
2026-04-21 23:31:29,485 WARNING High grad norm: 763.93 at epoch=72 step=16007
2026-04-21 23:31:29,708 WARNING High grad norm: 845.17 at epoch=72 step=16008
2026-04-21 23:31:29,936 WARNING High grad norm: 844.37 at epoch=72 step=16009
2026-04-21 23:31:30,167 WARNING High grad norm: 655.78 at epoch=72 step=16010
2026-04-21 23:31:30,392 WARNING High grad norm: 1187.78 at epoch=72 step=16011
2026-04-21 23:31:30,614 WARNING High grad norm: 1389.64 at epoch=72 step=16012
2026-04-21 23:31:30,837 WARNING High grad norm: 1480.27 at epoch=72 step=16013
2026-04-21 23:31:31,062 WARNING High grad norm: 1207.78 at epoch=72 step=16014
2026-04-21 23:31:31,286 WARNING High grad norm: 773.16 at epoch=72 step=16015
2026-04-21 23:31:31,511 WARNING High grad norm: 1485.44 at epoch=72 step=16016
2026-04-21 23:31:31,736 WARNING High grad norm: 880.80 at epoch=72 step=16017
2026-04-21 23:31:31,959 WARNING High grad norm: 1021.35 at epoch=72 step=16018
2026-04-21 23:31:32,185 WARNING High grad norm: 840.96 at epoch=72 step=16019
2026-04-21 23:31:32,408 WARNING High grad norm: 951.66 at epoch=72 step=16020
2026-04-21 23:31:32,630 WARNING High grad norm: 1717.64 at epoch=72 step=16021
2026-04-21 23:31:32,860 WARNING High grad norm: 505.88 at epoch=72 step=16022
2026-04-21 23:31:33,082 WARNING High grad norm: 729.05 at epoch=72 step=16023
2026-04-21 23:31:33,307 WARNING High grad norm: 732.85 at epoch=72 step=16024
2026-04-21 23:31:33,532 WARNING High grad norm: 966.81 at epoch=72 step=16025
2026-04-21 23:31:33,753 WARNING High grad norm: 863.58 at epoch=72 step=16026
2026-04-21 23:31:33,983 WARNING High grad norm: 646.09 at epoch=72 step=16027
2026-04-21 23:31:34,205 WARNING High grad norm: 1517.66 at epoch=72 step=16028
2026-04-21 23:31:34,428 WARNING High grad norm: 1165.91 at epoch=72 step=16029
2026-04-21 23:31:34,654 WARNING High grad norm: 489.96 at epoch=72 step=16030
2026-04-21 23:31:34,877 WARNING High grad norm: 2060.26 at epoch=72 step=16031
2026-04-21 23:31:35,100 WARNING High grad norm: 743.91 at epoch=72 step=16032
2026-04-21 23:31:35,323 WARNING High grad norm: 1003.41 at epoch=72 step=16033
2026-04-21 23:31:35,547 WARNING High grad norm: 1360.12 at epoch=72 step=16034
2026-04-21 23:31:35,772 WARNING High grad norm: 1104.76 at epoch=72 step=16035
2026-04-21 23:31:35,995 WARNING High grad norm: 1294.81 at epoch=72 step=16036
2026-04-21 23:31:36,218 WARNING High grad norm: 927.91 at epoch=72 step=16037
2026-04-21 23:31:36,440 WARNING High grad norm: 692.16 at epoch=72 step=16038
2026-04-21 23:31:36,662 WARNING High grad norm: 1539.99 at epoch=72 step=16039
2026-04-21 23:31:36,888 WARNING High grad norm: 633.28 at epoch=72 step=16040
2026-04-21 23:31:37,110 WARNING High grad norm: 707.84 at epoch=72 step=16041
2026-04-21 23:31:37,332 WARNING High grad norm: 784.42 at epoch=72 step=16042
2026-04-21 23:31:37,556 WARNING High grad norm: 857.91 at epoch=72 step=16043
2026-04-21 23:31:37,778 WARNING High grad norm: 754.84 at epoch=72 step=16044
2026-04-21 23:31:38,000 WARNING High grad norm: 1321.80 at epoch=72 step=16045
2026-04-21 23:31:38,223 WARNING High grad norm: 681.57 at epoch=72 step=16046
2026-04-21 23:31:38,453 WARNING High grad norm: 945.54 at epoch=72 step=16047
2026-04-21 23:31:38,677 WARNING High grad norm: 1946.82 at epoch=72 step=16048
2026-04-21 23:31:38,899 WARNING High grad norm: 1787.10 at epoch=72 step=16049
2026-04-21 23:31:39,123 WARNING High grad norm: 1002.51 at epoch=72 step=16050
2026-04-21 23:31:39,344 WARNING High grad norm: 638.14 at epoch=72 step=16051
2026-04-21 23:31:39,574 WARNING High grad norm: 1228.38 at epoch=72 step=16052
2026-04-21 23:31:39,795 WARNING High grad norm: 1408.32 at epoch=72 step=16053
2026-04-21 23:31:40,018 WARNING High grad norm: 741.70 at epoch=72 step=16054
2026-04-21 23:31:40,168 WARNING High grad norm: 1008.07 at epoch=72 step=16055
2026-04-21 23:31:40,732 INFO epoch=72 avg_loss=490.2928 lr=1.00e-06
2026-04-21 23:31:54,322 WARNING High grad norm: 1354.30 at epoch=73 step=16056
2026-04-21 23:31:54,542 WARNING High grad norm: 606.05 at epoch=73 step=16057
2026-04-21 23:31:54,763 WARNING High grad norm: 728.17 at epoch=73 step=16058
2026-04-21 23:31:54,985 WARNING High grad norm: 2642.38 at epoch=73 step=16059
2026-04-21 23:31:55,206 WARNING High grad norm: 1942.64 at epoch=73 step=16060
2026-04-21 23:31:55,427 WARNING High grad norm: 687.05 at epoch=73 step=16061
2026-04-21 23:31:55,648 WARNING High grad norm: 1027.81 at epoch=73 step=16062
2026-04-21 23:31:55,867 WARNING High grad norm: 1225.34 at epoch=73 step=16063
2026-04-21 23:31:56,089 WARNING High grad norm: 853.46 at epoch=73 step=16064
2026-04-21 23:31:56,310 WARNING High grad norm: 1665.18 at epoch=73 step=16065
2026-04-21 23:31:56,533 WARNING High grad norm: 890.00 at epoch=73 step=16066
2026-04-21 23:31:56,755 WARNING High grad norm: 649.51 at epoch=73 step=16067
2026-04-21 23:31:56,977 WARNING High grad norm: 726.70 at epoch=73 step=16068
2026-04-21 23:31:57,198 WARNING High grad norm: 1154.02 at epoch=73 step=16069
2026-04-21 23:31:57,419 WARNING High grad norm: 792.75 at epoch=73 step=16070
2026-04-21 23:31:57,641 WARNING High grad norm: 659.22 at epoch=73 step=16071
2026-04-21 23:31:57,865 WARNING High grad norm: 884.35 at epoch=73 step=16072
2026-04-21 23:31:58,088 WARNING High grad norm: 2146.71 at epoch=73 step=16073
2026-04-21 23:31:58,309 WARNING High grad norm: 845.95 at epoch=73 step=16074
2026-04-21 23:31:58,530 WARNING High grad norm: 937.31 at epoch=73 step=16075
2026-04-21 23:31:58,754 WARNING High grad norm: 722.49 at epoch=73 step=16076
2026-04-21 23:31:58,976 WARNING High grad norm: 1785.98 at epoch=73 step=16077
2026-04-21 23:31:59,199 WARNING High grad norm: 707.93 at epoch=73 step=16078
2026-04-21 23:31:59,420 WARNING High grad norm: 2198.31 at epoch=73 step=16079
2026-04-21 23:31:59,642 WARNING High grad norm: 528.38 at epoch=73 step=16080
2026-04-21 23:31:59,864 WARNING High grad norm: 845.09 at epoch=73 step=16081
2026-04-21 23:32:00,093 WARNING High grad norm: 736.34 at epoch=73 step=16082
2026-04-21 23:32:00,325 WARNING High grad norm: 995.50 at epoch=73 step=16083
2026-04-21 23:32:00,547 WARNING High grad norm: 659.73 at epoch=73 step=16084
2026-04-21 23:32:00,770 WARNING High grad norm: 1539.07 at epoch=73 step=16085
2026-04-21 23:32:01,001 WARNING High grad norm: 1009.92 at epoch=73 step=16086
2026-04-21 23:32:01,227 WARNING High grad norm: 906.88 at epoch=73 step=16087
2026-04-21 23:32:01,452 WARNING High grad norm: 1896.42 at epoch=73 step=16088
2026-04-21 23:32:01,674 WARNING High grad norm: 730.53 at epoch=73 step=16089
2026-04-21 23:32:01,903 WARNING High grad norm: 836.78 at epoch=73 step=16090
2026-04-21 23:32:02,127 WARNING High grad norm: 1251.11 at epoch=73 step=16091
2026-04-21 23:32:02,348 WARNING High grad norm: 993.44 at epoch=73 step=16092
2026-04-21 23:32:02,571 WARNING High grad norm: 1581.31 at epoch=73 step=16093
2026-04-21 23:32:02,795 WARNING High grad norm: 952.09 at epoch=73 step=16094
2026-04-21 23:32:03,016 WARNING High grad norm: 1034.30 at epoch=73 step=16095
2026-04-21 23:32:03,241 WARNING High grad norm: 885.77 at epoch=73 step=16096
2026-04-21 23:32:03,465 WARNING High grad norm: 946.26 at epoch=73 step=16097
2026-04-21 23:32:03,686 WARNING High grad norm: 744.75 at epoch=73 step=16098
2026-04-21 23:32:03,909 WARNING High grad norm: 1743.79 at epoch=73 step=16099
2026-04-21 23:32:03,920 INFO epoch=73 step=16100 loss=488.5958 grad_norm=1743.7888 lr=1.00e-06
2026-04-21 23:32:04,132 WARNING High grad norm: 1018.15 at epoch=73 step=16100
2026-04-21 23:32:04,355 WARNING High grad norm: 817.81 at epoch=73 step=16101
2026-04-21 23:32:04,584 WARNING High grad norm: 1018.02 at epoch=73 step=16102
2026-04-21 23:32:04,804 WARNING High grad norm: 960.88 at epoch=73 step=16103
2026-04-21 23:32:05,029 WARNING High grad norm: 689.07 at epoch=73 step=16104
2026-04-21 23:32:05,251 WARNING High grad norm: 683.28 at epoch=73 step=16105
2026-04-21 23:32:05,474 WARNING High grad norm: 781.82 at epoch=73 step=16106
2026-04-21 23:32:05,702 WARNING High grad norm: 1710.98 at epoch=73 step=16107
2026-04-21 23:32:05,932 WARNING High grad norm: 556.03 at epoch=73 step=16108
2026-04-21 23:32:06,153 WARNING High grad norm: 523.86 at epoch=73 step=16109
2026-04-21 23:32:06,382 WARNING High grad norm: 912.86 at epoch=73 step=16110
2026-04-21 23:32:06,603 WARNING High grad norm: 692.85 at epoch=73 step=16111
2026-04-21 23:32:06,825 WARNING High grad norm: 1176.53 at epoch=73 step=16112
2026-04-21 23:32:07,049 WARNING High grad norm: 637.34 at epoch=73 step=16113
2026-04-21 23:32:07,272 WARNING High grad norm: 962.33 at epoch=73 step=16114
2026-04-21 23:32:07,495 WARNING High grad norm: 1477.02 at epoch=73 step=16115
2026-04-21 23:32:07,716 WARNING High grad norm: 942.94 at epoch=73 step=16116
2026-04-21 23:32:07,938 WARNING High grad norm: 953.54 at epoch=73 step=16117
2026-04-21 23:32:08,160 WARNING High grad norm: 584.52 at epoch=73 step=16118
2026-04-21 23:32:08,381 WARNING High grad norm: 1386.95 at epoch=73 step=16119
2026-04-21 23:32:08,603 WARNING High grad norm: 1139.78 at epoch=73 step=16120
2026-04-21 23:32:08,825 WARNING High grad norm: 1827.28 at epoch=73 step=16121
2026-04-21 23:32:09,054 WARNING High grad norm: 742.19 at epoch=73 step=16122
2026-04-21 23:32:09,276 WARNING High grad norm: 802.86 at epoch=73 step=16123
2026-04-21 23:32:09,500 WARNING High grad norm: 2114.16 at epoch=73 step=16124
2026-04-21 23:32:09,723 WARNING High grad norm: 1876.95 at epoch=73 step=16125
2026-04-21 23:32:09,949 WARNING High grad norm: 1124.43 at epoch=73 step=16126
2026-04-21 23:32:10,172 WARNING High grad norm: 802.02 at epoch=73 step=16127
2026-04-21 23:32:10,394 WARNING High grad norm: 956.16 at epoch=73 step=16128
2026-04-21 23:32:10,616 WARNING High grad norm: 879.79 at epoch=73 step=16129
2026-04-21 23:32:10,837 WARNING High grad norm: 510.48 at epoch=73 step=16130
2026-04-21 23:32:11,059 WARNING High grad norm: 1185.18 at epoch=73 step=16131
2026-04-21 23:32:11,281 WARNING High grad norm: 1887.58 at epoch=73 step=16132
2026-04-21 23:32:11,502 WARNING High grad norm: 740.75 at epoch=73 step=16133
2026-04-21 23:32:11,725 WARNING High grad norm: 641.88 at epoch=73 step=16134
2026-04-21 23:32:11,947 WARNING High grad norm: 1193.28 at epoch=73 step=16135
2026-04-21 23:32:12,171 WARNING High grad norm: 894.33 at epoch=73 step=16136
2026-04-21 23:32:12,396 WARNING High grad norm: 1413.19 at epoch=73 step=16137
2026-04-21 23:32:12,618 WARNING High grad norm: 1114.33 at epoch=73 step=16138
2026-04-21 23:32:12,841 WARNING High grad norm: 1288.22 at epoch=73 step=16139
2026-04-21 23:32:13,063 WARNING High grad norm: 734.42 at epoch=73 step=16140
2026-04-21 23:32:13,284 WARNING High grad norm: 1349.95 at epoch=73 step=16141
2026-04-21 23:32:13,507 WARNING High grad norm: 840.91 at epoch=73 step=16142
2026-04-21 23:32:13,734 WARNING High grad norm: 2585.94 at epoch=73 step=16143
2026-04-21 23:32:13,957 WARNING High grad norm: 828.00 at epoch=73 step=16144
2026-04-21 23:32:14,181 WARNING High grad norm: 1455.62 at epoch=73 step=16145
2026-04-21 23:32:14,403 WARNING High grad norm: 1014.38 at epoch=73 step=16146
2026-04-21 23:32:14,633 WARNING High grad norm: 1008.36 at epoch=73 step=16147
2026-04-21 23:32:14,854 WARNING High grad norm: 1638.88 at epoch=73 step=16148
2026-04-21 23:32:15,077 WARNING High grad norm: 1225.61 at epoch=73 step=16149
2026-04-21 23:32:15,306 WARNING High grad norm: 914.40 at epoch=73 step=16150
2026-04-21 23:32:15,529 WARNING High grad norm: 1543.78 at epoch=73 step=16151
2026-04-21 23:32:15,749 WARNING High grad norm: 968.63 at epoch=73 step=16152
2026-04-21 23:32:15,980 WARNING High grad norm: 1008.53 at epoch=73 step=16153
2026-04-21 23:32:16,201 WARNING High grad norm: 613.06 at epoch=73 step=16154
2026-04-21 23:32:16,426 WARNING High grad norm: 2395.04 at epoch=73 step=16155
2026-04-21 23:32:16,651 WARNING High grad norm: 1013.40 at epoch=73 step=16156
2026-04-21 23:32:16,872 WARNING High grad norm: 871.98 at epoch=73 step=16157
2026-04-21 23:32:17,095 WARNING High grad norm: 649.28 at epoch=73 step=16158
2026-04-21 23:32:17,323 WARNING High grad norm: 1419.62 at epoch=73 step=16159
2026-04-21 23:32:17,545 WARNING High grad norm: 1058.05 at epoch=73 step=16160
2026-04-21 23:32:17,769 WARNING High grad norm: 1124.08 at epoch=73 step=16161
2026-04-21 23:32:17,991 WARNING High grad norm: 766.48 at epoch=73 step=16162
2026-04-21 23:32:18,215 WARNING High grad norm: 571.73 at epoch=73 step=16163
2026-04-21 23:32:18,436 WARNING High grad norm: 1011.77 at epoch=73 step=16164
2026-04-21 23:32:18,661 WARNING High grad norm: 622.72 at epoch=73 step=16165
2026-04-21 23:32:18,884 WARNING High grad norm: 557.61 at epoch=73 step=16166
2026-04-21 23:32:19,108 WARNING High grad norm: 873.39 at epoch=73 step=16167
2026-04-21 23:32:19,330 WARNING High grad norm: 930.14 at epoch=73 step=16168
2026-04-21 23:32:19,561 WARNING High grad norm: 906.63 at epoch=73 step=16169
2026-04-21 23:32:19,789 WARNING High grad norm: 598.04 at epoch=73 step=16170
2026-04-21 23:32:20,011 WARNING High grad norm: 797.09 at epoch=73 step=16171
2026-04-21 23:32:20,233 WARNING High grad norm: 581.36 at epoch=73 step=16172
2026-04-21 23:32:20,454 WARNING High grad norm: 628.61 at epoch=73 step=16173
2026-04-21 23:32:20,676 WARNING High grad norm: 617.09 at epoch=73 step=16174
2026-04-21 23:32:20,898 WARNING High grad norm: 615.96 at epoch=73 step=16175
2026-04-21 23:32:21,122 WARNING High grad norm: 809.44 at epoch=73 step=16176
2026-04-21 23:32:21,343 WARNING High grad norm: 801.92 at epoch=73 step=16177
2026-04-21 23:32:21,568 WARNING High grad norm: 1144.91 at epoch=73 step=16178
2026-04-21 23:32:21,790 WARNING High grad norm: 1010.73 at epoch=73 step=16179
2026-04-21 23:32:22,012 WARNING High grad norm: 1102.30 at epoch=73 step=16180
2026-04-21 23:32:22,234 WARNING High grad norm: 984.78 at epoch=73 step=16181
2026-04-21 23:32:22,456 WARNING High grad norm: 551.89 at epoch=73 step=16182
2026-04-21 23:32:22,678 WARNING High grad norm: 1631.08 at epoch=73 step=16183
2026-04-21 23:32:22,899 WARNING High grad norm: 742.67 at epoch=73 step=16184
2026-04-21 23:32:23,124 WARNING High grad norm: 1292.86 at epoch=73 step=16185
2026-04-21 23:32:23,345 WARNING High grad norm: 784.77 at epoch=73 step=16186
2026-04-21 23:32:23,567 WARNING High grad norm: 723.34 at epoch=73 step=16187
2026-04-21 23:32:23,789 WARNING High grad norm: 2342.96 at epoch=73 step=16188
2026-04-21 23:32:24,010 WARNING High grad norm: 998.44 at epoch=73 step=16189
2026-04-21 23:32:24,232 WARNING High grad norm: 664.85 at epoch=73 step=16190
2026-04-21 23:32:24,457 WARNING High grad norm: 1154.31 at epoch=73 step=16191
2026-04-21 23:32:24,679 WARNING High grad norm: 1230.36 at epoch=73 step=16192
2026-04-21 23:32:24,899 WARNING High grad norm: 750.07 at epoch=73 step=16193
2026-04-21 23:32:25,122 WARNING High grad norm: 1473.44 at epoch=73 step=16194
2026-04-21 23:32:25,345 WARNING High grad norm: 895.17 at epoch=73 step=16195
2026-04-21 23:32:25,571 WARNING High grad norm: 1123.82 at epoch=73 step=16196
2026-04-21 23:32:25,792 WARNING High grad norm: 1348.52 at epoch=73 step=16197
2026-04-21 23:32:26,014 WARNING High grad norm: 1964.52 at epoch=73 step=16198
2026-04-21 23:32:26,239 WARNING High grad norm: 642.32 at epoch=73 step=16199
2026-04-21 23:32:26,251 INFO epoch=73 step=16200 loss=483.4858 grad_norm=642.3223 lr=1.00e-06
2026-04-21 23:32:26,466 WARNING High grad norm: 1390.58 at epoch=73 step=16200
2026-04-21 23:32:26,693 WARNING High grad norm: 761.29 at epoch=73 step=16201
2026-04-21 23:32:26,916 WARNING High grad norm: 614.30 at epoch=73 step=16202
2026-04-21 23:32:27,138 WARNING High grad norm: 1765.52 at epoch=73 step=16203
2026-04-21 23:32:27,360 WARNING High grad norm: 688.44 at epoch=73 step=16204
2026-04-21 23:32:27,583 WARNING High grad norm: 785.04 at epoch=73 step=16205
2026-04-21 23:32:27,805 WARNING High grad norm: 713.74 at epoch=73 step=16206
2026-04-21 23:32:28,036 WARNING High grad norm: 996.18 at epoch=73 step=16207
2026-04-21 23:32:28,259 WARNING High grad norm: 742.77 at epoch=73 step=16208
2026-04-21 23:32:28,481 WARNING High grad norm: 617.90 at epoch=73 step=16209
2026-04-21 23:32:28,707 WARNING High grad norm: 1076.60 at epoch=73 step=16210
2026-04-21 23:32:28,931 WARNING High grad norm: 1577.89 at epoch=73 step=16211
2026-04-21 23:32:29,154 WARNING High grad norm: 789.87 at epoch=73 step=16212
2026-04-21 23:32:29,378 WARNING High grad norm: 793.30 at epoch=73 step=16213
2026-04-21 23:32:29,600 WARNING High grad norm: 1137.23 at epoch=73 step=16214
2026-04-21 23:32:29,826 WARNING High grad norm: 1266.77 at epoch=73 step=16215
2026-04-21 23:32:30,049 WARNING High grad norm: 1095.07 at epoch=73 step=16216
2026-04-21 23:32:30,270 WARNING High grad norm: 603.67 at epoch=73 step=16217
2026-04-21 23:32:30,497 WARNING High grad norm: 706.69 at epoch=73 step=16218
2026-04-21 23:32:30,722 WARNING High grad norm: 556.82 at epoch=73 step=16219
2026-04-21 23:32:30,952 WARNING High grad norm: 861.87 at epoch=73 step=16220
2026-04-21 23:32:31,175 WARNING High grad norm: 1169.16 at epoch=73 step=16221
2026-04-21 23:32:31,401 WARNING High grad norm: 1165.02 at epoch=73 step=16222
2026-04-21 23:32:31,624 WARNING High grad norm: 874.93 at epoch=73 step=16223
2026-04-21 23:32:31,848 WARNING High grad norm: 1014.22 at epoch=73 step=16224
2026-04-21 23:32:32,071 WARNING High grad norm: 632.22 at epoch=73 step=16225
2026-04-21 23:32:32,294 WARNING High grad norm: 802.67 at epoch=73 step=16226
2026-04-21 23:32:32,519 WARNING High grad norm: 508.98 at epoch=73 step=16227
2026-04-21 23:32:32,744 WARNING High grad norm: 905.44 at epoch=73 step=16228
2026-04-21 23:32:32,970 WARNING High grad norm: 847.50 at epoch=73 step=16229
2026-04-21 23:32:33,195 WARNING High grad norm: 1217.02 at epoch=73 step=16230
2026-04-21 23:32:33,417 WARNING High grad norm: 2116.24 at epoch=73 step=16231
2026-04-21 23:32:33,643 WARNING High grad norm: 866.73 at epoch=73 step=16232
2026-04-21 23:32:33,863 WARNING High grad norm: 1104.62 at epoch=73 step=16233
2026-04-21 23:32:34,087 WARNING High grad norm: 743.46 at epoch=73 step=16234
2026-04-21 23:32:34,309 WARNING High grad norm: 1799.57 at epoch=73 step=16235
2026-04-21 23:32:34,540 WARNING High grad norm: 731.73 at epoch=73 step=16236
2026-04-21 23:32:34,761 WARNING High grad norm: 745.12 at epoch=73 step=16237
2026-04-21 23:32:34,984 WARNING High grad norm: 777.27 at epoch=73 step=16238
2026-04-21 23:32:35,206 WARNING High grad norm: 1082.37 at epoch=73 step=16239
2026-04-21 23:32:35,430 WARNING High grad norm: 1929.09 at epoch=73 step=16240
2026-04-21 23:32:35,652 WARNING High grad norm: 667.46 at epoch=73 step=16241
2026-04-21 23:32:35,875 WARNING High grad norm: 655.93 at epoch=73 step=16242
2026-04-21 23:32:36,096 WARNING High grad norm: 650.45 at epoch=73 step=16243
2026-04-21 23:32:36,319 WARNING High grad norm: 452.95 at epoch=73 step=16244
2026-04-21 23:32:36,542 WARNING High grad norm: 605.20 at epoch=73 step=16245
2026-04-21 23:32:36,764 WARNING High grad norm: 863.29 at epoch=73 step=16246
2026-04-21 23:32:36,988 WARNING High grad norm: 994.80 at epoch=73 step=16247
2026-04-21 23:32:37,213 WARNING High grad norm: 1190.16 at epoch=73 step=16248
2026-04-21 23:32:37,436 WARNING High grad norm: 2760.17 at epoch=73 step=16249
2026-04-21 23:32:37,657 WARNING High grad norm: 842.52 at epoch=73 step=16250
2026-04-21 23:32:37,882 WARNING High grad norm: 1184.36 at epoch=73 step=16251
2026-04-21 23:32:38,105 WARNING High grad norm: 1930.19 at epoch=73 step=16252
2026-04-21 23:32:38,327 WARNING High grad norm: 953.29 at epoch=73 step=16253
2026-04-21 23:32:38,549 WARNING High grad norm: 870.34 at epoch=73 step=16254
2026-04-21 23:32:38,773 WARNING High grad norm: 1086.42 at epoch=73 step=16255
2026-04-21 23:32:38,996 WARNING High grad norm: 800.88 at epoch=73 step=16256
2026-04-21 23:32:39,217 WARNING High grad norm: 1014.23 at epoch=73 step=16257
2026-04-21 23:32:39,439 WARNING High grad norm: 2557.46 at epoch=73 step=16258
2026-04-21 23:32:39,663 WARNING High grad norm: 717.28 at epoch=73 step=16259
2026-04-21 23:32:39,890 WARNING High grad norm: 952.72 at epoch=73 step=16260
2026-04-21 23:32:40,114 WARNING High grad norm: 1488.18 at epoch=73 step=16261
2026-04-21 23:32:40,337 WARNING High grad norm: 1444.24 at epoch=73 step=16262
2026-04-21 23:32:40,560 WARNING High grad norm: 1962.26 at epoch=73 step=16263
2026-04-21 23:32:40,782 WARNING High grad norm: 1295.46 at epoch=73 step=16264
2026-04-21 23:32:41,006 WARNING High grad norm: 911.16 at epoch=73 step=16265
2026-04-21 23:32:41,231 WARNING High grad norm: 1919.32 at epoch=73 step=16266
2026-04-21 23:32:41,457 WARNING High grad norm: 582.70 at epoch=73 step=16267
2026-04-21 23:32:41,681 WARNING High grad norm: 716.98 at epoch=73 step=16268
2026-04-21 23:32:41,904 WARNING High grad norm: 748.65 at epoch=73 step=16269
2026-04-21 23:32:42,134 WARNING High grad norm: 908.39 at epoch=73 step=16270
2026-04-21 23:32:42,357 WARNING High grad norm: 1420.10 at epoch=73 step=16271
2026-04-21 23:32:42,581 WARNING High grad norm: 1411.15 at epoch=73 step=16272
2026-04-21 23:32:42,804 WARNING High grad norm: 746.83 at epoch=73 step=16273
2026-04-21 23:32:43,026 WARNING High grad norm: 2010.10 at epoch=73 step=16274
2026-04-21 23:32:43,248 WARNING High grad norm: 878.73 at epoch=73 step=16275
2026-04-21 23:32:43,470 WARNING High grad norm: 1854.75 at epoch=73 step=16276
2026-04-21 23:32:43,693 WARNING High grad norm: 601.77 at epoch=73 step=16277
2026-04-21 23:32:43,843 WARNING High grad norm: 2601.55 at epoch=73 step=16278
2026-04-21 23:32:44,450 INFO epoch=73 avg_loss=481.5364 lr=1.00e-06
2026-04-21 23:32:58,027 WARNING High grad norm: 529.09 at epoch=74 step=16279
2026-04-21 23:32:58,248 WARNING High grad norm: 1589.52 at epoch=74 step=16280
2026-04-21 23:32:58,470 WARNING High grad norm: 1235.68 at epoch=74 step=16281
2026-04-21 23:32:58,690 WARNING High grad norm: 1887.02 at epoch=74 step=16282
2026-04-21 23:32:58,911 WARNING High grad norm: 1956.37 at epoch=74 step=16283
2026-04-21 23:32:59,132 WARNING High grad norm: 2882.73 at epoch=74 step=16284
2026-04-21 23:32:59,355 WARNING High grad norm: 1008.49 at epoch=74 step=16285
2026-04-21 23:32:59,576 WARNING High grad norm: 3269.40 at epoch=74 step=16286
2026-04-21 23:32:59,799 WARNING High grad norm: 725.85 at epoch=74 step=16287
2026-04-21 23:33:00,021 WARNING High grad norm: 2151.96 at epoch=74 step=16288
2026-04-21 23:33:00,242 WARNING High grad norm: 854.66 at epoch=74 step=16289
2026-04-21 23:33:00,464 WARNING High grad norm: 2690.39 at epoch=74 step=16290
2026-04-21 23:33:00,685 WARNING High grad norm: 811.01 at epoch=74 step=16291
2026-04-21 23:33:00,909 WARNING High grad norm: 1010.10 at epoch=74 step=16292
2026-04-21 23:33:01,132 WARNING High grad norm: 2175.94 at epoch=74 step=16293
2026-04-21 23:33:01,355 WARNING High grad norm: 1013.31 at epoch=74 step=16294
2026-04-21 23:33:01,576 WARNING High grad norm: 680.39 at epoch=74 step=16295
2026-04-21 23:33:01,800 WARNING High grad norm: 1088.41 at epoch=74 step=16296
2026-04-21 23:33:02,021 WARNING High grad norm: 782.56 at epoch=74 step=16297
2026-04-21 23:33:02,243 WARNING High grad norm: 791.44 at epoch=74 step=16298
2026-04-21 23:33:02,464 WARNING High grad norm: 1030.56 at epoch=74 step=16299
2026-04-21 23:33:02,478 INFO epoch=74 step=16300 loss=460.1964 grad_norm=1030.5582 lr=1.00e-06
2026-04-21 23:33:02,690 WARNING High grad norm: 1332.25 at epoch=74 step=16300
2026-04-21 23:33:02,911 WARNING High grad norm: 845.96 at epoch=74 step=16301
2026-04-21 23:33:03,131 WARNING High grad norm: 843.35 at epoch=74 step=16302
2026-04-21 23:33:03,352 WARNING High grad norm: 794.40 at epoch=74 step=16303
2026-04-21 23:33:03,582 WARNING High grad norm: 2047.79 at epoch=74 step=16304
2026-04-21 23:33:03,806 WARNING High grad norm: 1048.04 at epoch=74 step=16305
2026-04-21 23:33:04,029 WARNING High grad norm: 884.23 at epoch=74 step=16306
2026-04-21 23:33:04,252 WARNING High grad norm: 1109.31 at epoch=74 step=16307
2026-04-21 23:33:04,473 WARNING High grad norm: 1082.91 at epoch=74 step=16308
2026-04-21 23:33:04,694 WARNING High grad norm: 738.24 at epoch=74 step=16309
2026-04-21 23:33:04,918 WARNING High grad norm: 1019.49 at epoch=74 step=16310
2026-04-21 23:33:05,139 WARNING High grad norm: 742.49 at epoch=74 step=16311
2026-04-21 23:33:05,361 WARNING High grad norm: 983.87 at epoch=74 step=16312
2026-04-21 23:33:05,582 WARNING High grad norm: 2604.05 at epoch=74 step=16313
2026-04-21 23:33:05,807 WARNING High grad norm: 1372.25 at epoch=74 step=16314
2026-04-21 23:33:06,030 WARNING High grad norm: 889.25 at epoch=74 step=16315
2026-04-21 23:33:06,255 WARNING High grad norm: 1644.36 at epoch=74 step=16316
2026-04-21 23:33:06,477 WARNING High grad norm: 994.76 at epoch=74 step=16317
2026-04-21 23:33:06,704 WARNING High grad norm: 3423.39 at epoch=74 step=16318
2026-04-21 23:33:06,928 WARNING High grad norm: 1771.75 at epoch=74 step=16319
2026-04-21 23:33:07,154 WARNING High grad norm: 910.37 at epoch=74 step=16320
2026-04-21 23:33:07,376 WARNING High grad norm: 657.70 at epoch=74 step=16321
2026-04-21 23:33:07,599 WARNING High grad norm: 2462.28 at epoch=74 step=16322
2026-04-21 23:33:07,824 WARNING High grad norm: 1387.64 at epoch=74 step=16323
2026-04-21 23:33:08,045 WARNING High grad norm: 1207.77 at epoch=74 step=16324
2026-04-21 23:33:08,266 WARNING High grad norm: 1753.93 at epoch=74 step=16325
2026-04-21 23:33:08,487 WARNING High grad norm: 784.93 at epoch=74 step=16326
2026-04-21 23:33:08,708 WARNING High grad norm: 692.94 at epoch=74 step=16327
2026-04-21 23:33:08,937 WARNING High grad norm: 1448.73 at epoch=74 step=16328
2026-04-21 23:33:09,159 WARNING High grad norm: 548.35 at epoch=74 step=16329
2026-04-21 23:33:09,382 WARNING High grad norm: 702.82 at epoch=74 step=16330
2026-04-21 23:33:09,602 WARNING High grad norm: 1073.41 at epoch=74 step=16331
2026-04-21 23:33:09,825 WARNING High grad norm: 1459.99 at epoch=74 step=16332
2026-04-21 23:33:10,056 WARNING High grad norm: 1017.85 at epoch=74 step=16333
2026-04-21 23:33:10,279 WARNING High grad norm: 1684.11 at epoch=74 step=16334
2026-04-21 23:33:10,500 WARNING High grad norm: 548.41 at epoch=74 step=16335
2026-04-21 23:33:10,723 WARNING High grad norm: 693.13 at epoch=74 step=16336
2026-04-21 23:33:10,949 WARNING High grad norm: 1841.65 at epoch=74 step=16337
2026-04-21 23:33:11,172 WARNING High grad norm: 1373.78 at epoch=74 step=16338
2026-04-21 23:33:11,399 WARNING High grad norm: 1423.61 at epoch=74 step=16339
2026-04-21 23:33:11,632 WARNING High grad norm: 995.68 at epoch=74 step=16340
2026-04-21 23:33:11,857 WARNING High grad norm: 833.47 at epoch=74 step=16341
2026-04-21 23:33:12,082 WARNING High grad norm: 944.26 at epoch=74 step=16342
2026-04-21 23:33:12,303 WARNING High grad norm: 649.04 at epoch=74 step=16343
2026-04-21 23:33:12,526 WARNING High grad norm: 740.06 at epoch=74 step=16344
2026-04-21 23:33:12,748 WARNING High grad norm: 1115.90 at epoch=74 step=16345
2026-04-21 23:33:12,970 WARNING High grad norm: 1230.56 at epoch=74 step=16346
2026-04-21 23:33:13,192 WARNING High grad norm: 1369.18 at epoch=74 step=16347
2026-04-21 23:33:13,417 WARNING High grad norm: 995.26 at epoch=74 step=16348
2026-04-21 23:33:13,642 WARNING High grad norm: 828.63 at epoch=74 step=16349
2026-04-21 23:33:13,863 WARNING High grad norm: 602.23 at epoch=74 step=16350
2026-04-21 23:33:14,086 WARNING High grad norm: 3111.02 at epoch=74 step=16351
2026-04-21 23:33:14,311 WARNING High grad norm: 1073.05 at epoch=74 step=16352
2026-04-21 23:33:14,533 WARNING High grad norm: 1399.95 at epoch=74 step=16353
2026-04-21 23:33:14,754 WARNING High grad norm: 886.96 at epoch=74 step=16354
2026-04-21 23:33:14,977 WARNING High grad norm: 1353.83 at epoch=74 step=16355
2026-04-21 23:33:15,198 WARNING High grad norm: 972.81 at epoch=74 step=16356
2026-04-21 23:33:15,423 WARNING High grad norm: 725.18 at epoch=74 step=16357
2026-04-21 23:33:15,643 WARNING High grad norm: 1093.45 at epoch=74 step=16358
2026-04-21 23:33:15,867 WARNING High grad norm: 827.63 at epoch=74 step=16359
2026-04-21 23:33:16,088 WARNING High grad norm: 3044.01 at epoch=74 step=16360
2026-04-21 23:33:16,310 WARNING High grad norm: 2554.27 at epoch=74 step=16361
2026-04-21 23:33:16,531 WARNING High grad norm: 1145.76 at epoch=74 step=16362
2026-04-21 23:33:16,753 WARNING High grad norm: 2115.25 at epoch=74 step=16363
2026-04-21 23:33:16,974 WARNING High grad norm: 3199.31 at epoch=74 step=16364
2026-04-21 23:33:17,200 WARNING High grad norm: 669.13 at epoch=74 step=16365
2026-04-21 23:33:17,421 WARNING High grad norm: 702.75 at epoch=74 step=16366
2026-04-21 23:33:17,649 WARNING High grad norm: 1344.35 at epoch=74 step=16367
2026-04-21 23:33:17,875 WARNING High grad norm: 572.26 at epoch=74 step=16368
2026-04-21 23:33:18,096 WARNING High grad norm: 606.65 at epoch=74 step=16369
2026-04-21 23:33:18,318 WARNING High grad norm: 704.11 at epoch=74 step=16370
2026-04-21 23:33:18,542 WARNING High grad norm: 630.38 at epoch=74 step=16371
2026-04-21 23:33:18,776 WARNING High grad norm: 1643.49 at epoch=74 step=16372
2026-04-21 23:33:19,002 WARNING High grad norm: 1505.39 at epoch=74 step=16373
2026-04-21 23:33:19,225 WARNING High grad norm: 1807.18 at epoch=74 step=16374
2026-04-21 23:33:19,446 WARNING High grad norm: 1753.35 at epoch=74 step=16375
2026-04-21 23:33:19,667 WARNING High grad norm: 1361.73 at epoch=74 step=16376
2026-04-21 23:33:19,890 WARNING High grad norm: 1450.10 at epoch=74 step=16377
2026-04-21 23:33:20,114 WARNING High grad norm: 1479.34 at epoch=74 step=16378
2026-04-21 23:33:20,336 WARNING High grad norm: 1408.07 at epoch=74 step=16379
2026-04-21 23:33:20,561 WARNING High grad norm: 672.41 at epoch=74 step=16380
2026-04-21 23:33:20,782 WARNING High grad norm: 727.43 at epoch=74 step=16381
2026-04-21 23:33:21,004 WARNING High grad norm: 812.01 at epoch=74 step=16382
2026-04-21 23:33:21,225 WARNING High grad norm: 857.24 at epoch=74 step=16383
2026-04-21 23:33:21,450 WARNING High grad norm: 2300.11 at epoch=74 step=16384
2026-04-21 23:33:21,671 WARNING High grad norm: 888.38 at epoch=74 step=16385
2026-04-21 23:33:21,893 WARNING High grad norm: 1178.95 at epoch=74 step=16386
2026-04-21 23:33:22,114 WARNING High grad norm: 599.27 at epoch=74 step=16387
2026-04-21 23:33:22,337 WARNING High grad norm: 598.82 at epoch=74 step=16388
2026-04-21 23:33:22,559 WARNING High grad norm: 2010.45 at epoch=74 step=16389
2026-04-21 23:33:22,785 WARNING High grad norm: 669.01 at epoch=74 step=16390
2026-04-21 23:33:23,008 WARNING High grad norm: 867.08 at epoch=74 step=16391
2026-04-21 23:33:23,231 WARNING High grad norm: 1057.65 at epoch=74 step=16392
2026-04-21 23:33:23,456 WARNING High grad norm: 1233.93 at epoch=74 step=16393
2026-04-21 23:33:23,686 WARNING High grad norm: 826.42 at epoch=74 step=16394
2026-04-21 23:33:23,912 WARNING High grad norm: 1710.73 at epoch=74 step=16395
2026-04-21 23:33:24,134 WARNING High grad norm: 932.21 at epoch=74 step=16396
2026-04-21 23:33:24,361 WARNING High grad norm: 909.03 at epoch=74 step=16397
2026-04-21 23:33:24,587 WARNING High grad norm: 1050.75 at epoch=74 step=16398
2026-04-21 23:33:24,809 WARNING High grad norm: 2504.86 at epoch=74 step=16399
2026-04-21 23:33:24,818 INFO epoch=74 step=16400 loss=472.5201 grad_norm=2504.8633 lr=1.00e-06
2026-04-21 23:33:25,033 WARNING High grad norm: 1014.83 at epoch=74 step=16400
2026-04-21 23:33:25,257 WARNING High grad norm: 807.69 at epoch=74 step=16401
2026-04-21 23:33:25,479 WARNING High grad norm: 1515.07 at epoch=74 step=16402
2026-04-21 23:33:25,704 WARNING High grad norm: 1051.99 at epoch=74 step=16403
2026-04-21 23:33:25,926 WARNING High grad norm: 939.21 at epoch=74 step=16404
2026-04-21 23:33:26,159 WARNING High grad norm: 928.06 at epoch=74 step=16405
2026-04-21 23:33:26,381 WARNING High grad norm: 1161.38 at epoch=74 step=16406
2026-04-21 23:33:26,604 WARNING High grad norm: 1301.29 at epoch=74 step=16407
2026-04-21 23:33:26,826 WARNING High grad norm: 1824.99 at epoch=74 step=16408
2026-04-21 23:33:27,049 WARNING High grad norm: 1382.96 at epoch=74 step=16409
2026-04-21 23:33:27,270 WARNING High grad norm: 970.40 at epoch=74 step=16410
2026-04-21 23:33:27,496 WARNING High grad norm: 1122.98 at epoch=74 step=16411
2026-04-21 23:33:27,717 WARNING High grad norm: 996.20 at epoch=74 step=16412
2026-04-21 23:33:27,947 WARNING High grad norm: 727.50 at epoch=74 step=16413
2026-04-21 23:33:28,168 WARNING High grad norm: 922.60 at epoch=74 step=16414
2026-04-21 23:33:28,392 WARNING High grad norm: 620.02 at epoch=74 step=16415
2026-04-21 23:33:28,613 WARNING High grad norm: 1026.86 at epoch=74 step=16416
2026-04-21 23:33:28,835 WARNING High grad norm: 1300.75 at epoch=74 step=16417
2026-04-21 23:33:29,057 WARNING High grad norm: 735.09 at epoch=74 step=16418
2026-04-21 23:33:29,279 WARNING High grad norm: 636.23 at epoch=74 step=16419
2026-04-21 23:33:29,501 WARNING High grad norm: 1170.18 at epoch=74 step=16420
2026-04-21 23:33:29,730 WARNING High grad norm: 1007.58 at epoch=74 step=16421
2026-04-21 23:33:29,955 WARNING High grad norm: 990.83 at epoch=74 step=16422
2026-04-21 23:33:30,178 WARNING High grad norm: 1676.96 at epoch=74 step=16423
2026-04-21 23:33:30,400 WARNING High grad norm: 1469.88 at epoch=74 step=16424
2026-04-21 23:33:30,622 WARNING High grad norm: 625.11 at epoch=74 step=16425
2026-04-21 23:33:30,848 WARNING High grad norm: 1256.37 at epoch=74 step=16426
2026-04-21 23:33:31,077 WARNING High grad norm: 1060.99 at epoch=74 step=16427
2026-04-21 23:33:31,300 WARNING High grad norm: 1461.58 at epoch=74 step=16428
2026-04-21 23:33:31,522 WARNING High grad norm: 1449.39 at epoch=74 step=16429
2026-04-21 23:33:31,744 WARNING High grad norm: 924.54 at epoch=74 step=16430
2026-04-21 23:33:31,975 WARNING High grad norm: 905.66 at epoch=74 step=16431
2026-04-21 23:33:32,197 WARNING High grad norm: 940.85 at epoch=74 step=16432
2026-04-21 23:33:32,418 WARNING High grad norm: 1411.62 at epoch=74 step=16433
2026-04-21 23:33:32,642 WARNING High grad norm: 1036.89 at epoch=74 step=16434
2026-04-21 23:33:32,863 WARNING High grad norm: 972.65 at epoch=74 step=16435
2026-04-21 23:33:33,085 WARNING High grad norm: 1784.16 at epoch=74 step=16436
2026-04-21 23:33:33,314 WARNING High grad norm: 570.87 at epoch=74 step=16437
2026-04-21 23:33:33,543 WARNING High grad norm: 742.17 at epoch=74 step=16438
2026-04-21 23:33:33,768 WARNING High grad norm: 834.89 at epoch=74 step=16439
2026-04-21 23:33:33,989 WARNING High grad norm: 1177.25 at epoch=74 step=16440
2026-04-21 23:33:34,211 WARNING High grad norm: 702.89 at epoch=74 step=16441
2026-04-21 23:33:34,433 WARNING High grad norm: 1315.57 at epoch=74 step=16442
2026-04-21 23:33:34,658 WARNING High grad norm: 1562.63 at epoch=74 step=16443
2026-04-21 23:33:34,879 WARNING High grad norm: 670.07 at epoch=74 step=16444
2026-04-21 23:33:35,101 WARNING High grad norm: 1218.43 at epoch=74 step=16445
2026-04-21 23:33:35,322 WARNING High grad norm: 568.21 at epoch=74 step=16446
2026-04-21 23:33:35,544 WARNING High grad norm: 2158.78 at epoch=74 step=16447
2026-04-21 23:33:35,767 WARNING High grad norm: 1045.70 at epoch=74 step=16448
2026-04-21 23:33:35,988 WARNING High grad norm: 3337.51 at epoch=74 step=16449
2026-04-21 23:33:36,210 WARNING High grad norm: 1720.51 at epoch=74 step=16450
2026-04-21 23:33:36,434 WARNING High grad norm: 1505.04 at epoch=74 step=16451
2026-04-21 23:33:36,656 WARNING High grad norm: 1760.81 at epoch=74 step=16452
2026-04-21 23:33:36,881 WARNING High grad norm: 876.55 at epoch=74 step=16453
2026-04-21 23:33:37,103 WARNING High grad norm: 1050.00 at epoch=74 step=16454
2026-04-21 23:33:37,324 WARNING High grad norm: 1158.42 at epoch=74 step=16455
2026-04-21 23:33:37,546 WARNING High grad norm: 775.33 at epoch=74 step=16456
2026-04-21 23:33:37,769 WARNING High grad norm: 973.63 at epoch=74 step=16457
2026-04-21 23:33:37,992 WARNING High grad norm: 1050.37 at epoch=74 step=16458
2026-04-21 23:33:38,216 WARNING High grad norm: 765.51 at epoch=74 step=16459
2026-04-21 23:33:38,441 WARNING High grad norm: 1266.77 at epoch=74 step=16460
2026-04-21 23:33:38,666 WARNING High grad norm: 428.21 at epoch=74 step=16461
2026-04-21 23:33:38,889 WARNING High grad norm: 986.04 at epoch=74 step=16462
2026-04-21 23:33:39,112 WARNING High grad norm: 984.84 at epoch=74 step=16463
2026-04-21 23:33:39,341 WARNING High grad norm: 1511.57 at epoch=74 step=16464
2026-04-21 23:33:39,562 WARNING High grad norm: 927.35 at epoch=74 step=16465
2026-04-21 23:33:39,789 WARNING High grad norm: 1152.03 at epoch=74 step=16466
2026-04-21 23:33:40,010 WARNING High grad norm: 1314.89 at epoch=74 step=16467
2026-04-21 23:33:40,232 WARNING High grad norm: 1756.40 at epoch=74 step=16468
2026-04-21 23:33:40,453 WARNING High grad norm: 1185.23 at epoch=74 step=16469
2026-04-21 23:33:40,676 WARNING High grad norm: 920.43 at epoch=74 step=16470
2026-04-21 23:33:40,901 WARNING High grad norm: 1475.14 at epoch=74 step=16471
2026-04-21 23:33:41,123 WARNING High grad norm: 1464.09 at epoch=74 step=16472
2026-04-21 23:33:41,345 WARNING High grad norm: 778.12 at epoch=74 step=16473
2026-04-21 23:33:41,567 WARNING High grad norm: 1707.25 at epoch=74 step=16474
2026-04-21 23:33:41,789 WARNING High grad norm: 1136.96 at epoch=74 step=16475
2026-04-21 23:33:42,011 WARNING High grad norm: 1311.23 at epoch=74 step=16476
2026-04-21 23:33:42,233 WARNING High grad norm: 1371.74 at epoch=74 step=16477
2026-04-21 23:33:42,455 WARNING High grad norm: 1583.50 at epoch=74 step=16478
2026-04-21 23:33:42,679 WARNING High grad norm: 1193.93 at epoch=74 step=16479
2026-04-21 23:33:42,908 WARNING High grad norm: 1025.87 at epoch=74 step=16480
2026-04-21 23:33:43,130 WARNING High grad norm: 966.95 at epoch=74 step=16481
2026-04-21 23:33:43,357 WARNING High grad norm: 961.13 at epoch=74 step=16482
2026-04-21 23:33:43,582 WARNING High grad norm: 1314.44 at epoch=74 step=16483
2026-04-21 23:33:43,805 WARNING High grad norm: 1343.10 at epoch=74 step=16484
2026-04-21 23:33:44,029 WARNING High grad norm: 599.41 at epoch=74 step=16485
2026-04-21 23:33:44,254 WARNING High grad norm: 1993.84 at epoch=74 step=16486
2026-04-21 23:33:44,480 WARNING High grad norm: 1388.86 at epoch=74 step=16487
2026-04-21 23:33:44,708 WARNING High grad norm: 1002.30 at epoch=74 step=16488
2026-04-21 23:33:44,930 WARNING High grad norm: 1619.18 at epoch=74 step=16489
2026-04-21 23:33:45,152 WARNING High grad norm: 846.87 at epoch=74 step=16490
2026-04-21 23:33:45,378 WARNING High grad norm: 1114.69 at epoch=74 step=16491
2026-04-21 23:33:45,600 WARNING High grad norm: 1336.09 at epoch=74 step=16492
2026-04-21 23:33:45,825 WARNING High grad norm: 1554.80 at epoch=74 step=16493
2026-04-21 23:33:46,046 WARNING High grad norm: 2500.70 at epoch=74 step=16494
2026-04-21 23:33:46,269 WARNING High grad norm: 943.73 at epoch=74 step=16495
2026-04-21 23:33:46,491 WARNING High grad norm: 749.26 at epoch=74 step=16496
2026-04-21 23:33:46,720 WARNING High grad norm: 905.85 at epoch=74 step=16497
2026-04-21 23:33:46,946 WARNING High grad norm: 1483.80 at epoch=74 step=16498
2026-04-21 23:33:47,167 WARNING High grad norm: 1075.73 at epoch=74 step=16499
2026-04-21 23:33:47,177 INFO epoch=74 step=16500 loss=479.9289 grad_norm=1075.7262 lr=1.00e-06
2026-04-21 23:33:47,392 WARNING High grad norm: 853.73 at epoch=74 step=16500
2026-04-21 23:33:47,542 WARNING High grad norm: 921.72 at epoch=74 step=16501
2026-04-21 23:33:48,125 INFO epoch=74 avg_loss=480.1631 lr=1.00e-06
2026-04-21 23:34:02,128 WARNING High grad norm: 507.08 at epoch=75 step=16502
2026-04-21 23:34:02,349 WARNING High grad norm: 907.99 at epoch=75 step=16503
2026-04-21 23:34:02,571 WARNING High grad norm: 538.33 at epoch=75 step=16504
2026-04-21 23:34:02,792 WARNING High grad norm: 1201.26 at epoch=75 step=16505
2026-04-21 23:34:03,013 WARNING High grad norm: 535.16 at epoch=75 step=16506
2026-04-21 23:34:03,234 WARNING High grad norm: 1502.61 at epoch=75 step=16507
2026-04-21 23:34:03,454 WARNING High grad norm: 1328.60 at epoch=75 step=16508
2026-04-21 23:34:03,675 WARNING High grad norm: 773.05 at epoch=75 step=16509
2026-04-21 23:34:03,895 WARNING High grad norm: 816.64 at epoch=75 step=16510
2026-04-21 23:34:04,116 WARNING High grad norm: 1864.65 at epoch=75 step=16511
2026-04-21 23:34:04,336 WARNING High grad norm: 1082.34 at epoch=75 step=16512
2026-04-21 23:34:04,557 WARNING High grad norm: 1390.29 at epoch=75 step=16513
2026-04-21 23:34:04,778 WARNING High grad norm: 833.37 at epoch=75 step=16514
2026-04-21 23:34:04,999 WARNING High grad norm: 901.83 at epoch=75 step=16515
2026-04-21 23:34:05,221 WARNING High grad norm: 1164.59 at epoch=75 step=16516
2026-04-21 23:34:05,444 WARNING High grad norm: 801.32 at epoch=75 step=16517
2026-04-21 23:34:05,666 WARNING High grad norm: 2103.36 at epoch=75 step=16518
2026-04-21 23:34:05,890 WARNING High grad norm: 2477.61 at epoch=75 step=16519
2026-04-21 23:34:06,114 WARNING High grad norm: 1465.99 at epoch=75 step=16520
2026-04-21 23:34:06,335 WARNING High grad norm: 1633.14 at epoch=75 step=16521
2026-04-21 23:34:06,559 WARNING High grad norm: 1497.76 at epoch=75 step=16522
2026-04-21 23:34:06,788 WARNING High grad norm: 792.72 at epoch=75 step=16523
2026-04-21 23:34:07,013 WARNING High grad norm: 1988.48 at epoch=75 step=16524
2026-04-21 23:34:07,234 WARNING High grad norm: 640.55 at epoch=75 step=16525
2026-04-21 23:34:07,457 WARNING High grad norm: 1455.79 at epoch=75 step=16526
2026-04-21 23:34:07,682 WARNING High grad norm: 1560.47 at epoch=75 step=16527
2026-04-21 23:34:07,903 WARNING High grad norm: 729.96 at epoch=75 step=16528
2026-04-21 23:34:08,128 WARNING High grad norm: 822.47 at epoch=75 step=16529
2026-04-21 23:34:08,349 WARNING High grad norm: 1389.72 at epoch=75 step=16530
2026-04-21 23:34:08,572 WARNING High grad norm: 1909.05 at epoch=75 step=16531
2026-04-21 23:34:08,804 WARNING High grad norm: 811.83 at epoch=75 step=16532
2026-04-21 23:34:09,026 WARNING High grad norm: 679.31 at epoch=75 step=16533
2026-04-21 23:34:09,249 WARNING High grad norm: 772.18 at epoch=75 step=16534
2026-04-21 23:34:09,471 WARNING High grad norm: 1042.51 at epoch=75 step=16535
2026-04-21 23:34:09,696 WARNING High grad norm: 1489.22 at epoch=75 step=16536
2026-04-21 23:34:09,918 WARNING High grad norm: 705.30 at epoch=75 step=16537
2026-04-21 23:34:10,142 WARNING High grad norm: 1205.45 at epoch=75 step=16538
2026-04-21 23:34:10,363 WARNING High grad norm: 1946.65 at epoch=75 step=16539
2026-04-21 23:34:10,584 WARNING High grad norm: 1062.67 at epoch=75 step=16540
2026-04-21 23:34:10,805 WARNING High grad norm: 909.07 at epoch=75 step=16541
2026-04-21 23:34:11,028 WARNING High grad norm: 1223.11 at epoch=75 step=16542
2026-04-21 23:34:11,249 WARNING High grad norm: 702.31 at epoch=75 step=16543
2026-04-21 23:34:11,479 WARNING High grad norm: 2551.56 at epoch=75 step=16544
2026-04-21 23:34:11,699 WARNING High grad norm: 1137.18 at epoch=75 step=16545
2026-04-21 23:34:11,920 WARNING High grad norm: 1095.72 at epoch=75 step=16546
2026-04-21 23:34:12,142 WARNING High grad norm: 511.94 at epoch=75 step=16547
2026-04-21 23:34:12,365 WARNING High grad norm: 799.13 at epoch=75 step=16548
2026-04-21 23:34:12,586 WARNING High grad norm: 1079.13 at epoch=75 step=16549
2026-04-21 23:34:12,809 WARNING High grad norm: 774.96 at epoch=75 step=16550
2026-04-21 23:34:13,031 WARNING High grad norm: 1521.89 at epoch=75 step=16551
2026-04-21 23:34:13,252 WARNING High grad norm: 1011.64 at epoch=75 step=16552
2026-04-21 23:34:13,475 WARNING High grad norm: 735.47 at epoch=75 step=16553
2026-04-21 23:34:13,704 WARNING High grad norm: 2188.44 at epoch=75 step=16554
2026-04-21 23:34:13,926 WARNING High grad norm: 1709.95 at epoch=75 step=16555
2026-04-21 23:34:14,146 WARNING High grad norm: 757.12 at epoch=75 step=16556
2026-04-21 23:34:14,378 WARNING High grad norm: 1213.38 at epoch=75 step=16557
2026-04-21 23:34:14,601 WARNING High grad norm: 1086.11 at epoch=75 step=16558
2026-04-21 23:34:14,823 WARNING High grad norm: 1054.31 at epoch=75 step=16559
2026-04-21 23:34:15,044 WARNING High grad norm: 653.92 at epoch=75 step=16560
2026-04-21 23:34:15,265 WARNING High grad norm: 763.10 at epoch=75 step=16561
2026-04-21 23:34:15,486 WARNING High grad norm: 865.95 at epoch=75 step=16562
2026-04-21 23:34:15,708 WARNING High grad norm: 904.51 at epoch=75 step=16563
2026-04-21 23:34:15,932 WARNING High grad norm: 633.75 at epoch=75 step=16564
2026-04-21 23:34:16,154 WARNING High grad norm: 1039.52 at epoch=75 step=16565
2026-04-21 23:34:16,376 WARNING High grad norm: 820.95 at epoch=75 step=16566
2026-04-21 23:34:16,597 WARNING High grad norm: 1310.71 at epoch=75 step=16567
2026-04-21 23:34:16,819 WARNING High grad norm: 803.13 at epoch=75 step=16568
2026-04-21 23:34:17,041 WARNING High grad norm: 864.81 at epoch=75 step=16569
2026-04-21 23:34:17,266 WARNING High grad norm: 823.27 at epoch=75 step=16570
2026-04-21 23:34:17,487 WARNING High grad norm: 1279.75 at epoch=75 step=16571
2026-04-21 23:34:17,709 WARNING High grad norm: 667.90 at epoch=75 step=16572
2026-04-21 23:34:17,931 WARNING High grad norm: 917.28 at epoch=75 step=16573
2026-04-21 23:34:18,153 WARNING High grad norm: 726.03 at epoch=75 step=16574
2026-04-21 23:34:18,375 WARNING High grad norm: 1195.52 at epoch=75 step=16575
2026-04-21 23:34:18,596 WARNING High grad norm: 2533.99 at epoch=75 step=16576
2026-04-21 23:34:18,820 WARNING High grad norm: 1382.57 at epoch=75 step=16577
2026-04-21 23:34:19,041 WARNING High grad norm: 1654.13 at epoch=75 step=16578
2026-04-21 23:34:19,265 WARNING High grad norm: 689.30 at epoch=75 step=16579
2026-04-21 23:34:19,494 WARNING High grad norm: 848.59 at epoch=75 step=16580
2026-04-21 23:34:19,719 WARNING High grad norm: 1278.59 at epoch=75 step=16581
2026-04-21 23:34:19,940 WARNING High grad norm: 734.79 at epoch=75 step=16582
2026-04-21 23:34:20,166 WARNING High grad norm: 1629.31 at epoch=75 step=16583
2026-04-21 23:34:20,390 WARNING High grad norm: 628.38 at epoch=75 step=16584
2026-04-21 23:34:20,615 WARNING High grad norm: 650.46 at epoch=75 step=16585
2026-04-21 23:34:20,838 WARNING High grad norm: 833.27 at epoch=75 step=16586
2026-04-21 23:34:21,063 WARNING High grad norm: 1430.17 at epoch=75 step=16587
2026-04-21 23:34:21,285 WARNING High grad norm: 1113.14 at epoch=75 step=16588
2026-04-21 23:34:21,510 WARNING High grad norm: 697.00 at epoch=75 step=16589
2026-04-21 23:34:21,733 WARNING High grad norm: 1659.45 at epoch=75 step=16590
2026-04-21 23:34:21,956 WARNING High grad norm: 1156.45 at epoch=75 step=16591
2026-04-21 23:34:22,177 WARNING High grad norm: 869.71 at epoch=75 step=16592
2026-04-21 23:34:22,406 WARNING High grad norm: 942.81 at epoch=75 step=16593
2026-04-21 23:34:22,629 WARNING High grad norm: 1117.54 at epoch=75 step=16594
2026-04-21 23:34:22,853 WARNING High grad norm: 970.38 at epoch=75 step=16595
2026-04-21 23:34:23,074 WARNING High grad norm: 1013.57 at epoch=75 step=16596
2026-04-21 23:34:23,296 WARNING High grad norm: 1643.53 at epoch=75 step=16597
2026-04-21 23:34:23,518 WARNING High grad norm: 893.96 at epoch=75 step=16598
2026-04-21 23:34:23,739 WARNING High grad norm: 2223.43 at epoch=75 step=16599
2026-04-21 23:34:23,750 INFO epoch=75 step=16600 loss=489.9735 grad_norm=2223.4287 lr=1.00e-06
2026-04-21 23:34:23,963 WARNING High grad norm: 743.26 at epoch=75 step=16600
2026-04-21 23:34:24,184 WARNING High grad norm: 918.96 at epoch=75 step=16601
2026-04-21 23:34:24,405 WARNING High grad norm: 2252.59 at epoch=75 step=16602
2026-04-21 23:34:24,629 WARNING High grad norm: 1418.51 at epoch=75 step=16603
2026-04-21 23:34:24,849 WARNING High grad norm: 1272.51 at epoch=75 step=16604
2026-04-21 23:34:25,072 WARNING High grad norm: 979.71 at epoch=75 step=16605
2026-04-21 23:34:25,296 WARNING High grad norm: 933.92 at epoch=75 step=16606
2026-04-21 23:34:25,525 WARNING High grad norm: 1849.81 at epoch=75 step=16607
2026-04-21 23:34:25,746 WARNING High grad norm: 1520.66 at epoch=75 step=16608
2026-04-21 23:34:25,974 WARNING High grad norm: 2163.80 at epoch=75 step=16609
2026-04-21 23:34:26,199 WARNING High grad norm: 2842.39 at epoch=75 step=16610
2026-04-21 23:34:26,421 WARNING High grad norm: 1447.71 at epoch=75 step=16611
2026-04-21 23:34:26,642 WARNING High grad norm: 1201.17 at epoch=75 step=16612
2026-04-21 23:34:26,867 WARNING High grad norm: 915.94 at epoch=75 step=16613
2026-04-21 23:34:27,092 WARNING High grad norm: 956.05 at epoch=75 step=16614
2026-04-21 23:34:27,314 WARNING High grad norm: 857.54 at epoch=75 step=16615
2026-04-21 23:34:27,544 WARNING High grad norm: 448.49 at epoch=75 step=16616
2026-04-21 23:34:27,770 WARNING High grad norm: 2149.95 at epoch=75 step=16617
2026-04-21 23:34:27,992 WARNING High grad norm: 1386.09 at epoch=75 step=16618
2026-04-21 23:34:28,214 WARNING High grad norm: 1569.30 at epoch=75 step=16619
2026-04-21 23:34:28,436 WARNING High grad norm: 1426.53 at epoch=75 step=16620
2026-04-21 23:34:28,658 WARNING High grad norm: 2670.91 at epoch=75 step=16621
2026-04-21 23:34:28,880 WARNING High grad norm: 1494.55 at epoch=75 step=16622
2026-04-21 23:34:29,101 WARNING High grad norm: 763.09 at epoch=75 step=16623
2026-04-21 23:34:29,324 WARNING High grad norm: 857.15 at epoch=75 step=16624
2026-04-21 23:34:29,545 WARNING High grad norm: 880.29 at epoch=75 step=16625
2026-04-21 23:34:29,766 WARNING High grad norm: 658.25 at epoch=75 step=16626
2026-04-21 23:34:29,988 WARNING High grad norm: 1140.81 at epoch=75 step=16627
2026-04-21 23:34:30,214 WARNING High grad norm: 1547.27 at epoch=75 step=16628
2026-04-21 23:34:30,446 WARNING High grad norm: 2096.88 at epoch=75 step=16629
2026-04-21 23:34:30,669 WARNING High grad norm: 2629.62 at epoch=75 step=16630
2026-04-21 23:34:30,891 WARNING High grad norm: 2115.96 at epoch=75 step=16631
2026-04-21 23:34:31,113 WARNING High grad norm: 962.91 at epoch=75 step=16632
2026-04-21 23:34:31,334 WARNING High grad norm: 928.20 at epoch=75 step=16633
2026-04-21 23:34:31,556 WARNING High grad norm: 1027.92 at epoch=75 step=16634
2026-04-21 23:34:31,779 WARNING High grad norm: 959.62 at epoch=75 step=16635
2026-04-21 23:34:32,002 WARNING High grad norm: 1791.19 at epoch=75 step=16636
2026-04-21 23:34:32,223 WARNING High grad norm: 1079.85 at epoch=75 step=16637
2026-04-21 23:34:32,444 WARNING High grad norm: 1124.66 at epoch=75 step=16638
2026-04-21 23:34:32,668 WARNING High grad norm: 1046.79 at epoch=75 step=16639
2026-04-21 23:34:32,898 WARNING High grad norm: 761.62 at epoch=75 step=16640
2026-04-21 23:34:33,119 WARNING High grad norm: 1888.68 at epoch=75 step=16641
2026-04-21 23:34:33,340 WARNING High grad norm: 1033.89 at epoch=75 step=16642
2026-04-21 23:34:33,565 WARNING High grad norm: 1043.98 at epoch=75 step=16643
2026-04-21 23:34:33,786 WARNING High grad norm: 1053.67 at epoch=75 step=16644
2026-04-21 23:34:34,009 WARNING High grad norm: 453.01 at epoch=75 step=16645
2026-04-21 23:34:34,231 WARNING High grad norm: 575.37 at epoch=75 step=16646
2026-04-21 23:34:34,454 WARNING High grad norm: 1109.79 at epoch=75 step=16647
2026-04-21 23:34:34,679 WARNING High grad norm: 712.53 at epoch=75 step=16648
2026-04-21 23:34:34,902 WARNING High grad norm: 1713.29 at epoch=75 step=16649
2026-04-21 23:34:35,123 WARNING High grad norm: 961.90 at epoch=75 step=16650
2026-04-21 23:34:35,350 WARNING High grad norm: 924.02 at epoch=75 step=16651
2026-04-21 23:34:35,579 WARNING High grad norm: 1170.89 at epoch=75 step=16652
2026-04-21 23:34:35,804 WARNING High grad norm: 748.67 at epoch=75 step=16653
2026-04-21 23:34:36,024 WARNING High grad norm: 747.26 at epoch=75 step=16654
2026-04-21 23:34:36,249 WARNING High grad norm: 1320.33 at epoch=75 step=16655
2026-04-21 23:34:36,470 WARNING High grad norm: 1418.35 at epoch=75 step=16656
2026-04-21 23:34:36,693 WARNING High grad norm: 2340.13 at epoch=75 step=16657
2026-04-21 23:34:36,914 WARNING High grad norm: 1627.78 at epoch=75 step=16658
2026-04-21 23:34:37,144 WARNING High grad norm: 539.60 at epoch=75 step=16659
2026-04-21 23:34:37,366 WARNING High grad norm: 1475.31 at epoch=75 step=16660
2026-04-21 23:34:37,598 WARNING High grad norm: 691.88 at epoch=75 step=16661
2026-04-21 23:34:37,821 WARNING High grad norm: 638.95 at epoch=75 step=16662
2026-04-21 23:34:38,043 WARNING High grad norm: 1169.42 at epoch=75 step=16663
2026-04-21 23:34:38,265 WARNING High grad norm: 1619.95 at epoch=75 step=16664
2026-04-21 23:34:38,494 WARNING High grad norm: 1070.46 at epoch=75 step=16665
2026-04-21 23:34:38,724 WARNING High grad norm: 2110.72 at epoch=75 step=16666
2026-04-21 23:34:38,949 WARNING High grad norm: 1220.87 at epoch=75 step=16667
2026-04-21 23:34:39,174 WARNING High grad norm: 1128.64 at epoch=75 step=16668
2026-04-21 23:34:39,395 WARNING High grad norm: 703.08 at epoch=75 step=16669
2026-04-21 23:34:39,617 WARNING High grad norm: 625.65 at epoch=75 step=16670
2026-04-21 23:34:39,843 WARNING High grad norm: 1358.81 at epoch=75 step=16671
2026-04-21 23:34:40,065 WARNING High grad norm: 1511.02 at epoch=75 step=16672
2026-04-21 23:34:40,289 WARNING High grad norm: 1609.09 at epoch=75 step=16673
2026-04-21 23:34:40,511 WARNING High grad norm: 679.49 at epoch=75 step=16674
2026-04-21 23:34:40,732 WARNING High grad norm: 1189.82 at epoch=75 step=16675
2026-04-21 23:34:40,957 WARNING High grad norm: 648.98 at epoch=75 step=16676
2026-04-21 23:34:41,179 WARNING High grad norm: 1297.92 at epoch=75 step=16677
2026-04-21 23:34:41,400 WARNING High grad norm: 1455.78 at epoch=75 step=16678
2026-04-21 23:34:41,623 WARNING High grad norm: 503.83 at epoch=75 step=16679
2026-04-21 23:34:41,844 WARNING High grad norm: 827.47 at epoch=75 step=16680
2026-04-21 23:34:42,066 WARNING High grad norm: 538.87 at epoch=75 step=16681
2026-04-21 23:34:42,289 WARNING High grad norm: 799.34 at epoch=75 step=16682
2026-04-21 23:34:42,519 WARNING High grad norm: 1518.18 at epoch=75 step=16683
2026-04-21 23:34:42,741 WARNING High grad norm: 831.37 at epoch=75 step=16684
2026-04-21 23:34:42,965 WARNING High grad norm: 909.54 at epoch=75 step=16685
2026-04-21 23:34:43,186 WARNING High grad norm: 960.70 at epoch=75 step=16686
2026-04-21 23:34:43,407 WARNING High grad norm: 2024.01 at epoch=75 step=16687
2026-04-21 23:34:43,639 WARNING High grad norm: 986.95 at epoch=75 step=16688
2026-04-21 23:34:43,860 WARNING High grad norm: 1624.97 at epoch=75 step=16689
2026-04-21 23:34:44,081 WARNING High grad norm: 1359.70 at epoch=75 step=16690
2026-04-21 23:34:44,304 WARNING High grad norm: 743.25 at epoch=75 step=16691
2026-04-21 23:34:44,529 WARNING High grad norm: 1003.91 at epoch=75 step=16692
2026-04-21 23:34:44,751 WARNING High grad norm: 2716.99 at epoch=75 step=16693
2026-04-21 23:34:44,972 WARNING High grad norm: 786.84 at epoch=75 step=16694
2026-04-21 23:34:45,193 WARNING High grad norm: 586.32 at epoch=75 step=16695
2026-04-21 23:34:45,418 WARNING High grad norm: 1021.14 at epoch=75 step=16696
2026-04-21 23:34:45,643 WARNING High grad norm: 633.67 at epoch=75 step=16697
2026-04-21 23:34:45,863 WARNING High grad norm: 1361.53 at epoch=75 step=16698
2026-04-21 23:34:46,086 WARNING High grad norm: 2014.52 at epoch=75 step=16699
2026-04-21 23:34:46,097 INFO epoch=75 step=16700 loss=482.0763 grad_norm=2014.5175 lr=1.00e-06
2026-04-21 23:34:46,310 WARNING High grad norm: 927.94 at epoch=75 step=16700
2026-04-21 23:34:46,533 WARNING High grad norm: 1664.45 at epoch=75 step=16701
2026-04-21 23:34:46,754 WARNING High grad norm: 780.47 at epoch=75 step=16702
2026-04-21 23:34:46,978 WARNING High grad norm: 973.30 at epoch=75 step=16703
2026-04-21 23:34:47,199 WARNING High grad norm: 604.66 at epoch=75 step=16704
2026-04-21 23:34:47,421 WARNING High grad norm: 1481.19 at epoch=75 step=16705
2026-04-21 23:34:47,643 WARNING High grad norm: 1685.43 at epoch=75 step=16706
2026-04-21 23:34:47,865 WARNING High grad norm: 1448.82 at epoch=75 step=16707
2026-04-21 23:34:48,090 WARNING High grad norm: 706.93 at epoch=75 step=16708
2026-04-21 23:34:48,311 WARNING High grad norm: 1101.98 at epoch=75 step=16709
2026-04-21 23:34:48,532 WARNING High grad norm: 2008.37 at epoch=75 step=16710
2026-04-21 23:34:48,756 WARNING High grad norm: 1150.73 at epoch=75 step=16711
2026-04-21 23:34:48,978 WARNING High grad norm: 1071.37 at epoch=75 step=16712
2026-04-21 23:34:49,201 WARNING High grad norm: 1412.97 at epoch=75 step=16713
2026-04-21 23:34:49,422 WARNING High grad norm: 863.71 at epoch=75 step=16714
2026-04-21 23:34:49,645 WARNING High grad norm: 986.20 at epoch=75 step=16715
2026-04-21 23:34:49,873 WARNING High grad norm: 1798.40 at epoch=75 step=16716
2026-04-21 23:34:50,095 WARNING High grad norm: 669.22 at epoch=75 step=16717
2026-04-21 23:34:50,317 WARNING High grad norm: 723.67 at epoch=75 step=16718
2026-04-21 23:34:50,539 WARNING High grad norm: 961.76 at epoch=75 step=16719
2026-04-21 23:34:50,768 WARNING High grad norm: 664.58 at epoch=75 step=16720
2026-04-21 23:34:50,991 WARNING High grad norm: 2037.45 at epoch=75 step=16721
2026-04-21 23:34:51,212 WARNING High grad norm: 718.29 at epoch=75 step=16722
2026-04-21 23:34:51,434 WARNING High grad norm: 1023.40 at epoch=75 step=16723
2026-04-21 23:34:51,587 WARNING High grad norm: 1493.82 at epoch=75 step=16724
2026-04-21 23:34:52,178 INFO epoch=75 avg_loss=483.6697 lr=1.00e-06
2026-04-21 23:34:58,975 INFO Saved checkpoint to C:\Users\artun\Desktop\ITS-project\checkpoints\score_fmnist_v2\score_epoch_0075.pt
2026-04-21 23:35:12,664 WARNING High grad norm: 1059.37 at epoch=76 step=16725
2026-04-21 23:35:12,883 WARNING High grad norm: 1014.18 at epoch=76 step=16726
2026-04-21 23:35:13,103 WARNING High grad norm: 1297.14 at epoch=76 step=16727
2026-04-21 23:35:13,324 WARNING High grad norm: 1709.29 at epoch=76 step=16728
2026-04-21 23:35:13,544 WARNING High grad norm: 747.74 at epoch=76 step=16729
2026-04-21 23:35:13,764 WARNING High grad norm: 964.41 at epoch=76 step=16730
2026-04-21 23:35:13,984 WARNING High grad norm: 805.48 at epoch=76 step=16731
2026-04-21 23:35:14,204 WARNING High grad norm: 866.79 at epoch=76 step=16732
2026-04-21 23:35:14,424 WARNING High grad norm: 1108.61 at epoch=76 step=16733
2026-04-21 23:35:14,646 WARNING High grad norm: 1048.34 at epoch=76 step=16734
2026-04-21 23:35:14,865 WARNING High grad norm: 2100.62 at epoch=76 step=16735
2026-04-21 23:35:15,086 WARNING High grad norm: 998.27 at epoch=76 step=16736
2026-04-21 23:35:15,307 WARNING High grad norm: 936.03 at epoch=76 step=16737
2026-04-21 23:35:15,528 WARNING High grad norm: 1030.20 at epoch=76 step=16738
2026-04-21 23:35:15,749 WARNING High grad norm: 1714.68 at epoch=76 step=16739
2026-04-21 23:35:15,969 WARNING High grad norm: 617.31 at epoch=76 step=16740
2026-04-21 23:35:16,189 WARNING High grad norm: 1791.04 at epoch=76 step=16741
2026-04-21 23:35:16,410 WARNING High grad norm: 1446.94 at epoch=76 step=16742
2026-04-21 23:35:16,630 WARNING High grad norm: 791.38 at epoch=76 step=16743
2026-04-21 23:35:16,851 WARNING High grad norm: 675.98 at epoch=76 step=16744
2026-04-21 23:35:17,072 WARNING High grad norm: 2538.97 at epoch=76 step=16745
2026-04-21 23:35:17,292 WARNING High grad norm: 1310.65 at epoch=76 step=16746
2026-04-21 23:35:17,516 WARNING High grad norm: 751.28 at epoch=76 step=16747
2026-04-21 23:35:17,737 WARNING High grad norm: 1626.95 at epoch=76 step=16748
2026-04-21 23:35:17,958 WARNING High grad norm: 1587.60 at epoch=76 step=16749
2026-04-21 23:35:18,180 WARNING High grad norm: 858.06 at epoch=76 step=16750
2026-04-21 23:35:18,403 WARNING High grad norm: 830.83 at epoch=76 step=16751
2026-04-21 23:35:18,623 WARNING High grad norm: 1063.12 at epoch=76 step=16752
2026-04-21 23:35:18,845 WARNING High grad norm: 1510.57 at epoch=76 step=16753
2026-04-21 23:35:19,071 WARNING High grad norm: 557.87 at epoch=76 step=16754
2026-04-21 23:35:19,291 WARNING High grad norm: 1992.29 at epoch=76 step=16755
2026-04-21 23:35:19,513 WARNING High grad norm: 1827.64 at epoch=76 step=16756
2026-04-21 23:35:19,734 WARNING High grad norm: 720.37 at epoch=76 step=16757
2026-04-21 23:35:19,954 WARNING High grad norm: 2598.68 at epoch=76 step=16758
2026-04-21 23:35:20,175 WARNING High grad norm: 746.04 at epoch=76 step=16759
2026-04-21 23:35:20,397 WARNING High grad norm: 1070.10 at epoch=76 step=16760
2026-04-21 23:35:20,618 WARNING High grad norm: 1990.05 at epoch=76 step=16761
2026-04-21 23:35:20,838 WARNING High grad norm: 705.93 at epoch=76 step=16762
2026-04-21 23:35:21,059 WARNING High grad norm: 1153.29 at epoch=76 step=16763
2026-04-21 23:35:21,279 WARNING High grad norm: 1864.75 at epoch=76 step=16764
2026-04-21 23:35:21,503 WARNING High grad norm: 982.00 at epoch=76 step=16765
2026-04-21 23:35:21,723 WARNING High grad norm: 1097.13 at epoch=76 step=16766
2026-04-21 23:35:21,943 WARNING High grad norm: 902.11 at epoch=76 step=16767
2026-04-21 23:35:22,163 WARNING High grad norm: 792.32 at epoch=76 step=16768
2026-04-21 23:35:22,386 WARNING High grad norm: 1309.18 at epoch=76 step=16769
2026-04-21 23:35:22,607 WARNING High grad norm: 1634.95 at epoch=76 step=16770
2026-04-21 23:35:22,827 WARNING High grad norm: 1399.56 at epoch=76 step=16771
2026-04-21 23:35:23,048 WARNING High grad norm: 1131.89 at epoch=76 step=16772
2026-04-21 23:35:23,267 WARNING High grad norm: 1709.04 at epoch=76 step=16773
2026-04-21 23:35:23,489 WARNING High grad norm: 1534.35 at epoch=76 step=16774
2026-04-21 23:35:23,709 WARNING High grad norm: 515.54 at epoch=76 step=16775
2026-04-21 23:35:23,932 WARNING High grad norm: 810.80 at epoch=76 step=16776
2026-04-21 23:35:24,155 WARNING High grad norm: 2663.74 at epoch=76 step=16777
2026-04-21 23:35:24,377 WARNING High grad norm: 811.83 at epoch=76 step=16778
2026-04-21 23:35:24,602 WARNING High grad norm: 797.93 at epoch=76 step=16779
2026-04-21 23:35:24,826 WARNING High grad norm: 1742.26 at epoch=76 step=16780
2026-04-21 23:35:25,047 WARNING High grad norm: 1220.33 at epoch=76 step=16781
2026-04-21 23:35:25,268 WARNING High grad norm: 544.04 at epoch=76 step=16782
2026-04-21 23:35:25,489 WARNING High grad norm: 627.89 at epoch=76 step=16783
2026-04-21 23:35:25,717 WARNING High grad norm: 601.39 at epoch=76 step=16784
2026-04-21 23:35:25,943 WARNING High grad norm: 802.77 at epoch=76 step=16785
2026-04-21 23:35:26,166 WARNING High grad norm: 982.89 at epoch=76 step=16786
2026-04-21 23:35:26,386 WARNING High grad norm: 658.63 at epoch=76 step=16787
2026-04-21 23:35:26,606 WARNING High grad norm: 1301.13 at epoch=76 step=16788
2026-04-21 23:35:26,828 WARNING High grad norm: 2403.16 at epoch=76 step=16789
2026-04-21 23:35:27,052 WARNING High grad norm: 841.04 at epoch=76 step=16790
2026-04-21 23:35:27,274 WARNING High grad norm: 1559.41 at epoch=76 step=16791
2026-04-21 23:35:27,495 WARNING High grad norm: 1003.38 at epoch=76 step=16792
2026-04-21 23:35:27,716 WARNING High grad norm: 802.01 at epoch=76 step=16793
2026-04-21 23:35:27,936 WARNING High grad norm: 2005.13 at epoch=76 step=16794
2026-04-21 23:35:28,157 WARNING High grad norm: 1027.13 at epoch=76 step=16795
2026-04-21 23:35:28,378 WARNING High grad norm: 883.22 at epoch=76 step=16796
2026-04-21 23:35:28,598 WARNING High grad norm: 676.66 at epoch=76 step=16797
2026-04-21 23:35:28,820 WARNING High grad norm: 2427.58 at epoch=76 step=16798
2026-04-21 23:35:29,041 WARNING High grad norm: 616.51 at epoch=76 step=16799
2026-04-21 23:35:29,051 INFO epoch=76 step=16800 loss=481.9742 grad_norm=616.5076 lr=1.00e-06
2026-04-21 23:35:29,265 WARNING High grad norm: 1278.44 at epoch=76 step=16800
2026-04-21 23:35:29,487 WARNING High grad norm: 785.35 at epoch=76 step=16801
2026-04-21 23:35:29,708 WARNING High grad norm: 902.45 at epoch=76 step=16802
2026-04-21 23:35:29,929 WARNING High grad norm: 1093.01 at epoch=76 step=16803
2026-04-21 23:35:30,158 WARNING High grad norm: 1416.63 at epoch=76 step=16804
2026-04-21 23:35:30,379 WARNING High grad norm: 673.65 at epoch=76 step=16805
2026-04-21 23:35:30,600 WARNING High grad norm: 1993.56 at epoch=76 step=16806
2026-04-21 23:35:30,824 WARNING High grad norm: 1575.79 at epoch=76 step=16807
2026-04-21 23:35:31,045 WARNING High grad norm: 1276.70 at epoch=76 step=16808
2026-04-21 23:35:31,268 WARNING High grad norm: 1816.67 at epoch=76 step=16809
2026-04-21 23:35:31,488 WARNING High grad norm: 591.67 at epoch=76 step=16810
2026-04-21 23:35:31,709 WARNING High grad norm: 1284.75 at epoch=76 step=16811
2026-04-21 23:35:31,933 WARNING High grad norm: 1372.84 at epoch=76 step=16812
2026-04-21 23:35:32,154 WARNING High grad norm: 1034.74 at epoch=76 step=16813
2026-04-21 23:35:32,377 WARNING High grad norm: 1583.86 at epoch=76 step=16814
2026-04-21 23:35:32,600 WARNING High grad norm: 810.38 at epoch=76 step=16815
2026-04-21 23:35:32,821 WARNING High grad norm: 1428.73 at epoch=76 step=16816
2026-04-21 23:35:33,042 WARNING High grad norm: 585.91 at epoch=76 step=16817
2026-04-21 23:35:33,264 WARNING High grad norm: 1020.02 at epoch=76 step=16818
2026-04-21 23:35:33,485 WARNING High grad norm: 1075.40 at epoch=76 step=16819
2026-04-21 23:35:33,706 WARNING High grad norm: 867.26 at epoch=76 step=16820
2026-04-21 23:35:33,927 WARNING High grad norm: 1300.70 at epoch=76 step=16821
2026-04-21 23:35:34,149 WARNING High grad norm: 648.54 at epoch=76 step=16822
2026-04-21 23:35:34,373 WARNING High grad norm: 901.87 at epoch=76 step=16823
2026-04-21 23:35:34,595 WARNING High grad norm: 715.22 at epoch=76 step=16824
2026-04-21 23:35:34,816 WARNING High grad norm: 866.04 at epoch=76 step=16825
2026-04-21 23:35:35,040 WARNING High grad norm: 1016.85 at epoch=76 step=16826
2026-04-21 23:35:35,261 WARNING High grad norm: 1757.40 at epoch=76 step=16827
2026-04-21 23:35:35,486 WARNING High grad norm: 1927.03 at epoch=76 step=16828
2026-04-21 23:35:35,711 WARNING High grad norm: 1147.60 at epoch=76 step=16829
2026-04-21 23:35:35,931 WARNING High grad norm: 2625.73 at epoch=76 step=16830
2026-04-21 23:35:36,153 WARNING High grad norm: 840.06 at epoch=76 step=16831
2026-04-21 23:35:36,376 WARNING High grad norm: 1203.27 at epoch=76 step=16832
2026-04-21 23:35:36,597 WARNING High grad norm: 1073.20 at epoch=76 step=16833
2026-04-21 23:35:36,818 WARNING High grad norm: 1139.49 at epoch=76 step=16834
2026-04-21 23:35:37,038 WARNING High grad norm: 876.38 at epoch=76 step=16835
2026-04-21 23:35:37,266 WARNING High grad norm: 764.63 at epoch=76 step=16836
2026-04-21 23:35:37,490 WARNING High grad norm: 1207.90 at epoch=76 step=16837
2026-04-21 23:35:37,720 WARNING High grad norm: 667.05 at epoch=76 step=16838
2026-04-21 23:35:37,946 WARNING High grad norm: 626.06 at epoch=76 step=16839
2026-04-21 23:35:38,168 WARNING High grad norm: 1279.32 at epoch=76 step=16840
2026-04-21 23:35:38,390 WARNING High grad norm: 755.85 at epoch=76 step=16841
2026-04-21 23:35:38,620 WARNING High grad norm: 782.47 at epoch=76 step=16842
2026-04-21 23:35:38,841 WARNING High grad norm: 1300.05 at epoch=76 step=16843
2026-04-21 23:35:39,065 WARNING High grad norm: 1077.27 at epoch=76 step=16844
2026-04-21 23:35:39,286 WARNING High grad norm: 793.07 at epoch=76 step=16845
2026-04-21 23:35:39,507 WARNING High grad norm: 983.68 at epoch=76 step=16846
2026-04-21 23:35:39,728 WARNING High grad norm: 1672.71 at epoch=76 step=16847
2026-04-21 23:35:39,951 WARNING High grad norm: 868.36 at epoch=76 step=16848
2026-04-21 23:35:40,174 WARNING High grad norm: 1050.28 at epoch=76 step=16849
2026-04-21 23:35:40,399 WARNING High grad norm: 650.44 at epoch=76 step=16850
2026-04-21 23:35:40,621 WARNING High grad norm: 1020.57 at epoch=76 step=16851
2026-04-21 23:35:40,842 WARNING High grad norm: 799.69 at epoch=76 step=16852
2026-04-21 23:35:41,065 WARNING High grad norm: 844.60 at epoch=76 step=16853
2026-04-21 23:35:41,290 WARNING High grad norm: 821.09 at epoch=76 step=16854
2026-04-21 23:35:41,510 WARNING High grad norm: 593.38 at epoch=76 step=16855
2026-04-21 23:35:41,734 WARNING High grad norm: 807.56 at epoch=76 step=16856
2026-04-21 23:35:41,955 WARNING High grad norm: 1637.40 at epoch=76 step=16857
2026-04-21 23:35:42,178 WARNING High grad norm: 947.33 at epoch=76 step=16858
2026-04-21 23:35:42,399 WARNING High grad norm: 2156.31 at epoch=76 step=16859
2026-04-21 23:35:42,622 WARNING High grad norm: 859.05 at epoch=76 step=16860
2026-04-21 23:35:42,848 WARNING High grad norm: 1660.72 at epoch=76 step=16861
2026-04-21 23:35:43,072 WARNING High grad norm: 735.18 at epoch=76 step=16862
2026-04-21 23:35:43,294 WARNING High grad norm: 2655.87 at epoch=76 step=16863
2026-04-21 23:35:43,516 WARNING High grad norm: 1709.72 at epoch=76 step=16864
2026-04-21 23:35:43,738 WARNING High grad norm: 1348.30 at epoch=76 step=16865
2026-04-21 23:35:43,959 WARNING High grad norm: 807.43 at epoch=76 step=16866
2026-04-21 23:35:44,184 WARNING High grad norm: 1856.91 at epoch=76 step=16867
2026-04-21 23:35:44,407 WARNING High grad norm: 697.40 at epoch=76 step=16868
2026-04-21 23:35:44,629 WARNING High grad norm: 587.24 at epoch=76 step=16869
2026-04-21 23:35:44,851 WARNING High grad norm: 1305.75 at epoch=76 step=16870
2026-04-21 23:35:45,076 WARNING High grad norm: 1378.90 at epoch=76 step=16871
2026-04-21 23:35:45,297 WARNING High grad norm: 1180.27 at epoch=76 step=16872
2026-04-21 23:35:45,519 WARNING High grad norm: 700.83 at epoch=76 step=16873
2026-04-21 23:35:45,740 WARNING High grad norm: 1511.69 at epoch=76 step=16874
2026-04-21 23:35:45,961 WARNING High grad norm: 2572.36 at epoch=76 step=16875
2026-04-21 23:35:46,182 WARNING High grad norm: 1150.00 at epoch=76 step=16876
2026-04-21 23:35:46,403 WARNING High grad norm: 1027.05 at epoch=76 step=16877
2026-04-21 23:35:46,629 WARNING High grad norm: 1854.36 at epoch=76 step=16878
2026-04-21 23:35:46,850 WARNING High grad norm: 959.56 at epoch=76 step=16879
2026-04-21 23:35:47,074 WARNING High grad norm: 1197.80 at epoch=76 step=16880
2026-04-21 23:35:47,298 WARNING High grad norm: 730.18 at epoch=76 step=16881
2026-04-21 23:35:47,519 WARNING High grad norm: 1235.78 at epoch=76 step=16882
2026-04-21 23:35:47,744 WARNING High grad norm: 2385.49 at epoch=76 step=16883
2026-04-21 23:35:47,965 WARNING High grad norm: 1456.81 at epoch=76 step=16884
2026-04-21 23:35:48,186 WARNING High grad norm: 1014.69 at epoch=76 step=16885
2026-04-21 23:35:48,408 WARNING High grad norm: 1716.77 at epoch=76 step=16886
2026-04-21 23:35:48,633 WARNING High grad norm: 849.90 at epoch=76 step=16887
2026-04-21 23:35:48,854 WARNING High grad norm: 879.00 at epoch=76 step=16888
2026-04-21 23:35:49,076 WARNING High grad norm: 716.03 at epoch=76 step=16889
2026-04-21 23:35:49,297 WARNING High grad norm: 937.45 at epoch=76 step=16890
2026-04-21 23:35:49,520 WARNING High grad norm: 810.89 at epoch=76 step=16891
2026-04-21 23:35:49,741 WARNING High grad norm: 1507.50 at epoch=76 step=16892
2026-04-21 23:35:49,963 WARNING High grad norm: 650.53 at epoch=76 step=16893
2026-04-21 23:35:50,187 WARNING High grad norm: 1112.30 at epoch=76 step=16894
2026-04-21 23:35:50,410 WARNING High grad norm: 1135.43 at epoch=76 step=16895
2026-04-21 23:35:50,632 WARNING High grad norm: 1733.06 at epoch=76 step=16896
2026-04-21 23:35:50,853 WARNING High grad norm: 674.53 at epoch=76 step=16897
2026-04-21 23:35:51,076 WARNING High grad norm: 1065.02 at epoch=76 step=16898
2026-04-21 23:35:51,297 WARNING High grad norm: 1036.91 at epoch=76 step=16899
2026-04-21 23:35:51,306 INFO epoch=76 step=16900 loss=479.2473 grad_norm=1036.9084 lr=1.00e-06
2026-04-21 23:35:51,519 WARNING High grad norm: 901.92 at epoch=76 step=16900
2026-04-21 23:35:51,743 WARNING High grad norm: 3568.76 at epoch=76 step=16901
2026-04-21 23:35:51,965 WARNING High grad norm: 833.00 at epoch=76 step=16902
2026-04-21 23:35:52,187 WARNING High grad norm: 1837.14 at epoch=76 step=16903
2026-04-21 23:35:52,410 WARNING High grad norm: 1562.99 at epoch=76 step=16904
2026-04-21 23:35:52,632 WARNING High grad norm: 2786.95 at epoch=76 step=16905
2026-04-21 23:35:52,854 WARNING High grad norm: 1475.13 at epoch=76 step=16906
2026-04-21 23:35:53,075 WARNING High grad norm: 662.69 at epoch=76 step=16907
2026-04-21 23:35:53,299 WARNING High grad norm: 1175.14 at epoch=76 step=16908
2026-04-21 23:35:53,519 WARNING High grad norm: 2309.63 at epoch=76 step=16909
2026-04-21 23:35:53,748 WARNING High grad norm: 749.94 at epoch=76 step=16910
2026-04-21 23:35:53,969 WARNING High grad norm: 1117.27 at epoch=76 step=16911
2026-04-21 23:35:54,191 WARNING High grad norm: 1138.81 at epoch=76 step=16912
2026-04-21 23:35:54,413 WARNING High grad norm: 1616.23 at epoch=76 step=16913
2026-04-21 23:35:54,635 WARNING High grad norm: 1622.43 at epoch=76 step=16914
2026-04-21 23:35:54,859 WARNING High grad norm: 686.47 at epoch=76 step=16915
2026-04-21 23:35:55,085 WARNING High grad norm: 1684.49 at epoch=76 step=16916
2026-04-21 23:35:55,306 WARNING High grad norm: 945.60 at epoch=76 step=16917
2026-04-21 23:35:55,527 WARNING High grad norm: 1077.51 at epoch=76 step=16918
2026-04-21 23:35:55,748 WARNING High grad norm: 675.56 at epoch=76 step=16919
2026-04-21 23:35:55,970 WARNING High grad norm: 942.40 at epoch=76 step=16920
2026-04-21 23:35:56,191 WARNING High grad norm: 2400.26 at epoch=76 step=16921
2026-04-21 23:35:56,415 WARNING High grad norm: 635.78 at epoch=76 step=16922
2026-04-21 23:35:56,639 WARNING High grad norm: 1179.16 at epoch=76 step=16923
2026-04-21 23:35:56,870 WARNING High grad norm: 816.27 at epoch=76 step=16924
2026-04-21 23:35:57,092 WARNING High grad norm: 695.52 at epoch=76 step=16925
2026-04-21 23:35:57,316 WARNING High grad norm: 1061.84 at epoch=76 step=16926
2026-04-21 23:35:57,540 WARNING High grad norm: 1119.17 at epoch=76 step=16927
2026-04-21 23:35:57,764 WARNING High grad norm: 1372.52 at epoch=76 step=16928
2026-04-21 23:35:57,989 WARNING High grad norm: 631.92 at epoch=76 step=16929
2026-04-21 23:35:58,217 WARNING High grad norm: 1155.22 at epoch=76 step=16930
2026-04-21 23:35:58,447 WARNING High grad norm: 634.58 at epoch=76 step=16931
2026-04-21 23:35:58,668 WARNING High grad norm: 2407.73 at epoch=76 step=16932
2026-04-21 23:35:58,890 WARNING High grad norm: 2242.48 at epoch=76 step=16933
2026-04-21 23:35:59,114 WARNING High grad norm: 838.86 at epoch=76 step=16934
2026-04-21 23:35:59,336 WARNING High grad norm: 758.43 at epoch=76 step=16935
2026-04-21 23:35:59,557 WARNING High grad norm: 1850.75 at epoch=76 step=16936
2026-04-21 23:35:59,785 WARNING High grad norm: 1885.42 at epoch=76 step=16937
2026-04-21 23:36:00,006 WARNING High grad norm: 678.70 at epoch=76 step=16938
2026-04-21 23:36:00,231 WARNING High grad norm: 1507.70 at epoch=76 step=16939
2026-04-21 23:36:00,453 WARNING High grad norm: 1655.11 at epoch=76 step=16940
2026-04-21 23:36:00,675 WARNING High grad norm: 1715.90 at epoch=76 step=16941
2026-04-21 23:36:00,899 WARNING High grad norm: 2471.97 at epoch=76 step=16942
2026-04-21 23:36:01,121 WARNING High grad norm: 1896.79 at epoch=76 step=16943
2026-04-21 23:36:01,343 WARNING High grad norm: 767.97 at epoch=76 step=16944
2026-04-21 23:36:01,564 WARNING High grad norm: 2838.90 at epoch=76 step=16945
2026-04-21 23:36:01,792 WARNING High grad norm: 1086.22 at epoch=76 step=16946
2026-04-21 23:36:01,942 WARNING High grad norm: 2355.99 at epoch=76 step=16947
2026-04-21 23:36:02,515 INFO epoch=76 avg_loss=480.7573 lr=1.00e-06
2026-04-21 23:36:16,365 WARNING High grad norm: 965.59 at epoch=77 step=16948
2026-04-21 23:36:16,586 WARNING High grad norm: 1813.48 at epoch=77 step=16949
2026-04-21 23:36:16,806 WARNING High grad norm: 939.04 at epoch=77 step=16950
2026-04-21 23:36:17,026 WARNING High grad norm: 1135.63 at epoch=77 step=16951
2026-04-21 23:36:17,247 WARNING High grad norm: 657.45 at epoch=77 step=16952
2026-04-21 23:36:17,467 WARNING High grad norm: 908.07 at epoch=77 step=16953
2026-04-21 23:36:17,690 WARNING High grad norm: 692.37 at epoch=77 step=16954
2026-04-21 23:36:17,911 WARNING High grad norm: 1087.49 at epoch=77 step=16955
2026-04-21 23:36:18,132 WARNING High grad norm: 556.72 at epoch=77 step=16956
2026-04-21 23:36:18,353 WARNING High grad norm: 1719.69 at epoch=77 step=16957
2026-04-21 23:36:18,572 WARNING High grad norm: 1414.39 at epoch=77 step=16958
2026-04-21 23:36:18,793 WARNING High grad norm: 520.17 at epoch=77 step=16959
2026-04-21 23:36:19,015 WARNING High grad norm: 1862.10 at epoch=77 step=16960
2026-04-21 23:36:19,234 WARNING High grad norm: 614.59 at epoch=77 step=16961
2026-04-21 23:36:19,455 WARNING High grad norm: 996.64 at epoch=77 step=16962
2026-04-21 23:36:19,678 WARNING High grad norm: 842.56 at epoch=77 step=16963
2026-04-21 23:36:19,899 WARNING High grad norm: 973.67 at epoch=77 step=16964
2026-04-21 23:36:20,122 WARNING High grad norm: 712.76 at epoch=77 step=16965
2026-04-21 23:36:20,342 WARNING High grad norm: 581.53 at epoch=77 step=16966
2026-04-21 23:36:20,566 WARNING High grad norm: 2798.05 at epoch=77 step=16967
2026-04-21 23:36:20,795 WARNING High grad norm: 720.69 at epoch=77 step=16968
2026-04-21 23:36:21,016 WARNING High grad norm: 620.35 at epoch=77 step=16969
2026-04-21 23:36:21,236 WARNING High grad norm: 1054.67 at epoch=77 step=16970
2026-04-21 23:36:21,459 WARNING High grad norm: 544.08 at epoch=77 step=16971
2026-04-21 23:36:21,679 WARNING High grad norm: 798.63 at epoch=77 step=16972
2026-04-21 23:36:21,901 WARNING High grad norm: 1433.49 at epoch=77 step=16973
2026-04-21 23:36:22,122 WARNING High grad norm: 2885.93 at epoch=77 step=16974
2026-04-21 23:36:22,344 WARNING High grad norm: 728.41 at epoch=77 step=16975
2026-04-21 23:36:22,573 WARNING High grad norm: 1506.30 at epoch=77 step=16976
2026-04-21 23:36:22,794 WARNING High grad norm: 901.56 at epoch=77 step=16977
2026-04-21 23:36:23,022 WARNING High grad norm: 1633.67 at epoch=77 step=16978
2026-04-21 23:36:23,245 WARNING High grad norm: 948.19 at epoch=77 step=16979
2026-04-21 23:36:23,466 WARNING High grad norm: 927.87 at epoch=77 step=16980
2026-04-21 23:36:23,688 WARNING High grad norm: 1028.44 at epoch=77 step=16981
2026-04-21 23:36:23,909 WARNING High grad norm: 1585.85 at epoch=77 step=16982
2026-04-21 23:36:24,131 WARNING High grad norm: 1674.92 at epoch=77 step=16983
2026-04-21 23:36:24,352 WARNING High grad norm: 1359.55 at epoch=77 step=16984
2026-04-21 23:36:24,572 WARNING High grad norm: 1612.45 at epoch=77 step=16985
2026-04-21 23:36:24,793 WARNING High grad norm: 995.25 at epoch=77 step=16986
2026-04-21 23:36:25,014 WARNING High grad norm: 1589.75 at epoch=77 step=16987
2026-04-21 23:36:25,236 WARNING High grad norm: 1392.21 at epoch=77 step=16988
2026-04-21 23:36:25,461 WARNING High grad norm: 1143.40 at epoch=77 step=16989
2026-04-21 23:36:25,683 WARNING High grad norm: 1011.30 at epoch=77 step=16990
2026-04-21 23:36:25,908 WARNING High grad norm: 458.07 at epoch=77 step=16991
2026-04-21 23:36:26,129 WARNING High grad norm: 726.42 at epoch=77 step=16992
2026-04-21 23:36:26,354 WARNING High grad norm: 1256.47 at epoch=77 step=16993
2026-04-21 23:36:26,575 WARNING High grad norm: 884.84 at epoch=77 step=16994
2026-04-21 23:36:26,796 WARNING High grad norm: 621.00 at epoch=77 step=16995
2026-04-21 23:36:27,017 WARNING High grad norm: 1249.48 at epoch=77 step=16996
2026-04-21 23:36:27,239 WARNING High grad norm: 2484.97 at epoch=77 step=16997
2026-04-21 23:36:27,462 WARNING High grad norm: 921.83 at epoch=77 step=16998
2026-04-21 23:36:27,683 WARNING High grad norm: 1468.79 at epoch=77 step=16999
2026-04-21 23:36:27,694 INFO epoch=77 step=17000 loss=471.5812 grad_norm=1468.7877 lr=1.00e-06
2026-04-21 23:36:27,906 WARNING High grad norm: 1056.38 at epoch=77 step=17000
2026-04-21 23:36:28,127 WARNING High grad norm: 702.13 at epoch=77 step=17001
2026-04-21 23:36:28,351 WARNING High grad norm: 7733.91 at epoch=77 step=17002
2026-04-21 23:36:28,571 WARNING High grad norm: 992.34 at epoch=77 step=17003
2026-04-21 23:36:28,792 WARNING High grad norm: 1180.10 at epoch=77 step=17004
2026-04-21 23:36:29,013 WARNING High grad norm: 642.44 at epoch=77 step=17005
2026-04-21 23:36:29,234 WARNING High grad norm: 1311.65 at epoch=77 step=17006
2026-04-21 23:36:29,456 WARNING High grad norm: 2081.69 at epoch=77 step=17007
2026-04-21 23:36:29,680 WARNING High grad norm: 2241.24 at epoch=77 step=17008
2026-04-21 23:36:29,906 WARNING High grad norm: 593.65 at epoch=77 step=17009
2026-04-21 23:36:30,127 WARNING High grad norm: 945.36 at epoch=77 step=17010
2026-04-21 23:36:30,349 WARNING High grad norm: 893.78 at epoch=77 step=17011
2026-04-21 23:36:30,570 WARNING High grad norm: 935.79 at epoch=77 step=17012
2026-04-21 23:36:30,792 WARNING High grad norm: 1353.61 at epoch=77 step=17013
2026-04-21 23:36:31,013 WARNING High grad norm: 707.40 at epoch=77 step=17014
2026-04-21 23:36:31,238 WARNING High grad norm: 613.96 at epoch=77 step=17015
2026-04-21 23:36:31,461 WARNING High grad norm: 792.83 at epoch=77 step=17016
2026-04-21 23:36:31,683 WARNING High grad norm: 1163.16 at epoch=77 step=17017
2026-04-21 23:36:31,903 WARNING High grad norm: 705.92 at epoch=77 step=17018
2026-04-21 23:36:32,127 WARNING High grad norm: 637.15 at epoch=77 step=17019
2026-04-21 23:36:32,348 WARNING High grad norm: 1345.19 at epoch=77 step=17020
2026-04-21 23:36:32,569 WARNING High grad norm: 1819.01 at epoch=77 step=17021
2026-04-21 23:36:32,790 WARNING High grad norm: 1020.33 at epoch=77 step=17022
2026-04-21 23:36:33,012 WARNING High grad norm: 979.38 at epoch=77 step=17023
2026-04-21 23:36:33,233 WARNING High grad norm: 1879.93 at epoch=77 step=17024
2026-04-21 23:36:33,454 WARNING High grad norm: 1662.94 at epoch=77 step=17025
2026-04-21 23:36:33,675 WARNING High grad norm: 2861.38 at epoch=77 step=17026
2026-04-21 23:36:33,897 WARNING High grad norm: 951.41 at epoch=77 step=17027
2026-04-21 23:36:34,123 WARNING High grad norm: 2049.65 at epoch=77 step=17028
2026-04-21 23:36:34,345 WARNING High grad norm: 604.83 at epoch=77 step=17029
2026-04-21 23:36:34,567 WARNING High grad norm: 547.53 at epoch=77 step=17030
2026-04-21 23:36:34,792 WARNING High grad norm: 1273.09 at epoch=77 step=17031
2026-04-21 23:36:35,013 WARNING High grad norm: 1059.59 at epoch=77 step=17032
2026-04-21 23:36:35,238 WARNING High grad norm: 951.55 at epoch=77 step=17033
2026-04-21 23:36:35,461 WARNING High grad norm: 648.30 at epoch=77 step=17034
2026-04-21 23:36:35,684 WARNING High grad norm: 1000.75 at epoch=77 step=17035
2026-04-21 23:36:35,906 WARNING High grad norm: 2230.93 at epoch=77 step=17036
2026-04-21 23:36:36,128 WARNING High grad norm: 1059.62 at epoch=77 step=17037
2026-04-21 23:36:36,352 WARNING High grad norm: 570.28 at epoch=77 step=17038
2026-04-21 23:36:36,574 WARNING High grad norm: 1536.62 at epoch=77 step=17039
2026-04-21 23:36:36,798 WARNING High grad norm: 1213.47 at epoch=77 step=17040
2026-04-21 23:36:37,019 WARNING High grad norm: 1133.71 at epoch=77 step=17041
2026-04-21 23:36:37,239 WARNING High grad norm: 828.16 at epoch=77 step=17042
2026-04-21 23:36:37,468 WARNING High grad norm: 787.34 at epoch=77 step=17043
2026-04-21 23:36:37,691 WARNING High grad norm: 2212.94 at epoch=77 step=17044
2026-04-21 23:36:37,913 WARNING High grad norm: 1754.43 at epoch=77 step=17045
2026-04-21 23:36:38,135 WARNING High grad norm: 1139.48 at epoch=77 step=17046
2026-04-21 23:36:38,359 WARNING High grad norm: 1426.25 at epoch=77 step=17047
2026-04-21 23:36:38,581 WARNING High grad norm: 789.71 at epoch=77 step=17048
2026-04-21 23:36:38,804 WARNING High grad norm: 755.57 at epoch=77 step=17049
2026-04-21 23:36:39,025 WARNING High grad norm: 881.39 at epoch=77 step=17050
2026-04-21 23:36:39,248 WARNING High grad norm: 671.11 at epoch=77 step=17051
2026-04-21 23:36:39,468 WARNING High grad norm: 1006.32 at epoch=77 step=17052
2026-04-21 23:36:39,690 WARNING High grad norm: 513.04 at epoch=77 step=17053
2026-04-21 23:36:39,916 WARNING High grad norm: 674.58 at epoch=77 step=17054
2026-04-21 23:36:40,138 WARNING High grad norm: 1914.59 at epoch=77 step=17055
2026-04-21 23:36:40,362 WARNING High grad norm: 421.43 at epoch=77 step=17056
2026-04-21 23:36:40,585 WARNING High grad norm: 1624.11 at epoch=77 step=17057
2026-04-21 23:36:40,808 WARNING High grad norm: 779.40 at epoch=77 step=17058
2026-04-21 23:36:41,029 WARNING High grad norm: 710.21 at epoch=77 step=17059
2026-04-21 23:36:41,254 WARNING High grad norm: 1277.10 at epoch=77 step=17060
2026-04-21 23:36:41,478 WARNING High grad norm: 1035.65 at epoch=77 step=17061
2026-04-21 23:36:41,699 WARNING High grad norm: 945.26 at epoch=77 step=17062
2026-04-21 23:36:41,920 WARNING High grad norm: 1143.79 at epoch=77 step=17063
2026-04-21 23:36:42,142 WARNING High grad norm: 1128.95 at epoch=77 step=17064
2026-04-21 23:36:42,362 WARNING High grad norm: 1038.73 at epoch=77 step=17065
2026-04-21 23:36:42,583 WARNING High grad norm: 1440.60 at epoch=77 step=17066
2026-04-21 23:36:42,815 WARNING High grad norm: 1126.90 at epoch=77 step=17067
2026-04-21 23:36:43,036 WARNING High grad norm: 1803.00 at epoch=77 step=17068
2026-04-21 23:36:43,257 WARNING High grad norm: 1336.82 at epoch=77 step=17069
2026-04-21 23:36:43,477 WARNING High grad norm: 1595.77 at epoch=77 step=17070
2026-04-21 23:36:43,703 WARNING High grad norm: 660.94 at epoch=77 step=17071
2026-04-21 23:36:43,924 WARNING High grad norm: 648.72 at epoch=77 step=17072
2026-04-21 23:36:44,145 WARNING High grad norm: 950.71 at epoch=77 step=17073
2026-04-21 23:36:44,367 WARNING High grad norm: 839.49 at epoch=77 step=17074
2026-04-21 23:36:44,601 WARNING High grad norm: 951.68 at epoch=77 step=17075
2026-04-21 23:36:44,826 WARNING High grad norm: 832.84 at epoch=77 step=17076
2026-04-21 23:36:45,049 WARNING High grad norm: 1916.64 at epoch=77 step=17077
2026-04-21 23:36:45,270 WARNING High grad norm: 793.44 at epoch=77 step=17078
2026-04-21 23:36:45,494 WARNING High grad norm: 825.01 at epoch=77 step=17079
2026-04-21 23:36:45,718 WARNING High grad norm: 774.61 at epoch=77 step=17080
2026-04-21 23:36:45,943 WARNING High grad norm: 1760.69 at epoch=77 step=17081
2026-04-21 23:36:46,163 WARNING High grad norm: 1225.59 at epoch=77 step=17082
2026-04-21 23:36:46,385 WARNING High grad norm: 1436.57 at epoch=77 step=17083
2026-04-21 23:36:46,606 WARNING High grad norm: 2420.43 at epoch=77 step=17084
2026-04-21 23:36:46,830 WARNING High grad norm: 578.45 at epoch=77 step=17085
2026-04-21 23:36:47,052 WARNING High grad norm: 1144.77 at epoch=77 step=17086
2026-04-21 23:36:47,273 WARNING High grad norm: 663.64 at epoch=77 step=17087
2026-04-21 23:36:47,496 WARNING High grad norm: 1335.59 at epoch=77 step=17088
2026-04-21 23:36:47,717 WARNING High grad norm: 2232.34 at epoch=77 step=17089
2026-04-21 23:36:47,938 WARNING High grad norm: 2624.64 at epoch=77 step=17090
2026-04-21 23:36:48,159 WARNING High grad norm: 924.97 at epoch=77 step=17091
2026-04-21 23:36:48,384 WARNING High grad norm: 1635.32 at epoch=77 step=17092
2026-04-21 23:36:48,611 WARNING High grad norm: 1280.37 at epoch=77 step=17093
2026-04-21 23:36:48,836 WARNING High grad norm: 994.31 at epoch=77 step=17094
2026-04-21 23:36:49,062 WARNING High grad norm: 1104.97 at epoch=77 step=17095
2026-04-21 23:36:49,285 WARNING High grad norm: 964.22 at epoch=77 step=17096
2026-04-21 23:36:49,507 WARNING High grad norm: 577.48 at epoch=77 step=17097
2026-04-21 23:36:49,731 WARNING High grad norm: 1640.35 at epoch=77 step=17098
2026-04-21 23:36:49,954 WARNING High grad norm: 939.55 at epoch=77 step=17099
2026-04-21 23:36:49,964 INFO epoch=77 step=17100 loss=479.7907 grad_norm=939.5522 lr=1.00e-06
2026-04-21 23:36:50,177 WARNING High grad norm: 1833.68 at epoch=77 step=17100
2026-04-21 23:36:50,398 WARNING High grad norm: 683.50 at epoch=77 step=17101
2026-04-21 23:36:50,620 WARNING High grad norm: 2249.35 at epoch=77 step=17102
2026-04-21 23:36:50,844 WARNING High grad norm: 658.75 at epoch=77 step=17103
2026-04-21 23:36:51,065 WARNING High grad norm: 1180.09 at epoch=77 step=17104
2026-04-21 23:36:51,291 WARNING High grad norm: 594.78 at epoch=77 step=17105
2026-04-21 23:36:51,516 WARNING High grad norm: 1684.61 at epoch=77 step=17106
2026-04-21 23:36:51,746 WARNING High grad norm: 783.14 at epoch=77 step=17107
2026-04-21 23:36:51,972 WARNING High grad norm: 941.43 at epoch=77 step=17108
2026-04-21 23:36:52,196 WARNING High grad norm: 545.83 at epoch=77 step=17109
2026-04-21 23:36:52,418 WARNING High grad norm: 681.81 at epoch=77 step=17110
2026-04-21 23:36:52,644 WARNING High grad norm: 1678.47 at epoch=77 step=17111
2026-04-21 23:36:52,868 WARNING High grad norm: 1378.90 at epoch=77 step=17112
2026-04-21 23:36:53,092 WARNING High grad norm: 1858.53 at epoch=77 step=17113
2026-04-21 23:36:53,319 WARNING High grad norm: 809.41 at epoch=77 step=17114
2026-04-21 23:36:53,541 WARNING High grad norm: 852.37 at epoch=77 step=17115
2026-04-21 23:36:53,765 WARNING High grad norm: 692.87 at epoch=77 step=17116
2026-04-21 23:36:53,987 WARNING High grad norm: 874.12 at epoch=77 step=17117
2026-04-21 23:36:54,208 WARNING High grad norm: 1105.46 at epoch=77 step=17118
2026-04-21 23:36:54,432 WARNING High grad norm: 1139.44 at epoch=77 step=17119
2026-04-21 23:36:54,661 WARNING High grad norm: 1166.30 at epoch=77 step=17120
2026-04-21 23:36:54,886 WARNING High grad norm: 1096.98 at epoch=77 step=17121
2026-04-21 23:36:55,107 WARNING High grad norm: 2110.43 at epoch=77 step=17122
2026-04-21 23:36:55,330 WARNING High grad norm: 981.33 at epoch=77 step=17123
2026-04-21 23:36:55,551 WARNING High grad norm: 1108.05 at epoch=77 step=17124
2026-04-21 23:36:55,773 WARNING High grad norm: 1386.38 at epoch=77 step=17125
2026-04-21 23:36:56,001 WARNING High grad norm: 1092.36 at epoch=77 step=17126
2026-04-21 23:36:56,228 WARNING High grad norm: 800.81 at epoch=77 step=17127
2026-04-21 23:36:56,450 WARNING High grad norm: 719.90 at epoch=77 step=17128
2026-04-21 23:36:56,672 WARNING High grad norm: 1288.66 at epoch=77 step=17129
2026-04-21 23:36:56,894 WARNING High grad norm: 3121.51 at epoch=77 step=17130
2026-04-21 23:36:57,115 WARNING High grad norm: 1395.97 at epoch=77 step=17131
2026-04-21 23:36:57,345 WARNING High grad norm: 1145.18 at epoch=77 step=17132
2026-04-21 23:36:57,567 WARNING High grad norm: 749.14 at epoch=77 step=17133
2026-04-21 23:36:57,789 WARNING High grad norm: 1195.05 at epoch=77 step=17134
2026-04-21 23:36:58,010 WARNING High grad norm: 1102.71 at epoch=77 step=17135
2026-04-21 23:36:58,233 WARNING High grad norm: 561.69 at epoch=77 step=17136
2026-04-21 23:36:58,455 WARNING High grad norm: 1635.12 at epoch=77 step=17137
2026-04-21 23:36:58,678 WARNING High grad norm: 2001.37 at epoch=77 step=17138
2026-04-21 23:36:58,900 WARNING High grad norm: 1171.20 at epoch=77 step=17139
2026-04-21 23:36:59,122 WARNING High grad norm: 848.86 at epoch=77 step=17140
2026-04-21 23:36:59,347 WARNING High grad norm: 928.82 at epoch=77 step=17141
2026-04-21 23:36:59,569 WARNING High grad norm: 870.32 at epoch=77 step=17142
2026-04-21 23:36:59,790 WARNING High grad norm: 628.71 at epoch=77 step=17143
2026-04-21 23:37:00,012 WARNING High grad norm: 1224.02 at epoch=77 step=17144
2026-04-21 23:37:00,237 WARNING High grad norm: 760.62 at epoch=77 step=17145
2026-04-21 23:37:00,458 WARNING High grad norm: 1989.57 at epoch=77 step=17146
2026-04-21 23:37:00,679 WARNING High grad norm: 1436.65 at epoch=77 step=17147
2026-04-21 23:37:00,900 WARNING High grad norm: 1257.07 at epoch=77 step=17148
2026-04-21 23:37:01,124 WARNING High grad norm: 1180.11 at epoch=77 step=17149
2026-04-21 23:37:01,347 WARNING High grad norm: 713.93 at epoch=77 step=17150
2026-04-21 23:37:01,568 WARNING High grad norm: 609.75 at epoch=77 step=17151
2026-04-21 23:37:01,789 WARNING High grad norm: 1106.23 at epoch=77 step=17152
2026-04-21 23:37:02,011 WARNING High grad norm: 893.55 at epoch=77 step=17153
2026-04-21 23:37:02,232 WARNING High grad norm: 649.23 at epoch=77 step=17154
2026-04-21 23:37:02,454 WARNING High grad norm: 992.98 at epoch=77 step=17155
2026-04-21 23:37:02,678 WARNING High grad norm: 782.76 at epoch=77 step=17156
2026-04-21 23:37:02,901 WARNING High grad norm: 930.57 at epoch=77 step=17157
2026-04-21 23:37:03,128 WARNING High grad norm: 570.76 at epoch=77 step=17158
2026-04-21 23:37:03,351 WARNING High grad norm: 829.59 at epoch=77 step=17159
2026-04-21 23:37:03,573 WARNING High grad norm: 1293.41 at epoch=77 step=17160
2026-04-21 23:37:03,797 WARNING High grad norm: 815.23 at epoch=77 step=17161
2026-04-21 23:37:04,026 WARNING High grad norm: 821.82 at epoch=77 step=17162
2026-04-21 23:37:04,248 WARNING High grad norm: 579.20 at epoch=77 step=17163
2026-04-21 23:37:04,470 WARNING High grad norm: 730.94 at epoch=77 step=17164
2026-04-21 23:37:04,697 WARNING High grad norm: 1135.63 at epoch=77 step=17165
2026-04-21 23:37:04,920 WARNING High grad norm: 832.06 at epoch=77 step=17166
2026-04-21 23:37:05,146 WARNING High grad norm: 1334.40 at epoch=77 step=17167
2026-04-21 23:37:05,369 WARNING High grad norm: 955.51 at epoch=77 step=17168
2026-04-21 23:37:05,594 WARNING High grad norm: 1234.58 at epoch=77 step=17169
2026-04-21 23:37:05,744 WARNING High grad norm: 944.34 at epoch=77 step=17170
2026-04-21 23:37:06,345 INFO epoch=77 avg_loss=479.1415 lr=1.00e-06
2026-04-21 23:37:20,250 WARNING High grad norm: 865.84 at epoch=78 step=17171
2026-04-21 23:37:20,470 WARNING High grad norm: 1762.19 at epoch=78 step=17172
2026-04-21 23:37:20,693 WARNING High grad norm: 717.68 at epoch=78 step=17173
2026-04-21 23:37:20,913 WARNING High grad norm: 1068.96 at epoch=78 step=17174
2026-04-21 23:37:21,133 WARNING High grad norm: 636.15 at epoch=78 step=17175
2026-04-21 23:37:21,353 WARNING High grad norm: 761.12 at epoch=78 step=17176
2026-04-21 23:37:21,575 WARNING High grad norm: 1968.51 at epoch=78 step=17177
2026-04-21 23:37:21,797 WARNING High grad norm: 810.79 at epoch=78 step=17178
2026-04-21 23:37:22,016 WARNING High grad norm: 660.48 at epoch=78 step=17179
2026-04-21 23:37:22,237 WARNING High grad norm: 709.86 at epoch=78 step=17180
2026-04-21 23:37:22,459 WARNING High grad norm: 870.35 at epoch=78 step=17181
2026-04-21 23:37:22,678 WARNING High grad norm: 967.42 at epoch=78 step=17182
2026-04-21 23:37:22,899 WARNING High grad norm: 704.60 at epoch=78 step=17183
2026-04-21 23:37:23,121 WARNING High grad norm: 1018.79 at epoch=78 step=17184
2026-04-21 23:37:23,340 WARNING High grad norm: 787.71 at epoch=78 step=17185
2026-04-21 23:37:23,561 WARNING High grad norm: 561.05 at epoch=78 step=17186
2026-04-21 23:37:23,784 WARNING High grad norm: 673.03 at epoch=78 step=17187
2026-04-21 23:37:24,007 WARNING High grad norm: 1145.80 at epoch=78 step=17188
2026-04-21 23:37:24,227 WARNING High grad norm: 861.77 at epoch=78 step=17189
2026-04-21 23:37:24,448 WARNING High grad norm: 2448.99 at epoch=78 step=17190
2026-04-21 23:37:24,670 WARNING High grad norm: 1285.45 at epoch=78 step=17191
2026-04-21 23:37:24,892 WARNING High grad norm: 782.15 at epoch=78 step=17192
2026-04-21 23:37:25,115 WARNING High grad norm: 397.09 at epoch=78 step=17193
2026-04-21 23:37:25,337 WARNING High grad norm: 1201.71 at epoch=78 step=17194
2026-04-21 23:37:25,557 WARNING High grad norm: 1572.68 at epoch=78 step=17195
2026-04-21 23:37:25,777 WARNING High grad norm: 807.24 at epoch=78 step=17196
2026-04-21 23:37:26,002 WARNING High grad norm: 902.01 at epoch=78 step=17197
2026-04-21 23:37:26,222 WARNING High grad norm: 991.12 at epoch=78 step=17198
2026-04-21 23:37:26,444 WARNING High grad norm: 1004.05 at epoch=78 step=17199
2026-04-21 23:37:26,454 INFO epoch=78 step=17200 loss=476.2177 grad_norm=1004.0474 lr=1.00e-06
2026-04-21 23:37:26,670 WARNING High grad norm: 953.81 at epoch=78 step=17200
2026-04-21 23:37:26,891 WARNING High grad norm: 1748.44 at epoch=78 step=17201
2026-04-21 23:37:27,112 WARNING High grad norm: 1351.35 at epoch=78 step=17202
2026-04-21 23:37:27,334 WARNING High grad norm: 1027.50 at epoch=78 step=17203
2026-04-21 23:37:27,553 WARNING High grad norm: 1118.02 at epoch=78 step=17204
2026-04-21 23:37:27,777 WARNING High grad norm: 970.75 at epoch=78 step=17205
2026-04-21 23:37:27,998 WARNING High grad norm: 943.09 at epoch=78 step=17206
2026-04-21 23:37:28,219 WARNING High grad norm: 817.08 at epoch=78 step=17207
2026-04-21 23:37:28,439 WARNING High grad norm: 871.27 at epoch=78 step=17208
2026-04-21 23:37:28,663 WARNING High grad norm: 623.64 at epoch=78 step=17209
2026-04-21 23:37:28,889 WARNING High grad norm: 1215.65 at epoch=78 step=17210
2026-04-21 23:37:29,110 WARNING High grad norm: 850.15 at epoch=78 step=17211
2026-04-21 23:37:29,331 WARNING High grad norm: 1013.77 at epoch=78 step=17212
2026-04-21 23:37:29,551 WARNING High grad norm: 1948.92 at epoch=78 step=17213
2026-04-21 23:37:29,774 WARNING High grad norm: 814.84 at epoch=78 step=17214
2026-04-21 23:37:29,993 WARNING High grad norm: 840.47 at epoch=78 step=17215
2026-04-21 23:37:30,217 WARNING High grad norm: 1086.57 at epoch=78 step=17216
2026-04-21 23:37:30,436 WARNING High grad norm: 962.59 at epoch=78 step=17217
2026-04-21 23:37:30,660 WARNING High grad norm: 1057.22 at epoch=78 step=17218
2026-04-21 23:37:30,885 WARNING High grad norm: 2458.97 at epoch=78 step=17219
2026-04-21 23:37:31,108 WARNING High grad norm: 753.68 at epoch=78 step=17220
2026-04-21 23:37:31,331 WARNING High grad norm: 2056.26 at epoch=78 step=17221
2026-04-21 23:37:31,554 WARNING High grad norm: 1290.47 at epoch=78 step=17222
2026-04-21 23:37:31,777 WARNING High grad norm: 1098.02 at epoch=78 step=17223
2026-04-21 23:37:32,001 WARNING High grad norm: 898.22 at epoch=78 step=17224
2026-04-21 23:37:32,221 WARNING High grad norm: 697.13 at epoch=78 step=17225
2026-04-21 23:37:32,445 WARNING High grad norm: 758.34 at epoch=78 step=17226
2026-04-21 23:37:32,672 WARNING High grad norm: 832.69 at epoch=78 step=17227
2026-04-21 23:37:32,894 WARNING High grad norm: 2298.37 at epoch=78 step=17228
2026-04-21 23:37:33,118 WARNING High grad norm: 1853.79 at epoch=78 step=17229
2026-04-21 23:37:33,340 WARNING High grad norm: 774.95 at epoch=78 step=17230
2026-04-21 23:37:33,561 WARNING High grad norm: 1024.92 at epoch=78 step=17231
2026-04-21 23:37:33,784 WARNING High grad norm: 2484.79 at epoch=78 step=17232
2026-04-21 23:37:34,004 WARNING High grad norm: 780.84 at epoch=78 step=17233
2026-04-21 23:37:34,228 WARNING High grad norm: 1489.72 at epoch=78 step=17234
2026-04-21 23:37:34,448 WARNING High grad norm: 974.00 at epoch=78 step=17235
2026-04-21 23:37:34,672 WARNING High grad norm: 872.66 at epoch=78 step=17236
2026-04-21 23:37:34,893 WARNING High grad norm: 2428.37 at epoch=78 step=17237
2026-04-21 23:37:35,113 WARNING High grad norm: 614.03 at epoch=78 step=17238
2026-04-21 23:37:35,334 WARNING High grad norm: 1089.88 at epoch=78 step=17239
2026-04-21 23:37:35,555 WARNING High grad norm: 1963.23 at epoch=78 step=17240
2026-04-21 23:37:35,777 WARNING High grad norm: 755.10 at epoch=78 step=17241
2026-04-21 23:37:35,998 WARNING High grad norm: 1620.64 at epoch=78 step=17242
2026-04-21 23:37:36,219 WARNING High grad norm: 710.86 at epoch=78 step=17243
2026-04-21 23:37:36,444 WARNING High grad norm: 1145.90 at epoch=78 step=17244
2026-04-21 23:37:36,668 WARNING High grad norm: 672.36 at epoch=78 step=17245
2026-04-21 23:37:36,892 WARNING High grad norm: 1067.73 at epoch=78 step=17246
2026-04-21 23:37:37,115 WARNING High grad norm: 1379.72 at epoch=78 step=17247
2026-04-21 23:37:37,338 WARNING High grad norm: 692.18 at epoch=78 step=17248
2026-04-21 23:37:37,559 WARNING High grad norm: 782.26 at epoch=78 step=17249
2026-04-21 23:37:37,780 WARNING High grad norm: 1144.06 at epoch=78 step=17250
2026-04-21 23:37:38,005 WARNING High grad norm: 3189.06 at epoch=78 step=17251
2026-04-21 23:37:38,225 WARNING High grad norm: 1215.56 at epoch=78 step=17252
2026-04-21 23:37:38,450 WARNING High grad norm: 1336.48 at epoch=78 step=17253
2026-04-21 23:37:38,677 WARNING High grad norm: 1335.30 at epoch=78 step=17254
2026-04-21 23:37:38,898 WARNING High grad norm: 913.07 at epoch=78 step=17255
2026-04-21 23:37:39,124 WARNING High grad norm: 1530.45 at epoch=78 step=17256
2026-04-21 23:37:39,345 WARNING High grad norm: 1131.47 at epoch=78 step=17257
2026-04-21 23:37:39,572 WARNING High grad norm: 1088.66 at epoch=78 step=17258
2026-04-21 23:37:39,797 WARNING High grad norm: 1963.28 at epoch=78 step=17259
2026-04-21 23:37:40,018 WARNING High grad norm: 1101.27 at epoch=78 step=17260
2026-04-21 23:37:40,239 WARNING High grad norm: 918.24 at epoch=78 step=17261
2026-04-21 23:37:40,459 WARNING High grad norm: 791.85 at epoch=78 step=17262
2026-04-21 23:37:40,682 WARNING High grad norm: 1375.33 at epoch=78 step=17263
2026-04-21 23:37:40,903 WARNING High grad norm: 1268.40 at epoch=78 step=17264
2026-04-21 23:37:41,123 WARNING High grad norm: 742.05 at epoch=78 step=17265
2026-04-21 23:37:41,344 WARNING High grad norm: 777.79 at epoch=78 step=17266
2026-04-21 23:37:41,566 WARNING High grad norm: 641.05 at epoch=78 step=17267
2026-04-21 23:37:41,790 WARNING High grad norm: 653.65 at epoch=78 step=17268
2026-04-21 23:37:42,012 WARNING High grad norm: 1833.91 at epoch=78 step=17269
2026-04-21 23:37:42,233 WARNING High grad norm: 1141.82 at epoch=78 step=17270
2026-04-21 23:37:42,453 WARNING High grad norm: 742.15 at epoch=78 step=17271
2026-04-21 23:37:42,678 WARNING High grad norm: 674.00 at epoch=78 step=17272
2026-04-21 23:37:42,898 WARNING High grad norm: 2162.18 at epoch=78 step=17273
2026-04-21 23:37:43,122 WARNING High grad norm: 1319.36 at epoch=78 step=17274
2026-04-21 23:37:43,344 WARNING High grad norm: 1693.60 at epoch=78 step=17275
2026-04-21 23:37:43,565 WARNING High grad norm: 613.05 at epoch=78 step=17276
2026-04-21 23:37:43,786 WARNING High grad norm: 620.08 at epoch=78 step=17277
2026-04-21 23:37:44,007 WARNING High grad norm: 1127.81 at epoch=78 step=17278
2026-04-21 23:37:44,233 WARNING High grad norm: 792.38 at epoch=78 step=17279
2026-04-21 23:37:44,459 WARNING High grad norm: 854.81 at epoch=78 step=17280
2026-04-21 23:37:44,679 WARNING High grad norm: 2677.21 at epoch=78 step=17281
2026-04-21 23:37:44,901 WARNING High grad norm: 1481.58 at epoch=78 step=17282
2026-04-21 23:37:45,122 WARNING High grad norm: 1084.51 at epoch=78 step=17283
2026-04-21 23:37:45,344 WARNING High grad norm: 2267.83 at epoch=78 step=17284
2026-04-21 23:37:45,568 WARNING High grad norm: 670.70 at epoch=78 step=17285
2026-04-21 23:37:45,790 WARNING High grad norm: 1506.90 at epoch=78 step=17286
2026-04-21 23:37:46,011 WARNING High grad norm: 924.51 at epoch=78 step=17287
2026-04-21 23:37:46,233 WARNING High grad norm: 1152.56 at epoch=78 step=17288
2026-04-21 23:37:46,462 WARNING High grad norm: 985.48 at epoch=78 step=17289
2026-04-21 23:37:46,683 WARNING High grad norm: 1393.60 at epoch=78 step=17290
2026-04-21 23:37:46,905 WARNING High grad norm: 794.88 at epoch=78 step=17291
2026-04-21 23:37:47,134 WARNING High grad norm: 684.87 at epoch=78 step=17292
2026-04-21 23:37:47,355 WARNING High grad norm: 1111.58 at epoch=78 step=17293
2026-04-21 23:37:47,577 WARNING High grad norm: 813.77 at epoch=78 step=17294
2026-04-21 23:37:47,803 WARNING High grad norm: 725.20 at epoch=78 step=17295
2026-04-21 23:37:48,030 WARNING High grad norm: 1379.06 at epoch=78 step=17296
2026-04-21 23:37:48,251 WARNING High grad norm: 1331.12 at epoch=78 step=17297
2026-04-21 23:37:48,479 WARNING High grad norm: 1047.97 at epoch=78 step=17298
2026-04-21 23:37:48,701 WARNING High grad norm: 633.01 at epoch=78 step=17299
2026-04-21 23:37:48,713 INFO epoch=78 step=17300 loss=478.7648 grad_norm=633.0070 lr=1.00e-06
2026-04-21 23:37:48,926 WARNING High grad norm: 790.35 at epoch=78 step=17300
2026-04-21 23:37:49,147 WARNING High grad norm: 768.92 at epoch=78 step=17301
2026-04-21 23:37:49,371 WARNING High grad norm: 961.80 at epoch=78 step=17302
2026-04-21 23:37:49,592 WARNING High grad norm: 682.34 at epoch=78 step=17303
2026-04-21 23:37:49,813 WARNING High grad norm: 1033.45 at epoch=78 step=17304
2026-04-21 23:37:50,034 WARNING High grad norm: 476.88 at epoch=78 step=17305
2026-04-21 23:37:50,258 WARNING High grad norm: 970.83 at epoch=78 step=17306
2026-04-21 23:37:50,481 WARNING High grad norm: 643.01 at epoch=78 step=17307
2026-04-21 23:37:50,702 WARNING High grad norm: 951.51 at epoch=78 step=17308
2026-04-21 23:37:50,924 WARNING High grad norm: 1050.77 at epoch=78 step=17309
2026-04-21 23:37:51,145 WARNING High grad norm: 794.63 at epoch=78 step=17310
2026-04-21 23:37:51,369 WARNING High grad norm: 2933.30 at epoch=78 step=17311
2026-04-21 23:37:51,590 WARNING High grad norm: 1029.79 at epoch=78 step=17312
2026-04-21 23:37:51,811 WARNING High grad norm: 1078.62 at epoch=78 step=17313
2026-04-21 23:37:52,035 WARNING High grad norm: 799.62 at epoch=78 step=17314
2026-04-21 23:37:52,261 WARNING High grad norm: 1265.45 at epoch=78 step=17315
2026-04-21 23:37:52,487 WARNING High grad norm: 1282.08 at epoch=78 step=17316
2026-04-21 23:37:52,713 WARNING High grad norm: 984.28 at epoch=78 step=17317
2026-04-21 23:37:52,934 WARNING High grad norm: 2090.99 at epoch=78 step=17318
2026-04-21 23:37:53,155 WARNING High grad norm: 2738.11 at epoch=78 step=17319
2026-04-21 23:37:53,376 WARNING High grad norm: 927.60 at epoch=78 step=17320
2026-04-21 23:37:53,597 WARNING High grad norm: 729.69 at epoch=78 step=17321
2026-04-21 23:37:53,819 WARNING High grad norm: 1396.96 at epoch=78 step=17322
2026-04-21 23:37:54,042 WARNING High grad norm: 1415.14 at epoch=78 step=17323
2026-04-21 23:37:54,263 WARNING High grad norm: 1016.00 at epoch=78 step=17324
2026-04-21 23:37:54,484 WARNING High grad norm: 1001.05 at epoch=78 step=17325
2026-04-21 23:37:54,706 WARNING High grad norm: 712.94 at epoch=78 step=17326
2026-04-21 23:37:54,928 WARNING High grad norm: 688.33 at epoch=78 step=17327
2026-04-21 23:37:55,149 WARNING High grad norm: 912.17 at epoch=78 step=17328
2026-04-21 23:37:55,371 WARNING High grad norm: 652.41 at epoch=78 step=17329
2026-04-21 23:37:55,592 WARNING High grad norm: 1572.02 at epoch=78 step=17330
2026-04-21 23:37:55,814 WARNING High grad norm: 624.70 at epoch=78 step=17331
2026-04-21 23:37:56,035 WARNING High grad norm: 763.90 at epoch=78 step=17332
2026-04-21 23:37:56,257 WARNING High grad norm: 1125.42 at epoch=78 step=17333
2026-04-21 23:37:56,482 WARNING High grad norm: 970.34 at epoch=78 step=17334
2026-04-21 23:37:56,705 WARNING High grad norm: 1631.43 at epoch=78 step=17335
2026-04-21 23:37:56,927 WARNING High grad norm: 757.01 at epoch=78 step=17336
2026-04-21 23:37:57,148 WARNING High grad norm: 2538.78 at epoch=78 step=17337
2026-04-21 23:37:57,374 WARNING High grad norm: 656.97 at epoch=78 step=17338
2026-04-21 23:37:57,597 WARNING High grad norm: 756.52 at epoch=78 step=17339
2026-04-21 23:37:57,819 WARNING High grad norm: 939.21 at epoch=78 step=17340
2026-04-21 23:37:58,041 WARNING High grad norm: 1012.31 at epoch=78 step=17341
2026-04-21 23:37:58,262 WARNING High grad norm: 1031.79 at epoch=78 step=17342
2026-04-21 23:37:58,484 WARNING High grad norm: 773.76 at epoch=78 step=17343
2026-04-21 23:37:58,705 WARNING High grad norm: 1517.57 at epoch=78 step=17344
2026-04-21 23:37:58,926 WARNING High grad norm: 1439.44 at epoch=78 step=17345
2026-04-21 23:37:59,147 WARNING High grad norm: 1089.27 at epoch=78 step=17346
2026-04-21 23:37:59,368 WARNING High grad norm: 1566.20 at epoch=78 step=17347
2026-04-21 23:37:59,594 WARNING High grad norm: 1245.47 at epoch=78 step=17348
2026-04-21 23:37:59,825 WARNING High grad norm: 1264.32 at epoch=78 step=17349
2026-04-21 23:38:00,052 WARNING High grad norm: 797.98 at epoch=78 step=17350
2026-04-21 23:38:00,274 WARNING High grad norm: 953.13 at epoch=78 step=17351
2026-04-21 23:38:00,495 WARNING High grad norm: 854.24 at epoch=78 step=17352
2026-04-21 23:38:00,725 WARNING High grad norm: 1701.69 at epoch=78 step=17353
2026-04-21 23:38:00,955 WARNING High grad norm: 529.62 at epoch=78 step=17354
2026-04-21 23:38:01,180 WARNING High grad norm: 848.37 at epoch=78 step=17355
2026-04-21 23:38:01,402 WARNING High grad norm: 1342.20 at epoch=78 step=17356
2026-04-21 23:38:01,629 WARNING High grad norm: 727.49 at epoch=78 step=17357
2026-04-21 23:38:01,850 WARNING High grad norm: 791.61 at epoch=78 step=17358
2026-04-21 23:38:02,072 WARNING High grad norm: 1038.96 at epoch=78 step=17359
2026-04-21 23:38:02,293 WARNING High grad norm: 1357.31 at epoch=78 step=17360
2026-04-21 23:38:02,515 WARNING High grad norm: 650.52 at epoch=78 step=17361
2026-04-21 23:38:02,738 WARNING High grad norm: 723.05 at epoch=78 step=17362
2026-04-21 23:38:02,959 WARNING High grad norm: 1855.15 at epoch=78 step=17363
2026-04-21 23:38:03,181 WARNING High grad norm: 734.73 at epoch=78 step=17364
2026-04-21 23:38:03,402 WARNING High grad norm: 1165.95 at epoch=78 step=17365
2026-04-21 23:38:03,624 WARNING High grad norm: 2621.03 at epoch=78 step=17366
2026-04-21 23:38:03,848 WARNING High grad norm: 1405.76 at epoch=78 step=17367
2026-04-21 23:38:04,072 WARNING High grad norm: 715.20 at epoch=78 step=17368
2026-04-21 23:38:04,293 WARNING High grad norm: 2553.57 at epoch=78 step=17369
2026-04-21 23:38:04,515 WARNING High grad norm: 2480.32 at epoch=78 step=17370
2026-04-21 23:38:04,736 WARNING High grad norm: 923.82 at epoch=78 step=17371
2026-04-21 23:38:04,959 WARNING High grad norm: 956.50 at epoch=78 step=17372
2026-04-21 23:38:05,179 WARNING High grad norm: 1303.14 at epoch=78 step=17373
2026-04-21 23:38:05,401 WARNING High grad norm: 1022.57 at epoch=78 step=17374
2026-04-21 23:38:05,626 WARNING High grad norm: 692.54 at epoch=78 step=17375
2026-04-21 23:38:05,847 WARNING High grad norm: 913.38 at epoch=78 step=17376
2026-04-21 23:38:06,069 WARNING High grad norm: 848.27 at epoch=78 step=17377
2026-04-21 23:38:06,291 WARNING High grad norm: 873.15 at epoch=78 step=17378
2026-04-21 23:38:06,512 WARNING High grad norm: 1532.63 at epoch=78 step=17379
2026-04-21 23:38:06,733 WARNING High grad norm: 1919.44 at epoch=78 step=17380
2026-04-21 23:38:06,954 WARNING High grad norm: 1799.55 at epoch=78 step=17381
2026-04-21 23:38:07,176 WARNING High grad norm: 620.16 at epoch=78 step=17382
2026-04-21 23:38:07,398 WARNING High grad norm: 780.38 at epoch=78 step=17383
2026-04-21 23:38:07,619 WARNING High grad norm: 1025.63 at epoch=78 step=17384
2026-04-21 23:38:07,844 WARNING High grad norm: 1534.77 at epoch=78 step=17385
2026-04-21 23:38:08,067 WARNING High grad norm: 1805.28 at epoch=78 step=17386
2026-04-21 23:38:08,288 WARNING High grad norm: 1956.58 at epoch=78 step=17387
2026-04-21 23:38:08,509 WARNING High grad norm: 726.56 at epoch=78 step=17388
2026-04-21 23:38:08,731 WARNING High grad norm: 1215.22 at epoch=78 step=17389
2026-04-21 23:38:08,953 WARNING High grad norm: 1314.25 at epoch=78 step=17390
2026-04-21 23:38:09,177 WARNING High grad norm: 1277.09 at epoch=78 step=17391
2026-04-21 23:38:09,405 WARNING High grad norm: 852.60 at epoch=78 step=17392
2026-04-21 23:38:09,566 WARNING High grad norm: 1138.92 at epoch=78 step=17393
2026-04-21 23:38:10,163 INFO epoch=78 avg_loss=484.5502 lr=1.00e-06
2026-04-21 23:38:23,753 WARNING High grad norm: 689.22 at epoch=79 step=17394
2026-04-21 23:38:23,973 WARNING High grad norm: 2033.25 at epoch=79 step=17395
2026-04-21 23:38:24,192 WARNING High grad norm: 1062.00 at epoch=79 step=17396
2026-04-21 23:38:24,416 WARNING High grad norm: 1280.53 at epoch=79 step=17397
2026-04-21 23:38:24,636 WARNING High grad norm: 656.94 at epoch=79 step=17398
2026-04-21 23:38:24,857 WARNING High grad norm: 1300.19 at epoch=79 step=17399
2026-04-21 23:38:24,867 INFO epoch=79 step=17400 loss=477.5077 grad_norm=1300.1890 lr=1.00e-06
2026-04-21 23:38:25,079 WARNING High grad norm: 760.50 at epoch=79 step=17400
2026-04-21 23:38:25,300 WARNING High grad norm: 1466.09 at epoch=79 step=17401
2026-04-21 23:38:25,520 WARNING High grad norm: 2342.80 at epoch=79 step=17402
2026-04-21 23:38:25,741 WARNING High grad norm: 1410.82 at epoch=79 step=17403
2026-04-21 23:38:25,960 WARNING High grad norm: 1428.79 at epoch=79 step=17404
2026-04-21 23:38:26,180 WARNING High grad norm: 663.84 at epoch=79 step=17405
2026-04-21 23:38:26,400 WARNING High grad norm: 1092.28 at epoch=79 step=17406
2026-04-21 23:38:26,621 WARNING High grad norm: 897.67 at epoch=79 step=17407
2026-04-21 23:38:26,843 WARNING High grad norm: 2151.64 at epoch=79 step=17408
2026-04-21 23:38:27,063 WARNING High grad norm: 1400.20 at epoch=79 step=17409
2026-04-21 23:38:27,283 WARNING High grad norm: 566.82 at epoch=79 step=17410
2026-04-21 23:38:27,504 WARNING High grad norm: 791.71 at epoch=79 step=17411
2026-04-21 23:38:27,724 WARNING High grad norm: 856.28 at epoch=79 step=17412
2026-04-21 23:38:27,945 WARNING High grad norm: 968.23 at epoch=79 step=17413
2026-04-21 23:38:28,168 WARNING High grad norm: 1574.65 at epoch=79 step=17414
2026-04-21 23:38:28,387 WARNING High grad norm: 2176.17 at epoch=79 step=17415
2026-04-21 23:38:28,617 WARNING High grad norm: 926.09 at epoch=79 step=17416
2026-04-21 23:38:28,840 WARNING High grad norm: 1052.44 at epoch=79 step=17417
2026-04-21 23:38:29,066 WARNING High grad norm: 1555.18 at epoch=79 step=17418
2026-04-21 23:38:29,290 WARNING High grad norm: 1051.57 at epoch=79 step=17419
2026-04-21 23:38:29,511 WARNING High grad norm: 1404.98 at epoch=79 step=17420
2026-04-21 23:38:29,732 WARNING High grad norm: 2563.91 at epoch=79 step=17421
2026-04-21 23:38:29,952 WARNING High grad norm: 1271.42 at epoch=79 step=17422
2026-04-21 23:38:30,176 WARNING High grad norm: 609.84 at epoch=79 step=17423
2026-04-21 23:38:30,403 WARNING High grad norm: 673.09 at epoch=79 step=17424
2026-04-21 23:38:30,625 WARNING High grad norm: 2728.55 at epoch=79 step=17425
2026-04-21 23:38:30,846 WARNING High grad norm: 2249.45 at epoch=79 step=17426
2026-04-21 23:38:31,068 WARNING High grad norm: 706.90 at epoch=79 step=17427
2026-04-21 23:38:31,290 WARNING High grad norm: 1093.40 at epoch=79 step=17428
2026-04-21 23:38:31,513 WARNING High grad norm: 1813.94 at epoch=79 step=17429
2026-04-21 23:38:31,733 WARNING High grad norm: 2436.73 at epoch=79 step=17430
2026-04-21 23:38:31,954 WARNING High grad norm: 729.03 at epoch=79 step=17431
2026-04-21 23:38:32,175 WARNING High grad norm: 1125.01 at epoch=79 step=17432
2026-04-21 23:38:32,398 WARNING High grad norm: 882.54 at epoch=79 step=17433
2026-04-21 23:38:32,619 WARNING High grad norm: 389.44 at epoch=79 step=17434
2026-04-21 23:38:32,839 WARNING High grad norm: 821.44 at epoch=79 step=17435
2026-04-21 23:38:33,060 WARNING High grad norm: 666.95 at epoch=79 step=17436
2026-04-21 23:38:33,280 WARNING High grad norm: 1038.29 at epoch=79 step=17437
2026-04-21 23:38:33,503 WARNING High grad norm: 954.78 at epoch=79 step=17438
2026-04-21 23:38:33,723 WARNING High grad norm: 974.62 at epoch=79 step=17439
2026-04-21 23:38:33,943 WARNING High grad norm: 745.30 at epoch=79 step=17440
2026-04-21 23:38:34,165 WARNING High grad norm: 1451.64 at epoch=79 step=17441
2026-04-21 23:38:34,387 WARNING High grad norm: 809.62 at epoch=79 step=17442
2026-04-21 23:38:34,610 WARNING High grad norm: 1044.07 at epoch=79 step=17443
2026-04-21 23:38:34,831 WARNING High grad norm: 1263.88 at epoch=79 step=17444
2026-04-21 23:38:35,052 WARNING High grad norm: 1613.75 at epoch=79 step=17445
2026-04-21 23:38:35,273 WARNING High grad norm: 781.25 at epoch=79 step=17446
2026-04-21 23:38:35,495 WARNING High grad norm: 725.50 at epoch=79 step=17447
2026-04-21 23:38:35,716 WARNING High grad norm: 822.28 at epoch=79 step=17448
2026-04-21 23:38:35,937 WARNING High grad norm: 969.75 at epoch=79 step=17449
2026-04-21 23:38:36,158 WARNING High grad norm: 1334.32 at epoch=79 step=17450
2026-04-21 23:38:36,380 WARNING High grad norm: 873.11 at epoch=79 step=17451
2026-04-21 23:38:36,605 WARNING High grad norm: 578.90 at epoch=79 step=17452
2026-04-21 23:38:36,825 WARNING High grad norm: 819.23 at epoch=79 step=17453
2026-04-21 23:38:37,051 WARNING High grad norm: 1966.96 at epoch=79 step=17454
2026-04-21 23:38:37,273 WARNING High grad norm: 668.35 at epoch=79 step=17455
2026-04-21 23:38:37,501 WARNING High grad norm: 1030.60 at epoch=79 step=17456
2026-04-21 23:38:37,720 WARNING High grad norm: 1143.26 at epoch=79 step=17457
2026-04-21 23:38:37,950 WARNING High grad norm: 850.72 at epoch=79 step=17458
2026-04-21 23:38:38,171 WARNING High grad norm: 2629.52 at epoch=79 step=17459
2026-04-21 23:38:38,391 WARNING High grad norm: 894.88 at epoch=79 step=17460
2026-04-21 23:38:38,611 WARNING High grad norm: 953.00 at epoch=79 step=17461
2026-04-21 23:38:38,832 WARNING High grad norm: 1206.29 at epoch=79 step=17462
2026-04-21 23:38:39,054 WARNING High grad norm: 685.30 at epoch=79 step=17463
2026-04-21 23:38:39,276 WARNING High grad norm: 596.75 at epoch=79 step=17464
2026-04-21 23:38:39,501 WARNING High grad norm: 1360.08 at epoch=79 step=17465
2026-04-21 23:38:39,723 WARNING High grad norm: 895.13 at epoch=79 step=17466
2026-04-21 23:38:39,944 WARNING High grad norm: 754.88 at epoch=79 step=17467
2026-04-21 23:38:40,167 WARNING High grad norm: 2255.18 at epoch=79 step=17468
2026-04-21 23:38:40,388 WARNING High grad norm: 704.08 at epoch=79 step=17469
2026-04-21 23:38:40,615 WARNING High grad norm: 914.84 at epoch=79 step=17470
2026-04-21 23:38:40,835 WARNING High grad norm: 1440.04 at epoch=79 step=17471
2026-04-21 23:38:41,066 WARNING High grad norm: 952.13 at epoch=79 step=17472
2026-04-21 23:38:41,287 WARNING High grad norm: 2178.22 at epoch=79 step=17473
2026-04-21 23:38:41,507 WARNING High grad norm: 4712.47 at epoch=79 step=17474
2026-04-21 23:38:41,729 WARNING High grad norm: 1356.55 at epoch=79 step=17475
2026-04-21 23:38:41,953 WARNING High grad norm: 2605.57 at epoch=79 step=17476
2026-04-21 23:38:42,178 WARNING High grad norm: 2100.67 at epoch=79 step=17477
2026-04-21 23:38:42,399 WARNING High grad norm: 859.19 at epoch=79 step=17478
2026-04-21 23:38:42,620 WARNING High grad norm: 1116.82 at epoch=79 step=17479
2026-04-21 23:38:42,842 WARNING High grad norm: 2009.65 at epoch=79 step=17480
2026-04-21 23:38:43,066 WARNING High grad norm: 3197.35 at epoch=79 step=17481
2026-04-21 23:38:43,289 WARNING High grad norm: 1017.22 at epoch=79 step=17482
2026-04-21 23:38:43,511 WARNING High grad norm: 650.44 at epoch=79 step=17483
2026-04-21 23:38:43,736 WARNING High grad norm: 776.80 at epoch=79 step=17484
2026-04-21 23:38:43,957 WARNING High grad norm: 2122.59 at epoch=79 step=17485
2026-04-21 23:38:44,178 WARNING High grad norm: 2075.53 at epoch=79 step=17486
2026-04-21 23:38:44,405 WARNING High grad norm: 1899.08 at epoch=79 step=17487
2026-04-21 23:38:44,629 WARNING High grad norm: 1137.14 at epoch=79 step=17488
2026-04-21 23:38:44,850 WARNING High grad norm: 836.76 at epoch=79 step=17489
2026-04-21 23:38:45,075 WARNING High grad norm: 1174.15 at epoch=79 step=17490
2026-04-21 23:38:45,299 WARNING High grad norm: 1106.62 at epoch=79 step=17491
2026-04-21 23:38:45,519 WARNING High grad norm: 770.93 at epoch=79 step=17492
2026-04-21 23:38:45,740 WARNING High grad norm: 1531.60 at epoch=79 step=17493
2026-04-21 23:38:45,961 WARNING High grad norm: 623.15 at epoch=79 step=17494
2026-04-21 23:38:46,183 WARNING High grad norm: 2028.87 at epoch=79 step=17495
2026-04-21 23:38:46,412 WARNING High grad norm: 670.22 at epoch=79 step=17496
2026-04-21 23:38:46,633 WARNING High grad norm: 707.33 at epoch=79 step=17497
2026-04-21 23:38:46,856 WARNING High grad norm: 486.32 at epoch=79 step=17498
2026-04-21 23:38:47,078 WARNING High grad norm: 872.55 at epoch=79 step=17499
2026-04-21 23:38:47,090 INFO epoch=79 step=17500 loss=484.5995 grad_norm=872.5467 lr=1.00e-06
2026-04-21 23:38:47,303 WARNING High grad norm: 1042.54 at epoch=79 step=17500
2026-04-21 23:38:47,524 WARNING High grad norm: 641.97 at epoch=79 step=17501
2026-04-21 23:38:47,744 WARNING High grad norm: 1380.82 at epoch=79 step=17502
2026-04-21 23:38:47,974 WARNING High grad norm: 882.97 at epoch=79 step=17503
2026-04-21 23:38:48,198 WARNING High grad norm: 1574.17 at epoch=79 step=17504
2026-04-21 23:38:48,421 WARNING High grad norm: 771.01 at epoch=79 step=17505
2026-04-21 23:38:48,651 WARNING High grad norm: 1521.96 at epoch=79 step=17506
2026-04-21 23:38:48,873 WARNING High grad norm: 565.44 at epoch=79 step=17507
2026-04-21 23:38:49,097 WARNING High grad norm: 636.16 at epoch=79 step=17508
2026-04-21 23:38:49,321 WARNING High grad norm: 1343.88 at epoch=79 step=17509
2026-04-21 23:38:49,544 WARNING High grad norm: 779.05 at epoch=79 step=17510
2026-04-21 23:38:49,765 WARNING High grad norm: 889.08 at epoch=79 step=17511
2026-04-21 23:38:49,985 WARNING High grad norm: 700.46 at epoch=79 step=17512
2026-04-21 23:38:50,206 WARNING High grad norm: 559.18 at epoch=79 step=17513
2026-04-21 23:38:50,428 WARNING High grad norm: 898.11 at epoch=79 step=17514
2026-04-21 23:38:50,648 WARNING High grad norm: 1252.57 at epoch=79 step=17515
2026-04-21 23:38:50,868 WARNING High grad norm: 664.45 at epoch=79 step=17516
2026-04-21 23:38:51,090 WARNING High grad norm: 1547.88 at epoch=79 step=17517
2026-04-21 23:38:51,312 WARNING High grad norm: 2061.53 at epoch=79 step=17518
2026-04-21 23:38:51,532 WARNING High grad norm: 2678.24 at epoch=79 step=17519
2026-04-21 23:38:51,753 WARNING High grad norm: 1789.88 at epoch=79 step=17520
2026-04-21 23:38:51,979 WARNING High grad norm: 1054.96 at epoch=79 step=17521
2026-04-21 23:38:52,200 WARNING High grad norm: 660.52 at epoch=79 step=17522
2026-04-21 23:38:52,422 WARNING High grad norm: 729.17 at epoch=79 step=17523
2026-04-21 23:38:52,647 WARNING High grad norm: 656.96 at epoch=79 step=17524
2026-04-21 23:38:52,869 WARNING High grad norm: 903.72 at epoch=79 step=17525
2026-04-21 23:38:53,091 WARNING High grad norm: 1778.90 at epoch=79 step=17526
2026-04-21 23:38:53,314 WARNING High grad norm: 2515.23 at epoch=79 step=17527
2026-04-21 23:38:53,543 WARNING High grad norm: 800.74 at epoch=79 step=17528
2026-04-21 23:38:53,764 WARNING High grad norm: 521.85 at epoch=79 step=17529
2026-04-21 23:38:53,986 WARNING High grad norm: 780.91 at epoch=79 step=17530
2026-04-21 23:38:54,207 WARNING High grad norm: 2694.39 at epoch=79 step=17531
2026-04-21 23:38:54,427 WARNING High grad norm: 1869.94 at epoch=79 step=17532
2026-04-21 23:38:54,648 WARNING High grad norm: 1742.30 at epoch=79 step=17533
2026-04-21 23:38:54,869 WARNING High grad norm: 1535.45 at epoch=79 step=17534
2026-04-21 23:38:55,091 WARNING High grad norm: 685.12 at epoch=79 step=17535
2026-04-21 23:38:55,313 WARNING High grad norm: 1923.02 at epoch=79 step=17536
2026-04-21 23:38:55,535 WARNING High grad norm: 1546.89 at epoch=79 step=17537
2026-04-21 23:38:55,760 WARNING High grad norm: 2223.94 at epoch=79 step=17538
2026-04-21 23:38:55,980 WARNING High grad norm: 2927.60 at epoch=79 step=17539
2026-04-21 23:38:56,202 WARNING High grad norm: 3490.45 at epoch=79 step=17540
2026-04-21 23:38:56,423 WARNING High grad norm: 1355.57 at epoch=79 step=17541
2026-04-21 23:38:56,644 WARNING High grad norm: 540.37 at epoch=79 step=17542
2026-04-21 23:38:56,878 WARNING High grad norm: 1283.58 at epoch=79 step=17543
2026-04-21 23:38:57,099 WARNING High grad norm: 961.99 at epoch=79 step=17544
2026-04-21 23:38:57,321 WARNING High grad norm: 1313.55 at epoch=79 step=17545
2026-04-21 23:38:57,543 WARNING High grad norm: 886.69 at epoch=79 step=17546
2026-04-21 23:38:57,764 WARNING High grad norm: 892.93 at epoch=79 step=17547
2026-04-21 23:38:57,989 WARNING High grad norm: 1001.09 at epoch=79 step=17548
2026-04-21 23:38:58,211 WARNING High grad norm: 632.12 at epoch=79 step=17549
2026-04-21 23:38:58,437 WARNING High grad norm: 868.48 at epoch=79 step=17550
2026-04-21 23:38:58,666 WARNING High grad norm: 1008.45 at epoch=79 step=17551
2026-04-21 23:38:58,892 WARNING High grad norm: 1980.88 at epoch=79 step=17552
2026-04-21 23:38:59,113 WARNING High grad norm: 873.90 at epoch=79 step=17553
2026-04-21 23:38:59,335 WARNING High grad norm: 755.38 at epoch=79 step=17554
2026-04-21 23:38:59,558 WARNING High grad norm: 601.49 at epoch=79 step=17555
2026-04-21 23:38:59,787 WARNING High grad norm: 571.33 at epoch=79 step=17556
2026-04-21 23:39:00,008 WARNING High grad norm: 693.85 at epoch=79 step=17557
2026-04-21 23:39:00,229 WARNING High grad norm: 597.97 at epoch=79 step=17558
2026-04-21 23:39:00,451 WARNING High grad norm: 673.04 at epoch=79 step=17559
2026-04-21 23:39:00,671 WARNING High grad norm: 2150.98 at epoch=79 step=17560
2026-04-21 23:39:00,896 WARNING High grad norm: 824.17 at epoch=79 step=17561
2026-04-21 23:39:01,119 WARNING High grad norm: 1002.36 at epoch=79 step=17562
2026-04-21 23:39:01,343 WARNING High grad norm: 1532.17 at epoch=79 step=17563
2026-04-21 23:39:01,564 WARNING High grad norm: 720.40 at epoch=79 step=17564
2026-04-21 23:39:01,785 WARNING High grad norm: 733.51 at epoch=79 step=17565
2026-04-21 23:39:02,011 WARNING High grad norm: 1115.41 at epoch=79 step=17566
2026-04-21 23:39:02,231 WARNING High grad norm: 677.23 at epoch=79 step=17567
2026-04-21 23:39:02,453 WARNING High grad norm: 1361.10 at epoch=79 step=17568
2026-04-21 23:39:02,676 WARNING High grad norm: 1028.62 at epoch=79 step=17569
2026-04-21 23:39:02,902 WARNING High grad norm: 1036.52 at epoch=79 step=17570
2026-04-21 23:39:03,127 WARNING High grad norm: 863.72 at epoch=79 step=17571
2026-04-21 23:39:03,351 WARNING High grad norm: 852.38 at epoch=79 step=17572
2026-04-21 23:39:03,573 WARNING High grad norm: 818.72 at epoch=79 step=17573
2026-04-21 23:39:03,799 WARNING High grad norm: 572.33 at epoch=79 step=17574
2026-04-21 23:39:04,020 WARNING High grad norm: 1183.92 at epoch=79 step=17575
2026-04-21 23:39:04,242 WARNING High grad norm: 833.88 at epoch=79 step=17576
2026-04-21 23:39:04,463 WARNING High grad norm: 849.68 at epoch=79 step=17577
2026-04-21 23:39:04,691 WARNING High grad norm: 939.44 at epoch=79 step=17578
2026-04-21 23:39:04,916 WARNING High grad norm: 893.40 at epoch=79 step=17579
2026-04-21 23:39:05,137 WARNING High grad norm: 865.04 at epoch=79 step=17580
2026-04-21 23:39:05,357 WARNING High grad norm: 575.49 at epoch=79 step=17581
2026-04-21 23:39:05,580 WARNING High grad norm: 727.79 at epoch=79 step=17582
2026-04-21 23:39:05,801 WARNING High grad norm: 1781.23 at epoch=79 step=17583
2026-04-21 23:39:06,028 WARNING High grad norm: 634.45 at epoch=79 step=17584
2026-04-21 23:39:06,249 WARNING High grad norm: 1497.14 at epoch=79 step=17585
2026-04-21 23:39:06,470 WARNING High grad norm: 1546.45 at epoch=79 step=17586
2026-04-21 23:39:06,692 WARNING High grad norm: 1484.91 at epoch=79 step=17587
2026-04-21 23:39:06,912 WARNING High grad norm: 1561.18 at epoch=79 step=17588
2026-04-21 23:39:07,133 WARNING High grad norm: 1763.22 at epoch=79 step=17589
2026-04-21 23:39:07,354 WARNING High grad norm: 729.21 at epoch=79 step=17590
2026-04-21 23:39:07,578 WARNING High grad norm: 698.86 at epoch=79 step=17591
2026-04-21 23:39:07,799 WARNING High grad norm: 1019.66 at epoch=79 step=17592
2026-04-21 23:39:08,022 WARNING High grad norm: 3067.89 at epoch=79 step=17593
2026-04-21 23:39:08,243 WARNING High grad norm: 1091.11 at epoch=79 step=17594
2026-04-21 23:39:08,467 WARNING High grad norm: 1543.56 at epoch=79 step=17595
2026-04-21 23:39:08,691 WARNING High grad norm: 869.35 at epoch=79 step=17596
2026-04-21 23:39:08,912 WARNING High grad norm: 788.03 at epoch=79 step=17597
2026-04-21 23:39:09,134 WARNING High grad norm: 2484.83 at epoch=79 step=17598
2026-04-21 23:39:09,355 WARNING High grad norm: 761.77 at epoch=79 step=17599
2026-04-21 23:39:09,367 INFO epoch=79 step=17600 loss=484.2088 grad_norm=761.7676 lr=1.00e-06
2026-04-21 23:39:09,581 WARNING High grad norm: 633.04 at epoch=79 step=17600
2026-04-21 23:39:09,803 WARNING High grad norm: 1586.20 at epoch=79 step=17601
2026-04-21 23:39:10,026 WARNING High grad norm: 1760.50 at epoch=79 step=17602
2026-04-21 23:39:10,250 WARNING High grad norm: 965.62 at epoch=79 step=17603
2026-04-21 23:39:10,477 WARNING High grad norm: 474.93 at epoch=79 step=17604
2026-04-21 23:39:10,703 WARNING High grad norm: 1035.79 at epoch=79 step=17605
2026-04-21 23:39:10,927 WARNING High grad norm: 1337.51 at epoch=79 step=17606
2026-04-21 23:39:11,150 WARNING High grad norm: 2140.12 at epoch=79 step=17607
2026-04-21 23:39:11,380 WARNING High grad norm: 691.08 at epoch=79 step=17608
2026-04-21 23:39:11,600 WARNING High grad norm: 1484.43 at epoch=79 step=17609
2026-04-21 23:39:11,822 WARNING High grad norm: 1862.08 at epoch=79 step=17610
2026-04-21 23:39:12,047 WARNING High grad norm: 1047.99 at epoch=79 step=17611
2026-04-21 23:39:12,270 WARNING High grad norm: 589.62 at epoch=79 step=17612
2026-04-21 23:39:12,493 WARNING High grad norm: 1182.99 at epoch=79 step=17613
2026-04-21 23:39:12,715 WARNING High grad norm: 793.60 at epoch=79 step=17614
2026-04-21 23:39:12,940 WARNING High grad norm: 1398.34 at epoch=79 step=17615
2026-04-21 23:39:13,089 WARNING High grad norm: 873.68 at epoch=79 step=17616
2026-04-21 23:39:13,656 INFO epoch=79 avg_loss=484.3905 lr=1.00e-06
2026-04-21 23:39:27,256 WARNING High grad norm: 845.56 at epoch=80 step=17617
2026-04-21 23:39:27,485 WARNING High grad norm: 1631.21 at epoch=80 step=17618
2026-04-21 23:39:27,711 WARNING High grad norm: 610.16 at epoch=80 step=17619
2026-04-21 23:39:27,931 WARNING High grad norm: 1965.15 at epoch=80 step=17620
2026-04-21 23:39:28,151 WARNING High grad norm: 976.88 at epoch=80 step=17621
2026-04-21 23:39:28,371 WARNING High grad norm: 1615.87 at epoch=80 step=17622
2026-04-21 23:39:28,591 WARNING High grad norm: 1464.07 at epoch=80 step=17623
2026-04-21 23:39:28,811 WARNING High grad norm: 644.85 at epoch=80 step=17624
2026-04-21 23:39:29,031 WARNING High grad norm: 1650.42 at epoch=80 step=17625
2026-04-21 23:39:29,253 WARNING High grad norm: 1203.58 at epoch=80 step=17626
2026-04-21 23:39:29,476 WARNING High grad norm: 637.76 at epoch=80 step=17627
2026-04-21 23:39:29,703 WARNING High grad norm: 687.99 at epoch=80 step=17628
2026-04-21 23:39:29,925 WARNING High grad norm: 688.86 at epoch=80 step=17629
2026-04-21 23:39:30,146 WARNING High grad norm: 1023.76 at epoch=80 step=17630
2026-04-21 23:39:30,366 WARNING High grad norm: 688.97 at epoch=80 step=17631
2026-04-21 23:39:30,586 WARNING High grad norm: 810.79 at epoch=80 step=17632
2026-04-21 23:39:30,806 WARNING High grad norm: 812.73 at epoch=80 step=17633
2026-04-21 23:39:31,026 WARNING High grad norm: 1301.37 at epoch=80 step=17634
2026-04-21 23:39:31,248 WARNING High grad norm: 1096.59 at epoch=80 step=17635
2026-04-21 23:39:31,469 WARNING High grad norm: 1061.65 at epoch=80 step=17636
2026-04-21 23:39:31,690 WARNING High grad norm: 632.80 at epoch=80 step=17637
2026-04-21 23:39:31,911 WARNING High grad norm: 962.56 at epoch=80 step=17638
2026-04-21 23:39:32,133 WARNING High grad norm: 1989.21 at epoch=80 step=17639
2026-04-21 23:39:32,354 WARNING High grad norm: 1146.09 at epoch=80 step=17640
2026-04-21 23:39:32,576 WARNING High grad norm: 1307.51 at epoch=80 step=17641
2026-04-21 23:39:32,796 WARNING High grad norm: 1158.59 at epoch=80 step=17642
2026-04-21 23:39:33,024 WARNING High grad norm: 817.06 at epoch=80 step=17643
2026-04-21 23:39:33,244 WARNING High grad norm: 871.67 at epoch=80 step=17644
2026-04-21 23:39:33,465 WARNING High grad norm: 2222.73 at epoch=80 step=17645
2026-04-21 23:39:33,685 WARNING High grad norm: 1394.87 at epoch=80 step=17646
2026-04-21 23:39:33,913 WARNING High grad norm: 1047.41 at epoch=80 step=17647
2026-04-21 23:39:34,133 WARNING High grad norm: 979.48 at epoch=80 step=17648
2026-04-21 23:39:34,354 WARNING High grad norm: 962.12 at epoch=80 step=17649
2026-04-21 23:39:34,579 WARNING High grad norm: 1298.61 at epoch=80 step=17650
2026-04-21 23:39:34,802 WARNING High grad norm: 955.85 at epoch=80 step=17651
2026-04-21 23:39:35,024 WARNING High grad norm: 597.65 at epoch=80 step=17652
2026-04-21 23:39:35,244 WARNING High grad norm: 2264.97 at epoch=80 step=17653
2026-04-21 23:39:35,464 WARNING High grad norm: 1455.20 at epoch=80 step=17654
2026-04-21 23:39:35,682 WARNING High grad norm: 1188.98 at epoch=80 step=17655
2026-04-21 23:39:35,903 WARNING High grad norm: 852.26 at epoch=80 step=17656
2026-04-21 23:39:36,122 WARNING High grad norm: 931.78 at epoch=80 step=17657
2026-04-21 23:39:36,344 WARNING High grad norm: 971.85 at epoch=80 step=17658
2026-04-21 23:39:36,564 WARNING High grad norm: 1494.21 at epoch=80 step=17659
2026-04-21 23:39:36,784 WARNING High grad norm: 601.04 at epoch=80 step=17660
2026-04-21 23:39:37,005 WARNING High grad norm: 820.94 at epoch=80 step=17661
2026-04-21 23:39:37,226 WARNING High grad norm: 679.41 at epoch=80 step=17662
2026-04-21 23:39:37,447 WARNING High grad norm: 1555.67 at epoch=80 step=17663
2026-04-21 23:39:37,666 WARNING High grad norm: 947.97 at epoch=80 step=17664
2026-04-21 23:39:37,887 WARNING High grad norm: 896.16 at epoch=80 step=17665
2026-04-21 23:39:38,108 WARNING High grad norm: 1031.74 at epoch=80 step=17666
2026-04-21 23:39:38,333 WARNING High grad norm: 814.96 at epoch=80 step=17667
2026-04-21 23:39:38,552 WARNING High grad norm: 902.81 at epoch=80 step=17668
2026-04-21 23:39:38,773 WARNING High grad norm: 495.56 at epoch=80 step=17669
2026-04-21 23:39:38,993 WARNING High grad norm: 1092.83 at epoch=80 step=17670
2026-04-21 23:39:39,214 WARNING High grad norm: 725.13 at epoch=80 step=17671
2026-04-21 23:39:39,438 WARNING High grad norm: 483.45 at epoch=80 step=17672
2026-04-21 23:39:39,659 WARNING High grad norm: 1311.19 at epoch=80 step=17673
2026-04-21 23:39:39,881 WARNING High grad norm: 2186.45 at epoch=80 step=17674
2026-04-21 23:39:40,105 WARNING High grad norm: 931.19 at epoch=80 step=17675
2026-04-21 23:39:40,326 WARNING High grad norm: 956.19 at epoch=80 step=17676
2026-04-21 23:39:40,554 WARNING High grad norm: 820.02 at epoch=80 step=17677
2026-04-21 23:39:40,775 WARNING High grad norm: 1414.02 at epoch=80 step=17678
2026-04-21 23:39:40,996 WARNING High grad norm: 988.02 at epoch=80 step=17679
2026-04-21 23:39:41,216 WARNING High grad norm: 1293.57 at epoch=80 step=17680
2026-04-21 23:39:41,437 WARNING High grad norm: 553.68 at epoch=80 step=17681
2026-04-21 23:39:41,666 WARNING High grad norm: 1261.39 at epoch=80 step=17682
2026-04-21 23:39:41,888 WARNING High grad norm: 1088.47 at epoch=80 step=17683
2026-04-21 23:39:42,109 WARNING High grad norm: 877.98 at epoch=80 step=17684
2026-04-21 23:39:42,330 WARNING High grad norm: 2451.67 at epoch=80 step=17685
2026-04-21 23:39:42,552 WARNING High grad norm: 587.97 at epoch=80 step=17686
2026-04-21 23:39:42,772 WARNING High grad norm: 753.32 at epoch=80 step=17687
2026-04-21 23:39:42,995 WARNING High grad norm: 597.40 at epoch=80 step=17688
2026-04-21 23:39:43,224 WARNING High grad norm: 1088.37 at epoch=80 step=17689
2026-04-21 23:39:43,446 WARNING High grad norm: 590.71 at epoch=80 step=17690
2026-04-21 23:39:43,668 WARNING High grad norm: 673.31 at epoch=80 step=17691
2026-04-21 23:39:43,889 WARNING High grad norm: 1464.53 at epoch=80 step=17692
2026-04-21 23:39:44,112 WARNING High grad norm: 1377.84 at epoch=80 step=17693
2026-04-21 23:39:44,332 WARNING High grad norm: 1371.08 at epoch=80 step=17694
2026-04-21 23:39:44,557 WARNING High grad norm: 1721.63 at epoch=80 step=17695
2026-04-21 23:39:44,778 WARNING High grad norm: 1814.88 at epoch=80 step=17696
2026-04-21 23:39:45,001 WARNING High grad norm: 582.62 at epoch=80 step=17697
2026-04-21 23:39:45,225 WARNING High grad norm: 860.91 at epoch=80 step=17698
2026-04-21 23:39:45,449 WARNING High grad norm: 951.99 at epoch=80 step=17699
2026-04-21 23:39:45,462 INFO epoch=80 step=17700 loss=480.3785 grad_norm=951.9864 lr=1.00e-06
2026-04-21 23:39:45,675 WARNING High grad norm: 528.69 at epoch=80 step=17700
2026-04-21 23:39:45,895 WARNING High grad norm: 802.92 at epoch=80 step=17701
2026-04-21 23:39:46,116 WARNING High grad norm: 886.91 at epoch=80 step=17702
2026-04-21 23:39:46,337 WARNING High grad norm: 710.31 at epoch=80 step=17703
2026-04-21 23:39:46,559 WARNING High grad norm: 570.97 at epoch=80 step=17704
2026-04-21 23:39:46,782 WARNING High grad norm: 2247.80 at epoch=80 step=17705
2026-04-21 23:39:47,003 WARNING High grad norm: 772.02 at epoch=80 step=17706
2026-04-21 23:39:47,223 WARNING High grad norm: 1347.87 at epoch=80 step=17707
2026-04-21 23:39:47,444 WARNING High grad norm: 1285.74 at epoch=80 step=17708
2026-04-21 23:39:47,664 WARNING High grad norm: 716.25 at epoch=80 step=17709
2026-04-21 23:39:47,886 WARNING High grad norm: 1090.23 at epoch=80 step=17710
2026-04-21 23:39:48,107 WARNING High grad norm: 1022.82 at epoch=80 step=17711
2026-04-21 23:39:48,327 WARNING High grad norm: 821.44 at epoch=80 step=17712
2026-04-21 23:39:48,549 WARNING High grad norm: 1139.30 at epoch=80 step=17713
2026-04-21 23:39:48,770 WARNING High grad norm: 756.77 at epoch=80 step=17714
2026-04-21 23:39:48,994 WARNING High grad norm: 1296.77 at epoch=80 step=17715
2026-04-21 23:39:49,214 WARNING High grad norm: 569.42 at epoch=80 step=17716
2026-04-21 23:39:49,436 WARNING High grad norm: 890.93 at epoch=80 step=17717
2026-04-21 23:39:49,657 WARNING High grad norm: 1235.83 at epoch=80 step=17718
2026-04-21 23:39:49,878 WARNING High grad norm: 1589.28 at epoch=80 step=17719
2026-04-21 23:39:50,098 WARNING High grad norm: 760.27 at epoch=80 step=17720
2026-04-21 23:39:50,319 WARNING High grad norm: 1061.32 at epoch=80 step=17721
2026-04-21 23:39:50,543 WARNING High grad norm: 1156.40 at epoch=80 step=17722
2026-04-21 23:39:50,765 WARNING High grad norm: 2506.05 at epoch=80 step=17723
2026-04-21 23:39:50,985 WARNING High grad norm: 1223.80 at epoch=80 step=17724
2026-04-21 23:39:51,209 WARNING High grad norm: 1234.86 at epoch=80 step=17725
2026-04-21 23:39:51,432 WARNING High grad norm: 1145.93 at epoch=80 step=17726
2026-04-21 23:39:51,652 WARNING High grad norm: 1032.00 at epoch=80 step=17727
2026-04-21 23:39:51,875 WARNING High grad norm: 1040.27 at epoch=80 step=17728
2026-04-21 23:39:52,095 WARNING High grad norm: 509.93 at epoch=80 step=17729
2026-04-21 23:39:52,317 WARNING High grad norm: 548.27 at epoch=80 step=17730
2026-04-21 23:39:52,541 WARNING High grad norm: 2103.36 at epoch=80 step=17731
2026-04-21 23:39:52,762 WARNING High grad norm: 1821.57 at epoch=80 step=17732
2026-04-21 23:39:52,991 WARNING High grad norm: 994.78 at epoch=80 step=17733
2026-04-21 23:39:53,215 WARNING High grad norm: 1037.08 at epoch=80 step=17734
2026-04-21 23:39:53,441 WARNING High grad norm: 1112.23 at epoch=80 step=17735
2026-04-21 23:39:53,662 WARNING High grad norm: 1369.97 at epoch=80 step=17736
2026-04-21 23:39:53,883 WARNING High grad norm: 1025.51 at epoch=80 step=17737
2026-04-21 23:39:54,105 WARNING High grad norm: 982.81 at epoch=80 step=17738
2026-04-21 23:39:54,325 WARNING High grad norm: 785.66 at epoch=80 step=17739
2026-04-21 23:39:54,548 WARNING High grad norm: 1052.92 at epoch=80 step=17740
2026-04-21 23:39:54,771 WARNING High grad norm: 1427.08 at epoch=80 step=17741
2026-04-21 23:39:54,995 WARNING High grad norm: 731.78 at epoch=80 step=17742
2026-04-21 23:39:55,216 WARNING High grad norm: 1572.15 at epoch=80 step=17743
2026-04-21 23:39:55,439 WARNING High grad norm: 745.36 at epoch=80 step=17744
2026-04-21 23:39:55,662 WARNING High grad norm: 2015.70 at epoch=80 step=17745
2026-04-21 23:39:55,891 WARNING High grad norm: 906.57 at epoch=80 step=17746
2026-04-21 23:39:56,116 WARNING High grad norm: 2009.23 at epoch=80 step=17747
2026-04-21 23:39:56,338 WARNING High grad norm: 1907.46 at epoch=80 step=17748
2026-04-21 23:39:56,561 WARNING High grad norm: 1042.60 at epoch=80 step=17749
2026-04-21 23:39:56,786 WARNING High grad norm: 708.05 at epoch=80 step=17750
2026-04-21 23:39:57,008 WARNING High grad norm: 715.81 at epoch=80 step=17751
2026-04-21 23:39:57,232 WARNING High grad norm: 1964.20 at epoch=80 step=17752
2026-04-21 23:39:57,455 WARNING High grad norm: 852.58 at epoch=80 step=17753
2026-04-21 23:39:57,676 WARNING High grad norm: 878.73 at epoch=80 step=17754
2026-04-21 23:39:57,900 WARNING High grad norm: 1717.19 at epoch=80 step=17755
2026-04-21 23:39:58,121 WARNING High grad norm: 661.12 at epoch=80 step=17756
2026-04-21 23:39:58,348 WARNING High grad norm: 1204.62 at epoch=80 step=17757
2026-04-21 23:39:58,569 WARNING High grad norm: 961.69 at epoch=80 step=17758
2026-04-21 23:39:58,791 WARNING High grad norm: 1236.28 at epoch=80 step=17759
2026-04-21 23:39:59,015 WARNING High grad norm: 775.94 at epoch=80 step=17760
2026-04-21 23:39:59,238 WARNING High grad norm: 654.29 at epoch=80 step=17761
2026-04-21 23:39:59,460 WARNING High grad norm: 671.75 at epoch=80 step=17762
2026-04-21 23:39:59,681 WARNING High grad norm: 1313.49 at epoch=80 step=17763
2026-04-21 23:39:59,903 WARNING High grad norm: 848.83 at epoch=80 step=17764
2026-04-21 23:40:00,127 WARNING High grad norm: 1022.75 at epoch=80 step=17765
2026-04-21 23:40:00,348 WARNING High grad norm: 668.26 at epoch=80 step=17766
2026-04-21 23:40:00,568 WARNING High grad norm: 871.64 at epoch=80 step=17767
2026-04-21 23:40:00,789 WARNING High grad norm: 1291.00 at epoch=80 step=17768
2026-04-21 23:40:01,010 WARNING High grad norm: 1610.86 at epoch=80 step=17769
2026-04-21 23:40:01,233 WARNING High grad norm: 589.62 at epoch=80 step=17770
2026-04-21 23:40:01,455 WARNING High grad norm: 1300.64 at epoch=80 step=17771
2026-04-21 23:40:01,677 WARNING High grad norm: 728.47 at epoch=80 step=17772
2026-04-21 23:40:01,907 WARNING High grad norm: 843.10 at epoch=80 step=17773
2026-04-21 23:40:02,129 WARNING High grad norm: 819.36 at epoch=80 step=17774
2026-04-21 23:40:02,358 WARNING High grad norm: 2375.16 at epoch=80 step=17775
2026-04-21 23:40:02,580 WARNING High grad norm: 752.15 at epoch=80 step=17776
2026-04-21 23:40:02,800 WARNING High grad norm: 748.70 at epoch=80 step=17777
2026-04-21 23:40:03,023 WARNING High grad norm: 1148.18 at epoch=80 step=17778
2026-04-21 23:40:03,244 WARNING High grad norm: 846.57 at epoch=80 step=17779
2026-04-21 23:40:03,465 WARNING High grad norm: 877.79 at epoch=80 step=17780
2026-04-21 23:40:03,688 WARNING High grad norm: 900.07 at epoch=80 step=17781
2026-04-21 23:40:03,914 WARNING High grad norm: 1235.39 at epoch=80 step=17782
2026-04-21 23:40:04,137 WARNING High grad norm: 900.63 at epoch=80 step=17783
2026-04-21 23:40:04,360 WARNING High grad norm: 982.92 at epoch=80 step=17784
2026-04-21 23:40:04,585 WARNING High grad norm: 2101.45 at epoch=80 step=17785
2026-04-21 23:40:04,806 WARNING High grad norm: 829.09 at epoch=80 step=17786
2026-04-21 23:40:05,029 WARNING High grad norm: 888.79 at epoch=80 step=17787
2026-04-21 23:40:05,252 WARNING High grad norm: 585.31 at epoch=80 step=17788
2026-04-21 23:40:05,474 WARNING High grad norm: 917.15 at epoch=80 step=17789
2026-04-21 23:40:05,697 WARNING High grad norm: 1091.01 at epoch=80 step=17790
2026-04-21 23:40:05,918 WARNING High grad norm: 1039.92 at epoch=80 step=17791
2026-04-21 23:40:06,139 WARNING High grad norm: 1562.16 at epoch=80 step=17792
2026-04-21 23:40:06,361 WARNING High grad norm: 909.34 at epoch=80 step=17793
2026-04-21 23:40:06,584 WARNING High grad norm: 1121.57 at epoch=80 step=17794
2026-04-21 23:40:06,805 WARNING High grad norm: 578.89 at epoch=80 step=17795
2026-04-21 23:40:07,029 WARNING High grad norm: 1252.04 at epoch=80 step=17796
2026-04-21 23:40:07,250 WARNING High grad norm: 795.22 at epoch=80 step=17797
2026-04-21 23:40:07,471 WARNING High grad norm: 665.86 at epoch=80 step=17798
2026-04-21 23:40:07,692 WARNING High grad norm: 829.76 at epoch=80 step=17799
2026-04-21 23:40:07,702 INFO epoch=80 step=17800 loss=484.1508 grad_norm=829.7643 lr=1.00e-06
2026-04-21 23:40:07,916 WARNING High grad norm: 637.49 at epoch=80 step=17800
2026-04-21 23:40:08,136 WARNING High grad norm: 697.85 at epoch=80 step=17801
2026-04-21 23:40:08,357 WARNING High grad norm: 1602.07 at epoch=80 step=17802
2026-04-21 23:40:08,579 WARNING High grad norm: 1406.87 at epoch=80 step=17803
2026-04-21 23:40:08,801 WARNING High grad norm: 1521.43 at epoch=80 step=17804
2026-04-21 23:40:09,023 WARNING High grad norm: 2232.07 at epoch=80 step=17805
2026-04-21 23:40:09,245 WARNING High grad norm: 766.19 at epoch=80 step=17806
2026-04-21 23:40:09,465 WARNING High grad norm: 876.83 at epoch=80 step=17807
2026-04-21 23:40:09,695 WARNING High grad norm: 690.75 at epoch=80 step=17808
2026-04-21 23:40:09,917 WARNING High grad norm: 1110.70 at epoch=80 step=17809
2026-04-21 23:40:10,140 WARNING High grad norm: 862.10 at epoch=80 step=17810
2026-04-21 23:40:10,365 WARNING High grad norm: 932.18 at epoch=80 step=17811
2026-04-21 23:40:10,586 WARNING High grad norm: 634.61 at epoch=80 step=17812
2026-04-21 23:40:10,807 WARNING High grad norm: 982.49 at epoch=80 step=17813
2026-04-21 23:40:11,030 WARNING High grad norm: 1296.05 at epoch=80 step=17814
2026-04-21 23:40:11,254 WARNING High grad norm: 625.56 at epoch=80 step=17815
2026-04-21 23:40:11,475 WARNING High grad norm: 1358.44 at epoch=80 step=17816
2026-04-21 23:40:11,696 WARNING High grad norm: 642.77 at epoch=80 step=17817
2026-04-21 23:40:11,926 WARNING High grad norm: 625.43 at epoch=80 step=17818
2026-04-21 23:40:12,146 WARNING High grad norm: 758.26 at epoch=80 step=17819
2026-04-21 23:40:12,370 WARNING High grad norm: 710.71 at epoch=80 step=17820
2026-04-21 23:40:12,591 WARNING High grad norm: 1392.26 at epoch=80 step=17821
2026-04-21 23:40:12,821 WARNING High grad norm: 935.54 at epoch=80 step=17822
2026-04-21 23:40:13,042 WARNING High grad norm: 2286.36 at epoch=80 step=17823
2026-04-21 23:40:13,262 WARNING High grad norm: 1598.14 at epoch=80 step=17824
2026-04-21 23:40:13,483 WARNING High grad norm: 828.59 at epoch=80 step=17825
2026-04-21 23:40:13,707 WARNING High grad norm: 1165.78 at epoch=80 step=17826
2026-04-21 23:40:13,928 WARNING High grad norm: 946.58 at epoch=80 step=17827
2026-04-21 23:40:14,152 WARNING High grad norm: 636.91 at epoch=80 step=17828
2026-04-21 23:40:14,375 WARNING High grad norm: 892.76 at epoch=80 step=17829
2026-04-21 23:40:14,596 WARNING High grad norm: 1226.78 at epoch=80 step=17830
2026-04-21 23:40:14,819 WARNING High grad norm: 858.17 at epoch=80 step=17831
2026-04-21 23:40:15,043 WARNING High grad norm: 879.55 at epoch=80 step=17832
2026-04-21 23:40:15,266 WARNING High grad norm: 711.55 at epoch=80 step=17833
2026-04-21 23:40:15,486 WARNING High grad norm: 703.12 at epoch=80 step=17834
2026-04-21 23:40:15,707 WARNING High grad norm: 2010.98 at epoch=80 step=17835
2026-04-21 23:40:15,927 WARNING High grad norm: 2052.67 at epoch=80 step=17836
2026-04-21 23:40:16,155 WARNING High grad norm: 960.46 at epoch=80 step=17837
2026-04-21 23:40:16,377 WARNING High grad norm: 966.64 at epoch=80 step=17838
2026-04-21 23:40:16,534 WARNING High grad norm: 1656.54 at epoch=80 step=17839
2026-04-21 23:40:17,112 INFO epoch=80 avg_loss=485.5937 lr=1.00e-06
2026-04-21 23:40:23,902 INFO Saved checkpoint to C:\Users\artun\Desktop\ITS-project\checkpoints\score_fmnist_v2\score_epoch_0080.pt
2026-04-21 23:40:37,606 WARNING High grad norm: 924.42 at epoch=81 step=17840
2026-04-21 23:40:37,828 WARNING High grad norm: 1081.88 at epoch=81 step=17841
2026-04-21 23:40:38,047 WARNING High grad norm: 1870.46 at epoch=81 step=17842
2026-04-21 23:40:38,267 WARNING High grad norm: 892.81 at epoch=81 step=17843
2026-04-21 23:40:38,486 WARNING High grad norm: 612.06 at epoch=81 step=17844
2026-04-21 23:40:38,709 WARNING High grad norm: 1656.37 at epoch=81 step=17845
2026-04-21 23:40:38,928 WARNING High grad norm: 1843.42 at epoch=81 step=17846
2026-04-21 23:40:39,150 WARNING High grad norm: 596.63 at epoch=81 step=17847
2026-04-21 23:40:39,371 WARNING High grad norm: 832.56 at epoch=81 step=17848
2026-04-21 23:40:39,590 WARNING High grad norm: 1004.09 at epoch=81 step=17849
2026-04-21 23:40:39,810 WARNING High grad norm: 772.61 at epoch=81 step=17850
2026-04-21 23:40:40,030 WARNING High grad norm: 674.45 at epoch=81 step=17851
2026-04-21 23:40:40,250 WARNING High grad norm: 843.60 at epoch=81 step=17852
2026-04-21 23:40:40,477 WARNING High grad norm: 615.02 at epoch=81 step=17853
2026-04-21 23:40:40,697 WARNING High grad norm: 982.24 at epoch=81 step=17854
2026-04-21 23:40:40,919 WARNING High grad norm: 1951.10 at epoch=81 step=17855
2026-04-21 23:40:41,138 WARNING High grad norm: 1667.25 at epoch=81 step=17856
2026-04-21 23:40:41,364 WARNING High grad norm: 1039.47 at epoch=81 step=17857
2026-04-21 23:40:41,586 WARNING High grad norm: 1116.38 at epoch=81 step=17858
2026-04-21 23:40:41,806 WARNING High grad norm: 928.28 at epoch=81 step=17859
2026-04-21 23:40:42,035 WARNING High grad norm: 591.28 at epoch=81 step=17860
2026-04-21 23:40:42,255 WARNING High grad norm: 1401.35 at epoch=81 step=17861
2026-04-21 23:40:42,474 WARNING High grad norm: 955.77 at epoch=81 step=17862
2026-04-21 23:40:42,697 WARNING High grad norm: 1745.38 at epoch=81 step=17863
2026-04-21 23:40:42,922 WARNING High grad norm: 877.50 at epoch=81 step=17864
2026-04-21 23:40:43,142 WARNING High grad norm: 949.02 at epoch=81 step=17865
2026-04-21 23:40:43,361 WARNING High grad norm: 2067.36 at epoch=81 step=17866
2026-04-21 23:40:43,585 WARNING High grad norm: 1065.11 at epoch=81 step=17867
2026-04-21 23:40:43,807 WARNING High grad norm: 1479.15 at epoch=81 step=17868
2026-04-21 23:40:44,034 WARNING High grad norm: 648.41 at epoch=81 step=17869
2026-04-21 23:40:44,259 WARNING High grad norm: 1086.91 at epoch=81 step=17870
2026-04-21 23:40:44,479 WARNING High grad norm: 1055.64 at epoch=81 step=17871
2026-04-21 23:40:44,703 WARNING High grad norm: 2562.69 at epoch=81 step=17872
2026-04-21 23:40:44,929 WARNING High grad norm: 777.87 at epoch=81 step=17873
2026-04-21 23:40:45,150 WARNING High grad norm: 636.94 at epoch=81 step=17874
2026-04-21 23:40:45,371 WARNING High grad norm: 742.17 at epoch=81 step=17875
2026-04-21 23:40:45,592 WARNING High grad norm: 692.85 at epoch=81 step=17876
2026-04-21 23:40:45,813 WARNING High grad norm: 879.00 at epoch=81 step=17877
2026-04-21 23:40:46,037 WARNING High grad norm: 1195.67 at epoch=81 step=17878
2026-04-21 23:40:46,260 WARNING High grad norm: 2088.55 at epoch=81 step=17879
2026-04-21 23:40:46,480 WARNING High grad norm: 2259.01 at epoch=81 step=17880
2026-04-21 23:40:46,704 WARNING High grad norm: 2886.33 at epoch=81 step=17881
2026-04-21 23:40:46,924 WARNING High grad norm: 1255.19 at epoch=81 step=17882
2026-04-21 23:40:47,144 WARNING High grad norm: 1089.08 at epoch=81 step=17883
2026-04-21 23:40:47,363 WARNING High grad norm: 742.48 at epoch=81 step=17884
2026-04-21 23:40:47,590 WARNING High grad norm: 982.45 at epoch=81 step=17885
2026-04-21 23:40:47,810 WARNING High grad norm: 1077.77 at epoch=81 step=17886
2026-04-21 23:40:48,030 WARNING High grad norm: 1568.71 at epoch=81 step=17887
2026-04-21 23:40:48,250 WARNING High grad norm: 823.11 at epoch=81 step=17888
2026-04-21 23:40:48,470 WARNING High grad norm: 3573.09 at epoch=81 step=17889
2026-04-21 23:40:48,696 WARNING High grad norm: 836.90 at epoch=81 step=17890
2026-04-21 23:40:48,926 WARNING High grad norm: 768.98 at epoch=81 step=17891
2026-04-21 23:40:49,153 WARNING High grad norm: 747.68 at epoch=81 step=17892
2026-04-21 23:40:49,379 WARNING High grad norm: 743.72 at epoch=81 step=17893
2026-04-21 23:40:49,600 WARNING High grad norm: 780.27 at epoch=81 step=17894
2026-04-21 23:40:49,829 WARNING High grad norm: 1206.61 at epoch=81 step=17895
2026-04-21 23:40:50,050 WARNING High grad norm: 1424.83 at epoch=81 step=17896
2026-04-21 23:40:50,270 WARNING High grad norm: 2691.86 at epoch=81 step=17897
2026-04-21 23:40:50,493 WARNING High grad norm: 697.14 at epoch=81 step=17898
2026-04-21 23:40:50,713 WARNING High grad norm: 1643.33 at epoch=81 step=17899
2026-04-21 23:40:50,727 INFO epoch=81 step=17900 loss=488.7076 grad_norm=1643.3348 lr=1.00e-06
2026-04-21 23:40:50,939 WARNING High grad norm: 816.97 at epoch=81 step=17900
2026-04-21 23:40:51,159 WARNING High grad norm: 1464.72 at epoch=81 step=17901
2026-04-21 23:40:51,386 WARNING High grad norm: 1343.17 at epoch=81 step=17902
2026-04-21 23:40:51,614 WARNING High grad norm: 776.75 at epoch=81 step=17903
2026-04-21 23:40:51,841 WARNING High grad norm: 971.67 at epoch=81 step=17904
2026-04-21 23:40:52,063 WARNING High grad norm: 917.91 at epoch=81 step=17905
2026-04-21 23:40:52,286 WARNING High grad norm: 1137.96 at epoch=81 step=17906
2026-04-21 23:40:52,511 WARNING High grad norm: 1011.89 at epoch=81 step=17907
2026-04-21 23:40:52,731 WARNING High grad norm: 1254.55 at epoch=81 step=17908
2026-04-21 23:40:52,951 WARNING High grad norm: 1207.23 at epoch=81 step=17909
2026-04-21 23:40:53,173 WARNING High grad norm: 1123.08 at epoch=81 step=17910
2026-04-21 23:40:53,393 WARNING High grad norm: 992.69 at epoch=81 step=17911
2026-04-21 23:40:53,617 WARNING High grad norm: 698.28 at epoch=81 step=17912
2026-04-21 23:40:53,839 WARNING High grad norm: 2364.12 at epoch=81 step=17913
2026-04-21 23:40:54,067 WARNING High grad norm: 1562.26 at epoch=81 step=17914
2026-04-21 23:40:54,291 WARNING High grad norm: 615.22 at epoch=81 step=17915
2026-04-21 23:40:54,511 WARNING High grad norm: 577.29 at epoch=81 step=17916
2026-04-21 23:40:54,735 WARNING High grad norm: 1857.34 at epoch=81 step=17917
2026-04-21 23:40:54,956 WARNING High grad norm: 893.45 at epoch=81 step=17918
2026-04-21 23:40:55,179 WARNING High grad norm: 622.85 at epoch=81 step=17919
2026-04-21 23:40:55,406 WARNING High grad norm: 1399.18 at epoch=81 step=17920
2026-04-21 23:40:55,628 WARNING High grad norm: 1069.11 at epoch=81 step=17921
2026-04-21 23:40:55,850 WARNING High grad norm: 788.62 at epoch=81 step=17922
2026-04-21 23:40:56,078 WARNING High grad norm: 531.66 at epoch=81 step=17923
2026-04-21 23:40:56,300 WARNING High grad norm: 1212.59 at epoch=81 step=17924
2026-04-21 23:40:56,528 WARNING High grad norm: 1370.83 at epoch=81 step=17925
2026-04-21 23:40:56,750 WARNING High grad norm: 1040.67 at epoch=81 step=17926
2026-04-21 23:40:56,972 WARNING High grad norm: 935.51 at epoch=81 step=17927
2026-04-21 23:40:57,202 WARNING High grad norm: 1358.00 at epoch=81 step=17928
2026-04-21 23:40:57,430 WARNING High grad norm: 891.57 at epoch=81 step=17929
2026-04-21 23:40:57,653 WARNING High grad norm: 1642.58 at epoch=81 step=17930
2026-04-21 23:40:57,874 WARNING High grad norm: 856.33 at epoch=81 step=17931
2026-04-21 23:40:58,094 WARNING High grad norm: 1121.95 at epoch=81 step=17932
2026-04-21 23:40:58,316 WARNING High grad norm: 1090.73 at epoch=81 step=17933
2026-04-21 23:40:58,538 WARNING High grad norm: 1266.21 at epoch=81 step=17934
2026-04-21 23:40:58,764 WARNING High grad norm: 789.23 at epoch=81 step=17935
2026-04-21 23:40:58,985 WARNING High grad norm: 1158.23 at epoch=81 step=17936
2026-04-21 23:40:59,209 WARNING High grad norm: 1667.19 at epoch=81 step=17937
2026-04-21 23:40:59,430 WARNING High grad norm: 805.11 at epoch=81 step=17938
2026-04-21 23:40:59,650 WARNING High grad norm: 684.38 at epoch=81 step=17939
2026-04-21 23:40:59,872 WARNING High grad norm: 1140.57 at epoch=81 step=17940
2026-04-21 23:41:00,092 WARNING High grad norm: 566.10 at epoch=81 step=17941
2026-04-21 23:41:00,314 WARNING High grad norm: 742.40 at epoch=81 step=17942
2026-04-21 23:41:00,535 WARNING High grad norm: 1008.49 at epoch=81 step=17943
2026-04-21 23:41:00,759 WARNING High grad norm: 1125.45 at epoch=81 step=17944
2026-04-21 23:41:00,980 WARNING High grad norm: 955.63 at epoch=81 step=17945
2026-04-21 23:41:01,201 WARNING High grad norm: 1496.30 at epoch=81 step=17946
2026-04-21 23:41:01,425 WARNING High grad norm: 1676.14 at epoch=81 step=17947
2026-04-21 23:41:01,649 WARNING High grad norm: 765.88 at epoch=81 step=17948
2026-04-21 23:41:01,869 WARNING High grad norm: 1525.38 at epoch=81 step=17949
2026-04-21 23:41:02,092 WARNING High grad norm: 916.36 at epoch=81 step=17950
2026-04-21 23:41:02,313 WARNING High grad norm: 1099.96 at epoch=81 step=17951
2026-04-21 23:41:02,537 WARNING High grad norm: 778.14 at epoch=81 step=17952
2026-04-21 23:41:02,757 WARNING High grad norm: 973.58 at epoch=81 step=17953
2026-04-21 23:41:02,978 WARNING High grad norm: 910.70 at epoch=81 step=17954
2026-04-21 23:41:03,199 WARNING High grad norm: 860.31 at epoch=81 step=17955
2026-04-21 23:41:03,423 WARNING High grad norm: 1014.54 at epoch=81 step=17956
2026-04-21 23:41:03,649 WARNING High grad norm: 624.44 at epoch=81 step=17957
2026-04-21 23:41:03,877 WARNING High grad norm: 1032.57 at epoch=81 step=17958
2026-04-21 23:41:04,101 WARNING High grad norm: 2200.05 at epoch=81 step=17959
2026-04-21 23:41:04,322 WARNING High grad norm: 1755.00 at epoch=81 step=17960
2026-04-21 23:41:04,544 WARNING High grad norm: 1863.16 at epoch=81 step=17961
2026-04-21 23:41:04,765 WARNING High grad norm: 2607.31 at epoch=81 step=17962
2026-04-21 23:41:04,986 WARNING High grad norm: 680.87 at epoch=81 step=17963
2026-04-21 23:41:05,206 WARNING High grad norm: 1736.43 at epoch=81 step=17964
2026-04-21 23:41:05,434 WARNING High grad norm: 2856.12 at epoch=81 step=17965
2026-04-21 23:41:05,656 WARNING High grad norm: 1786.99 at epoch=81 step=17966
2026-04-21 23:41:05,877 WARNING High grad norm: 1374.72 at epoch=81 step=17967
2026-04-21 23:41:06,098 WARNING High grad norm: 876.47 at epoch=81 step=17968
2026-04-21 23:41:06,321 WARNING High grad norm: 1606.51 at epoch=81 step=17969
2026-04-21 23:41:06,542 WARNING High grad norm: 1853.46 at epoch=81 step=17970
2026-04-21 23:41:06,769 WARNING High grad norm: 1177.24 at epoch=81 step=17971
2026-04-21 23:41:06,989 WARNING High grad norm: 1016.27 at epoch=81 step=17972
2026-04-21 23:41:07,211 WARNING High grad norm: 1188.45 at epoch=81 step=17973
2026-04-21 23:41:07,432 WARNING High grad norm: 1202.47 at epoch=81 step=17974
2026-04-21 23:41:07,653 WARNING High grad norm: 898.29 at epoch=81 step=17975
2026-04-21 23:41:07,873 WARNING High grad norm: 945.95 at epoch=81 step=17976
2026-04-21 23:41:08,094 WARNING High grad norm: 1514.51 at epoch=81 step=17977
2026-04-21 23:41:08,314 WARNING High grad norm: 828.32 at epoch=81 step=17978
2026-04-21 23:41:08,535 WARNING High grad norm: 2074.09 at epoch=81 step=17979
2026-04-21 23:41:08,762 WARNING High grad norm: 1179.20 at epoch=81 step=17980
2026-04-21 23:41:08,983 WARNING High grad norm: 1090.41 at epoch=81 step=17981
2026-04-21 23:41:09,203 WARNING High grad norm: 1829.25 at epoch=81 step=17982
2026-04-21 23:41:09,423 WARNING High grad norm: 824.47 at epoch=81 step=17983
2026-04-21 23:41:09,643 WARNING High grad norm: 937.65 at epoch=81 step=17984
2026-04-21 23:41:09,865 WARNING High grad norm: 506.70 at epoch=81 step=17985
2026-04-21 23:41:10,086 WARNING High grad norm: 2020.34 at epoch=81 step=17986
2026-04-21 23:41:10,307 WARNING High grad norm: 1334.48 at epoch=81 step=17987
2026-04-21 23:41:10,533 WARNING High grad norm: 1004.38 at epoch=81 step=17988
2026-04-21 23:41:10,755 WARNING High grad norm: 680.38 at epoch=81 step=17989
2026-04-21 23:41:10,974 WARNING High grad norm: 503.47 at epoch=81 step=17990
2026-04-21 23:41:11,195 WARNING High grad norm: 1175.40 at epoch=81 step=17991
2026-04-21 23:41:11,415 WARNING High grad norm: 773.52 at epoch=81 step=17992
2026-04-21 23:41:11,637 WARNING High grad norm: 1471.12 at epoch=81 step=17993
2026-04-21 23:41:11,861 WARNING High grad norm: 895.88 at epoch=81 step=17994
2026-04-21 23:41:12,086 WARNING High grad norm: 993.11 at epoch=81 step=17995
2026-04-21 23:41:12,312 WARNING High grad norm: 1612.00 at epoch=81 step=17996
2026-04-21 23:41:12,534 WARNING High grad norm: 545.62 at epoch=81 step=17997
2026-04-21 23:41:12,759 WARNING High grad norm: 1263.37 at epoch=81 step=17998
2026-04-21 23:41:12,982 WARNING High grad norm: 1015.86 at epoch=81 step=17999
2026-04-21 23:41:12,993 INFO epoch=81 step=18000 loss=482.8209 grad_norm=1015.8626 lr=1.00e-06
2026-04-21 23:41:13,205 WARNING High grad norm: 932.54 at epoch=81 step=18000
2026-04-21 23:41:13,427 WARNING High grad norm: 1244.26 at epoch=81 step=18001
2026-04-21 23:41:13,650 WARNING High grad norm: 1123.29 at epoch=81 step=18002
2026-04-21 23:41:13,872 WARNING High grad norm: 1903.33 at epoch=81 step=18003
2026-04-21 23:41:14,093 WARNING High grad norm: 1014.90 at epoch=81 step=18004
2026-04-21 23:41:14,317 WARNING High grad norm: 1130.44 at epoch=81 step=18005
2026-04-21 23:41:14,542 WARNING High grad norm: 1378.30 at epoch=81 step=18006
2026-04-21 23:41:14,764 WARNING High grad norm: 1861.77 at epoch=81 step=18007
2026-04-21 23:41:14,986 WARNING High grad norm: 1705.52 at epoch=81 step=18008
2026-04-21 23:41:15,210 WARNING High grad norm: 636.68 at epoch=81 step=18009
2026-04-21 23:41:15,433 WARNING High grad norm: 857.10 at epoch=81 step=18010
2026-04-21 23:41:15,661 WARNING High grad norm: 608.97 at epoch=81 step=18011
2026-04-21 23:41:15,887 WARNING High grad norm: 697.65 at epoch=81 step=18012
2026-04-21 23:41:16,110 WARNING High grad norm: 1671.61 at epoch=81 step=18013
2026-04-21 23:41:16,334 WARNING High grad norm: 1962.94 at epoch=81 step=18014
2026-04-21 23:41:16,558 WARNING High grad norm: 1502.99 at epoch=81 step=18015
2026-04-21 23:41:16,787 WARNING High grad norm: 1413.67 at epoch=81 step=18016
2026-04-21 23:41:17,015 WARNING High grad norm: 1592.71 at epoch=81 step=18017
2026-04-21 23:41:17,235 WARNING High grad norm: 721.33 at epoch=81 step=18018
2026-04-21 23:41:17,456 WARNING High grad norm: 1064.06 at epoch=81 step=18019
2026-04-21 23:41:17,676 WARNING High grad norm: 1771.94 at epoch=81 step=18020
2026-04-21 23:41:17,897 WARNING High grad norm: 827.83 at epoch=81 step=18021
2026-04-21 23:41:18,118 WARNING High grad norm: 898.60 at epoch=81 step=18022
2026-04-21 23:41:18,347 WARNING High grad norm: 1626.55 at epoch=81 step=18023
2026-04-21 23:41:18,578 WARNING High grad norm: 1182.56 at epoch=81 step=18024
2026-04-21 23:41:18,802 WARNING High grad norm: 852.83 at epoch=81 step=18025
2026-04-21 23:41:19,023 WARNING High grad norm: 1425.70 at epoch=81 step=18026
2026-04-21 23:41:19,252 WARNING High grad norm: 1176.25 at epoch=81 step=18027
2026-04-21 23:41:19,472 WARNING High grad norm: 955.96 at epoch=81 step=18028
2026-04-21 23:41:19,700 WARNING High grad norm: 956.59 at epoch=81 step=18029
2026-04-21 23:41:19,921 WARNING High grad norm: 832.02 at epoch=81 step=18030
2026-04-21 23:41:20,141 WARNING High grad norm: 595.23 at epoch=81 step=18031
2026-04-21 23:41:20,362 WARNING High grad norm: 1211.07 at epoch=81 step=18032
2026-04-21 23:41:20,582 WARNING High grad norm: 1417.56 at epoch=81 step=18033
2026-04-21 23:41:20,803 WARNING High grad norm: 2137.38 at epoch=81 step=18034
2026-04-21 23:41:21,024 WARNING High grad norm: 1451.36 at epoch=81 step=18035
2026-04-21 23:41:21,246 WARNING High grad norm: 1003.94 at epoch=81 step=18036
2026-04-21 23:41:21,467 WARNING High grad norm: 715.28 at epoch=81 step=18037
2026-04-21 23:41:21,688 WARNING High grad norm: 1394.33 at epoch=81 step=18038
2026-04-21 23:41:21,912 WARNING High grad norm: 3531.17 at epoch=81 step=18039
2026-04-21 23:41:22,134 WARNING High grad norm: 1941.51 at epoch=81 step=18040
2026-04-21 23:41:22,359 WARNING High grad norm: 3102.73 at epoch=81 step=18041
2026-04-21 23:41:22,582 WARNING High grad norm: 1281.49 at epoch=81 step=18042
2026-04-21 23:41:22,806 WARNING High grad norm: 1073.22 at epoch=81 step=18043
2026-04-21 23:41:23,029 WARNING High grad norm: 873.26 at epoch=81 step=18044
2026-04-21 23:41:23,251 WARNING High grad norm: 822.70 at epoch=81 step=18045
2026-04-21 23:41:23,473 WARNING High grad norm: 516.64 at epoch=81 step=18046
2026-04-21 23:41:23,695 WARNING High grad norm: 2445.06 at epoch=81 step=18047
2026-04-21 23:41:23,917 WARNING High grad norm: 3714.50 at epoch=81 step=18048
2026-04-21 23:41:24,143 WARNING High grad norm: 1306.39 at epoch=81 step=18049
2026-04-21 23:41:24,368 WARNING High grad norm: 702.29 at epoch=81 step=18050
2026-04-21 23:41:24,593 WARNING High grad norm: 759.18 at epoch=81 step=18051
2026-04-21 23:41:24,820 WARNING High grad norm: 763.64 at epoch=81 step=18052
2026-04-21 23:41:25,044 WARNING High grad norm: 2005.67 at epoch=81 step=18053
2026-04-21 23:41:25,268 WARNING High grad norm: 1307.78 at epoch=81 step=18054
2026-04-21 23:41:25,492 WARNING High grad norm: 1143.84 at epoch=81 step=18055
2026-04-21 23:41:25,721 WARNING High grad norm: 1113.67 at epoch=81 step=18056
2026-04-21 23:41:25,942 WARNING High grad norm: 971.60 at epoch=81 step=18057
2026-04-21 23:41:26,163 WARNING High grad norm: 948.41 at epoch=81 step=18058
2026-04-21 23:41:26,383 WARNING High grad norm: 1058.71 at epoch=81 step=18059
2026-04-21 23:41:26,609 WARNING High grad norm: 636.87 at epoch=81 step=18060
2026-04-21 23:41:26,832 WARNING High grad norm: 1609.50 at epoch=81 step=18061
2026-04-21 23:41:26,983 WARNING High grad norm: 1467.40 at epoch=81 step=18062
2026-04-21 23:41:27,566 INFO epoch=81 avg_loss=480.5297 lr=1.00e-06
2026-04-21 23:41:41,511 WARNING High grad norm: 1338.05 at epoch=82 step=18063
2026-04-21 23:41:41,730 WARNING High grad norm: 1995.14 at epoch=82 step=18064
2026-04-21 23:41:41,952 WARNING High grad norm: 684.73 at epoch=82 step=18065
2026-04-21 23:41:42,171 WARNING High grad norm: 1006.92 at epoch=82 step=18066
2026-04-21 23:41:42,390 WARNING High grad norm: 960.58 at epoch=82 step=18067
2026-04-21 23:41:42,612 WARNING High grad norm: 758.23 at epoch=82 step=18068
2026-04-21 23:41:42,831 WARNING High grad norm: 1950.76 at epoch=82 step=18069
2026-04-21 23:41:43,052 WARNING High grad norm: 1458.74 at epoch=82 step=18070
2026-04-21 23:41:43,274 WARNING High grad norm: 1512.16 at epoch=82 step=18071
2026-04-21 23:41:43,498 WARNING High grad norm: 2285.00 at epoch=82 step=18072
2026-04-21 23:41:43,718 WARNING High grad norm: 1096.97 at epoch=82 step=18073
2026-04-21 23:41:43,939 WARNING High grad norm: 708.86 at epoch=82 step=18074
2026-04-21 23:41:44,162 WARNING High grad norm: 2273.57 at epoch=82 step=18075
2026-04-21 23:41:44,382 WARNING High grad norm: 1777.34 at epoch=82 step=18076
2026-04-21 23:41:44,608 WARNING High grad norm: 969.10 at epoch=82 step=18077
2026-04-21 23:41:44,829 WARNING High grad norm: 1222.88 at epoch=82 step=18078
2026-04-21 23:41:45,051 WARNING High grad norm: 954.82 at epoch=82 step=18079
2026-04-21 23:41:45,271 WARNING High grad norm: 1187.87 at epoch=82 step=18080
2026-04-21 23:41:45,494 WARNING High grad norm: 1539.97 at epoch=82 step=18081
2026-04-21 23:41:45,714 WARNING High grad norm: 645.34 at epoch=82 step=18082
2026-04-21 23:41:45,933 WARNING High grad norm: 1125.93 at epoch=82 step=18083
2026-04-21 23:41:46,153 WARNING High grad norm: 835.61 at epoch=82 step=18084
2026-04-21 23:41:46,381 WARNING High grad norm: 1033.03 at epoch=82 step=18085
2026-04-21 23:41:46,601 WARNING High grad norm: 1159.24 at epoch=82 step=18086
2026-04-21 23:41:46,824 WARNING High grad norm: 693.99 at epoch=82 step=18087
2026-04-21 23:41:47,049 WARNING High grad norm: 617.36 at epoch=82 step=18088
2026-04-21 23:41:47,273 WARNING High grad norm: 1592.94 at epoch=82 step=18089
2026-04-21 23:41:47,493 WARNING High grad norm: 1487.80 at epoch=82 step=18090
2026-04-21 23:41:47,712 WARNING High grad norm: 898.38 at epoch=82 step=18091
2026-04-21 23:41:47,932 WARNING High grad norm: 1323.28 at epoch=82 step=18092
2026-04-21 23:41:48,151 WARNING High grad norm: 974.18 at epoch=82 step=18093
2026-04-21 23:41:48,372 WARNING High grad norm: 1537.43 at epoch=82 step=18094
2026-04-21 23:41:48,594 WARNING High grad norm: 1429.48 at epoch=82 step=18095
2026-04-21 23:41:48,815 WARNING High grad norm: 877.82 at epoch=82 step=18096
2026-04-21 23:41:49,036 WARNING High grad norm: 1767.36 at epoch=82 step=18097
2026-04-21 23:41:49,257 WARNING High grad norm: 1997.89 at epoch=82 step=18098
2026-04-21 23:41:49,477 WARNING High grad norm: 1165.41 at epoch=82 step=18099
2026-04-21 23:41:49,486 INFO epoch=82 step=18100 loss=501.6817 grad_norm=1165.4143 lr=1.00e-06
2026-04-21 23:41:49,699 WARNING High grad norm: 650.60 at epoch=82 step=18100
2026-04-21 23:41:49,921 WARNING High grad norm: 1071.70 at epoch=82 step=18101
2026-04-21 23:41:50,141 WARNING High grad norm: 1365.38 at epoch=82 step=18102
2026-04-21 23:41:50,362 WARNING High grad norm: 1091.24 at epoch=82 step=18103
2026-04-21 23:41:50,582 WARNING High grad norm: 1133.76 at epoch=82 step=18104
2026-04-21 23:41:50,802 WARNING High grad norm: 581.45 at epoch=82 step=18105
2026-04-21 23:41:51,024 WARNING High grad norm: 792.30 at epoch=82 step=18106
2026-04-21 23:41:51,246 WARNING High grad norm: 1078.19 at epoch=82 step=18107
2026-04-21 23:41:51,468 WARNING High grad norm: 577.85 at epoch=82 step=18108
2026-04-21 23:41:51,688 WARNING High grad norm: 1556.53 at epoch=82 step=18109
2026-04-21 23:41:51,908 WARNING High grad norm: 798.84 at epoch=82 step=18110
2026-04-21 23:41:52,129 WARNING High grad norm: 578.15 at epoch=82 step=18111
2026-04-21 23:41:52,352 WARNING High grad norm: 802.31 at epoch=82 step=18112
2026-04-21 23:41:52,575 WARNING High grad norm: 1503.01 at epoch=82 step=18113
2026-04-21 23:41:52,799 WARNING High grad norm: 886.71 at epoch=82 step=18114
2026-04-21 23:41:53,018 WARNING High grad norm: 783.44 at epoch=82 step=18115
2026-04-21 23:41:53,239 WARNING High grad norm: 931.15 at epoch=82 step=18116
2026-04-21 23:41:53,460 WARNING High grad norm: 689.54 at epoch=82 step=18117
2026-04-21 23:41:53,679 WARNING High grad norm: 1318.82 at epoch=82 step=18118
2026-04-21 23:41:53,903 WARNING High grad norm: 918.45 at epoch=82 step=18119
2026-04-21 23:41:54,132 WARNING High grad norm: 1357.72 at epoch=82 step=18120
2026-04-21 23:41:54,353 WARNING High grad norm: 1561.48 at epoch=82 step=18121
2026-04-21 23:41:54,578 WARNING High grad norm: 1546.34 at epoch=82 step=18122
2026-04-21 23:41:54,798 WARNING High grad norm: 1537.37 at epoch=82 step=18123
2026-04-21 23:41:55,022 WARNING High grad norm: 676.78 at epoch=82 step=18124
2026-04-21 23:41:55,245 WARNING High grad norm: 795.61 at epoch=82 step=18125
2026-04-21 23:41:55,466 WARNING High grad norm: 664.21 at epoch=82 step=18126
2026-04-21 23:41:55,687 WARNING High grad norm: 1695.93 at epoch=82 step=18127
2026-04-21 23:41:55,911 WARNING High grad norm: 737.52 at epoch=82 step=18128
2026-04-21 23:41:56,132 WARNING High grad norm: 732.55 at epoch=82 step=18129
2026-04-21 23:41:56,356 WARNING High grad norm: 846.13 at epoch=82 step=18130
2026-04-21 23:41:56,579 WARNING High grad norm: 1137.86 at epoch=82 step=18131
2026-04-21 23:41:56,800 WARNING High grad norm: 825.33 at epoch=82 step=18132
2026-04-21 23:41:57,022 WARNING High grad norm: 3015.25 at epoch=82 step=18133
2026-04-21 23:41:57,243 WARNING High grad norm: 923.86 at epoch=82 step=18134
2026-04-21 23:41:57,464 WARNING High grad norm: 981.38 at epoch=82 step=18135
2026-04-21 23:41:57,686 WARNING High grad norm: 2053.00 at epoch=82 step=18136
2026-04-21 23:41:57,913 WARNING High grad norm: 816.81 at epoch=82 step=18137
2026-04-21 23:41:58,134 WARNING High grad norm: 738.10 at epoch=82 step=18138
2026-04-21 23:41:58,355 WARNING High grad norm: 1618.19 at epoch=82 step=18139
2026-04-21 23:41:58,575 WARNING High grad norm: 2073.83 at epoch=82 step=18140
2026-04-21 23:41:58,796 WARNING High grad norm: 928.28 at epoch=82 step=18141
2026-04-21 23:41:59,016 WARNING High grad norm: 802.74 at epoch=82 step=18142
2026-04-21 23:41:59,236 WARNING High grad norm: 737.45 at epoch=82 step=18143
2026-04-21 23:41:59,457 WARNING High grad norm: 789.72 at epoch=82 step=18144
2026-04-21 23:41:59,680 WARNING High grad norm: 920.36 at epoch=82 step=18145
2026-04-21 23:41:59,908 WARNING High grad norm: 665.65 at epoch=82 step=18146
2026-04-21 23:42:00,129 WARNING High grad norm: 865.29 at epoch=82 step=18147
2026-04-21 23:42:00,350 WARNING High grad norm: 1338.34 at epoch=82 step=18148
2026-04-21 23:42:00,574 WARNING High grad norm: 856.76 at epoch=82 step=18149
2026-04-21 23:42:00,795 WARNING High grad norm: 1223.90 at epoch=82 step=18150
2026-04-21 23:42:01,016 WARNING High grad norm: 1438.51 at epoch=82 step=18151
2026-04-21 23:42:01,238 WARNING High grad norm: 1075.84 at epoch=82 step=18152
2026-04-21 23:42:01,459 WARNING High grad norm: 786.77 at epoch=82 step=18153
2026-04-21 23:42:01,683 WARNING High grad norm: 2221.39 at epoch=82 step=18154
2026-04-21 23:42:01,904 WARNING High grad norm: 622.53 at epoch=82 step=18155
2026-04-21 23:42:02,127 WARNING High grad norm: 988.35 at epoch=82 step=18156
2026-04-21 23:42:02,348 WARNING High grad norm: 787.78 at epoch=82 step=18157
2026-04-21 23:42:02,573 WARNING High grad norm: 1357.72 at epoch=82 step=18158
2026-04-21 23:42:02,793 WARNING High grad norm: 956.15 at epoch=82 step=18159
2026-04-21 23:42:03,013 WARNING High grad norm: 2664.93 at epoch=82 step=18160
2026-04-21 23:42:03,233 WARNING High grad norm: 555.88 at epoch=82 step=18161
2026-04-21 23:42:03,456 WARNING High grad norm: 1360.88 at epoch=82 step=18162
2026-04-21 23:42:03,676 WARNING High grad norm: 671.17 at epoch=82 step=18163
2026-04-21 23:42:03,898 WARNING High grad norm: 680.92 at epoch=82 step=18164
2026-04-21 23:42:04,118 WARNING High grad norm: 947.93 at epoch=82 step=18165
2026-04-21 23:42:04,342 WARNING High grad norm: 997.89 at epoch=82 step=18166
2026-04-21 23:42:04,568 WARNING High grad norm: 1771.94 at epoch=82 step=18167
2026-04-21 23:42:04,788 WARNING High grad norm: 1481.08 at epoch=82 step=18168
2026-04-21 23:42:05,009 WARNING High grad norm: 1321.04 at epoch=82 step=18169
2026-04-21 23:42:05,230 WARNING High grad norm: 2085.92 at epoch=82 step=18170
2026-04-21 23:42:05,450 WARNING High grad norm: 677.00 at epoch=82 step=18171
2026-04-21 23:42:05,673 WARNING High grad norm: 1295.72 at epoch=82 step=18172
2026-04-21 23:42:05,894 WARNING High grad norm: 853.07 at epoch=82 step=18173
2026-04-21 23:42:06,114 WARNING High grad norm: 1882.63 at epoch=82 step=18174
2026-04-21 23:42:06,339 WARNING High grad norm: 1950.57 at epoch=82 step=18175
2026-04-21 23:42:06,559 WARNING High grad norm: 1484.48 at epoch=82 step=18176
2026-04-21 23:42:06,779 WARNING High grad norm: 1572.12 at epoch=82 step=18177
2026-04-21 23:42:07,002 WARNING High grad norm: 996.03 at epoch=82 step=18178
2026-04-21 23:42:07,222 WARNING High grad norm: 1292.06 at epoch=82 step=18179
2026-04-21 23:42:07,444 WARNING High grad norm: 1016.31 at epoch=82 step=18180
2026-04-21 23:42:07,666 WARNING High grad norm: 538.18 at epoch=82 step=18181
2026-04-21 23:42:07,888 WARNING High grad norm: 898.99 at epoch=82 step=18182
2026-04-21 23:42:08,108 WARNING High grad norm: 585.16 at epoch=82 step=18183
2026-04-21 23:42:08,330 WARNING High grad norm: 1410.72 at epoch=82 step=18184
2026-04-21 23:42:08,556 WARNING High grad norm: 2018.87 at epoch=82 step=18185
2026-04-21 23:42:08,778 WARNING High grad norm: 908.43 at epoch=82 step=18186
2026-04-21 23:42:08,998 WARNING High grad norm: 1138.27 at epoch=82 step=18187
2026-04-21 23:42:09,219 WARNING High grad norm: 2540.87 at epoch=82 step=18188
2026-04-21 23:42:09,446 WARNING High grad norm: 1072.19 at epoch=82 step=18189
2026-04-21 23:42:09,667 WARNING High grad norm: 1706.93 at epoch=82 step=18190
2026-04-21 23:42:09,890 WARNING High grad norm: 1112.37 at epoch=82 step=18191
2026-04-21 23:42:10,112 WARNING High grad norm: 1031.75 at epoch=82 step=18192
2026-04-21 23:42:10,335 WARNING High grad norm: 894.28 at epoch=82 step=18193
2026-04-21 23:42:10,557 WARNING High grad norm: 2279.27 at epoch=82 step=18194
2026-04-21 23:42:10,780 WARNING High grad norm: 982.27 at epoch=82 step=18195
2026-04-21 23:42:11,003 WARNING High grad norm: 761.41 at epoch=82 step=18196
2026-04-21 23:42:11,224 WARNING High grad norm: 1061.13 at epoch=82 step=18197
2026-04-21 23:42:11,445 WARNING High grad norm: 906.89 at epoch=82 step=18198
2026-04-21 23:42:11,667 WARNING High grad norm: 697.52 at epoch=82 step=18199
2026-04-21 23:42:11,677 INFO epoch=82 step=18200 loss=480.9400 grad_norm=697.5247 lr=1.00e-06
2026-04-21 23:42:11,890 WARNING High grad norm: 1528.22 at epoch=82 step=18200
2026-04-21 23:42:12,111 WARNING High grad norm: 720.81 at epoch=82 step=18201
2026-04-21 23:42:12,331 WARNING High grad norm: 1162.53 at epoch=82 step=18202
2026-04-21 23:42:12,553 WARNING High grad norm: 2337.36 at epoch=82 step=18203
2026-04-21 23:42:12,776 WARNING High grad norm: 834.97 at epoch=82 step=18204
2026-04-21 23:42:12,996 WARNING High grad norm: 1730.63 at epoch=82 step=18205
2026-04-21 23:42:13,221 WARNING High grad norm: 1932.24 at epoch=82 step=18206
2026-04-21 23:42:13,449 WARNING High grad norm: 1970.85 at epoch=82 step=18207
2026-04-21 23:42:13,670 WARNING High grad norm: 1095.81 at epoch=82 step=18208
2026-04-21 23:42:13,891 WARNING High grad norm: 822.27 at epoch=82 step=18209
2026-04-21 23:42:14,112 WARNING High grad norm: 2017.19 at epoch=82 step=18210
2026-04-21 23:42:14,334 WARNING High grad norm: 1448.77 at epoch=82 step=18211
2026-04-21 23:42:14,555 WARNING High grad norm: 1020.31 at epoch=82 step=18212
2026-04-21 23:42:14,775 WARNING High grad norm: 822.45 at epoch=82 step=18213
2026-04-21 23:42:15,000 WARNING High grad norm: 1558.96 at epoch=82 step=18214
2026-04-21 23:42:15,225 WARNING High grad norm: 1195.11 at epoch=82 step=18215
2026-04-21 23:42:15,447 WARNING High grad norm: 690.05 at epoch=82 step=18216
2026-04-21 23:42:15,669 WARNING High grad norm: 894.67 at epoch=82 step=18217
2026-04-21 23:42:15,890 WARNING High grad norm: 1860.13 at epoch=82 step=18218
2026-04-21 23:42:16,114 WARNING High grad norm: 1115.54 at epoch=82 step=18219
2026-04-21 23:42:16,336 WARNING High grad norm: 1100.23 at epoch=82 step=18220
2026-04-21 23:42:16,560 WARNING High grad norm: 922.84 at epoch=82 step=18221
2026-04-21 23:42:16,788 WARNING High grad norm: 1345.10 at epoch=82 step=18222
2026-04-21 23:42:17,008 WARNING High grad norm: 929.36 at epoch=82 step=18223
2026-04-21 23:42:17,228 WARNING High grad norm: 903.61 at epoch=82 step=18224
2026-04-21 23:42:17,454 WARNING High grad norm: 787.93 at epoch=82 step=18225
2026-04-21 23:42:17,675 WARNING High grad norm: 2102.46 at epoch=82 step=18226
2026-04-21 23:42:17,899 WARNING High grad norm: 3830.31 at epoch=82 step=18227
2026-04-21 23:42:18,122 WARNING High grad norm: 2448.88 at epoch=82 step=18228
2026-04-21 23:42:18,343 WARNING High grad norm: 810.22 at epoch=82 step=18229
2026-04-21 23:42:18,564 WARNING High grad norm: 1039.60 at epoch=82 step=18230
2026-04-21 23:42:18,788 WARNING High grad norm: 1817.57 at epoch=82 step=18231
2026-04-21 23:42:19,012 WARNING High grad norm: 878.65 at epoch=82 step=18232
2026-04-21 23:42:19,232 WARNING High grad norm: 768.69 at epoch=82 step=18233
2026-04-21 23:42:19,453 WARNING High grad norm: 798.08 at epoch=82 step=18234
2026-04-21 23:42:19,673 WARNING High grad norm: 958.86 at epoch=82 step=18235
2026-04-21 23:42:19,902 WARNING High grad norm: 643.68 at epoch=82 step=18236
2026-04-21 23:42:20,124 WARNING High grad norm: 1442.35 at epoch=82 step=18237
2026-04-21 23:42:20,347 WARNING High grad norm: 1270.48 at epoch=82 step=18238
2026-04-21 23:42:20,568 WARNING High grad norm: 1292.06 at epoch=82 step=18239
2026-04-21 23:42:20,790 WARNING High grad norm: 1427.08 at epoch=82 step=18240
2026-04-21 23:42:21,012 WARNING High grad norm: 1946.90 at epoch=82 step=18241
2026-04-21 23:42:21,234 WARNING High grad norm: 1331.16 at epoch=82 step=18242
2026-04-21 23:42:21,455 WARNING High grad norm: 618.70 at epoch=82 step=18243
2026-04-21 23:42:21,685 WARNING High grad norm: 957.89 at epoch=82 step=18244
2026-04-21 23:42:21,913 WARNING High grad norm: 1670.79 at epoch=82 step=18245
2026-04-21 23:42:22,136 WARNING High grad norm: 2362.75 at epoch=82 step=18246
2026-04-21 23:42:22,359 WARNING High grad norm: 1613.94 at epoch=82 step=18247
2026-04-21 23:42:22,581 WARNING High grad norm: 714.06 at epoch=82 step=18248
2026-04-21 23:42:22,802 WARNING High grad norm: 2093.20 at epoch=82 step=18249
2026-04-21 23:42:23,024 WARNING High grad norm: 2527.96 at epoch=82 step=18250
2026-04-21 23:42:23,245 WARNING High grad norm: 865.77 at epoch=82 step=18251
2026-04-21 23:42:23,475 WARNING High grad norm: 1986.45 at epoch=82 step=18252
2026-04-21 23:42:23,696 WARNING High grad norm: 1693.26 at epoch=82 step=18253
2026-04-21 23:42:23,918 WARNING High grad norm: 981.26 at epoch=82 step=18254
2026-04-21 23:42:24,141 WARNING High grad norm: 681.28 at epoch=82 step=18255
2026-04-21 23:42:24,363 WARNING High grad norm: 1287.67 at epoch=82 step=18256
2026-04-21 23:42:24,587 WARNING High grad norm: 851.73 at epoch=82 step=18257
2026-04-21 23:42:24,809 WARNING High grad norm: 1961.26 at epoch=82 step=18258
2026-04-21 23:42:25,029 WARNING High grad norm: 1909.92 at epoch=82 step=18259
2026-04-21 23:42:25,250 WARNING High grad norm: 815.10 at epoch=82 step=18260
2026-04-21 23:42:25,473 WARNING High grad norm: 3172.39 at epoch=82 step=18261
2026-04-21 23:42:25,698 WARNING High grad norm: 1623.48 at epoch=82 step=18262
2026-04-21 23:42:25,921 WARNING High grad norm: 731.68 at epoch=82 step=18263
2026-04-21 23:42:26,142 WARNING High grad norm: 1274.08 at epoch=82 step=18264
2026-04-21 23:42:26,363 WARNING High grad norm: 1721.51 at epoch=82 step=18265
2026-04-21 23:42:26,585 WARNING High grad norm: 1209.46 at epoch=82 step=18266
2026-04-21 23:42:26,806 WARNING High grad norm: 1017.43 at epoch=82 step=18267
2026-04-21 23:42:27,028 WARNING High grad norm: 1836.50 at epoch=82 step=18268
2026-04-21 23:42:27,249 WARNING High grad norm: 2398.47 at epoch=82 step=18269
2026-04-21 23:42:27,470 WARNING High grad norm: 573.71 at epoch=82 step=18270
2026-04-21 23:42:27,692 WARNING High grad norm: 1615.27 at epoch=82 step=18271
2026-04-21 23:42:27,913 WARNING High grad norm: 1211.31 at epoch=82 step=18272
2026-04-21 23:42:28,134 WARNING High grad norm: 1066.92 at epoch=82 step=18273
2026-04-21 23:42:28,355 WARNING High grad norm: 612.57 at epoch=82 step=18274
2026-04-21 23:42:28,576 WARNING High grad norm: 2414.41 at epoch=82 step=18275
2026-04-21 23:42:28,804 WARNING High grad norm: 1029.22 at epoch=82 step=18276
2026-04-21 23:42:29,030 WARNING High grad norm: 615.72 at epoch=82 step=18277
2026-04-21 23:42:29,252 WARNING High grad norm: 1096.48 at epoch=82 step=18278
2026-04-21 23:42:29,472 WARNING High grad norm: 1304.40 at epoch=82 step=18279
2026-04-21 23:42:29,692 WARNING High grad norm: 948.33 at epoch=82 step=18280
2026-04-21 23:42:29,917 WARNING High grad norm: 1032.90 at epoch=82 step=18281
2026-04-21 23:42:30,137 WARNING High grad norm: 1053.99 at epoch=82 step=18282
2026-04-21 23:42:30,357 WARNING High grad norm: 681.84 at epoch=82 step=18283
2026-04-21 23:42:30,578 WARNING High grad norm: 756.02 at epoch=82 step=18284
2026-04-21 23:42:30,729 WARNING High grad norm: 1481.20 at epoch=82 step=18285
2026-04-21 23:42:31,341 INFO epoch=82 avg_loss=484.7485 lr=1.00e-06
2026-04-21 23:42:44,840 WARNING High grad norm: 1570.97 at epoch=83 step=18286
2026-04-21 23:42:45,058 WARNING High grad norm: 1158.23 at epoch=83 step=18287
2026-04-21 23:42:45,277 WARNING High grad norm: 761.53 at epoch=83 step=18288
2026-04-21 23:42:45,496 WARNING High grad norm: 2278.45 at epoch=83 step=18289
2026-04-21 23:42:45,715 WARNING High grad norm: 991.62 at epoch=83 step=18290
2026-04-21 23:42:45,935 WARNING High grad norm: 892.14 at epoch=83 step=18291
2026-04-21 23:42:46,158 WARNING High grad norm: 1915.42 at epoch=83 step=18292
2026-04-21 23:42:46,379 WARNING High grad norm: 1161.01 at epoch=83 step=18293
2026-04-21 23:42:46,601 WARNING High grad norm: 1133.96 at epoch=83 step=18294
2026-04-21 23:42:46,821 WARNING High grad norm: 831.69 at epoch=83 step=18295
2026-04-21 23:42:47,041 WARNING High grad norm: 1181.02 at epoch=83 step=18296
2026-04-21 23:42:47,262 WARNING High grad norm: 662.16 at epoch=83 step=18297
2026-04-21 23:42:47,482 WARNING High grad norm: 810.53 at epoch=83 step=18298
2026-04-21 23:42:47,705 WARNING High grad norm: 729.67 at epoch=83 step=18299
2026-04-21 23:42:47,717 INFO epoch=83 step=18300 loss=524.8515 grad_norm=729.6692 lr=1.00e-06
2026-04-21 23:42:47,929 WARNING High grad norm: 790.33 at epoch=83 step=18300
2026-04-21 23:42:48,150 WARNING High grad norm: 1105.71 at epoch=83 step=18301
2026-04-21 23:42:48,376 WARNING High grad norm: 985.14 at epoch=83 step=18302
2026-04-21 23:42:48,597 WARNING High grad norm: 974.58 at epoch=83 step=18303
2026-04-21 23:42:48,820 WARNING High grad norm: 1237.61 at epoch=83 step=18304
2026-04-21 23:42:49,040 WARNING High grad norm: 377.37 at epoch=83 step=18305
2026-04-21 23:42:49,260 WARNING High grad norm: 994.75 at epoch=83 step=18306
2026-04-21 23:42:49,481 WARNING High grad norm: 851.59 at epoch=83 step=18307
2026-04-21 23:42:49,700 WARNING High grad norm: 440.80 at epoch=83 step=18308
2026-04-21 23:42:49,928 WARNING High grad norm: 636.97 at epoch=83 step=18309
2026-04-21 23:42:50,148 WARNING High grad norm: 1018.48 at epoch=83 step=18310
2026-04-21 23:42:50,374 WARNING High grad norm: 708.35 at epoch=83 step=18311
2026-04-21 23:42:50,595 WARNING High grad norm: 916.84 at epoch=83 step=18312
2026-04-21 23:42:50,819 WARNING High grad norm: 1376.89 at epoch=83 step=18313
2026-04-21 23:42:51,045 WARNING High grad norm: 867.21 at epoch=83 step=18314
2026-04-21 23:42:51,264 WARNING High grad norm: 1431.11 at epoch=83 step=18315
2026-04-21 23:42:51,486 WARNING High grad norm: 713.63 at epoch=83 step=18316
2026-04-21 23:42:51,709 WARNING High grad norm: 805.94 at epoch=83 step=18317
2026-04-21 23:42:51,939 WARNING High grad norm: 850.87 at epoch=83 step=18318
2026-04-21 23:42:52,166 WARNING High grad norm: 932.10 at epoch=83 step=18319
2026-04-21 23:42:52,388 WARNING High grad norm: 1379.29 at epoch=83 step=18320
2026-04-21 23:42:52,616 WARNING High grad norm: 1662.89 at epoch=83 step=18321
2026-04-21 23:42:52,837 WARNING High grad norm: 1383.30 at epoch=83 step=18322
2026-04-21 23:42:53,056 WARNING High grad norm: 1757.09 at epoch=83 step=18323
2026-04-21 23:42:53,276 WARNING High grad norm: 1248.44 at epoch=83 step=18324
2026-04-21 23:42:53,497 WARNING High grad norm: 933.29 at epoch=83 step=18325
2026-04-21 23:42:53,718 WARNING High grad norm: 884.70 at epoch=83 step=18326
2026-04-21 23:42:53,939 WARNING High grad norm: 483.66 at epoch=83 step=18327
2026-04-21 23:42:54,159 WARNING High grad norm: 950.28 at epoch=83 step=18328
2026-04-21 23:42:54,381 WARNING High grad norm: 1339.07 at epoch=83 step=18329
2026-04-21 23:42:54,601 WARNING High grad norm: 478.72 at epoch=83 step=18330
2026-04-21 23:42:54,821 WARNING High grad norm: 1141.09 at epoch=83 step=18331
2026-04-21 23:42:55,044 WARNING High grad norm: 918.67 at epoch=83 step=18332
2026-04-21 23:42:55,266 WARNING High grad norm: 1042.17 at epoch=83 step=18333
2026-04-21 23:42:55,486 WARNING High grad norm: 586.07 at epoch=83 step=18334
2026-04-21 23:42:55,708 WARNING High grad norm: 1432.65 at epoch=83 step=18335
2026-04-21 23:42:55,928 WARNING High grad norm: 1505.11 at epoch=83 step=18336
2026-04-21 23:42:56,149 WARNING High grad norm: 829.06 at epoch=83 step=18337
2026-04-21 23:42:56,376 WARNING High grad norm: 1049.43 at epoch=83 step=18338
2026-04-21 23:42:56,609 WARNING High grad norm: 1008.01 at epoch=83 step=18339
2026-04-21 23:42:56,830 WARNING High grad norm: 1125.22 at epoch=83 step=18340
2026-04-21 23:42:57,051 WARNING High grad norm: 838.85 at epoch=83 step=18341
2026-04-21 23:42:57,272 WARNING High grad norm: 860.17 at epoch=83 step=18342
2026-04-21 23:42:57,492 WARNING High grad norm: 680.19 at epoch=83 step=18343
2026-04-21 23:42:57,713 WARNING High grad norm: 1518.02 at epoch=83 step=18344
2026-04-21 23:42:57,934 WARNING High grad norm: 1269.52 at epoch=83 step=18345
2026-04-21 23:42:58,154 WARNING High grad norm: 706.54 at epoch=83 step=18346
2026-04-21 23:42:58,374 WARNING High grad norm: 1090.52 at epoch=83 step=18347
2026-04-21 23:42:58,597 WARNING High grad norm: 1309.56 at epoch=83 step=18348
2026-04-21 23:42:58,820 WARNING High grad norm: 1501.43 at epoch=83 step=18349
2026-04-21 23:42:59,040 WARNING High grad norm: 2659.34 at epoch=83 step=18350
2026-04-21 23:42:59,267 WARNING High grad norm: 1094.73 at epoch=83 step=18351
2026-04-21 23:42:59,487 WARNING High grad norm: 1747.82 at epoch=83 step=18352
2026-04-21 23:42:59,706 WARNING High grad norm: 1111.80 at epoch=83 step=18353
2026-04-21 23:42:59,927 WARNING High grad norm: 2045.32 at epoch=83 step=18354
2026-04-21 23:43:00,147 WARNING High grad norm: 663.44 at epoch=83 step=18355
2026-04-21 23:43:00,370 WARNING High grad norm: 842.50 at epoch=83 step=18356
2026-04-21 23:43:00,593 WARNING High grad norm: 1301.74 at epoch=83 step=18357
2026-04-21 23:43:00,814 WARNING High grad norm: 1640.22 at epoch=83 step=18358
2026-04-21 23:43:01,034 WARNING High grad norm: 1358.96 at epoch=83 step=18359
2026-04-21 23:43:01,258 WARNING High grad norm: 988.01 at epoch=83 step=18360
2026-04-21 23:43:01,480 WARNING High grad norm: 1260.25 at epoch=83 step=18361
2026-04-21 23:43:01,700 WARNING High grad norm: 882.29 at epoch=83 step=18362
2026-04-21 23:43:01,920 WARNING High grad norm: 1070.79 at epoch=83 step=18363
2026-04-21 23:43:02,140 WARNING High grad norm: 1053.35 at epoch=83 step=18364
2026-04-21 23:43:02,361 WARNING High grad norm: 2794.10 at epoch=83 step=18365
2026-04-21 23:43:02,582 WARNING High grad norm: 1465.47 at epoch=83 step=18366
2026-04-21 23:43:02,802 WARNING High grad norm: 853.66 at epoch=83 step=18367
2026-04-21 23:43:03,023 WARNING High grad norm: 726.62 at epoch=83 step=18368
2026-04-21 23:43:03,244 WARNING High grad norm: 1191.68 at epoch=83 step=18369
2026-04-21 23:43:03,464 WARNING High grad norm: 1468.77 at epoch=83 step=18370
2026-04-21 23:43:03,684 WARNING High grad norm: 1843.04 at epoch=83 step=18371
2026-04-21 23:43:03,904 WARNING High grad norm: 800.02 at epoch=83 step=18372
2026-04-21 23:43:04,125 WARNING High grad norm: 1181.23 at epoch=83 step=18373
2026-04-21 23:43:04,352 WARNING High grad norm: 1229.67 at epoch=83 step=18374
2026-04-21 23:43:04,581 WARNING High grad norm: 1616.61 at epoch=83 step=18375
2026-04-21 23:43:04,804 WARNING High grad norm: 745.44 at epoch=83 step=18376
2026-04-21 23:43:05,028 WARNING High grad norm: 1178.57 at epoch=83 step=18377
2026-04-21 23:43:05,249 WARNING High grad norm: 730.65 at epoch=83 step=18378
2026-04-21 23:43:05,471 WARNING High grad norm: 1210.71 at epoch=83 step=18379
2026-04-21 23:43:05,693 WARNING High grad norm: 2303.04 at epoch=83 step=18380
2026-04-21 23:43:05,919 WARNING High grad norm: 1285.07 at epoch=83 step=18381
2026-04-21 23:43:06,142 WARNING High grad norm: 1389.89 at epoch=83 step=18382
2026-04-21 23:43:06,367 WARNING High grad norm: 721.89 at epoch=83 step=18383
2026-04-21 23:43:06,588 WARNING High grad norm: 1505.60 at epoch=83 step=18384
2026-04-21 23:43:06,810 WARNING High grad norm: 862.07 at epoch=83 step=18385
2026-04-21 23:43:07,031 WARNING High grad norm: 988.89 at epoch=83 step=18386
2026-04-21 23:43:07,253 WARNING High grad norm: 1541.44 at epoch=83 step=18387
2026-04-21 23:43:07,477 WARNING High grad norm: 1724.03 at epoch=83 step=18388
2026-04-21 23:43:07,701 WARNING High grad norm: 1280.13 at epoch=83 step=18389
2026-04-21 23:43:07,923 WARNING High grad norm: 2049.31 at epoch=83 step=18390
2026-04-21 23:43:08,145 WARNING High grad norm: 1232.07 at epoch=83 step=18391
2026-04-21 23:43:08,365 WARNING High grad norm: 2019.15 at epoch=83 step=18392
2026-04-21 23:43:08,589 WARNING High grad norm: 1840.36 at epoch=83 step=18393
2026-04-21 23:43:08,809 WARNING High grad norm: 641.29 at epoch=83 step=18394
2026-04-21 23:43:09,030 WARNING High grad norm: 1875.03 at epoch=83 step=18395
2026-04-21 23:43:09,254 WARNING High grad norm: 762.01 at epoch=83 step=18396
2026-04-21 23:43:09,478 WARNING High grad norm: 1881.26 at epoch=83 step=18397
2026-04-21 23:43:09,698 WARNING High grad norm: 1011.67 at epoch=83 step=18398
2026-04-21 23:43:09,920 WARNING High grad norm: 788.82 at epoch=83 step=18399
2026-04-21 23:43:09,931 INFO epoch=83 step=18400 loss=490.1808 grad_norm=788.8189 lr=1.00e-06
2026-04-21 23:43:10,143 WARNING High grad norm: 946.04 at epoch=83 step=18400
2026-04-21 23:43:10,365 WARNING High grad norm: 868.21 at epoch=83 step=18401
2026-04-21 23:43:10,588 WARNING High grad norm: 816.21 at epoch=83 step=18402
2026-04-21 23:43:10,813 WARNING High grad norm: 777.32 at epoch=83 step=18403
2026-04-21 23:43:11,037 WARNING High grad norm: 1177.93 at epoch=83 step=18404
2026-04-21 23:43:11,258 WARNING High grad norm: 1609.74 at epoch=83 step=18405
2026-04-21 23:43:11,480 WARNING High grad norm: 589.14 at epoch=83 step=18406
2026-04-21 23:43:11,704 WARNING High grad norm: 1775.48 at epoch=83 step=18407
2026-04-21 23:43:11,925 WARNING High grad norm: 1101.13 at epoch=83 step=18408
2026-04-21 23:43:12,146 WARNING High grad norm: 690.30 at epoch=83 step=18409
2026-04-21 23:43:12,365 WARNING High grad norm: 746.98 at epoch=83 step=18410
2026-04-21 23:43:12,590 WARNING High grad norm: 1008.35 at epoch=83 step=18411
2026-04-21 23:43:12,810 WARNING High grad norm: 1440.17 at epoch=83 step=18412
2026-04-21 23:43:13,031 WARNING High grad norm: 982.24 at epoch=83 step=18413
2026-04-21 23:43:13,251 WARNING High grad norm: 1209.61 at epoch=83 step=18414
2026-04-21 23:43:13,472 WARNING High grad norm: 1853.78 at epoch=83 step=18415
2026-04-21 23:43:13,692 WARNING High grad norm: 739.29 at epoch=83 step=18416
2026-04-21 23:43:13,912 WARNING High grad norm: 979.45 at epoch=83 step=18417
2026-04-21 23:43:14,134 WARNING High grad norm: 1031.77 at epoch=83 step=18418
2026-04-21 23:43:14,355 WARNING High grad norm: 1113.90 at epoch=83 step=18419
2026-04-21 23:43:14,576 WARNING High grad norm: 944.53 at epoch=83 step=18420
2026-04-21 23:43:14,796 WARNING High grad norm: 2035.69 at epoch=83 step=18421
2026-04-21 23:43:15,017 WARNING High grad norm: 568.07 at epoch=83 step=18422
2026-04-21 23:43:15,237 WARNING High grad norm: 791.34 at epoch=83 step=18423
2026-04-21 23:43:15,458 WARNING High grad norm: 2042.59 at epoch=83 step=18424
2026-04-21 23:43:15,679 WARNING High grad norm: 576.89 at epoch=83 step=18425
2026-04-21 23:43:15,900 WARNING High grad norm: 611.82 at epoch=83 step=18426
2026-04-21 23:43:16,121 WARNING High grad norm: 1096.27 at epoch=83 step=18427
2026-04-21 23:43:16,343 WARNING High grad norm: 722.06 at epoch=83 step=18428
2026-04-21 23:43:16,563 WARNING High grad norm: 2448.08 at epoch=83 step=18429
2026-04-21 23:43:16,783 WARNING High grad norm: 803.74 at epoch=83 step=18430
2026-04-21 23:43:17,003 WARNING High grad norm: 1636.95 at epoch=83 step=18431
2026-04-21 23:43:17,225 WARNING High grad norm: 2450.99 at epoch=83 step=18432
2026-04-21 23:43:17,447 WARNING High grad norm: 1067.56 at epoch=83 step=18433
2026-04-21 23:43:17,670 WARNING High grad norm: 609.54 at epoch=83 step=18434
2026-04-21 23:43:17,890 WARNING High grad norm: 477.99 at epoch=83 step=18435
2026-04-21 23:43:18,111 WARNING High grad norm: 885.51 at epoch=83 step=18436
2026-04-21 23:43:18,338 WARNING High grad norm: 739.02 at epoch=83 step=18437
2026-04-21 23:43:18,570 WARNING High grad norm: 971.60 at epoch=83 step=18438
2026-04-21 23:43:18,794 WARNING High grad norm: 1125.81 at epoch=83 step=18439
2026-04-21 23:43:19,021 WARNING High grad norm: 1669.51 at epoch=83 step=18440
2026-04-21 23:43:19,243 WARNING High grad norm: 885.35 at epoch=83 step=18441
2026-04-21 23:43:19,465 WARNING High grad norm: 864.74 at epoch=83 step=18442
2026-04-21 23:43:19,687 WARNING High grad norm: 1187.92 at epoch=83 step=18443
2026-04-21 23:43:19,911 WARNING High grad norm: 771.38 at epoch=83 step=18444
2026-04-21 23:43:20,132 WARNING High grad norm: 862.98 at epoch=83 step=18445
2026-04-21 23:43:20,353 WARNING High grad norm: 1003.22 at epoch=83 step=18446
2026-04-21 23:43:20,575 WARNING High grad norm: 2585.97 at epoch=83 step=18447
2026-04-21 23:43:20,800 WARNING High grad norm: 918.07 at epoch=83 step=18448
2026-04-21 23:43:21,021 WARNING High grad norm: 1127.19 at epoch=83 step=18449
2026-04-21 23:43:21,243 WARNING High grad norm: 1561.87 at epoch=83 step=18450
2026-04-21 23:43:21,468 WARNING High grad norm: 1460.26 at epoch=83 step=18451
2026-04-21 23:43:21,690 WARNING High grad norm: 1613.74 at epoch=83 step=18452
2026-04-21 23:43:21,913 WARNING High grad norm: 843.66 at epoch=83 step=18453
2026-04-21 23:43:22,135 WARNING High grad norm: 1960.44 at epoch=83 step=18454
2026-04-21 23:43:22,358 WARNING High grad norm: 2798.63 at epoch=83 step=18455
2026-04-21 23:43:22,580 WARNING High grad norm: 954.47 at epoch=83 step=18456
2026-04-21 23:43:22,804 WARNING High grad norm: 1171.06 at epoch=83 step=18457
2026-04-21 23:43:23,024 WARNING High grad norm: 840.32 at epoch=83 step=18458
2026-04-21 23:43:23,245 WARNING High grad norm: 1031.31 at epoch=83 step=18459
2026-04-21 23:43:23,472 WARNING High grad norm: 744.25 at epoch=83 step=18460
2026-04-21 23:43:23,692 WARNING High grad norm: 855.04 at epoch=83 step=18461
2026-04-21 23:43:23,915 WARNING High grad norm: 748.03 at epoch=83 step=18462
2026-04-21 23:43:24,135 WARNING High grad norm: 946.28 at epoch=83 step=18463
2026-04-21 23:43:24,356 WARNING High grad norm: 708.09 at epoch=83 step=18464
2026-04-21 23:43:24,577 WARNING High grad norm: 1875.60 at epoch=83 step=18465
2026-04-21 23:43:24,798 WARNING High grad norm: 1670.17 at epoch=83 step=18466
2026-04-21 23:43:25,020 WARNING High grad norm: 875.59 at epoch=83 step=18467
2026-04-21 23:43:25,240 WARNING High grad norm: 855.25 at epoch=83 step=18468
2026-04-21 23:43:25,462 WARNING High grad norm: 1151.11 at epoch=83 step=18469
2026-04-21 23:43:25,686 WARNING High grad norm: 784.67 at epoch=83 step=18470
2026-04-21 23:43:25,911 WARNING High grad norm: 1401.94 at epoch=83 step=18471
2026-04-21 23:43:26,132 WARNING High grad norm: 1347.66 at epoch=83 step=18472
2026-04-21 23:43:26,353 WARNING High grad norm: 835.88 at epoch=83 step=18473
2026-04-21 23:43:26,576 WARNING High grad norm: 700.98 at epoch=83 step=18474
2026-04-21 23:43:26,798 WARNING High grad norm: 2439.83 at epoch=83 step=18475
2026-04-21 23:43:27,020 WARNING High grad norm: 731.34 at epoch=83 step=18476
2026-04-21 23:43:27,244 WARNING High grad norm: 1599.96 at epoch=83 step=18477
2026-04-21 23:43:27,465 WARNING High grad norm: 555.33 at epoch=83 step=18478
2026-04-21 23:43:27,687 WARNING High grad norm: 2612.77 at epoch=83 step=18479
2026-04-21 23:43:27,908 WARNING High grad norm: 931.96 at epoch=83 step=18480
2026-04-21 23:43:28,129 WARNING High grad norm: 1819.69 at epoch=83 step=18481
2026-04-21 23:43:28,351 WARNING High grad norm: 1108.27 at epoch=83 step=18482
2026-04-21 23:43:28,571 WARNING High grad norm: 664.56 at epoch=83 step=18483
2026-04-21 23:43:28,792 WARNING High grad norm: 655.63 at epoch=83 step=18484
2026-04-21 23:43:29,013 WARNING High grad norm: 1701.48 at epoch=83 step=18485
2026-04-21 23:43:29,236 WARNING High grad norm: 741.35 at epoch=83 step=18486
2026-04-21 23:43:29,460 WARNING High grad norm: 600.51 at epoch=83 step=18487
2026-04-21 23:43:29,680 WARNING High grad norm: 1372.83 at epoch=83 step=18488
2026-04-21 23:43:29,901 WARNING High grad norm: 2503.54 at epoch=83 step=18489
2026-04-21 23:43:30,125 WARNING High grad norm: 636.86 at epoch=83 step=18490
2026-04-21 23:43:30,346 WARNING High grad norm: 913.91 at epoch=83 step=18491
2026-04-21 23:43:30,567 WARNING High grad norm: 1480.55 at epoch=83 step=18492
2026-04-21 23:43:30,789 WARNING High grad norm: 1797.20 at epoch=83 step=18493
2026-04-21 23:43:31,010 WARNING High grad norm: 807.02 at epoch=83 step=18494
2026-04-21 23:43:31,233 WARNING High grad norm: 1350.87 at epoch=83 step=18495
2026-04-21 23:43:31,455 WARNING High grad norm: 1127.70 at epoch=83 step=18496
2026-04-21 23:43:31,679 WARNING High grad norm: 2243.00 at epoch=83 step=18497
2026-04-21 23:43:31,900 WARNING High grad norm: 1220.00 at epoch=83 step=18498
2026-04-21 23:43:32,122 WARNING High grad norm: 1644.44 at epoch=83 step=18499
2026-04-21 23:43:32,132 INFO epoch=83 step=18500 loss=486.6847 grad_norm=1644.4377 lr=1.00e-06
2026-04-21 23:43:32,347 WARNING High grad norm: 1108.35 at epoch=83 step=18500
2026-04-21 23:43:32,568 WARNING High grad norm: 1296.53 at epoch=83 step=18501
2026-04-21 23:43:32,789 WARNING High grad norm: 1014.33 at epoch=83 step=18502
2026-04-21 23:43:33,010 WARNING High grad norm: 1050.20 at epoch=83 step=18503
2026-04-21 23:43:33,231 WARNING High grad norm: 586.66 at epoch=83 step=18504
2026-04-21 23:43:33,452 WARNING High grad norm: 643.15 at epoch=83 step=18505
2026-04-21 23:43:33,672 WARNING High grad norm: 1204.67 at epoch=83 step=18506
2026-04-21 23:43:33,902 WARNING High grad norm: 1340.12 at epoch=83 step=18507
2026-04-21 23:43:34,051 WARNING High grad norm: 2053.10 at epoch=83 step=18508
2026-04-21 23:43:34,634 INFO epoch=83 avg_loss=487.1489 lr=1.00e-06
2026-04-21 23:43:48,314 WARNING High grad norm: 1859.62 at epoch=84 step=18509
2026-04-21 23:43:48,533 WARNING High grad norm: 1493.69 at epoch=84 step=18510
2026-04-21 23:43:48,759 WARNING High grad norm: 795.05 at epoch=84 step=18511
2026-04-21 23:43:48,979 WARNING High grad norm: 1018.30 at epoch=84 step=18512
2026-04-21 23:43:49,198 WARNING High grad norm: 684.07 at epoch=84 step=18513
2026-04-21 23:43:49,426 WARNING High grad norm: 708.47 at epoch=84 step=18514
2026-04-21 23:43:49,646 WARNING High grad norm: 1831.00 at epoch=84 step=18515
2026-04-21 23:43:49,866 WARNING High grad norm: 1279.72 at epoch=84 step=18516
2026-04-21 23:43:50,090 WARNING High grad norm: 1335.04 at epoch=84 step=18517
2026-04-21 23:43:50,310 WARNING High grad norm: 2628.64 at epoch=84 step=18518
2026-04-21 23:43:50,532 WARNING High grad norm: 862.24 at epoch=84 step=18519
2026-04-21 23:43:50,751 WARNING High grad norm: 1711.63 at epoch=84 step=18520
2026-04-21 23:43:50,971 WARNING High grad norm: 1136.78 at epoch=84 step=18521
2026-04-21 23:43:51,191 WARNING High grad norm: 595.90 at epoch=84 step=18522
2026-04-21 23:43:51,411 WARNING High grad norm: 775.15 at epoch=84 step=18523
2026-04-21 23:43:51,631 WARNING High grad norm: 2934.27 at epoch=84 step=18524
2026-04-21 23:43:51,852 WARNING High grad norm: 872.69 at epoch=84 step=18525
2026-04-21 23:43:52,073 WARNING High grad norm: 1648.64 at epoch=84 step=18526
2026-04-21 23:43:52,294 WARNING High grad norm: 2102.33 at epoch=84 step=18527
2026-04-21 23:43:52,516 WARNING High grad norm: 1309.34 at epoch=84 step=18528
2026-04-21 23:43:52,738 WARNING High grad norm: 1495.22 at epoch=84 step=18529
2026-04-21 23:43:52,958 WARNING High grad norm: 1501.64 at epoch=84 step=18530
2026-04-21 23:43:53,178 WARNING High grad norm: 806.47 at epoch=84 step=18531
2026-04-21 23:43:53,397 WARNING High grad norm: 1163.21 at epoch=84 step=18532
2026-04-21 23:43:53,617 WARNING High grad norm: 929.68 at epoch=84 step=18533
2026-04-21 23:43:53,837 WARNING High grad norm: 1135.36 at epoch=84 step=18534
2026-04-21 23:43:54,057 WARNING High grad norm: 1482.89 at epoch=84 step=18535
2026-04-21 23:43:54,278 WARNING High grad norm: 707.67 at epoch=84 step=18536
2026-04-21 23:43:54,497 WARNING High grad norm: 897.24 at epoch=84 step=18537
2026-04-21 23:43:54,717 WARNING High grad norm: 1617.87 at epoch=84 step=18538
2026-04-21 23:43:54,937 WARNING High grad norm: 578.77 at epoch=84 step=18539
2026-04-21 23:43:55,158 WARNING High grad norm: 846.59 at epoch=84 step=18540
2026-04-21 23:43:55,378 WARNING High grad norm: 494.42 at epoch=84 step=18541
2026-04-21 23:43:55,599 WARNING High grad norm: 1529.63 at epoch=84 step=18542
2026-04-21 23:43:55,826 WARNING High grad norm: 750.33 at epoch=84 step=18543
2026-04-21 23:43:56,045 WARNING High grad norm: 665.55 at epoch=84 step=18544
2026-04-21 23:43:56,271 WARNING High grad norm: 662.63 at epoch=84 step=18545
2026-04-21 23:43:56,497 WARNING High grad norm: 804.24 at epoch=84 step=18546
2026-04-21 23:43:56,726 WARNING High grad norm: 940.58 at epoch=84 step=18547
2026-04-21 23:43:56,948 WARNING High grad norm: 576.07 at epoch=84 step=18548
2026-04-21 23:43:57,169 WARNING High grad norm: 916.29 at epoch=84 step=18549
2026-04-21 23:43:57,388 WARNING High grad norm: 1507.19 at epoch=84 step=18550
2026-04-21 23:43:57,609 WARNING High grad norm: 1408.48 at epoch=84 step=18551
2026-04-21 23:43:57,829 WARNING High grad norm: 887.95 at epoch=84 step=18552
2026-04-21 23:43:58,049 WARNING High grad norm: 800.37 at epoch=84 step=18553
2026-04-21 23:43:58,272 WARNING High grad norm: 1736.43 at epoch=84 step=18554
2026-04-21 23:43:58,491 WARNING High grad norm: 1212.12 at epoch=84 step=18555
2026-04-21 23:43:58,711 WARNING High grad norm: 964.42 at epoch=84 step=18556
2026-04-21 23:43:58,932 WARNING High grad norm: 739.27 at epoch=84 step=18557
2026-04-21 23:43:59,152 WARNING High grad norm: 938.71 at epoch=84 step=18558
2026-04-21 23:43:59,373 WARNING High grad norm: 706.15 at epoch=84 step=18559
2026-04-21 23:43:59,594 WARNING High grad norm: 829.22 at epoch=84 step=18560
2026-04-21 23:43:59,814 WARNING High grad norm: 994.79 at epoch=84 step=18561
2026-04-21 23:44:00,033 WARNING High grad norm: 1582.42 at epoch=84 step=18562
2026-04-21 23:44:00,256 WARNING High grad norm: 665.61 at epoch=84 step=18563
2026-04-21 23:44:00,485 WARNING High grad norm: 564.78 at epoch=84 step=18564
2026-04-21 23:44:00,706 WARNING High grad norm: 1477.19 at epoch=84 step=18565
2026-04-21 23:44:00,933 WARNING High grad norm: 1094.43 at epoch=84 step=18566
2026-04-21 23:44:01,160 WARNING High grad norm: 1201.14 at epoch=84 step=18567
2026-04-21 23:44:01,388 WARNING High grad norm: 969.35 at epoch=84 step=18568
2026-04-21 23:44:01,610 WARNING High grad norm: 598.84 at epoch=84 step=18569
2026-04-21 23:44:01,833 WARNING High grad norm: 1061.74 at epoch=84 step=18570
2026-04-21 23:44:02,055 WARNING High grad norm: 642.91 at epoch=84 step=18571
2026-04-21 23:44:02,286 WARNING High grad norm: 757.07 at epoch=84 step=18572
2026-04-21 23:44:02,506 WARNING High grad norm: 1168.95 at epoch=84 step=18573
2026-04-21 23:44:02,726 WARNING High grad norm: 842.21 at epoch=84 step=18574
2026-04-21 23:44:02,949 WARNING High grad norm: 1464.90 at epoch=84 step=18575
2026-04-21 23:44:03,170 WARNING High grad norm: 1243.46 at epoch=84 step=18576
2026-04-21 23:44:03,391 WARNING High grad norm: 604.83 at epoch=84 step=18577
2026-04-21 23:44:03,615 WARNING High grad norm: 1008.76 at epoch=84 step=18578
2026-04-21 23:44:03,835 WARNING High grad norm: 1319.52 at epoch=84 step=18579
2026-04-21 23:44:04,061 WARNING High grad norm: 1056.01 at epoch=84 step=18580
2026-04-21 23:44:04,282 WARNING High grad norm: 811.74 at epoch=84 step=18581
2026-04-21 23:44:04,506 WARNING High grad norm: 1419.74 at epoch=84 step=18582
2026-04-21 23:44:04,727 WARNING High grad norm: 1335.97 at epoch=84 step=18583
2026-04-21 23:44:04,949 WARNING High grad norm: 570.91 at epoch=84 step=18584
2026-04-21 23:44:05,169 WARNING High grad norm: 677.80 at epoch=84 step=18585
2026-04-21 23:44:05,393 WARNING High grad norm: 713.48 at epoch=84 step=18586
2026-04-21 23:44:05,616 WARNING High grad norm: 1667.39 at epoch=84 step=18587
2026-04-21 23:44:05,842 WARNING High grad norm: 2296.65 at epoch=84 step=18588
2026-04-21 23:44:06,062 WARNING High grad norm: 1403.13 at epoch=84 step=18589
2026-04-21 23:44:06,293 WARNING High grad norm: 722.94 at epoch=84 step=18590
2026-04-21 23:44:06,516 WARNING High grad norm: 792.24 at epoch=84 step=18591
2026-04-21 23:44:06,740 WARNING High grad norm: 1008.84 at epoch=84 step=18592
2026-04-21 23:44:06,959 WARNING High grad norm: 788.91 at epoch=84 step=18593
2026-04-21 23:44:07,181 WARNING High grad norm: 698.15 at epoch=84 step=18594
2026-04-21 23:44:07,406 WARNING High grad norm: 1657.07 at epoch=84 step=18595
2026-04-21 23:44:07,627 WARNING High grad norm: 1771.54 at epoch=84 step=18596
2026-04-21 23:44:07,848 WARNING High grad norm: 1494.81 at epoch=84 step=18597
2026-04-21 23:44:08,073 WARNING High grad norm: 1541.06 at epoch=84 step=18598
2026-04-21 23:44:08,298 WARNING High grad norm: 1278.32 at epoch=84 step=18599
2026-04-21 23:44:08,315 INFO epoch=84 step=18600 loss=485.4203 grad_norm=1278.3220 lr=1.00e-06
2026-04-21 23:44:08,528 WARNING High grad norm: 1470.34 at epoch=84 step=18600
2026-04-21 23:44:08,748 WARNING High grad norm: 901.97 at epoch=84 step=18601
2026-04-21 23:44:08,972 WARNING High grad norm: 1243.43 at epoch=84 step=18602
2026-04-21 23:44:09,192 WARNING High grad norm: 604.80 at epoch=84 step=18603
2026-04-21 23:44:09,412 WARNING High grad norm: 648.65 at epoch=84 step=18604
2026-04-21 23:44:09,635 WARNING High grad norm: 3128.44 at epoch=84 step=18605
2026-04-21 23:44:09,856 WARNING High grad norm: 1127.93 at epoch=84 step=18606
2026-04-21 23:44:10,078 WARNING High grad norm: 1430.75 at epoch=84 step=18607
2026-04-21 23:44:10,299 WARNING High grad norm: 2599.05 at epoch=84 step=18608
2026-04-21 23:44:10,522 WARNING High grad norm: 831.01 at epoch=84 step=18609
2026-04-21 23:44:10,751 WARNING High grad norm: 1232.25 at epoch=84 step=18610
2026-04-21 23:44:10,971 WARNING High grad norm: 1012.83 at epoch=84 step=18611
2026-04-21 23:44:11,192 WARNING High grad norm: 1444.96 at epoch=84 step=18612
2026-04-21 23:44:11,412 WARNING High grad norm: 1006.88 at epoch=84 step=18613
2026-04-21 23:44:11,631 WARNING High grad norm: 1468.99 at epoch=84 step=18614
2026-04-21 23:44:11,852 WARNING High grad norm: 703.43 at epoch=84 step=18615
2026-04-21 23:44:12,073 WARNING High grad norm: 717.86 at epoch=84 step=18616
2026-04-21 23:44:12,295 WARNING High grad norm: 1446.70 at epoch=84 step=18617
2026-04-21 23:44:12,516 WARNING High grad norm: 1016.03 at epoch=84 step=18618
2026-04-21 23:44:12,740 WARNING High grad norm: 603.49 at epoch=84 step=18619
2026-04-21 23:44:12,960 WARNING High grad norm: 1593.49 at epoch=84 step=18620
2026-04-21 23:44:13,181 WARNING High grad norm: 2601.03 at epoch=84 step=18621
2026-04-21 23:44:13,404 WARNING High grad norm: 949.23 at epoch=84 step=18622
2026-04-21 23:44:13,625 WARNING High grad norm: 1468.80 at epoch=84 step=18623
2026-04-21 23:44:13,844 WARNING High grad norm: 1075.61 at epoch=84 step=18624
2026-04-21 23:44:14,065 WARNING High grad norm: 1062.15 at epoch=84 step=18625
2026-04-21 23:44:14,288 WARNING High grad norm: 1293.55 at epoch=84 step=18626
2026-04-21 23:44:14,511 WARNING High grad norm: 940.71 at epoch=84 step=18627
2026-04-21 23:44:14,731 WARNING High grad norm: 1365.32 at epoch=84 step=18628
2026-04-21 23:44:14,951 WARNING High grad norm: 737.30 at epoch=84 step=18629
2026-04-21 23:44:15,172 WARNING High grad norm: 654.40 at epoch=84 step=18630
2026-04-21 23:44:15,392 WARNING High grad norm: 594.55 at epoch=84 step=18631
2026-04-21 23:44:15,616 WARNING High grad norm: 1797.37 at epoch=84 step=18632
2026-04-21 23:44:15,842 WARNING High grad norm: 1677.93 at epoch=84 step=18633
2026-04-21 23:44:16,064 WARNING High grad norm: 909.59 at epoch=84 step=18634
2026-04-21 23:44:16,285 WARNING High grad norm: 530.70 at epoch=84 step=18635
2026-04-21 23:44:16,505 WARNING High grad norm: 848.47 at epoch=84 step=18636
2026-04-21 23:44:16,727 WARNING High grad norm: 801.59 at epoch=84 step=18637
2026-04-21 23:44:16,949 WARNING High grad norm: 717.41 at epoch=84 step=18638
2026-04-21 23:44:17,169 WARNING High grad norm: 891.29 at epoch=84 step=18639
2026-04-21 23:44:17,390 WARNING High grad norm: 1484.52 at epoch=84 step=18640
2026-04-21 23:44:17,610 WARNING High grad norm: 1319.73 at epoch=84 step=18641
2026-04-21 23:44:17,836 WARNING High grad norm: 877.87 at epoch=84 step=18642
2026-04-21 23:44:18,055 WARNING High grad norm: 1947.34 at epoch=84 step=18643
2026-04-21 23:44:18,278 WARNING High grad norm: 1675.15 at epoch=84 step=18644
2026-04-21 23:44:18,498 WARNING High grad norm: 657.09 at epoch=84 step=18645
2026-04-21 23:44:18,719 WARNING High grad norm: 905.88 at epoch=84 step=18646
2026-04-21 23:44:18,939 WARNING High grad norm: 856.89 at epoch=84 step=18647
2026-04-21 23:44:19,161 WARNING High grad norm: 1413.75 at epoch=84 step=18648
2026-04-21 23:44:19,381 WARNING High grad norm: 1120.79 at epoch=84 step=18649
2026-04-21 23:44:19,605 WARNING High grad norm: 1404.44 at epoch=84 step=18650
2026-04-21 23:44:19,829 WARNING High grad norm: 3368.49 at epoch=84 step=18651
2026-04-21 23:44:20,050 WARNING High grad norm: 1297.07 at epoch=84 step=18652
2026-04-21 23:44:20,270 WARNING High grad norm: 2430.09 at epoch=84 step=18653
2026-04-21 23:44:20,490 WARNING High grad norm: 2161.30 at epoch=84 step=18654
2026-04-21 23:44:20,714 WARNING High grad norm: 1016.83 at epoch=84 step=18655
2026-04-21 23:44:20,940 WARNING High grad norm: 1674.38 at epoch=84 step=18656
2026-04-21 23:44:21,160 WARNING High grad norm: 1048.63 at epoch=84 step=18657
2026-04-21 23:44:21,381 WARNING High grad norm: 1780.71 at epoch=84 step=18658
2026-04-21 23:44:21,600 WARNING High grad norm: 1088.70 at epoch=84 step=18659
2026-04-21 23:44:21,821 WARNING High grad norm: 1358.73 at epoch=84 step=18660
2026-04-21 23:44:22,047 WARNING High grad norm: 810.21 at epoch=84 step=18661
2026-04-21 23:44:22,271 WARNING High grad norm: 1739.60 at epoch=84 step=18662
2026-04-21 23:44:22,492 WARNING High grad norm: 1016.94 at epoch=84 step=18663
2026-04-21 23:44:22,715 WARNING High grad norm: 538.72 at epoch=84 step=18664
2026-04-21 23:44:22,934 WARNING High grad norm: 1615.44 at epoch=84 step=18665
2026-04-21 23:44:23,155 WARNING High grad norm: 1049.52 at epoch=84 step=18666
2026-04-21 23:44:23,375 WARNING High grad norm: 1200.21 at epoch=84 step=18667
2026-04-21 23:44:23,598 WARNING High grad norm: 630.30 at epoch=84 step=18668
2026-04-21 23:44:23,819 WARNING High grad norm: 1211.20 at epoch=84 step=18669
2026-04-21 23:44:24,039 WARNING High grad norm: 664.15 at epoch=84 step=18670
2026-04-21 23:44:24,260 WARNING High grad norm: 981.74 at epoch=84 step=18671
2026-04-21 23:44:24,486 WARNING High grad norm: 1650.56 at epoch=84 step=18672
2026-04-21 23:44:24,716 WARNING High grad norm: 1385.30 at epoch=84 step=18673
2026-04-21 23:44:24,936 WARNING High grad norm: 1123.33 at epoch=84 step=18674
2026-04-21 23:44:25,157 WARNING High grad norm: 1128.46 at epoch=84 step=18675
2026-04-21 23:44:25,378 WARNING High grad norm: 833.29 at epoch=84 step=18676
2026-04-21 23:44:25,601 WARNING High grad norm: 1270.15 at epoch=84 step=18677
2026-04-21 23:44:25,823 WARNING High grad norm: 1296.69 at epoch=84 step=18678
2026-04-21 23:44:26,043 WARNING High grad norm: 1489.28 at epoch=84 step=18679
2026-04-21 23:44:26,264 WARNING High grad norm: 801.56 at epoch=84 step=18680
2026-04-21 23:44:26,485 WARNING High grad norm: 4257.37 at epoch=84 step=18681
2026-04-21 23:44:26,706 WARNING High grad norm: 1065.46 at epoch=84 step=18682
2026-04-21 23:44:26,928 WARNING High grad norm: 1118.69 at epoch=84 step=18683
2026-04-21 23:44:27,148 WARNING High grad norm: 638.01 at epoch=84 step=18684
2026-04-21 23:44:27,370 WARNING High grad norm: 1204.80 at epoch=84 step=18685
2026-04-21 23:44:27,593 WARNING High grad norm: 999.84 at epoch=84 step=18686
2026-04-21 23:44:27,813 WARNING High grad norm: 769.04 at epoch=84 step=18687
2026-04-21 23:44:28,037 WARNING High grad norm: 483.65 at epoch=84 step=18688
2026-04-21 23:44:28,258 WARNING High grad norm: 1496.50 at epoch=84 step=18689
2026-04-21 23:44:28,479 WARNING High grad norm: 517.38 at epoch=84 step=18690
2026-04-21 23:44:28,699 WARNING High grad norm: 1377.97 at epoch=84 step=18691
2026-04-21 23:44:28,920 WARNING High grad norm: 914.02 at epoch=84 step=18692
2026-04-21 23:44:29,142 WARNING High grad norm: 1064.17 at epoch=84 step=18693
2026-04-21 23:44:29,362 WARNING High grad norm: 1862.11 at epoch=84 step=18694
2026-04-21 23:44:29,583 WARNING High grad norm: 817.79 at epoch=84 step=18695
2026-04-21 23:44:29,803 WARNING High grad norm: 652.80 at epoch=84 step=18696
2026-04-21 23:44:30,025 WARNING High grad norm: 2822.22 at epoch=84 step=18697
2026-04-21 23:44:30,246 WARNING High grad norm: 2494.73 at epoch=84 step=18698
2026-04-21 23:44:30,469 WARNING High grad norm: 597.91 at epoch=84 step=18699
2026-04-21 23:44:30,484 INFO epoch=84 step=18700 loss=482.6317 grad_norm=597.9080 lr=1.00e-06
2026-04-21 23:44:30,695 WARNING High grad norm: 636.25 at epoch=84 step=18700
2026-04-21 23:44:30,925 WARNING High grad norm: 590.58 at epoch=84 step=18701
2026-04-21 23:44:31,149 WARNING High grad norm: 1381.65 at epoch=84 step=18702
2026-04-21 23:44:31,376 WARNING High grad norm: 746.01 at epoch=84 step=18703
2026-04-21 23:44:31,598 WARNING High grad norm: 915.36 at epoch=84 step=18704
2026-04-21 23:44:31,821 WARNING High grad norm: 1668.74 at epoch=84 step=18705
2026-04-21 23:44:32,042 WARNING High grad norm: 834.10 at epoch=84 step=18706
2026-04-21 23:44:32,264 WARNING High grad norm: 1652.63 at epoch=84 step=18707
2026-04-21 23:44:32,487 WARNING High grad norm: 1514.13 at epoch=84 step=18708
2026-04-21 23:44:32,711 WARNING High grad norm: 709.14 at epoch=84 step=18709
2026-04-21 23:44:32,932 WARNING High grad norm: 1308.96 at epoch=84 step=18710
2026-04-21 23:44:33,152 WARNING High grad norm: 803.70 at epoch=84 step=18711
2026-04-21 23:44:33,374 WARNING High grad norm: 1520.41 at epoch=84 step=18712
2026-04-21 23:44:33,596 WARNING High grad norm: 1066.27 at epoch=84 step=18713
2026-04-21 23:44:33,817 WARNING High grad norm: 746.78 at epoch=84 step=18714
2026-04-21 23:44:34,042 WARNING High grad norm: 1678.43 at epoch=84 step=18715
2026-04-21 23:44:34,262 WARNING High grad norm: 948.17 at epoch=84 step=18716
2026-04-21 23:44:34,483 WARNING High grad norm: 980.55 at epoch=84 step=18717
2026-04-21 23:44:34,706 WARNING High grad norm: 879.67 at epoch=84 step=18718
2026-04-21 23:44:34,926 WARNING High grad norm: 845.28 at epoch=84 step=18719
2026-04-21 23:44:35,147 WARNING High grad norm: 889.04 at epoch=84 step=18720
2026-04-21 23:44:35,368 WARNING High grad norm: 815.17 at epoch=84 step=18721
2026-04-21 23:44:35,592 WARNING High grad norm: 2237.39 at epoch=84 step=18722
2026-04-21 23:44:35,819 WARNING High grad norm: 531.26 at epoch=84 step=18723
2026-04-21 23:44:36,041 WARNING High grad norm: 2354.14 at epoch=84 step=18724
2026-04-21 23:44:36,260 WARNING High grad norm: 724.50 at epoch=84 step=18725
2026-04-21 23:44:36,481 WARNING High grad norm: 2196.50 at epoch=84 step=18726
2026-04-21 23:44:36,702 WARNING High grad norm: 1368.27 at epoch=84 step=18727
2026-04-21 23:44:36,923 WARNING High grad norm: 818.15 at epoch=84 step=18728
2026-04-21 23:44:37,147 WARNING High grad norm: 1358.15 at epoch=84 step=18729
2026-04-21 23:44:37,370 WARNING High grad norm: 1004.91 at epoch=84 step=18730
2026-04-21 23:44:37,520 WARNING High grad norm: 2274.42 at epoch=84 step=18731
2026-04-21 23:44:38,108 INFO epoch=84 avg_loss=482.4541 lr=1.00e-06
2026-04-21 23:44:51,631 WARNING High grad norm: 2105.28 at epoch=85 step=18732
2026-04-21 23:44:51,850 WARNING High grad norm: 2049.76 at epoch=85 step=18733
2026-04-21 23:44:52,071 WARNING High grad norm: 1245.78 at epoch=85 step=18734
2026-04-21 23:44:52,291 WARNING High grad norm: 953.91 at epoch=85 step=18735
2026-04-21 23:44:52,519 WARNING High grad norm: 697.24 at epoch=85 step=18736
2026-04-21 23:44:52,746 WARNING High grad norm: 841.82 at epoch=85 step=18737
2026-04-21 23:44:52,963 WARNING High grad norm: 954.24 at epoch=85 step=18738
2026-04-21 23:44:53,182 WARNING High grad norm: 1286.54 at epoch=85 step=18739
2026-04-21 23:44:53,401 WARNING High grad norm: 482.73 at epoch=85 step=18740
2026-04-21 23:44:53,623 WARNING High grad norm: 1822.99 at epoch=85 step=18741
2026-04-21 23:44:53,844 WARNING High grad norm: 722.75 at epoch=85 step=18742
2026-04-21 23:44:54,067 WARNING High grad norm: 1349.66 at epoch=85 step=18743
2026-04-21 23:44:54,288 WARNING High grad norm: 2808.20 at epoch=85 step=18744
2026-04-21 23:44:54,507 WARNING High grad norm: 801.41 at epoch=85 step=18745
2026-04-21 23:44:54,727 WARNING High grad norm: 723.96 at epoch=85 step=18746
2026-04-21 23:44:54,946 WARNING High grad norm: 2226.03 at epoch=85 step=18747
2026-04-21 23:44:55,169 WARNING High grad norm: 704.09 at epoch=85 step=18748
2026-04-21 23:44:55,389 WARNING High grad norm: 626.12 at epoch=85 step=18749
2026-04-21 23:44:55,610 WARNING High grad norm: 1220.16 at epoch=85 step=18750
2026-04-21 23:44:55,832 WARNING High grad norm: 813.63 at epoch=85 step=18751
2026-04-21 23:44:56,054 WARNING High grad norm: 2155.46 at epoch=85 step=18752
2026-04-21 23:44:56,273 WARNING High grad norm: 683.84 at epoch=85 step=18753
2026-04-21 23:44:56,492 WARNING High grad norm: 523.78 at epoch=85 step=18754
2026-04-21 23:44:56,714 WARNING High grad norm: 835.11 at epoch=85 step=18755
2026-04-21 23:44:56,936 WARNING High grad norm: 2520.46 at epoch=85 step=18756
2026-04-21 23:44:57,157 WARNING High grad norm: 1803.90 at epoch=85 step=18757
2026-04-21 23:44:57,386 WARNING High grad norm: 1854.62 at epoch=85 step=18758
2026-04-21 23:44:57,607 WARNING High grad norm: 1620.36 at epoch=85 step=18759
2026-04-21 23:44:57,831 WARNING High grad norm: 1054.18 at epoch=85 step=18760
2026-04-21 23:44:58,053 WARNING High grad norm: 1406.13 at epoch=85 step=18761
2026-04-21 23:44:58,275 WARNING High grad norm: 2165.29 at epoch=85 step=18762
2026-04-21 23:44:58,497 WARNING High grad norm: 811.85 at epoch=85 step=18763
2026-04-21 23:44:58,718 WARNING High grad norm: 1537.65 at epoch=85 step=18764
2026-04-21 23:44:58,939 WARNING High grad norm: 1449.34 at epoch=85 step=18765
2026-04-21 23:44:59,160 WARNING High grad norm: 1021.71 at epoch=85 step=18766
2026-04-21 23:44:59,381 WARNING High grad norm: 1695.05 at epoch=85 step=18767
2026-04-21 23:44:59,603 WARNING High grad norm: 900.51 at epoch=85 step=18768
2026-04-21 23:44:59,830 WARNING High grad norm: 3504.72 at epoch=85 step=18769
2026-04-21 23:45:00,052 WARNING High grad norm: 2698.72 at epoch=85 step=18770
2026-04-21 23:45:00,273 WARNING High grad norm: 531.35 at epoch=85 step=18771
2026-04-21 23:45:00,493 WARNING High grad norm: 695.03 at epoch=85 step=18772
2026-04-21 23:45:00,713 WARNING High grad norm: 668.68 at epoch=85 step=18773
2026-04-21 23:45:00,933 WARNING High grad norm: 1264.83 at epoch=85 step=18774
2026-04-21 23:45:01,154 WARNING High grad norm: 652.00 at epoch=85 step=18775
2026-04-21 23:45:01,376 WARNING High grad norm: 2385.53 at epoch=85 step=18776
2026-04-21 23:45:01,596 WARNING High grad norm: 943.67 at epoch=85 step=18777
2026-04-21 23:45:01,817 WARNING High grad norm: 1389.56 at epoch=85 step=18778
2026-04-21 23:45:02,037 WARNING High grad norm: 593.62 at epoch=85 step=18779
2026-04-21 23:45:02,257 WARNING High grad norm: 532.28 at epoch=85 step=18780
2026-04-21 23:45:02,477 WARNING High grad norm: 562.21 at epoch=85 step=18781
2026-04-21 23:45:02,698 WARNING High grad norm: 699.05 at epoch=85 step=18782
2026-04-21 23:45:02,920 WARNING High grad norm: 923.20 at epoch=85 step=18783
2026-04-21 23:45:03,143 WARNING High grad norm: 2331.35 at epoch=85 step=18784
2026-04-21 23:45:03,364 WARNING High grad norm: 1180.39 at epoch=85 step=18785
2026-04-21 23:45:03,588 WARNING High grad norm: 490.45 at epoch=85 step=18786
2026-04-21 23:45:03,809 WARNING High grad norm: 646.46 at epoch=85 step=18787
2026-04-21 23:45:04,031 WARNING High grad norm: 1013.34 at epoch=85 step=18788
2026-04-21 23:45:04,252 WARNING High grad norm: 814.64 at epoch=85 step=18789
2026-04-21 23:45:04,472 WARNING High grad norm: 2473.88 at epoch=85 step=18790
2026-04-21 23:45:04,692 WARNING High grad norm: 983.44 at epoch=85 step=18791
2026-04-21 23:45:04,912 WARNING High grad norm: 968.11 at epoch=85 step=18792
2026-04-21 23:45:05,136 WARNING High grad norm: 1027.50 at epoch=85 step=18793
2026-04-21 23:45:05,362 WARNING High grad norm: 993.19 at epoch=85 step=18794
2026-04-21 23:45:05,584 WARNING High grad norm: 871.34 at epoch=85 step=18795
2026-04-21 23:45:05,805 WARNING High grad norm: 561.65 at epoch=85 step=18796
2026-04-21 23:45:06,025 WARNING High grad norm: 709.38 at epoch=85 step=18797
2026-04-21 23:45:06,246 WARNING High grad norm: 1633.21 at epoch=85 step=18798
2026-04-21 23:45:06,466 WARNING High grad norm: 1147.02 at epoch=85 step=18799
2026-04-21 23:45:06,478 INFO epoch=85 step=18800 loss=476.3108 grad_norm=1147.0182 lr=1.00e-06
2026-04-21 23:45:06,690 WARNING High grad norm: 951.20 at epoch=85 step=18800
2026-04-21 23:45:06,911 WARNING High grad norm: 1123.74 at epoch=85 step=18801
2026-04-21 23:45:07,137 WARNING High grad norm: 1809.79 at epoch=85 step=18802
2026-04-21 23:45:07,358 WARNING High grad norm: 814.89 at epoch=85 step=18803
2026-04-21 23:45:07,579 WARNING High grad norm: 871.96 at epoch=85 step=18804
2026-04-21 23:45:07,801 WARNING High grad norm: 864.25 at epoch=85 step=18805
2026-04-21 23:45:08,022 WARNING High grad norm: 841.20 at epoch=85 step=18806
2026-04-21 23:45:08,242 WARNING High grad norm: 2685.04 at epoch=85 step=18807
2026-04-21 23:45:08,463 WARNING High grad norm: 1361.73 at epoch=85 step=18808
2026-04-21 23:45:08,683 WARNING High grad norm: 846.01 at epoch=85 step=18809
2026-04-21 23:45:08,903 WARNING High grad norm: 888.14 at epoch=85 step=18810
2026-04-21 23:45:09,123 WARNING High grad norm: 1086.34 at epoch=85 step=18811
2026-04-21 23:45:09,344 WARNING High grad norm: 670.27 at epoch=85 step=18812
2026-04-21 23:45:09,565 WARNING High grad norm: 973.18 at epoch=85 step=18813
2026-04-21 23:45:09,789 WARNING High grad norm: 665.10 at epoch=85 step=18814
2026-04-21 23:45:10,010 WARNING High grad norm: 877.28 at epoch=85 step=18815
2026-04-21 23:45:10,233 WARNING High grad norm: 1286.86 at epoch=85 step=18816
2026-04-21 23:45:10,453 WARNING High grad norm: 1305.89 at epoch=85 step=18817
2026-04-21 23:45:10,681 WARNING High grad norm: 594.67 at epoch=85 step=18818
2026-04-21 23:45:10,901 WARNING High grad norm: 722.38 at epoch=85 step=18819
2026-04-21 23:45:11,121 WARNING High grad norm: 2795.07 at epoch=85 step=18820
2026-04-21 23:45:11,345 WARNING High grad norm: 830.65 at epoch=85 step=18821
2026-04-21 23:45:11,566 WARNING High grad norm: 2077.48 at epoch=85 step=18822
2026-04-21 23:45:11,795 WARNING High grad norm: 928.07 at epoch=85 step=18823
2026-04-21 23:45:12,021 WARNING High grad norm: 823.09 at epoch=85 step=18824
2026-04-21 23:45:12,243 WARNING High grad norm: 969.98 at epoch=85 step=18825
2026-04-21 23:45:12,463 WARNING High grad norm: 833.76 at epoch=85 step=18826
2026-04-21 23:45:12,690 WARNING High grad norm: 770.48 at epoch=85 step=18827
2026-04-21 23:45:12,911 WARNING High grad norm: 598.41 at epoch=85 step=18828
2026-04-21 23:45:13,135 WARNING High grad norm: 1533.44 at epoch=85 step=18829
2026-04-21 23:45:13,364 WARNING High grad norm: 619.54 at epoch=85 step=18830
2026-04-21 23:45:13,585 WARNING High grad norm: 1010.99 at epoch=85 step=18831
2026-04-21 23:45:13,805 WARNING High grad norm: 1264.47 at epoch=85 step=18832
2026-04-21 23:45:14,026 WARNING High grad norm: 872.63 at epoch=85 step=18833
2026-04-21 23:45:14,247 WARNING High grad norm: 991.55 at epoch=85 step=18834
2026-04-21 23:45:14,470 WARNING High grad norm: 676.29 at epoch=85 step=18835
2026-04-21 23:45:14,690 WARNING High grad norm: 827.84 at epoch=85 step=18836
2026-04-21 23:45:14,911 WARNING High grad norm: 1010.79 at epoch=85 step=18837
2026-04-21 23:45:15,135 WARNING High grad norm: 2034.32 at epoch=85 step=18838
2026-04-21 23:45:15,355 WARNING High grad norm: 1657.39 at epoch=85 step=18839
2026-04-21 23:45:15,574 WARNING High grad norm: 734.04 at epoch=85 step=18840
2026-04-21 23:45:15,797 WARNING High grad norm: 3646.88 at epoch=85 step=18841
2026-04-21 23:45:16,021 WARNING High grad norm: 1592.91 at epoch=85 step=18842
2026-04-21 23:45:16,241 WARNING High grad norm: 969.17 at epoch=85 step=18843
2026-04-21 23:45:16,461 WARNING High grad norm: 665.92 at epoch=85 step=18844
2026-04-21 23:45:16,690 WARNING High grad norm: 608.08 at epoch=85 step=18845
2026-04-21 23:45:16,910 WARNING High grad norm: 653.77 at epoch=85 step=18846
2026-04-21 23:45:17,131 WARNING High grad norm: 575.94 at epoch=85 step=18847
2026-04-21 23:45:17,355 WARNING High grad norm: 972.72 at epoch=85 step=18848
2026-04-21 23:45:17,575 WARNING High grad norm: 1018.06 at epoch=85 step=18849
2026-04-21 23:45:17,799 WARNING High grad norm: 1333.52 at epoch=85 step=18850
2026-04-21 23:45:18,020 WARNING High grad norm: 1584.43 at epoch=85 step=18851
2026-04-21 23:45:18,241 WARNING High grad norm: 651.95 at epoch=85 step=18852
2026-04-21 23:45:18,463 WARNING High grad norm: 1109.61 at epoch=85 step=18853
2026-04-21 23:45:18,684 WARNING High grad norm: 3051.98 at epoch=85 step=18854
2026-04-21 23:45:18,904 WARNING High grad norm: 924.70 at epoch=85 step=18855
2026-04-21 23:45:19,127 WARNING High grad norm: 725.65 at epoch=85 step=18856
2026-04-21 23:45:19,350 WARNING High grad norm: 543.31 at epoch=85 step=18857
2026-04-21 23:45:19,570 WARNING High grad norm: 2222.99 at epoch=85 step=18858
2026-04-21 23:45:19,799 WARNING High grad norm: 679.50 at epoch=85 step=18859
2026-04-21 23:45:20,019 WARNING High grad norm: 1550.07 at epoch=85 step=18860
2026-04-21 23:45:20,239 WARNING High grad norm: 1642.64 at epoch=85 step=18861
2026-04-21 23:45:20,464 WARNING High grad norm: 848.94 at epoch=85 step=18862
2026-04-21 23:45:20,686 WARNING High grad norm: 1444.03 at epoch=85 step=18863
2026-04-21 23:45:20,912 WARNING High grad norm: 1626.48 at epoch=85 step=18864
2026-04-21 23:45:21,132 WARNING High grad norm: 1101.68 at epoch=85 step=18865
2026-04-21 23:45:21,353 WARNING High grad norm: 975.25 at epoch=85 step=18866
2026-04-21 23:45:21,573 WARNING High grad norm: 674.26 at epoch=85 step=18867
2026-04-21 23:45:21,793 WARNING High grad norm: 1882.63 at epoch=85 step=18868
2026-04-21 23:45:22,016 WARNING High grad norm: 2473.88 at epoch=85 step=18869
2026-04-21 23:45:22,242 WARNING High grad norm: 3821.06 at epoch=85 step=18870
2026-04-21 23:45:22,464 WARNING High grad norm: 2543.64 at epoch=85 step=18871
2026-04-21 23:45:22,686 WARNING High grad norm: 1189.97 at epoch=85 step=18872
2026-04-21 23:45:22,907 WARNING High grad norm: 695.25 at epoch=85 step=18873
2026-04-21 23:45:23,127 WARNING High grad norm: 1504.67 at epoch=85 step=18874
2026-04-21 23:45:23,348 WARNING High grad norm: 1022.92 at epoch=85 step=18875
2026-04-21 23:45:23,569 WARNING High grad norm: 1229.87 at epoch=85 step=18876
2026-04-21 23:45:23,790 WARNING High grad norm: 846.35 at epoch=85 step=18877
2026-04-21 23:45:24,012 WARNING High grad norm: 1891.21 at epoch=85 step=18878
2026-04-21 23:45:24,234 WARNING High grad norm: 836.66 at epoch=85 step=18879
2026-04-21 23:45:24,456 WARNING High grad norm: 2511.85 at epoch=85 step=18880
2026-04-21 23:45:24,676 WARNING High grad norm: 727.81 at epoch=85 step=18881
2026-04-21 23:45:24,900 WARNING High grad norm: 661.75 at epoch=85 step=18882
2026-04-21 23:45:25,124 WARNING High grad norm: 2146.51 at epoch=85 step=18883
2026-04-21 23:45:25,345 WARNING High grad norm: 1779.17 at epoch=85 step=18884
2026-04-21 23:45:25,566 WARNING High grad norm: 1029.66 at epoch=85 step=18885
2026-04-21 23:45:25,787 WARNING High grad norm: 1033.30 at epoch=85 step=18886
2026-04-21 23:45:26,012 WARNING High grad norm: 967.81 at epoch=85 step=18887
2026-04-21 23:45:26,234 WARNING High grad norm: 1058.71 at epoch=85 step=18888
2026-04-21 23:45:26,455 WARNING High grad norm: 1739.53 at epoch=85 step=18889
2026-04-21 23:45:26,678 WARNING High grad norm: 572.96 at epoch=85 step=18890
2026-04-21 23:45:26,899 WARNING High grad norm: 1171.60 at epoch=85 step=18891
2026-04-21 23:45:27,121 WARNING High grad norm: 1008.51 at epoch=85 step=18892
2026-04-21 23:45:27,342 WARNING High grad norm: 1437.81 at epoch=85 step=18893
2026-04-21 23:45:27,570 WARNING High grad norm: 1106.21 at epoch=85 step=18894
2026-04-21 23:45:27,792 WARNING High grad norm: 1607.15 at epoch=85 step=18895
2026-04-21 23:45:28,014 WARNING High grad norm: 1002.69 at epoch=85 step=18896
2026-04-21 23:45:28,236 WARNING High grad norm: 745.74 at epoch=85 step=18897
2026-04-21 23:45:28,457 WARNING High grad norm: 799.95 at epoch=85 step=18898
2026-04-21 23:45:28,686 WARNING High grad norm: 828.68 at epoch=85 step=18899
2026-04-21 23:45:28,696 INFO epoch=85 step=18900 loss=478.1925 grad_norm=828.6761 lr=1.00e-06
2026-04-21 23:45:28,908 WARNING High grad norm: 1035.29 at epoch=85 step=18900
2026-04-21 23:45:29,130 WARNING High grad norm: 688.33 at epoch=85 step=18901
2026-04-21 23:45:29,351 WARNING High grad norm: 2099.43 at epoch=85 step=18902
2026-04-21 23:45:29,572 WARNING High grad norm: 942.23 at epoch=85 step=18903
2026-04-21 23:45:29,797 WARNING High grad norm: 611.76 at epoch=85 step=18904
2026-04-21 23:45:30,019 WARNING High grad norm: 823.47 at epoch=85 step=18905
2026-04-21 23:45:30,245 WARNING High grad norm: 2328.27 at epoch=85 step=18906
2026-04-21 23:45:30,466 WARNING High grad norm: 748.38 at epoch=85 step=18907
2026-04-21 23:45:30,688 WARNING High grad norm: 1436.05 at epoch=85 step=18908
2026-04-21 23:45:30,909 WARNING High grad norm: 1137.30 at epoch=85 step=18909
2026-04-21 23:45:31,132 WARNING High grad norm: 976.46 at epoch=85 step=18910
2026-04-21 23:45:31,356 WARNING High grad norm: 592.06 at epoch=85 step=18911
2026-04-21 23:45:31,576 WARNING High grad norm: 570.88 at epoch=85 step=18912
2026-04-21 23:45:31,800 WARNING High grad norm: 2397.75 at epoch=85 step=18913
2026-04-21 23:45:32,022 WARNING High grad norm: 821.90 at epoch=85 step=18914
2026-04-21 23:45:32,242 WARNING High grad norm: 804.53 at epoch=85 step=18915
2026-04-21 23:45:32,465 WARNING High grad norm: 2781.57 at epoch=85 step=18916
2026-04-21 23:45:32,687 WARNING High grad norm: 1722.25 at epoch=85 step=18917
2026-04-21 23:45:32,906 WARNING High grad norm: 757.29 at epoch=85 step=18918
2026-04-21 23:45:33,129 WARNING High grad norm: 887.05 at epoch=85 step=18919
2026-04-21 23:45:33,352 WARNING High grad norm: 1258.15 at epoch=85 step=18920
2026-04-21 23:45:33,572 WARNING High grad norm: 947.30 at epoch=85 step=18921
2026-04-21 23:45:33,794 WARNING High grad norm: 603.76 at epoch=85 step=18922
2026-04-21 23:45:34,014 WARNING High grad norm: 1136.99 at epoch=85 step=18923
2026-04-21 23:45:34,235 WARNING High grad norm: 2218.91 at epoch=85 step=18924
2026-04-21 23:45:34,457 WARNING High grad norm: 1410.01 at epoch=85 step=18925
2026-04-21 23:45:34,677 WARNING High grad norm: 678.51 at epoch=85 step=18926
2026-04-21 23:45:34,898 WARNING High grad norm: 777.77 at epoch=85 step=18927
2026-04-21 23:45:35,117 WARNING High grad norm: 1123.33 at epoch=85 step=18928
2026-04-21 23:45:35,343 WARNING High grad norm: 1038.44 at epoch=85 step=18929
2026-04-21 23:45:35,568 WARNING High grad norm: 1923.04 at epoch=85 step=18930
2026-04-21 23:45:35,789 WARNING High grad norm: 664.25 at epoch=85 step=18931
2026-04-21 23:45:36,011 WARNING High grad norm: 876.79 at epoch=85 step=18932
2026-04-21 23:45:36,231 WARNING High grad norm: 985.05 at epoch=85 step=18933
2026-04-21 23:45:36,453 WARNING High grad norm: 2839.02 at epoch=85 step=18934
2026-04-21 23:45:36,675 WARNING High grad norm: 1006.58 at epoch=85 step=18935
2026-04-21 23:45:36,898 WARNING High grad norm: 1279.61 at epoch=85 step=18936
2026-04-21 23:45:37,120 WARNING High grad norm: 621.21 at epoch=85 step=18937
2026-04-21 23:45:37,344 WARNING High grad norm: 733.74 at epoch=85 step=18938
2026-04-21 23:45:37,565 WARNING High grad norm: 607.27 at epoch=85 step=18939
2026-04-21 23:45:37,786 WARNING High grad norm: 554.05 at epoch=85 step=18940
2026-04-21 23:45:38,007 WARNING High grad norm: 754.12 at epoch=85 step=18941
2026-04-21 23:45:38,228 WARNING High grad norm: 666.96 at epoch=85 step=18942
2026-04-21 23:45:38,455 WARNING High grad norm: 1064.27 at epoch=85 step=18943
2026-04-21 23:45:38,676 WARNING High grad norm: 1147.23 at epoch=85 step=18944
2026-04-21 23:45:38,896 WARNING High grad norm: 1483.16 at epoch=85 step=18945
2026-04-21 23:45:39,119 WARNING High grad norm: 679.52 at epoch=85 step=18946
2026-04-21 23:45:39,339 WARNING High grad norm: 1559.33 at epoch=85 step=18947
2026-04-21 23:45:39,560 WARNING High grad norm: 905.59 at epoch=85 step=18948
2026-04-21 23:45:39,779 WARNING High grad norm: 1694.12 at epoch=85 step=18949
2026-04-21 23:45:40,001 WARNING High grad norm: 1164.84 at epoch=85 step=18950
2026-04-21 23:45:40,224 WARNING High grad norm: 1093.99 at epoch=85 step=18951
2026-04-21 23:45:40,447 WARNING High grad norm: 1528.57 at epoch=85 step=18952
2026-04-21 23:45:40,668 WARNING High grad norm: 1130.38 at epoch=85 step=18953
2026-04-21 23:45:40,816 WARNING High grad norm: 830.50 at epoch=85 step=18954
2026-04-21 23:45:41,380 INFO epoch=85 avg_loss=478.2863 lr=1.00e-06
2026-04-21 23:45:47,838 INFO Saved checkpoint to C:\Users\artun\Desktop\ITS-project\checkpoints\score_fmnist_v2\score_epoch_0085.pt
2026-04-21 23:46:01,333 WARNING High grad norm: 1730.06 at epoch=86 step=18955
2026-04-21 23:46:01,558 WARNING High grad norm: 1424.90 at epoch=86 step=18956
2026-04-21 23:46:01,776 WARNING High grad norm: 925.65 at epoch=86 step=18957
2026-04-21 23:46:02,003 WARNING High grad norm: 862.57 at epoch=86 step=18958
2026-04-21 23:46:02,223 WARNING High grad norm: 1263.99 at epoch=86 step=18959
2026-04-21 23:46:02,447 WARNING High grad norm: 874.01 at epoch=86 step=18960
2026-04-21 23:46:02,668 WARNING High grad norm: 832.29 at epoch=86 step=18961
2026-04-21 23:46:02,890 WARNING High grad norm: 596.97 at epoch=86 step=18962
2026-04-21 23:46:03,112 WARNING High grad norm: 2505.01 at epoch=86 step=18963
2026-04-21 23:46:03,332 WARNING High grad norm: 846.26 at epoch=86 step=18964
2026-04-21 23:46:03,551 WARNING High grad norm: 582.77 at epoch=86 step=18965
2026-04-21 23:46:03,770 WARNING High grad norm: 803.03 at epoch=86 step=18966
2026-04-21 23:46:03,989 WARNING High grad norm: 845.14 at epoch=86 step=18967
2026-04-21 23:46:04,211 WARNING High grad norm: 810.95 at epoch=86 step=18968
2026-04-21 23:46:04,438 WARNING High grad norm: 902.79 at epoch=86 step=18969
2026-04-21 23:46:04,657 WARNING High grad norm: 866.34 at epoch=86 step=18970
2026-04-21 23:46:04,877 WARNING High grad norm: 771.76 at epoch=86 step=18971
2026-04-21 23:46:05,096 WARNING High grad norm: 1374.69 at epoch=86 step=18972
2026-04-21 23:46:05,316 WARNING High grad norm: 798.17 at epoch=86 step=18973
2026-04-21 23:46:05,537 WARNING High grad norm: 835.67 at epoch=86 step=18974
2026-04-21 23:46:05,758 WARNING High grad norm: 1281.53 at epoch=86 step=18975
2026-04-21 23:46:05,977 WARNING High grad norm: 647.83 at epoch=86 step=18976
2026-04-21 23:46:06,202 WARNING High grad norm: 567.00 at epoch=86 step=18977
2026-04-21 23:46:06,429 WARNING High grad norm: 1813.97 at epoch=86 step=18978
2026-04-21 23:46:06,648 WARNING High grad norm: 727.77 at epoch=86 step=18979
2026-04-21 23:46:06,876 WARNING High grad norm: 1294.27 at epoch=86 step=18980
2026-04-21 23:46:07,095 WARNING High grad norm: 734.18 at epoch=86 step=18981
2026-04-21 23:46:07,315 WARNING High grad norm: 1848.67 at epoch=86 step=18982
2026-04-21 23:46:07,535 WARNING High grad norm: 759.04 at epoch=86 step=18983
2026-04-21 23:46:07,763 WARNING High grad norm: 1154.37 at epoch=86 step=18984
2026-04-21 23:46:07,982 WARNING High grad norm: 871.78 at epoch=86 step=18985
2026-04-21 23:46:08,204 WARNING High grad norm: 1787.34 at epoch=86 step=18986
2026-04-21 23:46:08,422 WARNING High grad norm: 1114.97 at epoch=86 step=18987
2026-04-21 23:46:08,643 WARNING High grad norm: 573.05 at epoch=86 step=18988
2026-04-21 23:46:08,866 WARNING High grad norm: 536.88 at epoch=86 step=18989
2026-04-21 23:46:09,085 WARNING High grad norm: 2551.20 at epoch=86 step=18990
2026-04-21 23:46:09,305 WARNING High grad norm: 595.42 at epoch=86 step=18991
2026-04-21 23:46:09,524 WARNING High grad norm: 672.66 at epoch=86 step=18992
2026-04-21 23:46:09,745 WARNING High grad norm: 814.88 at epoch=86 step=18993
2026-04-21 23:46:09,968 WARNING High grad norm: 2158.82 at epoch=86 step=18994
2026-04-21 23:46:10,190 WARNING High grad norm: 2053.71 at epoch=86 step=18995
2026-04-21 23:46:10,413 WARNING High grad norm: 1070.79 at epoch=86 step=18996
2026-04-21 23:46:10,633 WARNING High grad norm: 1135.53 at epoch=86 step=18997
2026-04-21 23:46:10,853 WARNING High grad norm: 1907.90 at epoch=86 step=18998
2026-04-21 23:46:11,075 WARNING High grad norm: 608.95 at epoch=86 step=18999
2026-04-21 23:46:11,084 INFO epoch=86 step=19000 loss=492.8279 grad_norm=608.9521 lr=1.00e-06
2026-04-21 23:46:11,295 WARNING High grad norm: 1882.97 at epoch=86 step=19000
2026-04-21 23:46:11,518 WARNING High grad norm: 1098.16 at epoch=86 step=19001
2026-04-21 23:46:11,738 WARNING High grad norm: 1250.45 at epoch=86 step=19002
2026-04-21 23:46:11,958 WARNING High grad norm: 1400.64 at epoch=86 step=19003
2026-04-21 23:46:12,177 WARNING High grad norm: 1267.39 at epoch=86 step=19004
2026-04-21 23:46:12,397 WARNING High grad norm: 1136.62 at epoch=86 step=19005
2026-04-21 23:46:12,617 WARNING High grad norm: 828.71 at epoch=86 step=19006
2026-04-21 23:46:12,836 WARNING High grad norm: 1474.33 at epoch=86 step=19007
2026-04-21 23:46:13,056 WARNING High grad norm: 816.75 at epoch=86 step=19008
2026-04-21 23:46:13,283 WARNING High grad norm: 935.35 at epoch=86 step=19009
2026-04-21 23:46:13,503 WARNING High grad norm: 1493.39 at epoch=86 step=19010
2026-04-21 23:46:13,723 WARNING High grad norm: 1074.48 at epoch=86 step=19011
2026-04-21 23:46:13,950 WARNING High grad norm: 1417.04 at epoch=86 step=19012
2026-04-21 23:46:14,170 WARNING High grad norm: 887.55 at epoch=86 step=19013
2026-04-21 23:46:14,392 WARNING High grad norm: 1279.37 at epoch=86 step=19014
2026-04-21 23:46:14,613 WARNING High grad norm: 1074.33 at epoch=86 step=19015
2026-04-21 23:46:14,834 WARNING High grad norm: 1105.06 at epoch=86 step=19016
2026-04-21 23:46:15,060 WARNING High grad norm: 693.63 at epoch=86 step=19017
2026-04-21 23:46:15,281 WARNING High grad norm: 859.98 at epoch=86 step=19018
2026-04-21 23:46:15,502 WARNING High grad norm: 1233.80 at epoch=86 step=19019
2026-04-21 23:46:15,723 WARNING High grad norm: 1180.92 at epoch=86 step=19020
2026-04-21 23:46:15,947 WARNING High grad norm: 848.11 at epoch=86 step=19021
2026-04-21 23:46:16,171 WARNING High grad norm: 819.65 at epoch=86 step=19022
2026-04-21 23:46:16,394 WARNING High grad norm: 1462.94 at epoch=86 step=19023
2026-04-21 23:46:16,615 WARNING High grad norm: 626.09 at epoch=86 step=19024
2026-04-21 23:46:16,835 WARNING High grad norm: 1135.04 at epoch=86 step=19025
2026-04-21 23:46:17,055 WARNING High grad norm: 878.97 at epoch=86 step=19026
2026-04-21 23:46:17,279 WARNING High grad norm: 1049.01 at epoch=86 step=19027
2026-04-21 23:46:17,499 WARNING High grad norm: 1079.16 at epoch=86 step=19028
2026-04-21 23:46:17,719 WARNING High grad norm: 1603.32 at epoch=86 step=19029
2026-04-21 23:46:17,939 WARNING High grad norm: 1633.55 at epoch=86 step=19030
2026-04-21 23:46:18,160 WARNING High grad norm: 1117.36 at epoch=86 step=19031
2026-04-21 23:46:18,382 WARNING High grad norm: 1865.13 at epoch=86 step=19032
2026-04-21 23:46:18,602 WARNING High grad norm: 1920.82 at epoch=86 step=19033
2026-04-21 23:46:18,823 WARNING High grad norm: 1857.41 at epoch=86 step=19034
2026-04-21 23:46:19,045 WARNING High grad norm: 936.07 at epoch=86 step=19035
2026-04-21 23:46:19,267 WARNING High grad norm: 2312.63 at epoch=86 step=19036
2026-04-21 23:46:19,487 WARNING High grad norm: 832.92 at epoch=86 step=19037
2026-04-21 23:46:19,707 WARNING High grad norm: 982.78 at epoch=86 step=19038
2026-04-21 23:46:19,928 WARNING High grad norm: 1535.39 at epoch=86 step=19039
2026-04-21 23:46:20,151 WARNING High grad norm: 578.45 at epoch=86 step=19040
2026-04-21 23:46:20,380 WARNING High grad norm: 1114.52 at epoch=86 step=19041
2026-04-21 23:46:20,600 WARNING High grad norm: 1063.40 at epoch=86 step=19042
2026-04-21 23:46:20,821 WARNING High grad norm: 787.63 at epoch=86 step=19043
2026-04-21 23:46:21,042 WARNING High grad norm: 1027.12 at epoch=86 step=19044
2026-04-21 23:46:21,264 WARNING High grad norm: 1423.76 at epoch=86 step=19045
2026-04-21 23:46:21,487 WARNING High grad norm: 760.07 at epoch=86 step=19046
2026-04-21 23:46:21,713 WARNING High grad norm: 1925.08 at epoch=86 step=19047
2026-04-21 23:46:21,933 WARNING High grad norm: 1047.07 at epoch=86 step=19048
2026-04-21 23:46:22,152 WARNING High grad norm: 1926.85 at epoch=86 step=19049
2026-04-21 23:46:22,374 WARNING High grad norm: 692.01 at epoch=86 step=19050
2026-04-21 23:46:22,595 WARNING High grad norm: 681.30 at epoch=86 step=19051
2026-04-21 23:46:22,815 WARNING High grad norm: 1817.49 at epoch=86 step=19052
2026-04-21 23:46:23,035 WARNING High grad norm: 976.74 at epoch=86 step=19053
2026-04-21 23:46:23,257 WARNING High grad norm: 1426.66 at epoch=86 step=19054
2026-04-21 23:46:23,478 WARNING High grad norm: 810.17 at epoch=86 step=19055
2026-04-21 23:46:23,706 WARNING High grad norm: 2134.41 at epoch=86 step=19056
2026-04-21 23:46:23,929 WARNING High grad norm: 2063.63 at epoch=86 step=19057
2026-04-21 23:46:24,156 WARNING High grad norm: 981.79 at epoch=86 step=19058
2026-04-21 23:46:24,377 WARNING High grad norm: 1274.92 at epoch=86 step=19059
2026-04-21 23:46:24,601 WARNING High grad norm: 543.32 at epoch=86 step=19060
2026-04-21 23:46:24,820 WARNING High grad norm: 1864.97 at epoch=86 step=19061
2026-04-21 23:46:25,041 WARNING High grad norm: 816.69 at epoch=86 step=19062
2026-04-21 23:46:25,262 WARNING High grad norm: 759.04 at epoch=86 step=19063
2026-04-21 23:46:25,487 WARNING High grad norm: 833.26 at epoch=86 step=19064
2026-04-21 23:46:25,710 WARNING High grad norm: 2234.69 at epoch=86 step=19065
2026-04-21 23:46:25,936 WARNING High grad norm: 826.09 at epoch=86 step=19066
2026-04-21 23:46:26,156 WARNING High grad norm: 1124.12 at epoch=86 step=19067
2026-04-21 23:46:26,377 WARNING High grad norm: 859.39 at epoch=86 step=19068
2026-04-21 23:46:26,602 WARNING High grad norm: 730.08 at epoch=86 step=19069
2026-04-21 23:46:26,823 WARNING High grad norm: 1305.41 at epoch=86 step=19070
2026-04-21 23:46:27,043 WARNING High grad norm: 617.05 at epoch=86 step=19071
2026-04-21 23:46:27,266 WARNING High grad norm: 667.91 at epoch=86 step=19072
2026-04-21 23:46:27,485 WARNING High grad norm: 1622.79 at epoch=86 step=19073
2026-04-21 23:46:27,711 WARNING High grad norm: 635.58 at epoch=86 step=19074
2026-04-21 23:46:27,937 WARNING High grad norm: 1404.95 at epoch=86 step=19075
2026-04-21 23:46:28,169 WARNING High grad norm: 1189.54 at epoch=86 step=19076
2026-04-21 23:46:28,392 WARNING High grad norm: 2248.05 at epoch=86 step=19077
2026-04-21 23:46:28,616 WARNING High grad norm: 768.38 at epoch=86 step=19078
2026-04-21 23:46:28,841 WARNING High grad norm: 1055.09 at epoch=86 step=19079
2026-04-21 23:46:29,071 WARNING High grad norm: 660.03 at epoch=86 step=19080
2026-04-21 23:46:29,291 WARNING High grad norm: 3393.90 at epoch=86 step=19081
2026-04-21 23:46:29,511 WARNING High grad norm: 583.79 at epoch=86 step=19082
2026-04-21 23:46:29,734 WARNING High grad norm: 966.10 at epoch=86 step=19083
2026-04-21 23:46:29,956 WARNING High grad norm: 1017.12 at epoch=86 step=19084
2026-04-21 23:46:30,175 WARNING High grad norm: 1178.43 at epoch=86 step=19085
2026-04-21 23:46:30,399 WARNING High grad norm: 820.77 at epoch=86 step=19086
2026-04-21 23:46:30,628 WARNING High grad norm: 787.11 at epoch=86 step=19087
2026-04-21 23:46:30,850 WARNING High grad norm: 657.96 at epoch=86 step=19088
2026-04-21 23:46:31,074 WARNING High grad norm: 801.73 at epoch=86 step=19089
2026-04-21 23:46:31,297 WARNING High grad norm: 878.16 at epoch=86 step=19090
2026-04-21 23:46:31,517 WARNING High grad norm: 1181.11 at epoch=86 step=19091
2026-04-21 23:46:31,738 WARNING High grad norm: 495.78 at epoch=86 step=19092
2026-04-21 23:46:31,958 WARNING High grad norm: 2248.68 at epoch=86 step=19093
2026-04-21 23:46:32,182 WARNING High grad norm: 1261.12 at epoch=86 step=19094
2026-04-21 23:46:32,403 WARNING High grad norm: 597.79 at epoch=86 step=19095
2026-04-21 23:46:32,623 WARNING High grad norm: 701.95 at epoch=86 step=19096
2026-04-21 23:46:32,844 WARNING High grad norm: 1618.44 at epoch=86 step=19097
2026-04-21 23:46:33,065 WARNING High grad norm: 1553.05 at epoch=86 step=19098
2026-04-21 23:46:33,286 WARNING High grad norm: 834.67 at epoch=86 step=19099
2026-04-21 23:46:33,295 INFO epoch=86 step=19100 loss=480.3912 grad_norm=834.6667 lr=1.00e-06
2026-04-21 23:46:33,508 WARNING High grad norm: 1131.67 at epoch=86 step=19100
2026-04-21 23:46:33,729 WARNING High grad norm: 953.27 at epoch=86 step=19101
2026-04-21 23:46:33,949 WARNING High grad norm: 1066.29 at epoch=86 step=19102
2026-04-21 23:46:34,174 WARNING High grad norm: 1407.49 at epoch=86 step=19103
2026-04-21 23:46:34,400 WARNING High grad norm: 1149.50 at epoch=86 step=19104
2026-04-21 23:46:34,621 WARNING High grad norm: 946.47 at epoch=86 step=19105
2026-04-21 23:46:34,847 WARNING High grad norm: 1506.59 at epoch=86 step=19106
2026-04-21 23:46:35,077 WARNING High grad norm: 947.67 at epoch=86 step=19107
2026-04-21 23:46:35,301 WARNING High grad norm: 652.07 at epoch=86 step=19108
2026-04-21 23:46:35,522 WARNING High grad norm: 741.44 at epoch=86 step=19109
2026-04-21 23:46:35,745 WARNING High grad norm: 1404.44 at epoch=86 step=19110
2026-04-21 23:46:35,970 WARNING High grad norm: 1171.01 at epoch=86 step=19111
2026-04-21 23:46:36,191 WARNING High grad norm: 693.21 at epoch=86 step=19112
2026-04-21 23:46:36,412 WARNING High grad norm: 1533.29 at epoch=86 step=19113
2026-04-21 23:46:36,632 WARNING High grad norm: 782.53 at epoch=86 step=19114
2026-04-21 23:46:36,853 WARNING High grad norm: 742.85 at epoch=86 step=19115
2026-04-21 23:46:37,078 WARNING High grad norm: 1272.06 at epoch=86 step=19116
2026-04-21 23:46:37,307 WARNING High grad norm: 1816.42 at epoch=86 step=19117
2026-04-21 23:46:37,528 WARNING High grad norm: 1043.84 at epoch=86 step=19118
2026-04-21 23:46:37,748 WARNING High grad norm: 1764.53 at epoch=86 step=19119
2026-04-21 23:46:37,969 WARNING High grad norm: 922.52 at epoch=86 step=19120
2026-04-21 23:46:38,189 WARNING High grad norm: 1010.02 at epoch=86 step=19121
2026-04-21 23:46:38,410 WARNING High grad norm: 858.85 at epoch=86 step=19122
2026-04-21 23:46:38,631 WARNING High grad norm: 818.28 at epoch=86 step=19123
2026-04-21 23:46:38,853 WARNING High grad norm: 911.75 at epoch=86 step=19124
2026-04-21 23:46:39,076 WARNING High grad norm: 1025.21 at epoch=86 step=19125
2026-04-21 23:46:39,296 WARNING High grad norm: 1093.63 at epoch=86 step=19126
2026-04-21 23:46:39,517 WARNING High grad norm: 744.27 at epoch=86 step=19127
2026-04-21 23:46:39,745 WARNING High grad norm: 1730.75 at epoch=86 step=19128
2026-04-21 23:46:39,969 WARNING High grad norm: 748.82 at epoch=86 step=19129
2026-04-21 23:46:40,189 WARNING High grad norm: 1474.24 at epoch=86 step=19130
2026-04-21 23:46:40,410 WARNING High grad norm: 1257.94 at epoch=86 step=19131
2026-04-21 23:46:40,629 WARNING High grad norm: 761.13 at epoch=86 step=19132
2026-04-21 23:46:40,851 WARNING High grad norm: 906.80 at epoch=86 step=19133
2026-04-21 23:46:41,071 WARNING High grad norm: 565.42 at epoch=86 step=19134
2026-04-21 23:46:41,291 WARNING High grad norm: 727.80 at epoch=86 step=19135
2026-04-21 23:46:41,519 WARNING High grad norm: 1873.20 at epoch=86 step=19136
2026-04-21 23:46:41,741 WARNING High grad norm: 528.57 at epoch=86 step=19137
2026-04-21 23:46:41,963 WARNING High grad norm: 765.12 at epoch=86 step=19138
2026-04-21 23:46:42,188 WARNING High grad norm: 2231.91 at epoch=86 step=19139
2026-04-21 23:46:42,408 WARNING High grad norm: 812.65 at epoch=86 step=19140
2026-04-21 23:46:42,629 WARNING High grad norm: 772.45 at epoch=86 step=19141
2026-04-21 23:46:42,850 WARNING High grad norm: 724.95 at epoch=86 step=19142
2026-04-21 23:46:43,073 WARNING High grad norm: 684.63 at epoch=86 step=19143
2026-04-21 23:46:43,302 WARNING High grad norm: 835.38 at epoch=86 step=19144
2026-04-21 23:46:43,522 WARNING High grad norm: 745.75 at epoch=86 step=19145
2026-04-21 23:46:43,743 WARNING High grad norm: 645.23 at epoch=86 step=19146
2026-04-21 23:46:43,971 WARNING High grad norm: 1515.99 at epoch=86 step=19147
2026-04-21 23:46:44,193 WARNING High grad norm: 766.77 at epoch=86 step=19148
2026-04-21 23:46:44,422 WARNING High grad norm: 869.65 at epoch=86 step=19149
2026-04-21 23:46:44,643 WARNING High grad norm: 1742.53 at epoch=86 step=19150
2026-04-21 23:46:44,863 WARNING High grad norm: 1012.78 at epoch=86 step=19151
2026-04-21 23:46:45,087 WARNING High grad norm: 1134.18 at epoch=86 step=19152
2026-04-21 23:46:45,308 WARNING High grad norm: 712.95 at epoch=86 step=19153
2026-04-21 23:46:45,531 WARNING High grad norm: 1090.83 at epoch=86 step=19154
2026-04-21 23:46:45,752 WARNING High grad norm: 624.83 at epoch=86 step=19155
2026-04-21 23:46:45,973 WARNING High grad norm: 725.76 at epoch=86 step=19156
2026-04-21 23:46:46,197 WARNING High grad norm: 597.76 at epoch=86 step=19157
2026-04-21 23:46:46,418 WARNING High grad norm: 1463.51 at epoch=86 step=19158
2026-04-21 23:46:46,638 WARNING High grad norm: 542.70 at epoch=86 step=19159
2026-04-21 23:46:46,860 WARNING High grad norm: 582.22 at epoch=86 step=19160
2026-04-21 23:46:47,080 WARNING High grad norm: 950.92 at epoch=86 step=19161
2026-04-21 23:46:47,302 WARNING High grad norm: 766.70 at epoch=86 step=19162
2026-04-21 23:46:47,529 WARNING High grad norm: 1347.69 at epoch=86 step=19163
2026-04-21 23:46:47,755 WARNING High grad norm: 1212.21 at epoch=86 step=19164
2026-04-21 23:46:47,975 WARNING High grad norm: 1784.84 at epoch=86 step=19165
2026-04-21 23:46:48,198 WARNING High grad norm: 1191.93 at epoch=86 step=19166
2026-04-21 23:46:48,421 WARNING High grad norm: 2029.11 at epoch=86 step=19167
2026-04-21 23:46:48,645 WARNING High grad norm: 868.03 at epoch=86 step=19168
2026-04-21 23:46:48,867 WARNING High grad norm: 1023.66 at epoch=86 step=19169
2026-04-21 23:46:49,087 WARNING High grad norm: 865.08 at epoch=86 step=19170
2026-04-21 23:46:49,308 WARNING High grad norm: 753.45 at epoch=86 step=19171
2026-04-21 23:46:49,529 WARNING High grad norm: 1109.50 at epoch=86 step=19172
2026-04-21 23:46:49,752 WARNING High grad norm: 885.24 at epoch=86 step=19173
2026-04-21 23:46:49,979 WARNING High grad norm: 780.61 at epoch=86 step=19174
2026-04-21 23:46:50,205 WARNING High grad norm: 872.40 at epoch=86 step=19175
2026-04-21 23:46:50,428 WARNING High grad norm: 1144.47 at epoch=86 step=19176
2026-04-21 23:46:50,578 WARNING High grad norm: 2172.11 at epoch=86 step=19177
2026-04-21 23:46:51,154 INFO epoch=86 avg_loss=477.5060 lr=1.00e-06
2026-04-21 23:47:05,028 WARNING High grad norm: 739.18 at epoch=87 step=19178
2026-04-21 23:47:05,247 WARNING High grad norm: 1896.54 at epoch=87 step=19179
2026-04-21 23:47:05,466 WARNING High grad norm: 955.91 at epoch=87 step=19180
2026-04-21 23:47:05,687 WARNING High grad norm: 779.13 at epoch=87 step=19181
2026-04-21 23:47:05,905 WARNING High grad norm: 1175.60 at epoch=87 step=19182
2026-04-21 23:47:06,124 WARNING High grad norm: 825.10 at epoch=87 step=19183
2026-04-21 23:47:06,343 WARNING High grad norm: 3328.60 at epoch=87 step=19184
2026-04-21 23:47:06,562 WARNING High grad norm: 1168.68 at epoch=87 step=19185
2026-04-21 23:47:06,784 WARNING High grad norm: 1798.64 at epoch=87 step=19186
2026-04-21 23:47:07,005 WARNING High grad norm: 1874.14 at epoch=87 step=19187
2026-04-21 23:47:07,225 WARNING High grad norm: 1425.86 at epoch=87 step=19188
2026-04-21 23:47:07,446 WARNING High grad norm: 1161.89 at epoch=87 step=19189
2026-04-21 23:47:07,665 WARNING High grad norm: 929.65 at epoch=87 step=19190
2026-04-21 23:47:07,887 WARNING High grad norm: 1257.39 at epoch=87 step=19191
2026-04-21 23:47:08,111 WARNING High grad norm: 526.94 at epoch=87 step=19192
2026-04-21 23:47:08,330 WARNING High grad norm: 1077.79 at epoch=87 step=19193
2026-04-21 23:47:08,551 WARNING High grad norm: 2446.71 at epoch=87 step=19194
2026-04-21 23:47:08,771 WARNING High grad norm: 1052.09 at epoch=87 step=19195
2026-04-21 23:47:08,990 WARNING High grad norm: 1335.22 at epoch=87 step=19196
2026-04-21 23:47:09,209 WARNING High grad norm: 1582.30 at epoch=87 step=19197
2026-04-21 23:47:09,428 WARNING High grad norm: 772.04 at epoch=87 step=19198
2026-04-21 23:47:09,650 WARNING High grad norm: 814.66 at epoch=87 step=19199
2026-04-21 23:47:09,661 INFO epoch=87 step=19200 loss=479.7131 grad_norm=814.6602 lr=1.00e-06
2026-04-21 23:47:09,872 WARNING High grad norm: 1554.70 at epoch=87 step=19200
2026-04-21 23:47:10,093 WARNING High grad norm: 803.00 at epoch=87 step=19201
2026-04-21 23:47:10,315 WARNING High grad norm: 2394.06 at epoch=87 step=19202
2026-04-21 23:47:10,543 WARNING High grad norm: 777.02 at epoch=87 step=19203
2026-04-21 23:47:10,763 WARNING High grad norm: 1084.34 at epoch=87 step=19204
2026-04-21 23:47:10,988 WARNING High grad norm: 898.69 at epoch=87 step=19205
2026-04-21 23:47:11,210 WARNING High grad norm: 1058.72 at epoch=87 step=19206
2026-04-21 23:47:11,430 WARNING High grad norm: 799.41 at epoch=87 step=19207
2026-04-21 23:47:11,650 WARNING High grad norm: 1326.93 at epoch=87 step=19208
2026-04-21 23:47:11,872 WARNING High grad norm: 1260.50 at epoch=87 step=19209
2026-04-21 23:47:12,091 WARNING High grad norm: 752.75 at epoch=87 step=19210
2026-04-21 23:47:12,314 WARNING High grad norm: 1142.95 at epoch=87 step=19211
2026-04-21 23:47:12,538 WARNING High grad norm: 1540.28 at epoch=87 step=19212
2026-04-21 23:47:12,759 WARNING High grad norm: 1143.77 at epoch=87 step=19213
2026-04-21 23:47:12,978 WARNING High grad norm: 794.56 at epoch=87 step=19214
2026-04-21 23:47:13,197 WARNING High grad norm: 1206.90 at epoch=87 step=19215
2026-04-21 23:47:13,426 WARNING High grad norm: 1901.91 at epoch=87 step=19216
2026-04-21 23:47:13,645 WARNING High grad norm: 1694.38 at epoch=87 step=19217
2026-04-21 23:47:13,865 WARNING High grad norm: 1985.78 at epoch=87 step=19218
2026-04-21 23:47:14,088 WARNING High grad norm: 1891.18 at epoch=87 step=19219
2026-04-21 23:47:14,309 WARNING High grad norm: 821.10 at epoch=87 step=19220
2026-04-21 23:47:14,536 WARNING High grad norm: 1693.37 at epoch=87 step=19221
2026-04-21 23:47:14,760 WARNING High grad norm: 651.57 at epoch=87 step=19222
2026-04-21 23:47:14,980 WARNING High grad norm: 2101.14 at epoch=87 step=19223
2026-04-21 23:47:15,201 WARNING High grad norm: 1567.07 at epoch=87 step=19224
2026-04-21 23:47:15,421 WARNING High grad norm: 1319.54 at epoch=87 step=19225
2026-04-21 23:47:15,640 WARNING High grad norm: 956.44 at epoch=87 step=19226
2026-04-21 23:47:15,861 WARNING High grad norm: 1083.87 at epoch=87 step=19227
2026-04-21 23:47:16,082 WARNING High grad norm: 1948.25 at epoch=87 step=19228
2026-04-21 23:47:16,302 WARNING High grad norm: 1160.84 at epoch=87 step=19229
2026-04-21 23:47:16,523 WARNING High grad norm: 1013.62 at epoch=87 step=19230
2026-04-21 23:47:16,745 WARNING High grad norm: 990.45 at epoch=87 step=19231
2026-04-21 23:47:16,966 WARNING High grad norm: 1015.40 at epoch=87 step=19232
2026-04-21 23:47:17,186 WARNING High grad norm: 1201.32 at epoch=87 step=19233
2026-04-21 23:47:17,406 WARNING High grad norm: 1135.19 at epoch=87 step=19234
2026-04-21 23:47:17,625 WARNING High grad norm: 1146.99 at epoch=87 step=19235
2026-04-21 23:47:17,849 WARNING High grad norm: 929.52 at epoch=87 step=19236
2026-04-21 23:47:18,069 WARNING High grad norm: 1562.39 at epoch=87 step=19237
2026-04-21 23:47:18,289 WARNING High grad norm: 690.13 at epoch=87 step=19238
2026-04-21 23:47:18,509 WARNING High grad norm: 1067.13 at epoch=87 step=19239
2026-04-21 23:47:18,730 WARNING High grad norm: 1116.37 at epoch=87 step=19240
2026-04-21 23:47:18,950 WARNING High grad norm: 2048.72 at epoch=87 step=19241
2026-04-21 23:47:19,171 WARNING High grad norm: 649.75 at epoch=87 step=19242
2026-04-21 23:47:19,391 WARNING High grad norm: 1733.31 at epoch=87 step=19243
2026-04-21 23:47:19,614 WARNING High grad norm: 1748.79 at epoch=87 step=19244
2026-04-21 23:47:19,837 WARNING High grad norm: 734.11 at epoch=87 step=19245
2026-04-21 23:47:20,059 WARNING High grad norm: 679.70 at epoch=87 step=19246
2026-04-21 23:47:20,282 WARNING High grad norm: 1216.74 at epoch=87 step=19247
2026-04-21 23:47:20,502 WARNING High grad norm: 771.36 at epoch=87 step=19248
2026-04-21 23:47:20,722 WARNING High grad norm: 918.27 at epoch=87 step=19249
2026-04-21 23:47:20,943 WARNING High grad norm: 846.89 at epoch=87 step=19250
2026-04-21 23:47:21,163 WARNING High grad norm: 2295.16 at epoch=87 step=19251
2026-04-21 23:47:21,383 WARNING High grad norm: 2910.45 at epoch=87 step=19252
2026-04-21 23:47:21,603 WARNING High grad norm: 1228.47 at epoch=87 step=19253
2026-04-21 23:47:21,825 WARNING High grad norm: 1309.13 at epoch=87 step=19254
2026-04-21 23:47:22,045 WARNING High grad norm: 574.66 at epoch=87 step=19255
2026-04-21 23:47:22,265 WARNING High grad norm: 702.95 at epoch=87 step=19256
2026-04-21 23:47:22,486 WARNING High grad norm: 1515.02 at epoch=87 step=19257
2026-04-21 23:47:22,706 WARNING High grad norm: 678.28 at epoch=87 step=19258
2026-04-21 23:47:22,926 WARNING High grad norm: 684.06 at epoch=87 step=19259
2026-04-21 23:47:23,146 WARNING High grad norm: 1681.21 at epoch=87 step=19260
2026-04-21 23:47:23,365 WARNING High grad norm: 1829.80 at epoch=87 step=19261
2026-04-21 23:47:23,586 WARNING High grad norm: 2722.50 at epoch=87 step=19262
2026-04-21 23:47:23,805 WARNING High grad norm: 2036.94 at epoch=87 step=19263
2026-04-21 23:47:24,025 WARNING High grad norm: 579.26 at epoch=87 step=19264
2026-04-21 23:47:24,245 WARNING High grad norm: 979.29 at epoch=87 step=19265
2026-04-21 23:47:24,467 WARNING High grad norm: 1293.38 at epoch=87 step=19266
2026-04-21 23:47:24,689 WARNING High grad norm: 636.80 at epoch=87 step=19267
2026-04-21 23:47:24,912 WARNING High grad norm: 1535.12 at epoch=87 step=19268
2026-04-21 23:47:25,134 WARNING High grad norm: 674.51 at epoch=87 step=19269
2026-04-21 23:47:25,356 WARNING High grad norm: 813.98 at epoch=87 step=19270
2026-04-21 23:47:25,577 WARNING High grad norm: 1470.48 at epoch=87 step=19271
2026-04-21 23:47:25,801 WARNING High grad norm: 794.17 at epoch=87 step=19272
2026-04-21 23:47:26,021 WARNING High grad norm: 988.07 at epoch=87 step=19273
2026-04-21 23:47:26,242 WARNING High grad norm: 1248.30 at epoch=87 step=19274
2026-04-21 23:47:26,463 WARNING High grad norm: 981.07 at epoch=87 step=19275
2026-04-21 23:47:26,684 WARNING High grad norm: 1037.35 at epoch=87 step=19276
2026-04-21 23:47:26,906 WARNING High grad norm: 737.09 at epoch=87 step=19277
2026-04-21 23:47:27,134 WARNING High grad norm: 1427.80 at epoch=87 step=19278
2026-04-21 23:47:27,361 WARNING High grad norm: 1354.10 at epoch=87 step=19279
2026-04-21 23:47:27,584 WARNING High grad norm: 873.97 at epoch=87 step=19280
2026-04-21 23:47:27,806 WARNING High grad norm: 714.72 at epoch=87 step=19281
2026-04-21 23:47:28,034 WARNING High grad norm: 865.63 at epoch=87 step=19282
2026-04-21 23:47:28,255 WARNING High grad norm: 938.67 at epoch=87 step=19283
2026-04-21 23:47:28,475 WARNING High grad norm: 1901.82 at epoch=87 step=19284
2026-04-21 23:47:28,695 WARNING High grad norm: 2002.98 at epoch=87 step=19285
2026-04-21 23:47:28,916 WARNING High grad norm: 1609.36 at epoch=87 step=19286
2026-04-21 23:47:29,136 WARNING High grad norm: 853.98 at epoch=87 step=19287
2026-04-21 23:47:29,355 WARNING High grad norm: 954.66 at epoch=87 step=19288
2026-04-21 23:47:29,577 WARNING High grad norm: 656.32 at epoch=87 step=19289
2026-04-21 23:47:29,801 WARNING High grad norm: 1399.58 at epoch=87 step=19290
2026-04-21 23:47:30,023 WARNING High grad norm: 1892.67 at epoch=87 step=19291
2026-04-21 23:47:30,245 WARNING High grad norm: 837.44 at epoch=87 step=19292
2026-04-21 23:47:30,469 WARNING High grad norm: 2128.38 at epoch=87 step=19293
2026-04-21 23:47:30,691 WARNING High grad norm: 1601.29 at epoch=87 step=19294
2026-04-21 23:47:30,913 WARNING High grad norm: 1041.22 at epoch=87 step=19295
2026-04-21 23:47:31,137 WARNING High grad norm: 2014.92 at epoch=87 step=19296
2026-04-21 23:47:31,358 WARNING High grad norm: 3939.71 at epoch=87 step=19297
2026-04-21 23:47:31,582 WARNING High grad norm: 654.31 at epoch=87 step=19298
2026-04-21 23:47:31,801 WARNING High grad norm: 1720.66 at epoch=87 step=19299
2026-04-21 23:47:31,811 INFO epoch=87 step=19300 loss=486.4767 grad_norm=1720.6605 lr=1.00e-06
2026-04-21 23:47:32,023 WARNING High grad norm: 1055.41 at epoch=87 step=19300
2026-04-21 23:47:32,245 WARNING High grad norm: 804.76 at epoch=87 step=19301
2026-04-21 23:47:32,464 WARNING High grad norm: 534.85 at epoch=87 step=19302
2026-04-21 23:47:32,686 WARNING High grad norm: 1404.38 at epoch=87 step=19303
2026-04-21 23:47:32,910 WARNING High grad norm: 841.55 at epoch=87 step=19304
2026-04-21 23:47:33,130 WARNING High grad norm: 856.43 at epoch=87 step=19305
2026-04-21 23:47:33,355 WARNING High grad norm: 905.85 at epoch=87 step=19306
2026-04-21 23:47:33,576 WARNING High grad norm: 847.68 at epoch=87 step=19307
2026-04-21 23:47:33,796 WARNING High grad norm: 1920.34 at epoch=87 step=19308
2026-04-21 23:47:34,017 WARNING High grad norm: 1290.01 at epoch=87 step=19309
2026-04-21 23:47:34,237 WARNING High grad norm: 1079.92 at epoch=87 step=19310
2026-04-21 23:47:34,458 WARNING High grad norm: 700.40 at epoch=87 step=19311
2026-04-21 23:47:34,678 WARNING High grad norm: 1796.17 at epoch=87 step=19312
2026-04-21 23:47:34,904 WARNING High grad norm: 976.39 at epoch=87 step=19313
2026-04-21 23:47:35,126 WARNING High grad norm: 668.66 at epoch=87 step=19314
2026-04-21 23:47:35,346 WARNING High grad norm: 795.48 at epoch=87 step=19315
2026-04-21 23:47:35,567 WARNING High grad norm: 1191.27 at epoch=87 step=19316
2026-04-21 23:47:35,788 WARNING High grad norm: 1047.32 at epoch=87 step=19317
2026-04-21 23:47:36,012 WARNING High grad norm: 1500.55 at epoch=87 step=19318
2026-04-21 23:47:36,231 WARNING High grad norm: 1239.88 at epoch=87 step=19319
2026-04-21 23:47:36,452 WARNING High grad norm: 2675.33 at epoch=87 step=19320
2026-04-21 23:47:36,673 WARNING High grad norm: 1154.41 at epoch=87 step=19321
2026-04-21 23:47:36,896 WARNING High grad norm: 745.43 at epoch=87 step=19322
2026-04-21 23:47:37,115 WARNING High grad norm: 2111.17 at epoch=87 step=19323
2026-04-21 23:47:37,337 WARNING High grad norm: 722.02 at epoch=87 step=19324
2026-04-21 23:47:37,557 WARNING High grad norm: 680.95 at epoch=87 step=19325
2026-04-21 23:47:37,778 WARNING High grad norm: 838.91 at epoch=87 step=19326
2026-04-21 23:47:37,998 WARNING High grad norm: 467.34 at epoch=87 step=19327
2026-04-21 23:47:38,221 WARNING High grad norm: 663.95 at epoch=87 step=19328
2026-04-21 23:47:38,442 WARNING High grad norm: 818.49 at epoch=87 step=19329
2026-04-21 23:47:38,662 WARNING High grad norm: 967.33 at epoch=87 step=19330
2026-04-21 23:47:38,883 WARNING High grad norm: 1620.54 at epoch=87 step=19331
2026-04-21 23:47:39,113 WARNING High grad norm: 1425.45 at epoch=87 step=19332
2026-04-21 23:47:39,338 WARNING High grad norm: 869.96 at epoch=87 step=19333
2026-04-21 23:47:39,559 WARNING High grad norm: 2642.42 at epoch=87 step=19334
2026-04-21 23:47:39,780 WARNING High grad norm: 719.01 at epoch=87 step=19335
2026-04-21 23:47:40,001 WARNING High grad norm: 1025.86 at epoch=87 step=19336
2026-04-21 23:47:40,225 WARNING High grad norm: 2857.68 at epoch=87 step=19337
2026-04-21 23:47:40,445 WARNING High grad norm: 3641.66 at epoch=87 step=19338
2026-04-21 23:47:40,666 WARNING High grad norm: 547.13 at epoch=87 step=19339
2026-04-21 23:47:40,887 WARNING High grad norm: 570.89 at epoch=87 step=19340
2026-04-21 23:47:41,109 WARNING High grad norm: 921.69 at epoch=87 step=19341
2026-04-21 23:47:41,328 WARNING High grad norm: 873.35 at epoch=87 step=19342
2026-04-21 23:47:41,556 WARNING High grad norm: 2093.63 at epoch=87 step=19343
2026-04-21 23:47:41,783 WARNING High grad norm: 919.39 at epoch=87 step=19344
2026-04-21 23:47:42,005 WARNING High grad norm: 666.29 at epoch=87 step=19345
2026-04-21 23:47:42,230 WARNING High grad norm: 1380.87 at epoch=87 step=19346
2026-04-21 23:47:42,450 WARNING High grad norm: 1817.20 at epoch=87 step=19347
2026-04-21 23:47:42,670 WARNING High grad norm: 1644.62 at epoch=87 step=19348
2026-04-21 23:47:42,891 WARNING High grad norm: 2294.27 at epoch=87 step=19349
2026-04-21 23:47:43,111 WARNING High grad norm: 1782.43 at epoch=87 step=19350
2026-04-21 23:47:43,341 WARNING High grad norm: 1426.92 at epoch=87 step=19351
2026-04-21 23:47:43,561 WARNING High grad norm: 957.13 at epoch=87 step=19352
2026-04-21 23:47:43,783 WARNING High grad norm: 868.12 at epoch=87 step=19353
2026-04-21 23:47:44,007 WARNING High grad norm: 841.30 at epoch=87 step=19354
2026-04-21 23:47:44,229 WARNING High grad norm: 1063.12 at epoch=87 step=19355
2026-04-21 23:47:44,449 WARNING High grad norm: 1033.58 at epoch=87 step=19356
2026-04-21 23:47:44,672 WARNING High grad norm: 691.42 at epoch=87 step=19357
2026-04-21 23:47:44,895 WARNING High grad norm: 791.98 at epoch=87 step=19358
2026-04-21 23:47:45,115 WARNING High grad norm: 987.29 at epoch=87 step=19359
2026-04-21 23:47:45,337 WARNING High grad norm: 1202.50 at epoch=87 step=19360
2026-04-21 23:47:45,558 WARNING High grad norm: 774.48 at epoch=87 step=19361
2026-04-21 23:47:45,782 WARNING High grad norm: 2074.73 at epoch=87 step=19362
2026-04-21 23:47:46,003 WARNING High grad norm: 979.05 at epoch=87 step=19363
2026-04-21 23:47:46,230 WARNING High grad norm: 813.00 at epoch=87 step=19364
2026-04-21 23:47:46,453 WARNING High grad norm: 1910.22 at epoch=87 step=19365
2026-04-21 23:47:46,673 WARNING High grad norm: 888.58 at epoch=87 step=19366
2026-04-21 23:47:46,894 WARNING High grad norm: 916.50 at epoch=87 step=19367
2026-04-21 23:47:47,114 WARNING High grad norm: 923.81 at epoch=87 step=19368
2026-04-21 23:47:47,335 WARNING High grad norm: 1383.57 at epoch=87 step=19369
2026-04-21 23:47:47,555 WARNING High grad norm: 723.95 at epoch=87 step=19370
2026-04-21 23:47:47,780 WARNING High grad norm: 865.17 at epoch=87 step=19371
2026-04-21 23:47:48,001 WARNING High grad norm: 1473.88 at epoch=87 step=19372
2026-04-21 23:47:48,221 WARNING High grad norm: 918.38 at epoch=87 step=19373
2026-04-21 23:47:48,442 WARNING High grad norm: 1034.67 at epoch=87 step=19374
2026-04-21 23:47:48,663 WARNING High grad norm: 811.86 at epoch=87 step=19375
2026-04-21 23:47:48,884 WARNING High grad norm: 1246.68 at epoch=87 step=19376
2026-04-21 23:47:49,105 WARNING High grad norm: 747.92 at epoch=87 step=19377
2026-04-21 23:47:49,329 WARNING High grad norm: 703.95 at epoch=87 step=19378
2026-04-21 23:47:49,550 WARNING High grad norm: 1420.77 at epoch=87 step=19379
2026-04-21 23:47:49,771 WARNING High grad norm: 1308.96 at epoch=87 step=19380
2026-04-21 23:47:49,992 WARNING High grad norm: 1214.73 at epoch=87 step=19381
2026-04-21 23:47:50,223 WARNING High grad norm: 707.21 at epoch=87 step=19382
2026-04-21 23:47:50,445 WARNING High grad norm: 1635.93 at epoch=87 step=19383
2026-04-21 23:47:50,665 WARNING High grad norm: 553.32 at epoch=87 step=19384
2026-04-21 23:47:50,886 WARNING High grad norm: 2111.82 at epoch=87 step=19385
2026-04-21 23:47:51,106 WARNING High grad norm: 1335.29 at epoch=87 step=19386
2026-04-21 23:47:51,329 WARNING High grad norm: 1258.77 at epoch=87 step=19387
2026-04-21 23:47:51,551 WARNING High grad norm: 1849.72 at epoch=87 step=19388
2026-04-21 23:47:51,773 WARNING High grad norm: 1371.62 at epoch=87 step=19389
2026-04-21 23:47:51,995 WARNING High grad norm: 1808.89 at epoch=87 step=19390
2026-04-21 23:47:52,215 WARNING High grad norm: 1357.46 at epoch=87 step=19391
2026-04-21 23:47:52,443 WARNING High grad norm: 1174.14 at epoch=87 step=19392
2026-04-21 23:47:52,664 WARNING High grad norm: 1051.54 at epoch=87 step=19393
2026-04-21 23:47:52,888 WARNING High grad norm: 1251.86 at epoch=87 step=19394
2026-04-21 23:47:53,108 WARNING High grad norm: 996.49 at epoch=87 step=19395
2026-04-21 23:47:53,333 WARNING High grad norm: 1024.23 at epoch=87 step=19396
2026-04-21 23:47:53,557 WARNING High grad norm: 680.69 at epoch=87 step=19397
2026-04-21 23:47:53,777 WARNING High grad norm: 1156.11 at epoch=87 step=19398
2026-04-21 23:47:53,997 WARNING High grad norm: 1472.22 at epoch=87 step=19399
2026-04-21 23:47:54,011 INFO epoch=87 step=19400 loss=486.9352 grad_norm=1472.2249 lr=1.00e-06
2026-04-21 23:47:54,153 WARNING High grad norm: 1026.96 at epoch=87 step=19400
2026-04-21 23:47:54,723 INFO epoch=87 avg_loss=487.0265 lr=1.00e-06
2026-04-21 23:48:08,343 WARNING High grad norm: 645.08 at epoch=88 step=19401
2026-04-21 23:48:08,562 WARNING High grad norm: 1335.79 at epoch=88 step=19402
2026-04-21 23:48:08,784 WARNING High grad norm: 791.88 at epoch=88 step=19403
2026-04-21 23:48:09,012 WARNING High grad norm: 856.57 at epoch=88 step=19404
2026-04-21 23:48:09,239 WARNING High grad norm: 1580.58 at epoch=88 step=19405
2026-04-21 23:48:09,467 WARNING High grad norm: 920.75 at epoch=88 step=19406
2026-04-21 23:48:09,687 WARNING High grad norm: 868.63 at epoch=88 step=19407
2026-04-21 23:48:09,907 WARNING High grad norm: 1370.70 at epoch=88 step=19408
2026-04-21 23:48:10,128 WARNING High grad norm: 1220.21 at epoch=88 step=19409
2026-04-21 23:48:10,355 WARNING High grad norm: 1646.90 at epoch=88 step=19410
2026-04-21 23:48:10,575 WARNING High grad norm: 1135.92 at epoch=88 step=19411
2026-04-21 23:48:10,798 WARNING High grad norm: 1175.85 at epoch=88 step=19412
2026-04-21 23:48:11,018 WARNING High grad norm: 1175.84 at epoch=88 step=19413
2026-04-21 23:48:11,238 WARNING High grad norm: 1031.09 at epoch=88 step=19414
2026-04-21 23:48:11,458 WARNING High grad norm: 474.96 at epoch=88 step=19415
2026-04-21 23:48:11,680 WARNING High grad norm: 631.24 at epoch=88 step=19416
2026-04-21 23:48:11,900 WARNING High grad norm: 926.23 at epoch=88 step=19417
2026-04-21 23:48:12,120 WARNING High grad norm: 792.68 at epoch=88 step=19418
2026-04-21 23:48:12,342 WARNING High grad norm: 1786.64 at epoch=88 step=19419
2026-04-21 23:48:12,562 WARNING High grad norm: 766.57 at epoch=88 step=19420
2026-04-21 23:48:12,782 WARNING High grad norm: 859.24 at epoch=88 step=19421
2026-04-21 23:48:13,002 WARNING High grad norm: 1599.54 at epoch=88 step=19422
2026-04-21 23:48:13,223 WARNING High grad norm: 1223.73 at epoch=88 step=19423
2026-04-21 23:48:13,446 WARNING High grad norm: 2021.89 at epoch=88 step=19424
2026-04-21 23:48:13,667 WARNING High grad norm: 1163.85 at epoch=88 step=19425
2026-04-21 23:48:13,890 WARNING High grad norm: 896.50 at epoch=88 step=19426
2026-04-21 23:48:14,111 WARNING High grad norm: 695.91 at epoch=88 step=19427
2026-04-21 23:48:14,334 WARNING High grad norm: 859.26 at epoch=88 step=19428
2026-04-21 23:48:14,557 WARNING High grad norm: 1385.31 at epoch=88 step=19429
2026-04-21 23:48:14,776 WARNING High grad norm: 896.00 at epoch=88 step=19430
2026-04-21 23:48:14,997 WARNING High grad norm: 800.40 at epoch=88 step=19431
2026-04-21 23:48:15,219 WARNING High grad norm: 821.33 at epoch=88 step=19432
2026-04-21 23:48:15,438 WARNING High grad norm: 810.52 at epoch=88 step=19433
2026-04-21 23:48:15,657 WARNING High grad norm: 1044.29 at epoch=88 step=19434
2026-04-21 23:48:15,886 WARNING High grad norm: 1762.63 at epoch=88 step=19435
2026-04-21 23:48:16,110 WARNING High grad norm: 1230.71 at epoch=88 step=19436
2026-04-21 23:48:16,333 WARNING High grad norm: 715.97 at epoch=88 step=19437
2026-04-21 23:48:16,554 WARNING High grad norm: 926.83 at epoch=88 step=19438
2026-04-21 23:48:16,774 WARNING High grad norm: 1235.33 at epoch=88 step=19439
2026-04-21 23:48:16,993 WARNING High grad norm: 1600.77 at epoch=88 step=19440
2026-04-21 23:48:17,215 WARNING High grad norm: 638.89 at epoch=88 step=19441
2026-04-21 23:48:17,436 WARNING High grad norm: 864.38 at epoch=88 step=19442
2026-04-21 23:48:17,655 WARNING High grad norm: 708.34 at epoch=88 step=19443
2026-04-21 23:48:17,875 WARNING High grad norm: 548.54 at epoch=88 step=19444
2026-04-21 23:48:18,095 WARNING High grad norm: 3125.94 at epoch=88 step=19445
2026-04-21 23:48:18,316 WARNING High grad norm: 1773.39 at epoch=88 step=19446
2026-04-21 23:48:18,537 WARNING High grad norm: 1589.16 at epoch=88 step=19447
2026-04-21 23:48:18,758 WARNING High grad norm: 2425.80 at epoch=88 step=19448
2026-04-21 23:48:18,978 WARNING High grad norm: 1379.21 at epoch=88 step=19449
2026-04-21 23:48:19,197 WARNING High grad norm: 1500.64 at epoch=88 step=19450
2026-04-21 23:48:19,419 WARNING High grad norm: 1585.82 at epoch=88 step=19451
2026-04-21 23:48:19,639 WARNING High grad norm: 1510.05 at epoch=88 step=19452
2026-04-21 23:48:19,859 WARNING High grad norm: 810.42 at epoch=88 step=19453
2026-04-21 23:48:20,084 WARNING High grad norm: 772.58 at epoch=88 step=19454
2026-04-21 23:48:20,305 WARNING High grad norm: 856.16 at epoch=88 step=19455
2026-04-21 23:48:20,526 WARNING High grad norm: 4702.27 at epoch=88 step=19456
2026-04-21 23:48:20,748 WARNING High grad norm: 2541.12 at epoch=88 step=19457
2026-04-21 23:48:20,969 WARNING High grad norm: 3242.20 at epoch=88 step=19458
2026-04-21 23:48:21,190 WARNING High grad norm: 777.75 at epoch=88 step=19459
2026-04-21 23:48:21,411 WARNING High grad norm: 1970.47 at epoch=88 step=19460
2026-04-21 23:48:21,630 WARNING High grad norm: 2027.48 at epoch=88 step=19461
2026-04-21 23:48:21,857 WARNING High grad norm: 1939.76 at epoch=88 step=19462
2026-04-21 23:48:22,085 WARNING High grad norm: 2221.43 at epoch=88 step=19463
2026-04-21 23:48:22,306 WARNING High grad norm: 1435.00 at epoch=88 step=19464
2026-04-21 23:48:22,527 WARNING High grad norm: 1019.82 at epoch=88 step=19465
2026-04-21 23:48:22,749 WARNING High grad norm: 1970.40 at epoch=88 step=19466
2026-04-21 23:48:22,969 WARNING High grad norm: 980.94 at epoch=88 step=19467
2026-04-21 23:48:23,189 WARNING High grad norm: 876.02 at epoch=88 step=19468
2026-04-21 23:48:23,410 WARNING High grad norm: 2387.66 at epoch=88 step=19469
2026-04-21 23:48:23,632 WARNING High grad norm: 1342.17 at epoch=88 step=19470
2026-04-21 23:48:23,852 WARNING High grad norm: 2815.57 at epoch=88 step=19471
2026-04-21 23:48:24,074 WARNING High grad norm: 902.39 at epoch=88 step=19472
2026-04-21 23:48:24,294 WARNING High grad norm: 1339.82 at epoch=88 step=19473
2026-04-21 23:48:24,517 WARNING High grad norm: 2189.81 at epoch=88 step=19474
2026-04-21 23:48:24,736 WARNING High grad norm: 1047.28 at epoch=88 step=19475
2026-04-21 23:48:24,961 WARNING High grad norm: 1837.73 at epoch=88 step=19476
2026-04-21 23:48:25,183 WARNING High grad norm: 699.65 at epoch=88 step=19477
2026-04-21 23:48:25,406 WARNING High grad norm: 932.01 at epoch=88 step=19478
2026-04-21 23:48:25,629 WARNING High grad norm: 1072.05 at epoch=88 step=19479
2026-04-21 23:48:25,852 WARNING High grad norm: 1845.58 at epoch=88 step=19480
2026-04-21 23:48:26,077 WARNING High grad norm: 1498.19 at epoch=88 step=19481
2026-04-21 23:48:26,298 WARNING High grad norm: 1498.94 at epoch=88 step=19482
2026-04-21 23:48:26,519 WARNING High grad norm: 2368.94 at epoch=88 step=19483
2026-04-21 23:48:26,741 WARNING High grad norm: 1661.03 at epoch=88 step=19484
2026-04-21 23:48:26,963 WARNING High grad norm: 1229.51 at epoch=88 step=19485
2026-04-21 23:48:27,186 WARNING High grad norm: 1319.59 at epoch=88 step=19486
2026-04-21 23:48:27,407 WARNING High grad norm: 970.13 at epoch=88 step=19487
2026-04-21 23:48:27,629 WARNING High grad norm: 593.27 at epoch=88 step=19488
2026-04-21 23:48:27,849 WARNING High grad norm: 3006.65 at epoch=88 step=19489
2026-04-21 23:48:28,078 WARNING High grad norm: 764.83 at epoch=88 step=19490
2026-04-21 23:48:28,302 WARNING High grad norm: 793.96 at epoch=88 step=19491
2026-04-21 23:48:28,526 WARNING High grad norm: 2854.46 at epoch=88 step=19492
2026-04-21 23:48:28,746 WARNING High grad norm: 1473.83 at epoch=88 step=19493
2026-04-21 23:48:28,967 WARNING High grad norm: 639.55 at epoch=88 step=19494
2026-04-21 23:48:29,186 WARNING High grad norm: 1466.50 at epoch=88 step=19495
2026-04-21 23:48:29,408 WARNING High grad norm: 1466.49 at epoch=88 step=19496
2026-04-21 23:48:29,632 WARNING High grad norm: 1065.89 at epoch=88 step=19497
2026-04-21 23:48:29,852 WARNING High grad norm: 1532.57 at epoch=88 step=19498
2026-04-21 23:48:30,073 WARNING High grad norm: 1337.57 at epoch=88 step=19499
2026-04-21 23:48:30,086 INFO epoch=88 step=19500 loss=486.6381 grad_norm=1337.5741 lr=1.00e-06
2026-04-21 23:48:30,300 WARNING High grad norm: 537.17 at epoch=88 step=19500
2026-04-21 23:48:30,520 WARNING High grad norm: 606.96 at epoch=88 step=19501
2026-04-21 23:48:30,742 WARNING High grad norm: 981.42 at epoch=88 step=19502
2026-04-21 23:48:30,962 WARNING High grad norm: 1939.46 at epoch=88 step=19503
2026-04-21 23:48:31,183 WARNING High grad norm: 1069.83 at epoch=88 step=19504
2026-04-21 23:48:31,404 WARNING High grad norm: 1358.13 at epoch=88 step=19505
2026-04-21 23:48:31,626 WARNING High grad norm: 1480.95 at epoch=88 step=19506
2026-04-21 23:48:31,846 WARNING High grad norm: 883.86 at epoch=88 step=19507
2026-04-21 23:48:32,066 WARNING High grad norm: 1065.23 at epoch=88 step=19508
2026-04-21 23:48:32,286 WARNING High grad norm: 641.39 at epoch=88 step=19509
2026-04-21 23:48:32,511 WARNING High grad norm: 1121.08 at epoch=88 step=19510
2026-04-21 23:48:32,731 WARNING High grad norm: 1050.44 at epoch=88 step=19511
2026-04-21 23:48:32,953 WARNING High grad norm: 837.47 at epoch=88 step=19512
2026-04-21 23:48:33,178 WARNING High grad norm: 1972.97 at epoch=88 step=19513
2026-04-21 23:48:33,401 WARNING High grad norm: 579.07 at epoch=88 step=19514
2026-04-21 23:48:33,621 WARNING High grad norm: 669.07 at epoch=88 step=19515
2026-04-21 23:48:33,841 WARNING High grad norm: 884.45 at epoch=88 step=19516
2026-04-21 23:48:34,061 WARNING High grad norm: 1207.08 at epoch=88 step=19517
2026-04-21 23:48:34,282 WARNING High grad norm: 1185.90 at epoch=88 step=19518
2026-04-21 23:48:34,502 WARNING High grad norm: 1559.16 at epoch=88 step=19519
2026-04-21 23:48:34,724 WARNING High grad norm: 2165.41 at epoch=88 step=19520
2026-04-21 23:48:34,947 WARNING High grad norm: 1657.28 at epoch=88 step=19521
2026-04-21 23:48:35,167 WARNING High grad norm: 1001.58 at epoch=88 step=19522
2026-04-21 23:48:35,388 WARNING High grad norm: 1501.41 at epoch=88 step=19523
2026-04-21 23:48:35,611 WARNING High grad norm: 1301.43 at epoch=88 step=19524
2026-04-21 23:48:35,832 WARNING High grad norm: 1284.81 at epoch=88 step=19525
2026-04-21 23:48:36,056 WARNING High grad norm: 1247.94 at epoch=88 step=19526
2026-04-21 23:48:36,276 WARNING High grad norm: 1038.46 at epoch=88 step=19527
2026-04-21 23:48:36,498 WARNING High grad norm: 2161.12 at epoch=88 step=19528
2026-04-21 23:48:36,722 WARNING High grad norm: 1284.30 at epoch=88 step=19529
2026-04-21 23:48:36,943 WARNING High grad norm: 1093.47 at epoch=88 step=19530
2026-04-21 23:48:37,165 WARNING High grad norm: 2029.02 at epoch=88 step=19531
2026-04-21 23:48:37,387 WARNING High grad norm: 1101.97 at epoch=88 step=19532
2026-04-21 23:48:37,610 WARNING High grad norm: 754.67 at epoch=88 step=19533
2026-04-21 23:48:37,833 WARNING High grad norm: 1225.16 at epoch=88 step=19534
2026-04-21 23:48:38,052 WARNING High grad norm: 975.52 at epoch=88 step=19535
2026-04-21 23:48:38,274 WARNING High grad norm: 1183.85 at epoch=88 step=19536
2026-04-21 23:48:38,495 WARNING High grad norm: 842.74 at epoch=88 step=19537
2026-04-21 23:48:38,715 WARNING High grad norm: 976.44 at epoch=88 step=19538
2026-04-21 23:48:38,939 WARNING High grad norm: 1412.34 at epoch=88 step=19539
2026-04-21 23:48:39,159 WARNING High grad norm: 842.09 at epoch=88 step=19540
2026-04-21 23:48:39,382 WARNING High grad norm: 2111.60 at epoch=88 step=19541
2026-04-21 23:48:39,602 WARNING High grad norm: 1273.12 at epoch=88 step=19542
2026-04-21 23:48:39,822 WARNING High grad norm: 565.17 at epoch=88 step=19543
2026-04-21 23:48:40,046 WARNING High grad norm: 562.25 at epoch=88 step=19544
2026-04-21 23:48:40,266 WARNING High grad norm: 526.43 at epoch=88 step=19545
2026-04-21 23:48:40,487 WARNING High grad norm: 860.09 at epoch=88 step=19546
2026-04-21 23:48:40,712 WARNING High grad norm: 2618.08 at epoch=88 step=19547
2026-04-21 23:48:40,935 WARNING High grad norm: 1211.64 at epoch=88 step=19548
2026-04-21 23:48:41,155 WARNING High grad norm: 888.81 at epoch=88 step=19549
2026-04-21 23:48:41,376 WARNING High grad norm: 816.00 at epoch=88 step=19550
2026-04-21 23:48:41,600 WARNING High grad norm: 1039.43 at epoch=88 step=19551
2026-04-21 23:48:41,821 WARNING High grad norm: 1120.94 at epoch=88 step=19552
2026-04-21 23:48:42,041 WARNING High grad norm: 1156.52 at epoch=88 step=19553
2026-04-21 23:48:42,262 WARNING High grad norm: 1670.23 at epoch=88 step=19554
2026-04-21 23:48:42,484 WARNING High grad norm: 1015.29 at epoch=88 step=19555
2026-04-21 23:48:42,707 WARNING High grad norm: 667.39 at epoch=88 step=19556
2026-04-21 23:48:42,936 WARNING High grad norm: 643.00 at epoch=88 step=19557
2026-04-21 23:48:43,158 WARNING High grad norm: 2365.14 at epoch=88 step=19558
2026-04-21 23:48:43,378 WARNING High grad norm: 1019.47 at epoch=88 step=19559
2026-04-21 23:48:43,598 WARNING High grad norm: 1086.93 at epoch=88 step=19560
2026-04-21 23:48:43,818 WARNING High grad norm: 2525.99 at epoch=88 step=19561
2026-04-21 23:48:44,041 WARNING High grad norm: 1879.78 at epoch=88 step=19562
2026-04-21 23:48:44,265 WARNING High grad norm: 862.76 at epoch=88 step=19563
2026-04-21 23:48:44,487 WARNING High grad norm: 1174.64 at epoch=88 step=19564
2026-04-21 23:48:44,718 WARNING High grad norm: 858.72 at epoch=88 step=19565
2026-04-21 23:48:44,938 WARNING High grad norm: 769.97 at epoch=88 step=19566
2026-04-21 23:48:45,158 WARNING High grad norm: 1182.26 at epoch=88 step=19567
2026-04-21 23:48:45,378 WARNING High grad norm: 1169.31 at epoch=88 step=19568
2026-04-21 23:48:45,599 WARNING High grad norm: 786.79 at epoch=88 step=19569
2026-04-21 23:48:45,819 WARNING High grad norm: 2486.03 at epoch=88 step=19570
2026-04-21 23:48:46,042 WARNING High grad norm: 817.56 at epoch=88 step=19571
2026-04-21 23:48:46,266 WARNING High grad norm: 932.34 at epoch=88 step=19572
2026-04-21 23:48:46,487 WARNING High grad norm: 1146.34 at epoch=88 step=19573
2026-04-21 23:48:46,710 WARNING High grad norm: 1350.16 at epoch=88 step=19574
2026-04-21 23:48:46,931 WARNING High grad norm: 2229.82 at epoch=88 step=19575
2026-04-21 23:48:47,151 WARNING High grad norm: 961.89 at epoch=88 step=19576
2026-04-21 23:48:47,372 WARNING High grad norm: 830.98 at epoch=88 step=19577
2026-04-21 23:48:47,592 WARNING High grad norm: 1072.90 at epoch=88 step=19578
2026-04-21 23:48:47,816 WARNING High grad norm: 2035.25 at epoch=88 step=19579
2026-04-21 23:48:48,036 WARNING High grad norm: 692.19 at epoch=88 step=19580
2026-04-21 23:48:48,257 WARNING High grad norm: 956.85 at epoch=88 step=19581
2026-04-21 23:48:48,477 WARNING High grad norm: 1484.53 at epoch=88 step=19582
2026-04-21 23:48:48,701 WARNING High grad norm: 947.99 at epoch=88 step=19583
2026-04-21 23:48:48,922 WARNING High grad norm: 1082.83 at epoch=88 step=19584
2026-04-21 23:48:49,143 WARNING High grad norm: 1371.92 at epoch=88 step=19585
2026-04-21 23:48:49,371 WARNING High grad norm: 743.87 at epoch=88 step=19586
2026-04-21 23:48:49,595 WARNING High grad norm: 1382.02 at epoch=88 step=19587
2026-04-21 23:48:49,819 WARNING High grad norm: 956.54 at epoch=88 step=19588
2026-04-21 23:48:50,040 WARNING High grad norm: 2030.50 at epoch=88 step=19589
2026-04-21 23:48:50,261 WARNING High grad norm: 1473.45 at epoch=88 step=19590
2026-04-21 23:48:50,488 WARNING High grad norm: 805.65 at epoch=88 step=19591
2026-04-21 23:48:50,710 WARNING High grad norm: 1593.32 at epoch=88 step=19592
2026-04-21 23:48:50,935 WARNING High grad norm: 1182.81 at epoch=88 step=19593
2026-04-21 23:48:51,159 WARNING High grad norm: 1241.36 at epoch=88 step=19594
2026-04-21 23:48:51,379 WARNING High grad norm: 1290.98 at epoch=88 step=19595
2026-04-21 23:48:51,601 WARNING High grad norm: 1293.78 at epoch=88 step=19596
2026-04-21 23:48:51,822 WARNING High grad norm: 1094.26 at epoch=88 step=19597
2026-04-21 23:48:52,046 WARNING High grad norm: 2128.08 at epoch=88 step=19598
2026-04-21 23:48:52,266 WARNING High grad norm: 1118.37 at epoch=88 step=19599
2026-04-21 23:48:52,277 INFO epoch=88 step=19600 loss=485.5985 grad_norm=1118.3694 lr=1.00e-06
2026-04-21 23:48:52,489 WARNING High grad norm: 650.61 at epoch=88 step=19600
2026-04-21 23:48:52,712 WARNING High grad norm: 1225.19 at epoch=88 step=19601
2026-04-21 23:48:52,934 WARNING High grad norm: 711.97 at epoch=88 step=19602
2026-04-21 23:48:53,157 WARNING High grad norm: 748.84 at epoch=88 step=19603
2026-04-21 23:48:53,378 WARNING High grad norm: 825.35 at epoch=88 step=19604
2026-04-21 23:48:53,599 WARNING High grad norm: 871.14 at epoch=88 step=19605
2026-04-21 23:48:53,819 WARNING High grad norm: 956.25 at epoch=88 step=19606
2026-04-21 23:48:54,041 WARNING High grad norm: 634.68 at epoch=88 step=19607
2026-04-21 23:48:54,261 WARNING High grad norm: 914.10 at epoch=88 step=19608
2026-04-21 23:48:54,485 WARNING High grad norm: 1406.71 at epoch=88 step=19609
2026-04-21 23:48:54,706 WARNING High grad norm: 831.00 at epoch=88 step=19610
2026-04-21 23:48:54,926 WARNING High grad norm: 1059.92 at epoch=88 step=19611
2026-04-21 23:48:55,152 WARNING High grad norm: 817.09 at epoch=88 step=19612
2026-04-21 23:48:55,376 WARNING High grad norm: 1105.02 at epoch=88 step=19613
2026-04-21 23:48:55,597 WARNING High grad norm: 662.47 at epoch=88 step=19614
2026-04-21 23:48:55,820 WARNING High grad norm: 734.62 at epoch=88 step=19615
2026-04-21 23:48:56,043 WARNING High grad norm: 1205.51 at epoch=88 step=19616
2026-04-21 23:48:56,266 WARNING High grad norm: 1154.15 at epoch=88 step=19617
2026-04-21 23:48:56,485 WARNING High grad norm: 1688.87 at epoch=88 step=19618
2026-04-21 23:48:56,710 WARNING High grad norm: 692.82 at epoch=88 step=19619
2026-04-21 23:48:56,936 WARNING High grad norm: 1064.88 at epoch=88 step=19620
2026-04-21 23:48:57,156 WARNING High grad norm: 499.84 at epoch=88 step=19621
2026-04-21 23:48:57,376 WARNING High grad norm: 2316.61 at epoch=88 step=19622
2026-04-21 23:48:57,525 WARNING High grad norm: 1462.44 at epoch=88 step=19623
2026-04-21 23:48:58,109 INFO epoch=88 avg_loss=482.9334 lr=1.00e-06
2026-04-21 23:49:11,660 WARNING High grad norm: 787.70 at epoch=89 step=19624
2026-04-21 23:49:11,879 WARNING High grad norm: 1728.02 at epoch=89 step=19625
2026-04-21 23:49:12,098 WARNING High grad norm: 838.51 at epoch=89 step=19626
2026-04-21 23:49:12,319 WARNING High grad norm: 744.45 at epoch=89 step=19627
2026-04-21 23:49:12,538 WARNING High grad norm: 3160.38 at epoch=89 step=19628
2026-04-21 23:49:12,757 WARNING High grad norm: 942.87 at epoch=89 step=19629
2026-04-21 23:49:12,976 WARNING High grad norm: 2015.24 at epoch=89 step=19630
2026-04-21 23:49:13,196 WARNING High grad norm: 1208.89 at epoch=89 step=19631
2026-04-21 23:49:13,416 WARNING High grad norm: 2406.18 at epoch=89 step=19632
2026-04-21 23:49:13,635 WARNING High grad norm: 687.44 at epoch=89 step=19633
2026-04-21 23:49:13,854 WARNING High grad norm: 1392.28 at epoch=89 step=19634
2026-04-21 23:49:14,075 WARNING High grad norm: 2429.33 at epoch=89 step=19635
2026-04-21 23:49:14,297 WARNING High grad norm: 1085.60 at epoch=89 step=19636
2026-04-21 23:49:14,517 WARNING High grad norm: 1031.17 at epoch=89 step=19637
2026-04-21 23:49:14,738 WARNING High grad norm: 545.79 at epoch=89 step=19638
2026-04-21 23:49:14,961 WARNING High grad norm: 998.01 at epoch=89 step=19639
2026-04-21 23:49:15,181 WARNING High grad norm: 1466.01 at epoch=89 step=19640
2026-04-21 23:49:15,402 WARNING High grad norm: 981.11 at epoch=89 step=19641
2026-04-21 23:49:15,625 WARNING High grad norm: 1790.74 at epoch=89 step=19642
2026-04-21 23:49:15,847 WARNING High grad norm: 1917.76 at epoch=89 step=19643
2026-04-21 23:49:16,070 WARNING High grad norm: 1912.15 at epoch=89 step=19644
2026-04-21 23:49:16,290 WARNING High grad norm: 899.92 at epoch=89 step=19645
2026-04-21 23:49:16,513 WARNING High grad norm: 1470.73 at epoch=89 step=19646
2026-04-21 23:49:16,733 WARNING High grad norm: 909.89 at epoch=89 step=19647
2026-04-21 23:49:16,952 WARNING High grad norm: 1098.43 at epoch=89 step=19648
2026-04-21 23:49:17,171 WARNING High grad norm: 1192.24 at epoch=89 step=19649
2026-04-21 23:49:17,392 WARNING High grad norm: 893.95 at epoch=89 step=19650
2026-04-21 23:49:17,614 WARNING High grad norm: 1729.89 at epoch=89 step=19651
2026-04-21 23:49:17,834 WARNING High grad norm: 1424.05 at epoch=89 step=19652
2026-04-21 23:49:18,055 WARNING High grad norm: 2116.74 at epoch=89 step=19653
2026-04-21 23:49:18,275 WARNING High grad norm: 2210.69 at epoch=89 step=19654
2026-04-21 23:49:18,495 WARNING High grad norm: 1624.43 at epoch=89 step=19655
2026-04-21 23:49:18,715 WARNING High grad norm: 2171.80 at epoch=89 step=19656
2026-04-21 23:49:18,938 WARNING High grad norm: 986.36 at epoch=89 step=19657
2026-04-21 23:49:19,158 WARNING High grad norm: 999.06 at epoch=89 step=19658
2026-04-21 23:49:19,381 WARNING High grad norm: 891.14 at epoch=89 step=19659
2026-04-21 23:49:19,600 WARNING High grad norm: 1341.85 at epoch=89 step=19660
2026-04-21 23:49:19,820 WARNING High grad norm: 708.04 at epoch=89 step=19661
2026-04-21 23:49:20,040 WARNING High grad norm: 633.70 at epoch=89 step=19662
2026-04-21 23:49:20,263 WARNING High grad norm: 466.52 at epoch=89 step=19663
2026-04-21 23:49:20,489 WARNING High grad norm: 1367.53 at epoch=89 step=19664
2026-04-21 23:49:20,721 WARNING High grad norm: 566.23 at epoch=89 step=19665
2026-04-21 23:49:20,945 WARNING High grad norm: 791.57 at epoch=89 step=19666
2026-04-21 23:49:21,175 WARNING High grad norm: 710.15 at epoch=89 step=19667
2026-04-21 23:49:21,395 WARNING High grad norm: 1064.21 at epoch=89 step=19668
2026-04-21 23:49:21,615 WARNING High grad norm: 875.04 at epoch=89 step=19669
2026-04-21 23:49:21,836 WARNING High grad norm: 1226.62 at epoch=89 step=19670
2026-04-21 23:49:22,056 WARNING High grad norm: 1116.46 at epoch=89 step=19671
2026-04-21 23:49:22,281 WARNING High grad norm: 1382.84 at epoch=89 step=19672
2026-04-21 23:49:22,504 WARNING High grad norm: 1315.06 at epoch=89 step=19673
2026-04-21 23:49:22,725 WARNING High grad norm: 1129.43 at epoch=89 step=19674
2026-04-21 23:49:22,945 WARNING High grad norm: 711.34 at epoch=89 step=19675
2026-04-21 23:49:23,165 WARNING High grad norm: 1230.10 at epoch=89 step=19676
2026-04-21 23:49:23,385 WARNING High grad norm: 1525.34 at epoch=89 step=19677
2026-04-21 23:49:23,605 WARNING High grad norm: 877.41 at epoch=89 step=19678
2026-04-21 23:49:23,826 WARNING High grad norm: 616.12 at epoch=89 step=19679
2026-04-21 23:49:24,046 WARNING High grad norm: 1408.83 at epoch=89 step=19680
2026-04-21 23:49:24,272 WARNING High grad norm: 1200.00 at epoch=89 step=19681
2026-04-21 23:49:24,493 WARNING High grad norm: 2400.48 at epoch=89 step=19682
2026-04-21 23:49:24,712 WARNING High grad norm: 1490.08 at epoch=89 step=19683
2026-04-21 23:49:24,932 WARNING High grad norm: 2279.20 at epoch=89 step=19684
2026-04-21 23:49:25,152 WARNING High grad norm: 1429.13 at epoch=89 step=19685
2026-04-21 23:49:25,372 WARNING High grad norm: 1163.65 at epoch=89 step=19686
2026-04-21 23:49:25,593 WARNING High grad norm: 817.92 at epoch=89 step=19687
2026-04-21 23:49:25,819 WARNING High grad norm: 1100.20 at epoch=89 step=19688
2026-04-21 23:49:26,041 WARNING High grad norm: 704.89 at epoch=89 step=19689
2026-04-21 23:49:26,262 WARNING High grad norm: 554.47 at epoch=89 step=19690
2026-04-21 23:49:26,483 WARNING High grad norm: 880.03 at epoch=89 step=19691
2026-04-21 23:49:26,704 WARNING High grad norm: 2015.01 at epoch=89 step=19692
2026-04-21 23:49:26,926 WARNING High grad norm: 546.00 at epoch=89 step=19693
2026-04-21 23:49:27,145 WARNING High grad norm: 1292.31 at epoch=89 step=19694
2026-04-21 23:49:27,365 WARNING High grad norm: 1270.27 at epoch=89 step=19695
2026-04-21 23:49:27,587 WARNING High grad norm: 1244.26 at epoch=89 step=19696
2026-04-21 23:49:27,809 WARNING High grad norm: 1326.15 at epoch=89 step=19697
2026-04-21 23:49:28,028 WARNING High grad norm: 1356.50 at epoch=89 step=19698
2026-04-21 23:49:28,250 WARNING High grad norm: 1065.45 at epoch=89 step=19699
2026-04-21 23:49:28,259 INFO epoch=89 step=19700 loss=481.6690 grad_norm=1065.4460 lr=1.00e-06
2026-04-21 23:49:28,472 WARNING High grad norm: 618.60 at epoch=89 step=19700
2026-04-21 23:49:28,693 WARNING High grad norm: 863.19 at epoch=89 step=19701
2026-04-21 23:49:28,913 WARNING High grad norm: 1013.48 at epoch=89 step=19702
2026-04-21 23:49:29,133 WARNING High grad norm: 1779.85 at epoch=89 step=19703
2026-04-21 23:49:29,355 WARNING High grad norm: 691.20 at epoch=89 step=19704
2026-04-21 23:49:29,578 WARNING High grad norm: 1911.58 at epoch=89 step=19705
2026-04-21 23:49:29,798 WARNING High grad norm: 789.27 at epoch=89 step=19706
2026-04-21 23:49:30,019 WARNING High grad norm: 714.22 at epoch=89 step=19707
2026-04-21 23:49:30,239 WARNING High grad norm: 632.48 at epoch=89 step=19708
2026-04-21 23:49:30,463 WARNING High grad norm: 1393.38 at epoch=89 step=19709
2026-04-21 23:49:30,685 WARNING High grad norm: 787.08 at epoch=89 step=19710
2026-04-21 23:49:30,905 WARNING High grad norm: 1096.95 at epoch=89 step=19711
2026-04-21 23:49:31,126 WARNING High grad norm: 701.29 at epoch=89 step=19712
2026-04-21 23:49:31,348 WARNING High grad norm: 617.76 at epoch=89 step=19713
2026-04-21 23:49:31,571 WARNING High grad norm: 1335.73 at epoch=89 step=19714
2026-04-21 23:49:31,796 WARNING High grad norm: 713.36 at epoch=89 step=19715
2026-04-21 23:49:32,016 WARNING High grad norm: 1605.04 at epoch=89 step=19716
2026-04-21 23:49:32,238 WARNING High grad norm: 2523.69 at epoch=89 step=19717
2026-04-21 23:49:32,461 WARNING High grad norm: 1237.94 at epoch=89 step=19718
2026-04-21 23:49:32,682 WARNING High grad norm: 1975.08 at epoch=89 step=19719
2026-04-21 23:49:32,907 WARNING High grad norm: 864.60 at epoch=89 step=19720
2026-04-21 23:49:33,128 WARNING High grad norm: 602.08 at epoch=89 step=19721
2026-04-21 23:49:33,348 WARNING High grad norm: 1033.96 at epoch=89 step=19722
2026-04-21 23:49:33,569 WARNING High grad norm: 2559.24 at epoch=89 step=19723
2026-04-21 23:49:33,789 WARNING High grad norm: 1155.30 at epoch=89 step=19724
2026-04-21 23:49:34,012 WARNING High grad norm: 1053.70 at epoch=89 step=19725
2026-04-21 23:49:34,235 WARNING High grad norm: 729.03 at epoch=89 step=19726
2026-04-21 23:49:34,456 WARNING High grad norm: 712.22 at epoch=89 step=19727
2026-04-21 23:49:34,685 WARNING High grad norm: 807.27 at epoch=89 step=19728
2026-04-21 23:49:34,909 WARNING High grad norm: 587.79 at epoch=89 step=19729
2026-04-21 23:49:35,129 WARNING High grad norm: 754.33 at epoch=89 step=19730
2026-04-21 23:49:35,353 WARNING High grad norm: 1166.57 at epoch=89 step=19731
2026-04-21 23:49:35,579 WARNING High grad norm: 700.61 at epoch=89 step=19732
2026-04-21 23:49:35,799 WARNING High grad norm: 986.88 at epoch=89 step=19733
2026-04-21 23:49:36,022 WARNING High grad norm: 730.77 at epoch=89 step=19734
2026-04-21 23:49:36,242 WARNING High grad norm: 817.85 at epoch=89 step=19735
2026-04-21 23:49:36,464 WARNING High grad norm: 558.53 at epoch=89 step=19736
2026-04-21 23:49:36,686 WARNING High grad norm: 966.06 at epoch=89 step=19737
2026-04-21 23:49:36,909 WARNING High grad norm: 580.27 at epoch=89 step=19738
2026-04-21 23:49:37,130 WARNING High grad norm: 1246.10 at epoch=89 step=19739
2026-04-21 23:49:37,354 WARNING High grad norm: 603.79 at epoch=89 step=19740
2026-04-21 23:49:37,574 WARNING High grad norm: 1102.38 at epoch=89 step=19741
2026-04-21 23:49:37,796 WARNING High grad norm: 921.22 at epoch=89 step=19742
2026-04-21 23:49:38,019 WARNING High grad norm: 742.92 at epoch=89 step=19743
2026-04-21 23:49:38,239 WARNING High grad norm: 1260.46 at epoch=89 step=19744
2026-04-21 23:49:38,460 WARNING High grad norm: 2192.34 at epoch=89 step=19745
2026-04-21 23:49:38,683 WARNING High grad norm: 1023.57 at epoch=89 step=19746
2026-04-21 23:49:38,907 WARNING High grad norm: 951.92 at epoch=89 step=19747
2026-04-21 23:49:39,131 WARNING High grad norm: 893.32 at epoch=89 step=19748
2026-04-21 23:49:39,353 WARNING High grad norm: 806.90 at epoch=89 step=19749
2026-04-21 23:49:39,581 WARNING High grad norm: 2319.71 at epoch=89 step=19750
2026-04-21 23:49:39,802 WARNING High grad norm: 1343.05 at epoch=89 step=19751
2026-04-21 23:49:40,023 WARNING High grad norm: 731.46 at epoch=89 step=19752
2026-04-21 23:49:40,243 WARNING High grad norm: 1605.39 at epoch=89 step=19753
2026-04-21 23:49:40,465 WARNING High grad norm: 1142.52 at epoch=89 step=19754
2026-04-21 23:49:40,686 WARNING High grad norm: 1151.89 at epoch=89 step=19755
2026-04-21 23:49:40,907 WARNING High grad norm: 584.20 at epoch=89 step=19756
2026-04-21 23:49:41,132 WARNING High grad norm: 1046.57 at epoch=89 step=19757
2026-04-21 23:49:41,352 WARNING High grad norm: 1928.89 at epoch=89 step=19758
2026-04-21 23:49:41,572 WARNING High grad norm: 736.61 at epoch=89 step=19759
2026-04-21 23:49:41,795 WARNING High grad norm: 836.41 at epoch=89 step=19760
2026-04-21 23:49:42,015 WARNING High grad norm: 1516.94 at epoch=89 step=19761
2026-04-21 23:49:42,235 WARNING High grad norm: 1231.60 at epoch=89 step=19762
2026-04-21 23:49:42,456 WARNING High grad norm: 790.24 at epoch=89 step=19763
2026-04-21 23:49:42,680 WARNING High grad norm: 1003.84 at epoch=89 step=19764
2026-04-21 23:49:42,902 WARNING High grad norm: 849.40 at epoch=89 step=19765
2026-04-21 23:49:43,123 WARNING High grad norm: 870.70 at epoch=89 step=19766
2026-04-21 23:49:43,344 WARNING High grad norm: 1081.23 at epoch=89 step=19767
2026-04-21 23:49:43,565 WARNING High grad norm: 2323.84 at epoch=89 step=19768
2026-04-21 23:49:43,785 WARNING High grad norm: 754.38 at epoch=89 step=19769
2026-04-21 23:49:44,005 WARNING High grad norm: 812.08 at epoch=89 step=19770
2026-04-21 23:49:44,226 WARNING High grad norm: 1255.78 at epoch=89 step=19771
2026-04-21 23:49:44,447 WARNING High grad norm: 1138.93 at epoch=89 step=19772
2026-04-21 23:49:44,669 WARNING High grad norm: 1434.10 at epoch=89 step=19773
2026-04-21 23:49:44,890 WARNING High grad norm: 934.98 at epoch=89 step=19774
2026-04-21 23:49:45,110 WARNING High grad norm: 1351.48 at epoch=89 step=19775
2026-04-21 23:49:45,331 WARNING High grad norm: 580.70 at epoch=89 step=19776
2026-04-21 23:49:45,552 WARNING High grad norm: 934.58 at epoch=89 step=19777
2026-04-21 23:49:45,773 WARNING High grad norm: 1015.37 at epoch=89 step=19778
2026-04-21 23:49:45,993 WARNING High grad norm: 1765.20 at epoch=89 step=19779
2026-04-21 23:49:46,214 WARNING High grad norm: 989.10 at epoch=89 step=19780
2026-04-21 23:49:46,435 WARNING High grad norm: 1639.36 at epoch=89 step=19781
2026-04-21 23:49:46,657 WARNING High grad norm: 2279.22 at epoch=89 step=19782
2026-04-21 23:49:46,878 WARNING High grad norm: 975.92 at epoch=89 step=19783
2026-04-21 23:49:47,099 WARNING High grad norm: 787.86 at epoch=89 step=19784
2026-04-21 23:49:47,323 WARNING High grad norm: 1347.26 at epoch=89 step=19785
2026-04-21 23:49:47,543 WARNING High grad norm: 1650.85 at epoch=89 step=19786
2026-04-21 23:49:47,767 WARNING High grad norm: 1285.09 at epoch=89 step=19787
2026-04-21 23:49:47,987 WARNING High grad norm: 787.81 at epoch=89 step=19788
2026-04-21 23:49:48,208 WARNING High grad norm: 1045.58 at epoch=89 step=19789
2026-04-21 23:49:48,429 WARNING High grad norm: 1626.99 at epoch=89 step=19790
2026-04-21 23:49:48,656 WARNING High grad norm: 965.31 at epoch=89 step=19791
2026-04-21 23:49:48,881 WARNING High grad norm: 973.09 at epoch=89 step=19792
2026-04-21 23:49:49,102 WARNING High grad norm: 1071.19 at epoch=89 step=19793
2026-04-21 23:49:49,322 WARNING High grad norm: 1179.94 at epoch=89 step=19794
2026-04-21 23:49:49,546 WARNING High grad norm: 1447.65 at epoch=89 step=19795
2026-04-21 23:49:49,775 WARNING High grad norm: 1456.61 at epoch=89 step=19796
2026-04-21 23:49:50,000 WARNING High grad norm: 840.35 at epoch=89 step=19797
2026-04-21 23:49:50,228 WARNING High grad norm: 754.40 at epoch=89 step=19798
2026-04-21 23:49:50,451 WARNING High grad norm: 2257.67 at epoch=89 step=19799
2026-04-21 23:49:50,464 INFO epoch=89 step=19800 loss=478.5477 grad_norm=2257.6743 lr=1.00e-06
2026-04-21 23:49:50,677 WARNING High grad norm: 1368.04 at epoch=89 step=19800
2026-04-21 23:49:50,898 WARNING High grad norm: 2127.38 at epoch=89 step=19801
2026-04-21 23:49:51,121 WARNING High grad norm: 2421.98 at epoch=89 step=19802
2026-04-21 23:49:51,343 WARNING High grad norm: 714.35 at epoch=89 step=19803
2026-04-21 23:49:51,562 WARNING High grad norm: 1785.40 at epoch=89 step=19804
2026-04-21 23:49:51,783 WARNING High grad norm: 1531.57 at epoch=89 step=19805
2026-04-21 23:49:52,002 WARNING High grad norm: 2111.83 at epoch=89 step=19806
2026-04-21 23:49:52,224 WARNING High grad norm: 941.17 at epoch=89 step=19807
2026-04-21 23:49:52,445 WARNING High grad norm: 574.06 at epoch=89 step=19808
2026-04-21 23:49:52,668 WARNING High grad norm: 929.18 at epoch=89 step=19809
2026-04-21 23:49:52,888 WARNING High grad norm: 1072.00 at epoch=89 step=19810
2026-04-21 23:49:53,110 WARNING High grad norm: 2187.65 at epoch=89 step=19811
2026-04-21 23:49:53,332 WARNING High grad norm: 1682.77 at epoch=89 step=19812
2026-04-21 23:49:53,553 WARNING High grad norm: 1691.09 at epoch=89 step=19813
2026-04-21 23:49:53,782 WARNING High grad norm: 617.38 at epoch=89 step=19814
2026-04-21 23:49:54,011 WARNING High grad norm: 1021.14 at epoch=89 step=19815
2026-04-21 23:49:54,234 WARNING High grad norm: 689.33 at epoch=89 step=19816
2026-04-21 23:49:54,457 WARNING High grad norm: 547.33 at epoch=89 step=19817
2026-04-21 23:49:54,678 WARNING High grad norm: 1196.14 at epoch=89 step=19818
2026-04-21 23:49:54,899 WARNING High grad norm: 669.49 at epoch=89 step=19819
2026-04-21 23:49:55,120 WARNING High grad norm: 1045.62 at epoch=89 step=19820
2026-04-21 23:49:55,341 WARNING High grad norm: 902.64 at epoch=89 step=19821
2026-04-21 23:49:55,561 WARNING High grad norm: 1233.93 at epoch=89 step=19822
2026-04-21 23:49:55,784 WARNING High grad norm: 948.84 at epoch=89 step=19823
2026-04-21 23:49:56,006 WARNING High grad norm: 807.16 at epoch=89 step=19824
2026-04-21 23:49:56,228 WARNING High grad norm: 1044.15 at epoch=89 step=19825
2026-04-21 23:49:56,447 WARNING High grad norm: 914.73 at epoch=89 step=19826
2026-04-21 23:49:56,668 WARNING High grad norm: 1930.89 at epoch=89 step=19827
2026-04-21 23:49:56,893 WARNING High grad norm: 1484.14 at epoch=89 step=19828
2026-04-21 23:49:57,114 WARNING High grad norm: 1804.89 at epoch=89 step=19829
2026-04-21 23:49:57,334 WARNING High grad norm: 595.36 at epoch=89 step=19830
2026-04-21 23:49:57,556 WARNING High grad norm: 791.92 at epoch=89 step=19831
2026-04-21 23:49:57,776 WARNING High grad norm: 1207.81 at epoch=89 step=19832
2026-04-21 23:49:57,997 WARNING High grad norm: 1529.05 at epoch=89 step=19833
2026-04-21 23:49:58,217 WARNING High grad norm: 804.26 at epoch=89 step=19834
2026-04-21 23:49:58,438 WARNING High grad norm: 969.57 at epoch=89 step=19835
2026-04-21 23:49:58,658 WARNING High grad norm: 579.07 at epoch=89 step=19836
2026-04-21 23:49:58,879 WARNING High grad norm: 885.39 at epoch=89 step=19837
2026-04-21 23:49:59,103 WARNING High grad norm: 1384.72 at epoch=89 step=19838
2026-04-21 23:49:59,323 WARNING High grad norm: 1363.08 at epoch=89 step=19839
2026-04-21 23:49:59,543 WARNING High grad norm: 1932.84 at epoch=89 step=19840
2026-04-21 23:49:59,764 WARNING High grad norm: 1220.15 at epoch=89 step=19841
2026-04-21 23:49:59,984 WARNING High grad norm: 954.33 at epoch=89 step=19842
2026-04-21 23:50:00,206 WARNING High grad norm: 1539.83 at epoch=89 step=19843
2026-04-21 23:50:00,428 WARNING High grad norm: 1154.20 at epoch=89 step=19844
2026-04-21 23:50:00,649 WARNING High grad norm: 1234.87 at epoch=89 step=19845
2026-04-21 23:50:00,798 WARNING High grad norm: 2943.60 at epoch=89 step=19846
2026-04-21 23:50:01,420 INFO epoch=89 avg_loss=480.4550 lr=1.00e-06
2026-04-21 23:50:14,953 WARNING High grad norm: 1633.38 at epoch=90 step=19847
2026-04-21 23:50:15,176 WARNING High grad norm: 635.11 at epoch=90 step=19848
2026-04-21 23:50:15,395 WARNING High grad norm: 700.18 at epoch=90 step=19849
2026-04-21 23:50:15,614 WARNING High grad norm: 1069.87 at epoch=90 step=19850
2026-04-21 23:50:15,833 WARNING High grad norm: 1539.35 at epoch=90 step=19851
2026-04-21 23:50:16,053 WARNING High grad norm: 860.78 at epoch=90 step=19852
2026-04-21 23:50:16,272 WARNING High grad norm: 1150.14 at epoch=90 step=19853
2026-04-21 23:50:16,495 WARNING High grad norm: 2851.95 at epoch=90 step=19854
2026-04-21 23:50:16,714 WARNING High grad norm: 593.20 at epoch=90 step=19855
2026-04-21 23:50:16,936 WARNING High grad norm: 1616.81 at epoch=90 step=19856
2026-04-21 23:50:17,159 WARNING High grad norm: 1385.38 at epoch=90 step=19857
2026-04-21 23:50:17,379 WARNING High grad norm: 773.70 at epoch=90 step=19858
2026-04-21 23:50:17,598 WARNING High grad norm: 764.23 at epoch=90 step=19859
2026-04-21 23:50:17,818 WARNING High grad norm: 731.65 at epoch=90 step=19860
2026-04-21 23:50:18,036 WARNING High grad norm: 806.29 at epoch=90 step=19861
2026-04-21 23:50:18,259 WARNING High grad norm: 818.56 at epoch=90 step=19862
2026-04-21 23:50:18,479 WARNING High grad norm: 603.14 at epoch=90 step=19863
2026-04-21 23:50:18,699 WARNING High grad norm: 939.80 at epoch=90 step=19864
2026-04-21 23:50:18,921 WARNING High grad norm: 1320.68 at epoch=90 step=19865
2026-04-21 23:50:19,139 WARNING High grad norm: 700.67 at epoch=90 step=19866
2026-04-21 23:50:19,361 WARNING High grad norm: 857.57 at epoch=90 step=19867
2026-04-21 23:50:19,580 WARNING High grad norm: 1134.63 at epoch=90 step=19868
2026-04-21 23:50:19,802 WARNING High grad norm: 1560.45 at epoch=90 step=19869
2026-04-21 23:50:20,026 WARNING High grad norm: 1685.22 at epoch=90 step=19870
2026-04-21 23:50:20,250 WARNING High grad norm: 842.58 at epoch=90 step=19871
2026-04-21 23:50:20,470 WARNING High grad norm: 1334.56 at epoch=90 step=19872
2026-04-21 23:50:20,697 WARNING High grad norm: 986.08 at epoch=90 step=19873
2026-04-21 23:50:20,918 WARNING High grad norm: 1454.96 at epoch=90 step=19874
2026-04-21 23:50:21,140 WARNING High grad norm: 1346.65 at epoch=90 step=19875
2026-04-21 23:50:21,359 WARNING High grad norm: 1553.08 at epoch=90 step=19876
2026-04-21 23:50:21,579 WARNING High grad norm: 982.99 at epoch=90 step=19877
2026-04-21 23:50:21,798 WARNING High grad norm: 1254.56 at epoch=90 step=19878
2026-04-21 23:50:22,020 WARNING High grad norm: 2354.07 at epoch=90 step=19879
2026-04-21 23:50:22,239 WARNING High grad norm: 820.15 at epoch=90 step=19880
2026-04-21 23:50:22,462 WARNING High grad norm: 637.33 at epoch=90 step=19881
2026-04-21 23:50:22,688 WARNING High grad norm: 644.39 at epoch=90 step=19882
2026-04-21 23:50:22,909 WARNING High grad norm: 836.46 at epoch=90 step=19883
2026-04-21 23:50:23,129 WARNING High grad norm: 1438.68 at epoch=90 step=19884
2026-04-21 23:50:23,348 WARNING High grad norm: 618.03 at epoch=90 step=19885
2026-04-21 23:50:23,569 WARNING High grad norm: 722.67 at epoch=90 step=19886
2026-04-21 23:50:23,789 WARNING High grad norm: 669.40 at epoch=90 step=19887
2026-04-21 23:50:24,010 WARNING High grad norm: 1138.02 at epoch=90 step=19888
2026-04-21 23:50:24,231 WARNING High grad norm: 760.27 at epoch=90 step=19889
2026-04-21 23:50:24,449 WARNING High grad norm: 924.37 at epoch=90 step=19890
2026-04-21 23:50:24,671 WARNING High grad norm: 898.20 at epoch=90 step=19891
2026-04-21 23:50:24,890 WARNING High grad norm: 1136.31 at epoch=90 step=19892
2026-04-21 23:50:25,111 WARNING High grad norm: 1301.83 at epoch=90 step=19893
2026-04-21 23:50:25,330 WARNING High grad norm: 620.38 at epoch=90 step=19894
2026-04-21 23:50:25,550 WARNING High grad norm: 854.78 at epoch=90 step=19895
2026-04-21 23:50:25,773 WARNING High grad norm: 618.46 at epoch=90 step=19896
2026-04-21 23:50:25,993 WARNING High grad norm: 1102.15 at epoch=90 step=19897
2026-04-21 23:50:26,213 WARNING High grad norm: 2239.37 at epoch=90 step=19898
2026-04-21 23:50:26,432 WARNING High grad norm: 963.59 at epoch=90 step=19899
2026-04-21 23:50:26,445 INFO epoch=90 step=19900 loss=481.4185 grad_norm=963.5928 lr=1.00e-06
2026-04-21 23:50:26,657 WARNING High grad norm: 1287.46 at epoch=90 step=19900
2026-04-21 23:50:26,879 WARNING High grad norm: 1300.76 at epoch=90 step=19901
2026-04-21 23:50:27,099 WARNING High grad norm: 1338.80 at epoch=90 step=19902
2026-04-21 23:50:27,322 WARNING High grad norm: 556.25 at epoch=90 step=19903
2026-04-21 23:50:27,542 WARNING High grad norm: 1488.24 at epoch=90 step=19904
2026-04-21 23:50:27,764 WARNING High grad norm: 875.98 at epoch=90 step=19905
2026-04-21 23:50:27,984 WARNING High grad norm: 1278.66 at epoch=90 step=19906
2026-04-21 23:50:28,203 WARNING High grad norm: 791.43 at epoch=90 step=19907
2026-04-21 23:50:28,422 WARNING High grad norm: 1619.81 at epoch=90 step=19908
2026-04-21 23:50:28,643 WARNING High grad norm: 1446.12 at epoch=90 step=19909
2026-04-21 23:50:28,866 WARNING High grad norm: 1048.32 at epoch=90 step=19910
2026-04-21 23:50:29,091 WARNING High grad norm: 2894.80 at epoch=90 step=19911
2026-04-21 23:50:29,311 WARNING High grad norm: 919.57 at epoch=90 step=19912
2026-04-21 23:50:29,532 WARNING High grad norm: 860.89 at epoch=90 step=19913
2026-04-21 23:50:29,758 WARNING High grad norm: 701.58 at epoch=90 step=19914
2026-04-21 23:50:29,987 WARNING High grad norm: 974.24 at epoch=90 step=19915
2026-04-21 23:50:30,211 WARNING High grad norm: 1279.20 at epoch=90 step=19916
2026-04-21 23:50:30,435 WARNING High grad norm: 1339.26 at epoch=90 step=19917
2026-04-21 23:50:30,657 WARNING High grad norm: 1292.49 at epoch=90 step=19918
2026-04-21 23:50:30,884 WARNING High grad norm: 3590.32 at epoch=90 step=19919
2026-04-21 23:50:31,106 WARNING High grad norm: 1094.94 at epoch=90 step=19920
2026-04-21 23:50:31,337 WARNING High grad norm: 1550.34 at epoch=90 step=19921
2026-04-21 23:50:31,557 WARNING High grad norm: 1964.60 at epoch=90 step=19922
2026-04-21 23:50:31,777 WARNING High grad norm: 745.74 at epoch=90 step=19923
2026-04-21 23:50:31,998 WARNING High grad norm: 878.20 at epoch=90 step=19924
2026-04-21 23:50:32,220 WARNING High grad norm: 884.41 at epoch=90 step=19925
2026-04-21 23:50:32,441 WARNING High grad norm: 786.00 at epoch=90 step=19926
2026-04-21 23:50:32,661 WARNING High grad norm: 2092.76 at epoch=90 step=19927
2026-04-21 23:50:32,881 WARNING High grad norm: 2010.99 at epoch=90 step=19928
2026-04-21 23:50:33,103 WARNING High grad norm: 1052.68 at epoch=90 step=19929
2026-04-21 23:50:33,324 WARNING High grad norm: 2133.47 at epoch=90 step=19930
2026-04-21 23:50:33,545 WARNING High grad norm: 1538.89 at epoch=90 step=19931
2026-04-21 23:50:33,767 WARNING High grad norm: 1967.64 at epoch=90 step=19932
2026-04-21 23:50:33,987 WARNING High grad norm: 1207.90 at epoch=90 step=19933
2026-04-21 23:50:34,208 WARNING High grad norm: 573.54 at epoch=90 step=19934
2026-04-21 23:50:34,428 WARNING High grad norm: 1094.97 at epoch=90 step=19935
2026-04-21 23:50:34,651 WARNING High grad norm: 673.41 at epoch=90 step=19936
2026-04-21 23:50:34,874 WARNING High grad norm: 1230.76 at epoch=90 step=19937
2026-04-21 23:50:35,095 WARNING High grad norm: 2685.16 at epoch=90 step=19938
2026-04-21 23:50:35,314 WARNING High grad norm: 2533.38 at epoch=90 step=19939
2026-04-21 23:50:35,535 WARNING High grad norm: 842.72 at epoch=90 step=19940
2026-04-21 23:50:35,761 WARNING High grad norm: 2536.88 at epoch=90 step=19941
2026-04-21 23:50:35,983 WARNING High grad norm: 1120.40 at epoch=90 step=19942
2026-04-21 23:50:36,213 WARNING High grad norm: 2175.34 at epoch=90 step=19943
2026-04-21 23:50:36,436 WARNING High grad norm: 514.56 at epoch=90 step=19944
2026-04-21 23:50:36,657 WARNING High grad norm: 737.64 at epoch=90 step=19945
2026-04-21 23:50:36,877 WARNING High grad norm: 1426.59 at epoch=90 step=19946
2026-04-21 23:50:37,097 WARNING High grad norm: 592.92 at epoch=90 step=19947
2026-04-21 23:50:37,320 WARNING High grad norm: 986.88 at epoch=90 step=19948
2026-04-21 23:50:37,548 WARNING High grad norm: 768.63 at epoch=90 step=19949
2026-04-21 23:50:37,768 WARNING High grad norm: 1593.27 at epoch=90 step=19950
2026-04-21 23:50:37,989 WARNING High grad norm: 944.95 at epoch=90 step=19951
2026-04-21 23:50:38,211 WARNING High grad norm: 1759.66 at epoch=90 step=19952
2026-04-21 23:50:38,431 WARNING High grad norm: 784.86 at epoch=90 step=19953
2026-04-21 23:50:38,651 WARNING High grad norm: 625.70 at epoch=90 step=19954
2026-04-21 23:50:38,870 WARNING High grad norm: 923.75 at epoch=90 step=19955
2026-04-21 23:50:39,091 WARNING High grad norm: 933.50 at epoch=90 step=19956
2026-04-21 23:50:39,311 WARNING High grad norm: 1214.63 at epoch=90 step=19957
2026-04-21 23:50:39,531 WARNING High grad norm: 933.24 at epoch=90 step=19958
2026-04-21 23:50:39,752 WARNING High grad norm: 1302.25 at epoch=90 step=19959
2026-04-21 23:50:39,975 WARNING High grad norm: 710.65 at epoch=90 step=19960
2026-04-21 23:50:40,195 WARNING High grad norm: 943.91 at epoch=90 step=19961
2026-04-21 23:50:40,415 WARNING High grad norm: 729.86 at epoch=90 step=19962
2026-04-21 23:50:40,636 WARNING High grad norm: 1406.87 at epoch=90 step=19963
2026-04-21 23:50:40,856 WARNING High grad norm: 2125.77 at epoch=90 step=19964
2026-04-21 23:50:41,075 WARNING High grad norm: 1636.78 at epoch=90 step=19965
2026-04-21 23:50:41,294 WARNING High grad norm: 2083.11 at epoch=90 step=19966
2026-04-21 23:50:41,514 WARNING High grad norm: 940.05 at epoch=90 step=19967
2026-04-21 23:50:41,734 WARNING High grad norm: 1636.12 at epoch=90 step=19968
2026-04-21 23:50:41,954 WARNING High grad norm: 1200.33 at epoch=90 step=19969
2026-04-21 23:50:42,176 WARNING High grad norm: 1217.31 at epoch=90 step=19970
2026-04-21 23:50:42,396 WARNING High grad norm: 2041.10 at epoch=90 step=19971
2026-04-21 23:50:42,616 WARNING High grad norm: 796.72 at epoch=90 step=19972
2026-04-21 23:50:42,837 WARNING High grad norm: 831.20 at epoch=90 step=19973
2026-04-21 23:50:43,057 WARNING High grad norm: 1225.02 at epoch=90 step=19974
2026-04-21 23:50:43,279 WARNING High grad norm: 773.76 at epoch=90 step=19975
2026-04-21 23:50:43,503 WARNING High grad norm: 976.49 at epoch=90 step=19976
2026-04-21 23:50:43,722 WARNING High grad norm: 914.76 at epoch=90 step=19977
2026-04-21 23:50:43,943 WARNING High grad norm: 1279.54 at epoch=90 step=19978
2026-04-21 23:50:44,165 WARNING High grad norm: 1443.71 at epoch=90 step=19979
2026-04-21 23:50:44,392 WARNING High grad norm: 750.04 at epoch=90 step=19980
2026-04-21 23:50:44,612 WARNING High grad norm: 906.23 at epoch=90 step=19981
2026-04-21 23:50:44,837 WARNING High grad norm: 1764.21 at epoch=90 step=19982
2026-04-21 23:50:45,058 WARNING High grad norm: 608.83 at epoch=90 step=19983
2026-04-21 23:50:45,278 WARNING High grad norm: 1066.98 at epoch=90 step=19984
2026-04-21 23:50:45,499 WARNING High grad norm: 1131.40 at epoch=90 step=19985
2026-04-21 23:50:45,722 WARNING High grad norm: 2557.47 at epoch=90 step=19986
2026-04-21 23:50:45,945 WARNING High grad norm: 1592.61 at epoch=90 step=19987
2026-04-21 23:50:46,165 WARNING High grad norm: 979.44 at epoch=90 step=19988
2026-04-21 23:50:46,389 WARNING High grad norm: 786.97 at epoch=90 step=19989
2026-04-21 23:50:46,619 WARNING High grad norm: 1440.04 at epoch=90 step=19990
2026-04-21 23:50:46,839 WARNING High grad norm: 1020.72 at epoch=90 step=19991
2026-04-21 23:50:47,061 WARNING High grad norm: 1059.87 at epoch=90 step=19992
2026-04-21 23:50:47,289 WARNING High grad norm: 838.54 at epoch=90 step=19993
2026-04-21 23:50:47,514 WARNING High grad norm: 1178.51 at epoch=90 step=19994
2026-04-21 23:50:47,741 WARNING High grad norm: 1520.79 at epoch=90 step=19995
2026-04-21 23:50:47,961 WARNING High grad norm: 1028.73 at epoch=90 step=19996
2026-04-21 23:50:48,182 WARNING High grad norm: 1667.29 at epoch=90 step=19997
2026-04-21 23:50:48,402 WARNING High grad norm: 1308.37 at epoch=90 step=19998
2026-04-21 23:50:48,624 WARNING High grad norm: 1620.55 at epoch=90 step=19999
2026-04-21 23:50:48,634 INFO epoch=90 step=20000 loss=488.7538 grad_norm=1620.5477 lr=1.00e-06
2026-04-21 23:50:48,847 WARNING High grad norm: 993.10 at epoch=90 step=20000
2026-04-21 23:50:49,069 WARNING High grad norm: 981.96 at epoch=90 step=20001
2026-04-21 23:50:49,292 WARNING High grad norm: 1139.17 at epoch=90 step=20002
2026-04-21 23:50:49,517 WARNING High grad norm: 1701.87 at epoch=90 step=20003
2026-04-21 23:50:49,739 WARNING High grad norm: 1023.58 at epoch=90 step=20004
2026-04-21 23:50:49,959 WARNING High grad norm: 1103.54 at epoch=90 step=20005
2026-04-21 23:50:50,181 WARNING High grad norm: 977.31 at epoch=90 step=20006
2026-04-21 23:50:50,411 WARNING High grad norm: 789.05 at epoch=90 step=20007
2026-04-21 23:50:50,631 WARNING High grad norm: 892.28 at epoch=90 step=20008
2026-04-21 23:50:50,850 WARNING High grad norm: 1382.27 at epoch=90 step=20009
2026-04-21 23:50:51,071 WARNING High grad norm: 933.61 at epoch=90 step=20010
2026-04-21 23:50:51,291 WARNING High grad norm: 1895.33 at epoch=90 step=20011
2026-04-21 23:50:51,513 WARNING High grad norm: 719.74 at epoch=90 step=20012
2026-04-21 23:50:51,734 WARNING High grad norm: 773.89 at epoch=90 step=20013
2026-04-21 23:50:51,953 WARNING High grad norm: 905.35 at epoch=90 step=20014
2026-04-21 23:50:52,174 WARNING High grad norm: 1439.00 at epoch=90 step=20015
2026-04-21 23:50:52,396 WARNING High grad norm: 893.42 at epoch=90 step=20016
2026-04-21 23:50:52,617 WARNING High grad norm: 1217.09 at epoch=90 step=20017
2026-04-21 23:50:52,837 WARNING High grad norm: 1821.84 at epoch=90 step=20018
2026-04-21 23:50:53,057 WARNING High grad norm: 914.81 at epoch=90 step=20019
2026-04-21 23:50:53,283 WARNING High grad norm: 1057.76 at epoch=90 step=20020
2026-04-21 23:50:53,507 WARNING High grad norm: 683.33 at epoch=90 step=20021
2026-04-21 23:50:53,727 WARNING High grad norm: 747.52 at epoch=90 step=20022
2026-04-21 23:50:53,947 WARNING High grad norm: 1574.07 at epoch=90 step=20023
2026-04-21 23:50:54,166 WARNING High grad norm: 2126.86 at epoch=90 step=20024
2026-04-21 23:50:54,386 WARNING High grad norm: 685.43 at epoch=90 step=20025
2026-04-21 23:50:54,610 WARNING High grad norm: 1319.37 at epoch=90 step=20026
2026-04-21 23:50:54,833 WARNING High grad norm: 746.43 at epoch=90 step=20027
2026-04-21 23:50:55,052 WARNING High grad norm: 908.98 at epoch=90 step=20028
2026-04-21 23:50:55,271 WARNING High grad norm: 1159.45 at epoch=90 step=20029
2026-04-21 23:50:55,493 WARNING High grad norm: 976.73 at epoch=90 step=20030
2026-04-21 23:50:55,715 WARNING High grad norm: 1304.85 at epoch=90 step=20031
2026-04-21 23:50:55,935 WARNING High grad norm: 1224.14 at epoch=90 step=20032
2026-04-21 23:50:56,155 WARNING High grad norm: 975.18 at epoch=90 step=20033
2026-04-21 23:50:56,375 WARNING High grad norm: 667.86 at epoch=90 step=20034
2026-04-21 23:50:56,597 WARNING High grad norm: 1892.41 at epoch=90 step=20035
2026-04-21 23:50:56,819 WARNING High grad norm: 2009.09 at epoch=90 step=20036
2026-04-21 23:50:57,039 WARNING High grad norm: 1414.03 at epoch=90 step=20037
2026-04-21 23:50:57,262 WARNING High grad norm: 843.21 at epoch=90 step=20038
2026-04-21 23:50:57,485 WARNING High grad norm: 2751.98 at epoch=90 step=20039
2026-04-21 23:50:57,706 WARNING High grad norm: 1586.37 at epoch=90 step=20040
2026-04-21 23:50:57,927 WARNING High grad norm: 1667.32 at epoch=90 step=20041
2026-04-21 23:50:58,156 WARNING High grad norm: 733.92 at epoch=90 step=20042
2026-04-21 23:50:58,376 WARNING High grad norm: 1204.22 at epoch=90 step=20043
2026-04-21 23:50:58,598 WARNING High grad norm: 1444.14 at epoch=90 step=20044
2026-04-21 23:50:58,823 WARNING High grad norm: 954.19 at epoch=90 step=20045
2026-04-21 23:50:59,042 WARNING High grad norm: 1806.15 at epoch=90 step=20046
2026-04-21 23:50:59,263 WARNING High grad norm: 2309.16 at epoch=90 step=20047
2026-04-21 23:50:59,495 WARNING High grad norm: 2429.58 at epoch=90 step=20048
2026-04-21 23:50:59,715 WARNING High grad norm: 2564.88 at epoch=90 step=20049
2026-04-21 23:50:59,936 WARNING High grad norm: 775.03 at epoch=90 step=20050
2026-04-21 23:51:00,161 WARNING High grad norm: 920.47 at epoch=90 step=20051
2026-04-21 23:51:00,383 WARNING High grad norm: 1006.45 at epoch=90 step=20052
2026-04-21 23:51:00,603 WARNING High grad norm: 668.56 at epoch=90 step=20053
2026-04-21 23:51:00,825 WARNING High grad norm: 601.08 at epoch=90 step=20054
2026-04-21 23:51:01,052 WARNING High grad norm: 990.66 at epoch=90 step=20055
2026-04-21 23:51:01,273 WARNING High grad norm: 725.58 at epoch=90 step=20056
2026-04-21 23:51:01,494 WARNING High grad norm: 1564.57 at epoch=90 step=20057
2026-04-21 23:51:01,715 WARNING High grad norm: 842.20 at epoch=90 step=20058
2026-04-21 23:51:01,937 WARNING High grad norm: 1501.88 at epoch=90 step=20059
2026-04-21 23:51:02,161 WARNING High grad norm: 1191.10 at epoch=90 step=20060
2026-04-21 23:51:02,388 WARNING High grad norm: 644.05 at epoch=90 step=20061
2026-04-21 23:51:02,609 WARNING High grad norm: 870.85 at epoch=90 step=20062
2026-04-21 23:51:02,831 WARNING High grad norm: 731.85 at epoch=90 step=20063
2026-04-21 23:51:03,051 WARNING High grad norm: 1612.18 at epoch=90 step=20064
2026-04-21 23:51:03,271 WARNING High grad norm: 643.86 at epoch=90 step=20065
2026-04-21 23:51:03,501 WARNING High grad norm: 911.09 at epoch=90 step=20066
2026-04-21 23:51:03,721 WARNING High grad norm: 2136.21 at epoch=90 step=20067
2026-04-21 23:51:03,943 WARNING High grad norm: 1050.58 at epoch=90 step=20068
2026-04-21 23:51:04,096 WARNING High grad norm: 977.95 at epoch=90 step=20069
2026-04-21 23:51:04,678 INFO epoch=90 avg_loss=488.7244 lr=1.00e-06
2026-04-21 23:51:11,270 INFO Saved checkpoint to C:\Users\artun\Desktop\ITS-project\checkpoints\score_fmnist_v2\score_epoch_0090.pt
2026-04-21 23:51:25,070 WARNING High grad norm: 1586.08 at epoch=91 step=20070
2026-04-21 23:51:25,289 WARNING High grad norm: 739.02 at epoch=91 step=20071
2026-04-21 23:51:25,514 WARNING High grad norm: 905.12 at epoch=91 step=20072
2026-04-21 23:51:25,734 WARNING High grad norm: 1128.64 at epoch=91 step=20073
2026-04-21 23:51:25,958 WARNING High grad norm: 890.34 at epoch=91 step=20074
2026-04-21 23:51:26,177 WARNING High grad norm: 2227.37 at epoch=91 step=20075
2026-04-21 23:51:26,395 WARNING High grad norm: 1354.40 at epoch=91 step=20076
2026-04-21 23:51:26,617 WARNING High grad norm: 2260.81 at epoch=91 step=20077
2026-04-21 23:51:26,837 WARNING High grad norm: 972.35 at epoch=91 step=20078
2026-04-21 23:51:27,066 WARNING High grad norm: 616.68 at epoch=91 step=20079
2026-04-21 23:51:27,285 WARNING High grad norm: 649.84 at epoch=91 step=20080
2026-04-21 23:51:27,507 WARNING High grad norm: 884.17 at epoch=91 step=20081
2026-04-21 23:51:27,727 WARNING High grad norm: 1180.16 at epoch=91 step=20082
2026-04-21 23:51:27,946 WARNING High grad norm: 985.71 at epoch=91 step=20083
2026-04-21 23:51:28,167 WARNING High grad norm: 1166.04 at epoch=91 step=20084
2026-04-21 23:51:28,388 WARNING High grad norm: 1126.47 at epoch=91 step=20085
2026-04-21 23:51:28,607 WARNING High grad norm: 963.80 at epoch=91 step=20086
2026-04-21 23:51:28,828 WARNING High grad norm: 1040.01 at epoch=91 step=20087
2026-04-21 23:51:29,047 WARNING High grad norm: 1204.07 at epoch=91 step=20088
2026-04-21 23:51:29,268 WARNING High grad norm: 1351.80 at epoch=91 step=20089
2026-04-21 23:51:29,491 WARNING High grad norm: 1070.76 at epoch=91 step=20090
2026-04-21 23:51:29,711 WARNING High grad norm: 531.47 at epoch=91 step=20091
2026-04-21 23:51:29,929 WARNING High grad norm: 1475.83 at epoch=91 step=20092
2026-04-21 23:51:30,152 WARNING High grad norm: 779.86 at epoch=91 step=20093
2026-04-21 23:51:30,372 WARNING High grad norm: 814.13 at epoch=91 step=20094
2026-04-21 23:51:30,591 WARNING High grad norm: 633.35 at epoch=91 step=20095
2026-04-21 23:51:30,811 WARNING High grad norm: 3915.87 at epoch=91 step=20096
2026-04-21 23:51:31,034 WARNING High grad norm: 2203.08 at epoch=91 step=20097
2026-04-21 23:51:31,253 WARNING High grad norm: 1071.02 at epoch=91 step=20098
2026-04-21 23:51:31,479 WARNING High grad norm: 1750.58 at epoch=91 step=20099
2026-04-21 23:51:31,489 INFO epoch=91 step=20100 loss=484.5568 grad_norm=1750.5759 lr=1.00e-06
2026-04-21 23:51:31,700 WARNING High grad norm: 928.04 at epoch=91 step=20100
2026-04-21 23:51:31,923 WARNING High grad norm: 1164.85 at epoch=91 step=20101
2026-04-21 23:51:32,147 WARNING High grad norm: 591.96 at epoch=91 step=20102
2026-04-21 23:51:32,369 WARNING High grad norm: 1242.69 at epoch=91 step=20103
2026-04-21 23:51:32,588 WARNING High grad norm: 1936.77 at epoch=91 step=20104
2026-04-21 23:51:32,808 WARNING High grad norm: 853.52 at epoch=91 step=20105
2026-04-21 23:51:33,030 WARNING High grad norm: 2673.36 at epoch=91 step=20106
2026-04-21 23:51:33,253 WARNING High grad norm: 1958.79 at epoch=91 step=20107
2026-04-21 23:51:33,473 WARNING High grad norm: 819.46 at epoch=91 step=20108
2026-04-21 23:51:33,693 WARNING High grad norm: 1775.23 at epoch=91 step=20109
2026-04-21 23:51:33,912 WARNING High grad norm: 1281.29 at epoch=91 step=20110
2026-04-21 23:51:34,133 WARNING High grad norm: 1875.46 at epoch=91 step=20111
2026-04-21 23:51:34,357 WARNING High grad norm: 1467.69 at epoch=91 step=20112
2026-04-21 23:51:34,585 WARNING High grad norm: 833.32 at epoch=91 step=20113
2026-04-21 23:51:34,806 WARNING High grad norm: 830.61 at epoch=91 step=20114
2026-04-21 23:51:35,028 WARNING High grad norm: 2179.60 at epoch=91 step=20115
2026-04-21 23:51:35,251 WARNING High grad norm: 847.22 at epoch=91 step=20116
2026-04-21 23:51:35,477 WARNING High grad norm: 946.65 at epoch=91 step=20117
2026-04-21 23:51:35,700 WARNING High grad norm: 561.83 at epoch=91 step=20118
2026-04-21 23:51:35,922 WARNING High grad norm: 1229.53 at epoch=91 step=20119
2026-04-21 23:51:36,144 WARNING High grad norm: 1799.80 at epoch=91 step=20120
2026-04-21 23:51:36,367 WARNING High grad norm: 1842.09 at epoch=91 step=20121
2026-04-21 23:51:36,586 WARNING High grad norm: 1452.52 at epoch=91 step=20122
2026-04-21 23:51:36,807 WARNING High grad norm: 1690.75 at epoch=91 step=20123
2026-04-21 23:51:37,029 WARNING High grad norm: 760.97 at epoch=91 step=20124
2026-04-21 23:51:37,253 WARNING High grad norm: 1220.45 at epoch=91 step=20125
2026-04-21 23:51:37,475 WARNING High grad norm: 785.11 at epoch=91 step=20126
2026-04-21 23:51:37,697 WARNING High grad norm: 1174.20 at epoch=91 step=20127
2026-04-21 23:51:37,918 WARNING High grad norm: 638.79 at epoch=91 step=20128
2026-04-21 23:51:38,137 WARNING High grad norm: 1786.75 at epoch=91 step=20129
2026-04-21 23:51:38,366 WARNING High grad norm: 763.48 at epoch=91 step=20130
2026-04-21 23:51:38,586 WARNING High grad norm: 1411.11 at epoch=91 step=20131
2026-04-21 23:51:38,805 WARNING High grad norm: 1255.51 at epoch=91 step=20132
2026-04-21 23:51:39,025 WARNING High grad norm: 473.04 at epoch=91 step=20133
2026-04-21 23:51:39,247 WARNING High grad norm: 696.82 at epoch=91 step=20134
2026-04-21 23:51:39,466 WARNING High grad norm: 1759.90 at epoch=91 step=20135
2026-04-21 23:51:39,687 WARNING High grad norm: 965.85 at epoch=91 step=20136
2026-04-21 23:51:39,907 WARNING High grad norm: 744.69 at epoch=91 step=20137
2026-04-21 23:51:40,129 WARNING High grad norm: 958.87 at epoch=91 step=20138
2026-04-21 23:51:40,347 WARNING High grad norm: 892.56 at epoch=91 step=20139
2026-04-21 23:51:40,567 WARNING High grad norm: 2086.39 at epoch=91 step=20140
2026-04-21 23:51:40,794 WARNING High grad norm: 2243.56 at epoch=91 step=20141
2026-04-21 23:51:41,013 WARNING High grad norm: 1159.54 at epoch=91 step=20142
2026-04-21 23:51:41,238 WARNING High grad norm: 524.02 at epoch=91 step=20143
2026-04-21 23:51:41,462 WARNING High grad norm: 777.61 at epoch=91 step=20144
2026-04-21 23:51:41,683 WARNING High grad norm: 1274.99 at epoch=91 step=20145
2026-04-21 23:51:41,902 WARNING High grad norm: 586.36 at epoch=91 step=20146
2026-04-21 23:51:42,121 WARNING High grad norm: 1317.55 at epoch=91 step=20147
2026-04-21 23:51:42,341 WARNING High grad norm: 806.87 at epoch=91 step=20148
2026-04-21 23:51:42,560 WARNING High grad norm: 903.88 at epoch=91 step=20149
2026-04-21 23:51:42,781 WARNING High grad norm: 991.73 at epoch=91 step=20150
2026-04-21 23:51:43,000 WARNING High grad norm: 757.89 at epoch=91 step=20151
2026-04-21 23:51:43,220 WARNING High grad norm: 1783.48 at epoch=91 step=20152
2026-04-21 23:51:43,439 WARNING High grad norm: 615.29 at epoch=91 step=20153
2026-04-21 23:51:43,659 WARNING High grad norm: 1192.54 at epoch=91 step=20154
2026-04-21 23:51:43,879 WARNING High grad norm: 722.07 at epoch=91 step=20155
2026-04-21 23:51:44,098 WARNING High grad norm: 820.29 at epoch=91 step=20156
2026-04-21 23:51:44,320 WARNING High grad norm: 612.28 at epoch=91 step=20157
2026-04-21 23:51:44,540 WARNING High grad norm: 648.69 at epoch=91 step=20158
2026-04-21 23:51:44,760 WARNING High grad norm: 1408.68 at epoch=91 step=20159
2026-04-21 23:51:44,981 WARNING High grad norm: 2692.40 at epoch=91 step=20160
2026-04-21 23:51:45,205 WARNING High grad norm: 646.10 at epoch=91 step=20161
2026-04-21 23:51:45,431 WARNING High grad norm: 985.60 at epoch=91 step=20162
2026-04-21 23:51:45,655 WARNING High grad norm: 1130.25 at epoch=91 step=20163
2026-04-21 23:51:45,874 WARNING High grad norm: 1190.12 at epoch=91 step=20164
2026-04-21 23:51:46,104 WARNING High grad norm: 843.70 at epoch=91 step=20165
2026-04-21 23:51:46,327 WARNING High grad norm: 754.03 at epoch=91 step=20166
2026-04-21 23:51:46,554 WARNING High grad norm: 672.03 at epoch=91 step=20167
2026-04-21 23:51:46,778 WARNING High grad norm: 1303.57 at epoch=91 step=20168
2026-04-21 23:51:46,999 WARNING High grad norm: 2711.18 at epoch=91 step=20169
2026-04-21 23:51:47,218 WARNING High grad norm: 1488.79 at epoch=91 step=20170
2026-04-21 23:51:47,440 WARNING High grad norm: 1411.66 at epoch=91 step=20171
2026-04-21 23:51:47,662 WARNING High grad norm: 1068.35 at epoch=91 step=20172
2026-04-21 23:51:47,883 WARNING High grad norm: 703.70 at epoch=91 step=20173
2026-04-21 23:51:48,103 WARNING High grad norm: 467.03 at epoch=91 step=20174
2026-04-21 23:51:48,326 WARNING High grad norm: 1491.54 at epoch=91 step=20175
2026-04-21 23:51:48,567 WARNING High grad norm: 1688.61 at epoch=91 step=20176
2026-04-21 23:51:48,806 WARNING High grad norm: 1552.64 at epoch=91 step=20177
2026-04-21 23:51:49,031 WARNING High grad norm: 1038.75 at epoch=91 step=20178
2026-04-21 23:51:49,258 WARNING High grad norm: 1357.97 at epoch=91 step=20179
2026-04-21 23:51:49,486 WARNING High grad norm: 688.65 at epoch=91 step=20180
2026-04-21 23:51:49,709 WARNING High grad norm: 1273.88 at epoch=91 step=20181
2026-04-21 23:51:49,933 WARNING High grad norm: 1643.06 at epoch=91 step=20182
2026-04-21 23:51:50,155 WARNING High grad norm: 843.42 at epoch=91 step=20183
2026-04-21 23:51:50,377 WARNING High grad norm: 639.51 at epoch=91 step=20184
2026-04-21 23:51:50,599 WARNING High grad norm: 1161.55 at epoch=91 step=20185
2026-04-21 23:51:50,820 WARNING High grad norm: 1943.00 at epoch=91 step=20186
2026-04-21 23:51:51,041 WARNING High grad norm: 959.91 at epoch=91 step=20187
2026-04-21 23:51:51,268 WARNING High grad norm: 1304.78 at epoch=91 step=20188
2026-04-21 23:51:51,491 WARNING High grad norm: 1491.45 at epoch=91 step=20189
2026-04-21 23:51:51,715 WARNING High grad norm: 2390.37 at epoch=91 step=20190
2026-04-21 23:51:51,936 WARNING High grad norm: 805.51 at epoch=91 step=20191
2026-04-21 23:51:52,157 WARNING High grad norm: 966.88 at epoch=91 step=20192
2026-04-21 23:51:52,381 WARNING High grad norm: 940.62 at epoch=91 step=20193
2026-04-21 23:51:52,602 WARNING High grad norm: 1545.01 at epoch=91 step=20194
2026-04-21 23:51:52,827 WARNING High grad norm: 1396.85 at epoch=91 step=20195
2026-04-21 23:51:53,047 WARNING High grad norm: 669.96 at epoch=91 step=20196
2026-04-21 23:51:53,270 WARNING High grad norm: 1194.94 at epoch=91 step=20197
2026-04-21 23:51:53,499 WARNING High grad norm: 1160.76 at epoch=91 step=20198
2026-04-21 23:51:53,719 WARNING High grad norm: 2564.06 at epoch=91 step=20199
2026-04-21 23:51:53,729 INFO epoch=91 step=20200 loss=482.0121 grad_norm=2564.0635 lr=1.00e-06
2026-04-21 23:51:53,941 WARNING High grad norm: 584.39 at epoch=91 step=20200
2026-04-21 23:51:54,160 WARNING High grad norm: 789.93 at epoch=91 step=20201
2026-04-21 23:51:54,380 WARNING High grad norm: 827.96 at epoch=91 step=20202
2026-04-21 23:51:54,599 WARNING High grad norm: 850.05 at epoch=91 step=20203
2026-04-21 23:51:54,826 WARNING High grad norm: 527.21 at epoch=91 step=20204
2026-04-21 23:51:55,045 WARNING High grad norm: 599.16 at epoch=91 step=20205
2026-04-21 23:51:55,266 WARNING High grad norm: 616.92 at epoch=91 step=20206
2026-04-21 23:51:55,485 WARNING High grad norm: 727.47 at epoch=91 step=20207
2026-04-21 23:51:55,708 WARNING High grad norm: 1073.72 at epoch=91 step=20208
2026-04-21 23:51:55,928 WARNING High grad norm: 1607.71 at epoch=91 step=20209
2026-04-21 23:51:56,152 WARNING High grad norm: 1059.48 at epoch=91 step=20210
2026-04-21 23:51:56,374 WARNING High grad norm: 724.10 at epoch=91 step=20211
2026-04-21 23:51:56,596 WARNING High grad norm: 695.23 at epoch=91 step=20212
2026-04-21 23:51:56,820 WARNING High grad norm: 928.90 at epoch=91 step=20213
2026-04-21 23:51:57,040 WARNING High grad norm: 1103.15 at epoch=91 step=20214
2026-04-21 23:51:57,260 WARNING High grad norm: 1642.80 at epoch=91 step=20215
2026-04-21 23:51:57,479 WARNING High grad norm: 2357.00 at epoch=91 step=20216
2026-04-21 23:51:57,701 WARNING High grad norm: 710.07 at epoch=91 step=20217
2026-04-21 23:51:57,921 WARNING High grad norm: 659.21 at epoch=91 step=20218
2026-04-21 23:51:58,142 WARNING High grad norm: 560.60 at epoch=91 step=20219
2026-04-21 23:51:58,362 WARNING High grad norm: 764.73 at epoch=91 step=20220
2026-04-21 23:51:58,582 WARNING High grad norm: 574.18 at epoch=91 step=20221
2026-04-21 23:51:58,802 WARNING High grad norm: 713.39 at epoch=91 step=20222
2026-04-21 23:51:59,023 WARNING High grad norm: 842.66 at epoch=91 step=20223
2026-04-21 23:51:59,246 WARNING High grad norm: 997.16 at epoch=91 step=20224
2026-04-21 23:51:59,478 WARNING High grad norm: 735.98 at epoch=91 step=20225
2026-04-21 23:51:59,698 WARNING High grad norm: 977.05 at epoch=91 step=20226
2026-04-21 23:51:59,920 WARNING High grad norm: 647.83 at epoch=91 step=20227
2026-04-21 23:52:00,143 WARNING High grad norm: 762.98 at epoch=91 step=20228
2026-04-21 23:52:00,368 WARNING High grad norm: 1955.73 at epoch=91 step=20229
2026-04-21 23:52:00,589 WARNING High grad norm: 1203.35 at epoch=91 step=20230
2026-04-21 23:52:00,809 WARNING High grad norm: 801.05 at epoch=91 step=20231
2026-04-21 23:52:01,034 WARNING High grad norm: 720.86 at epoch=91 step=20232
2026-04-21 23:52:01,255 WARNING High grad norm: 840.52 at epoch=91 step=20233
2026-04-21 23:52:01,476 WARNING High grad norm: 815.17 at epoch=91 step=20234
2026-04-21 23:52:01,697 WARNING High grad norm: 1397.60 at epoch=91 step=20235
2026-04-21 23:52:01,917 WARNING High grad norm: 734.19 at epoch=91 step=20236
2026-04-21 23:52:02,139 WARNING High grad norm: 719.05 at epoch=91 step=20237
2026-04-21 23:52:02,360 WARNING High grad norm: 733.66 at epoch=91 step=20238
2026-04-21 23:52:02,581 WARNING High grad norm: 853.68 at epoch=91 step=20239
2026-04-21 23:52:02,810 WARNING High grad norm: 1266.58 at epoch=91 step=20240
2026-04-21 23:52:03,030 WARNING High grad norm: 910.38 at epoch=91 step=20241
2026-04-21 23:52:03,252 WARNING High grad norm: 1685.70 at epoch=91 step=20242
2026-04-21 23:52:03,479 WARNING High grad norm: 628.07 at epoch=91 step=20243
2026-04-21 23:52:03,706 WARNING High grad norm: 2540.03 at epoch=91 step=20244
2026-04-21 23:52:03,925 WARNING High grad norm: 1196.04 at epoch=91 step=20245
2026-04-21 23:52:04,145 WARNING High grad norm: 1075.15 at epoch=91 step=20246
2026-04-21 23:52:04,365 WARNING High grad norm: 947.42 at epoch=91 step=20247
2026-04-21 23:52:04,593 WARNING High grad norm: 1244.46 at epoch=91 step=20248
2026-04-21 23:52:04,815 WARNING High grad norm: 581.29 at epoch=91 step=20249
2026-04-21 23:52:05,037 WARNING High grad norm: 1122.55 at epoch=91 step=20250
2026-04-21 23:52:05,257 WARNING High grad norm: 1595.19 at epoch=91 step=20251
2026-04-21 23:52:05,478 WARNING High grad norm: 656.27 at epoch=91 step=20252
2026-04-21 23:52:05,699 WARNING High grad norm: 692.15 at epoch=91 step=20253
2026-04-21 23:52:05,921 WARNING High grad norm: 951.94 at epoch=91 step=20254
2026-04-21 23:52:06,144 WARNING High grad norm: 830.26 at epoch=91 step=20255
2026-04-21 23:52:06,371 WARNING High grad norm: 658.45 at epoch=91 step=20256
2026-04-21 23:52:06,591 WARNING High grad norm: 1069.00 at epoch=91 step=20257
2026-04-21 23:52:06,813 WARNING High grad norm: 753.73 at epoch=91 step=20258
2026-04-21 23:52:07,033 WARNING High grad norm: 795.15 at epoch=91 step=20259
2026-04-21 23:52:07,253 WARNING High grad norm: 774.10 at epoch=91 step=20260
2026-04-21 23:52:07,473 WARNING High grad norm: 892.59 at epoch=91 step=20261
2026-04-21 23:52:07,694 WARNING High grad norm: 982.72 at epoch=91 step=20262
2026-04-21 23:52:07,914 WARNING High grad norm: 708.23 at epoch=91 step=20263
2026-04-21 23:52:08,135 WARNING High grad norm: 815.87 at epoch=91 step=20264
2026-04-21 23:52:08,355 WARNING High grad norm: 1017.45 at epoch=91 step=20265
2026-04-21 23:52:08,577 WARNING High grad norm: 1239.92 at epoch=91 step=20266
2026-04-21 23:52:08,798 WARNING High grad norm: 1683.64 at epoch=91 step=20267
2026-04-21 23:52:09,017 WARNING High grad norm: 828.68 at epoch=91 step=20268
2026-04-21 23:52:09,238 WARNING High grad norm: 1532.25 at epoch=91 step=20269
2026-04-21 23:52:09,457 WARNING High grad norm: 1284.41 at epoch=91 step=20270
2026-04-21 23:52:09,677 WARNING High grad norm: 732.36 at epoch=91 step=20271
2026-04-21 23:52:09,898 WARNING High grad norm: 868.95 at epoch=91 step=20272
2026-04-21 23:52:10,119 WARNING High grad norm: 1673.09 at epoch=91 step=20273
2026-04-21 23:52:10,340 WARNING High grad norm: 553.87 at epoch=91 step=20274
2026-04-21 23:52:10,561 WARNING High grad norm: 1035.65 at epoch=91 step=20275
2026-04-21 23:52:10,780 WARNING High grad norm: 1282.92 at epoch=91 step=20276
2026-04-21 23:52:11,000 WARNING High grad norm: 967.21 at epoch=91 step=20277
2026-04-21 23:52:11,220 WARNING High grad norm: 1740.89 at epoch=91 step=20278
2026-04-21 23:52:11,441 WARNING High grad norm: 1506.22 at epoch=91 step=20279
2026-04-21 23:52:11,661 WARNING High grad norm: 713.30 at epoch=91 step=20280
2026-04-21 23:52:11,882 WARNING High grad norm: 1540.46 at epoch=91 step=20281
2026-04-21 23:52:12,101 WARNING High grad norm: 1199.15 at epoch=91 step=20282
2026-04-21 23:52:12,322 WARNING High grad norm: 763.19 at epoch=91 step=20283
2026-04-21 23:52:12,546 WARNING High grad norm: 1767.59 at epoch=91 step=20284
2026-04-21 23:52:12,769 WARNING High grad norm: 706.78 at epoch=91 step=20285
2026-04-21 23:52:12,989 WARNING High grad norm: 926.98 at epoch=91 step=20286
2026-04-21 23:52:13,210 WARNING High grad norm: 765.76 at epoch=91 step=20287
2026-04-21 23:52:13,430 WARNING High grad norm: 1262.90 at epoch=91 step=20288
2026-04-21 23:52:13,649 WARNING High grad norm: 1159.94 at epoch=91 step=20289
2026-04-21 23:52:13,869 WARNING High grad norm: 840.11 at epoch=91 step=20290
2026-04-21 23:52:14,089 WARNING High grad norm: 1191.85 at epoch=91 step=20291
2026-04-21 23:52:14,238 WARNING High grad norm: 1395.30 at epoch=91 step=20292
2026-04-21 23:52:14,801 INFO epoch=91 avg_loss=481.4396 lr=1.00e-06
2026-04-21 23:52:28,590 WARNING High grad norm: 907.66 at epoch=92 step=20293
2026-04-21 23:52:28,810 WARNING High grad norm: 1343.78 at epoch=92 step=20294
2026-04-21 23:52:29,030 WARNING High grad norm: 957.04 at epoch=92 step=20295
2026-04-21 23:52:29,250 WARNING High grad norm: 630.14 at epoch=92 step=20296
2026-04-21 23:52:29,469 WARNING High grad norm: 836.54 at epoch=92 step=20297
2026-04-21 23:52:29,693 WARNING High grad norm: 1360.42 at epoch=92 step=20298
2026-04-21 23:52:29,913 WARNING High grad norm: 1489.91 at epoch=92 step=20299
2026-04-21 23:52:29,931 INFO epoch=92 step=20300 loss=528.5737 grad_norm=1489.9050 lr=1.00e-06
2026-04-21 23:52:30,141 WARNING High grad norm: 699.73 at epoch=92 step=20300
2026-04-21 23:52:30,366 WARNING High grad norm: 627.05 at epoch=92 step=20301
2026-04-21 23:52:30,593 WARNING High grad norm: 964.24 at epoch=92 step=20302
2026-04-21 23:52:30,812 WARNING High grad norm: 1558.51 at epoch=92 step=20303
2026-04-21 23:52:31,032 WARNING High grad norm: 1032.25 at epoch=92 step=20304
2026-04-21 23:52:31,255 WARNING High grad norm: 1457.30 at epoch=92 step=20305
2026-04-21 23:52:31,476 WARNING High grad norm: 2236.60 at epoch=92 step=20306
2026-04-21 23:52:31,698 WARNING High grad norm: 776.14 at epoch=92 step=20307
2026-04-21 23:52:31,919 WARNING High grad norm: 831.91 at epoch=92 step=20308
2026-04-21 23:52:32,139 WARNING High grad norm: 877.37 at epoch=92 step=20309
2026-04-21 23:52:32,358 WARNING High grad norm: 1054.48 at epoch=92 step=20310
2026-04-21 23:52:32,578 WARNING High grad norm: 680.37 at epoch=92 step=20311
2026-04-21 23:52:32,797 WARNING High grad norm: 1180.08 at epoch=92 step=20312
2026-04-21 23:52:33,017 WARNING High grad norm: 1112.30 at epoch=92 step=20313
2026-04-21 23:52:33,237 WARNING High grad norm: 1642.51 at epoch=92 step=20314
2026-04-21 23:52:33,457 WARNING High grad norm: 2732.45 at epoch=92 step=20315
2026-04-21 23:52:33,677 WARNING High grad norm: 695.27 at epoch=92 step=20316
2026-04-21 23:52:33,896 WARNING High grad norm: 2052.10 at epoch=92 step=20317
2026-04-21 23:52:34,115 WARNING High grad norm: 890.57 at epoch=92 step=20318
2026-04-21 23:52:34,336 WARNING High grad norm: 1533.07 at epoch=92 step=20319
2026-04-21 23:52:34,558 WARNING High grad norm: 750.44 at epoch=92 step=20320
2026-04-21 23:52:34,778 WARNING High grad norm: 1115.63 at epoch=92 step=20321
2026-04-21 23:52:34,998 WARNING High grad norm: 1983.19 at epoch=92 step=20322
2026-04-21 23:52:35,221 WARNING High grad norm: 661.48 at epoch=92 step=20323
2026-04-21 23:52:35,448 WARNING High grad norm: 1616.44 at epoch=92 step=20324
2026-04-21 23:52:35,668 WARNING High grad norm: 1092.83 at epoch=92 step=20325
2026-04-21 23:52:35,892 WARNING High grad norm: 885.83 at epoch=92 step=20326
2026-04-21 23:52:36,112 WARNING High grad norm: 644.21 at epoch=92 step=20327
2026-04-21 23:52:36,333 WARNING High grad norm: 978.41 at epoch=92 step=20328
2026-04-21 23:52:36,554 WARNING High grad norm: 911.07 at epoch=92 step=20329
2026-04-21 23:52:36,775 WARNING High grad norm: 1567.80 at epoch=92 step=20330
2026-04-21 23:52:36,997 WARNING High grad norm: 689.26 at epoch=92 step=20331
2026-04-21 23:52:37,219 WARNING High grad norm: 619.20 at epoch=92 step=20332
2026-04-21 23:52:37,448 WARNING High grad norm: 700.89 at epoch=92 step=20333
2026-04-21 23:52:37,676 WARNING High grad norm: 739.39 at epoch=92 step=20334
2026-04-21 23:52:37,905 WARNING High grad norm: 838.81 at epoch=92 step=20335
2026-04-21 23:52:38,127 WARNING High grad norm: 941.04 at epoch=92 step=20336
2026-04-21 23:52:38,349 WARNING High grad norm: 816.62 at epoch=92 step=20337
2026-04-21 23:52:38,568 WARNING High grad norm: 430.71 at epoch=92 step=20338
2026-04-21 23:52:38,788 WARNING High grad norm: 1644.87 at epoch=92 step=20339
2026-04-21 23:52:39,008 WARNING High grad norm: 956.74 at epoch=92 step=20340
2026-04-21 23:52:39,229 WARNING High grad norm: 622.27 at epoch=92 step=20341
2026-04-21 23:52:39,452 WARNING High grad norm: 1537.17 at epoch=92 step=20342
2026-04-21 23:52:39,677 WARNING High grad norm: 1374.32 at epoch=92 step=20343
2026-04-21 23:52:39,896 WARNING High grad norm: 1104.23 at epoch=92 step=20344
2026-04-21 23:52:40,117 WARNING High grad norm: 1479.89 at epoch=92 step=20345
2026-04-21 23:52:40,337 WARNING High grad norm: 817.12 at epoch=92 step=20346
2026-04-21 23:52:40,557 WARNING High grad norm: 1082.91 at epoch=92 step=20347
2026-04-21 23:52:40,776 WARNING High grad norm: 1482.36 at epoch=92 step=20348
2026-04-21 23:52:41,004 WARNING High grad norm: 1224.06 at epoch=92 step=20349
2026-04-21 23:52:41,224 WARNING High grad norm: 1706.35 at epoch=92 step=20350
2026-04-21 23:52:41,442 WARNING High grad norm: 1469.53 at epoch=92 step=20351
2026-04-21 23:52:41,665 WARNING High grad norm: 3189.43 at epoch=92 step=20352
2026-04-21 23:52:41,885 WARNING High grad norm: 1255.24 at epoch=92 step=20353
2026-04-21 23:52:42,108 WARNING High grad norm: 1761.69 at epoch=92 step=20354
2026-04-21 23:52:42,328 WARNING High grad norm: 2465.87 at epoch=92 step=20355
2026-04-21 23:52:42,552 WARNING High grad norm: 1841.16 at epoch=92 step=20356
2026-04-21 23:52:42,774 WARNING High grad norm: 734.59 at epoch=92 step=20357
2026-04-21 23:52:42,994 WARNING High grad norm: 1003.16 at epoch=92 step=20358
2026-04-21 23:52:43,213 WARNING High grad norm: 1439.81 at epoch=92 step=20359
2026-04-21 23:52:43,433 WARNING High grad norm: 747.49 at epoch=92 step=20360
2026-04-21 23:52:43,659 WARNING High grad norm: 1495.81 at epoch=92 step=20361
2026-04-21 23:52:43,879 WARNING High grad norm: 2101.91 at epoch=92 step=20362
2026-04-21 23:52:44,098 WARNING High grad norm: 990.71 at epoch=92 step=20363
2026-04-21 23:52:44,319 WARNING High grad norm: 932.16 at epoch=92 step=20364
2026-04-21 23:52:44,540 WARNING High grad norm: 813.24 at epoch=92 step=20365
2026-04-21 23:52:44,762 WARNING High grad norm: 924.75 at epoch=92 step=20366
2026-04-21 23:52:44,981 WARNING High grad norm: 869.87 at epoch=92 step=20367
2026-04-21 23:52:45,202 WARNING High grad norm: 787.10 at epoch=92 step=20368
2026-04-21 23:52:45,425 WARNING High grad norm: 660.93 at epoch=92 step=20369
2026-04-21 23:52:45,647 WARNING High grad norm: 1468.81 at epoch=92 step=20370
2026-04-21 23:52:45,866 WARNING High grad norm: 1024.93 at epoch=92 step=20371
2026-04-21 23:52:46,094 WARNING High grad norm: 513.22 at epoch=92 step=20372
2026-04-21 23:52:46,317 WARNING High grad norm: 1372.20 at epoch=92 step=20373
2026-04-21 23:52:46,543 WARNING High grad norm: 806.86 at epoch=92 step=20374
2026-04-21 23:52:46,763 WARNING High grad norm: 1402.35 at epoch=92 step=20375
2026-04-21 23:52:46,982 WARNING High grad norm: 1240.38 at epoch=92 step=20376
2026-04-21 23:52:47,205 WARNING High grad norm: 834.94 at epoch=92 step=20377
2026-04-21 23:52:47,426 WARNING High grad norm: 696.02 at epoch=92 step=20378
2026-04-21 23:52:47,646 WARNING High grad norm: 2148.60 at epoch=92 step=20379
2026-04-21 23:52:47,867 WARNING High grad norm: 1714.54 at epoch=92 step=20380
2026-04-21 23:52:48,092 WARNING High grad norm: 1086.93 at epoch=92 step=20381
2026-04-21 23:52:48,316 WARNING High grad norm: 857.11 at epoch=92 step=20382
2026-04-21 23:52:48,537 WARNING High grad norm: 1176.72 at epoch=92 step=20383
2026-04-21 23:52:48,757 WARNING High grad norm: 644.08 at epoch=92 step=20384
2026-04-21 23:52:48,983 WARNING High grad norm: 885.07 at epoch=92 step=20385
2026-04-21 23:52:49,203 WARNING High grad norm: 1398.63 at epoch=92 step=20386
2026-04-21 23:52:49,423 WARNING High grad norm: 948.51 at epoch=92 step=20387
2026-04-21 23:52:49,643 WARNING High grad norm: 1233.13 at epoch=92 step=20388
2026-04-21 23:52:49,865 WARNING High grad norm: 1097.55 at epoch=92 step=20389
2026-04-21 23:52:50,085 WARNING High grad norm: 950.15 at epoch=92 step=20390
2026-04-21 23:52:50,305 WARNING High grad norm: 1385.95 at epoch=92 step=20391
2026-04-21 23:52:50,525 WARNING High grad norm: 2140.56 at epoch=92 step=20392
2026-04-21 23:52:50,750 WARNING High grad norm: 1121.58 at epoch=92 step=20393
2026-04-21 23:52:50,978 WARNING High grad norm: 870.26 at epoch=92 step=20394
2026-04-21 23:52:51,197 WARNING High grad norm: 965.47 at epoch=92 step=20395
2026-04-21 23:52:51,418 WARNING High grad norm: 754.61 at epoch=92 step=20396
2026-04-21 23:52:51,639 WARNING High grad norm: 718.63 at epoch=92 step=20397
2026-04-21 23:52:51,859 WARNING High grad norm: 2124.30 at epoch=92 step=20398
2026-04-21 23:52:52,077 WARNING High grad norm: 809.03 at epoch=92 step=20399
2026-04-21 23:52:52,097 INFO epoch=92 step=20400 loss=477.5968 grad_norm=809.0298 lr=1.00e-06
2026-04-21 23:52:52,309 WARNING High grad norm: 2968.78 at epoch=92 step=20400
2026-04-21 23:52:52,533 WARNING High grad norm: 784.33 at epoch=92 step=20401
2026-04-21 23:52:52,759 WARNING High grad norm: 1778.86 at epoch=92 step=20402
2026-04-21 23:52:52,979 WARNING High grad norm: 1156.38 at epoch=92 step=20403
2026-04-21 23:52:53,206 WARNING High grad norm: 969.75 at epoch=92 step=20404
2026-04-21 23:52:53,426 WARNING High grad norm: 2290.19 at epoch=92 step=20405
2026-04-21 23:52:53,649 WARNING High grad norm: 1601.93 at epoch=92 step=20406
2026-04-21 23:52:53,870 WARNING High grad norm: 866.18 at epoch=92 step=20407
2026-04-21 23:52:54,091 WARNING High grad norm: 1467.06 at epoch=92 step=20408
2026-04-21 23:52:54,314 WARNING High grad norm: 1724.73 at epoch=92 step=20409
2026-04-21 23:52:54,534 WARNING High grad norm: 1816.50 at epoch=92 step=20410
2026-04-21 23:52:54,753 WARNING High grad norm: 1705.88 at epoch=92 step=20411
2026-04-21 23:52:54,975 WARNING High grad norm: 1464.86 at epoch=92 step=20412
2026-04-21 23:52:55,198 WARNING High grad norm: 846.55 at epoch=92 step=20413
2026-04-21 23:52:55,419 WARNING High grad norm: 1218.42 at epoch=92 step=20414
2026-04-21 23:52:55,639 WARNING High grad norm: 628.09 at epoch=92 step=20415
2026-04-21 23:52:55,858 WARNING High grad norm: 979.79 at epoch=92 step=20416
2026-04-21 23:52:56,078 WARNING High grad norm: 1297.57 at epoch=92 step=20417
2026-04-21 23:52:56,299 WARNING High grad norm: 1162.97 at epoch=92 step=20418
2026-04-21 23:52:56,519 WARNING High grad norm: 1312.76 at epoch=92 step=20419
2026-04-21 23:52:56,741 WARNING High grad norm: 799.62 at epoch=92 step=20420
2026-04-21 23:52:56,963 WARNING High grad norm: 563.96 at epoch=92 step=20421
2026-04-21 23:52:57,183 WARNING High grad norm: 1680.82 at epoch=92 step=20422
2026-04-21 23:52:57,414 WARNING High grad norm: 1625.54 at epoch=92 step=20423
2026-04-21 23:52:57,634 WARNING High grad norm: 758.79 at epoch=92 step=20424
2026-04-21 23:52:57,855 WARNING High grad norm: 604.28 at epoch=92 step=20425
2026-04-21 23:52:58,078 WARNING High grad norm: 1038.08 at epoch=92 step=20426
2026-04-21 23:52:58,297 WARNING High grad norm: 1526.27 at epoch=92 step=20427
2026-04-21 23:52:58,518 WARNING High grad norm: 866.72 at epoch=92 step=20428
2026-04-21 23:52:58,743 WARNING High grad norm: 2568.72 at epoch=92 step=20429
2026-04-21 23:52:58,964 WARNING High grad norm: 678.46 at epoch=92 step=20430
2026-04-21 23:52:59,184 WARNING High grad norm: 1764.18 at epoch=92 step=20431
2026-04-21 23:52:59,409 WARNING High grad norm: 1307.62 at epoch=92 step=20432
2026-04-21 23:52:59,628 WARNING High grad norm: 1919.54 at epoch=92 step=20433
2026-04-21 23:52:59,858 WARNING High grad norm: 2293.25 at epoch=92 step=20434
2026-04-21 23:53:00,077 WARNING High grad norm: 1339.59 at epoch=92 step=20435
2026-04-21 23:53:00,299 WARNING High grad norm: 1009.17 at epoch=92 step=20436
2026-04-21 23:53:00,519 WARNING High grad norm: 863.15 at epoch=92 step=20437
2026-04-21 23:53:00,740 WARNING High grad norm: 811.36 at epoch=92 step=20438
2026-04-21 23:53:00,962 WARNING High grad norm: 728.32 at epoch=92 step=20439
2026-04-21 23:53:01,183 WARNING High grad norm: 819.65 at epoch=92 step=20440
2026-04-21 23:53:01,403 WARNING High grad norm: 630.43 at epoch=92 step=20441
2026-04-21 23:53:01,624 WARNING High grad norm: 808.94 at epoch=92 step=20442
2026-04-21 23:53:01,852 WARNING High grad norm: 1406.00 at epoch=92 step=20443
2026-04-21 23:53:02,077 WARNING High grad norm: 1417.04 at epoch=92 step=20444
2026-04-21 23:53:02,299 WARNING High grad norm: 1196.27 at epoch=92 step=20445
2026-04-21 23:53:02,519 WARNING High grad norm: 1104.11 at epoch=92 step=20446
2026-04-21 23:53:02,739 WARNING High grad norm: 606.68 at epoch=92 step=20447
2026-04-21 23:53:02,960 WARNING High grad norm: 959.70 at epoch=92 step=20448
2026-04-21 23:53:03,184 WARNING High grad norm: 1133.69 at epoch=92 step=20449
2026-04-21 23:53:03,404 WARNING High grad norm: 1210.28 at epoch=92 step=20450
2026-04-21 23:53:03,624 WARNING High grad norm: 1400.38 at epoch=92 step=20451
2026-04-21 23:53:03,854 WARNING High grad norm: 1004.21 at epoch=92 step=20452
2026-04-21 23:53:04,075 WARNING High grad norm: 1750.16 at epoch=92 step=20453
2026-04-21 23:53:04,295 WARNING High grad norm: 1313.49 at epoch=92 step=20454
2026-04-21 23:53:04,515 WARNING High grad norm: 965.69 at epoch=92 step=20455
2026-04-21 23:53:04,736 WARNING High grad norm: 1511.19 at epoch=92 step=20456
2026-04-21 23:53:04,960 WARNING High grad norm: 1725.45 at epoch=92 step=20457
2026-04-21 23:53:05,181 WARNING High grad norm: 1082.26 at epoch=92 step=20458
2026-04-21 23:53:05,402 WARNING High grad norm: 784.35 at epoch=92 step=20459
2026-04-21 23:53:05,622 WARNING High grad norm: 1537.04 at epoch=92 step=20460
2026-04-21 23:53:05,842 WARNING High grad norm: 886.44 at epoch=92 step=20461
2026-04-21 23:53:06,063 WARNING High grad norm: 1129.82 at epoch=92 step=20462
2026-04-21 23:53:06,283 WARNING High grad norm: 491.58 at epoch=92 step=20463
2026-04-21 23:53:06,503 WARNING High grad norm: 892.26 at epoch=92 step=20464
2026-04-21 23:53:06,723 WARNING High grad norm: 1900.63 at epoch=92 step=20465
2026-04-21 23:53:06,952 WARNING High grad norm: 1165.11 at epoch=92 step=20466
2026-04-21 23:53:07,171 WARNING High grad norm: 724.05 at epoch=92 step=20467
2026-04-21 23:53:07,394 WARNING High grad norm: 644.73 at epoch=92 step=20468
2026-04-21 23:53:07,617 WARNING High grad norm: 639.27 at epoch=92 step=20469
2026-04-21 23:53:07,837 WARNING High grad norm: 1220.37 at epoch=92 step=20470
2026-04-21 23:53:08,057 WARNING High grad norm: 1132.00 at epoch=92 step=20471
2026-04-21 23:53:08,279 WARNING High grad norm: 1885.50 at epoch=92 step=20472
2026-04-21 23:53:08,501 WARNING High grad norm: 719.75 at epoch=92 step=20473
2026-04-21 23:53:08,721 WARNING High grad norm: 1271.23 at epoch=92 step=20474
2026-04-21 23:53:08,940 WARNING High grad norm: 1047.09 at epoch=92 step=20475
2026-04-21 23:53:09,161 WARNING High grad norm: 641.39 at epoch=92 step=20476
2026-04-21 23:53:09,382 WARNING High grad norm: 1542.35 at epoch=92 step=20477
2026-04-21 23:53:09,602 WARNING High grad norm: 1157.56 at epoch=92 step=20478
2026-04-21 23:53:09,823 WARNING High grad norm: 1317.18 at epoch=92 step=20479
2026-04-21 23:53:10,043 WARNING High grad norm: 1283.60 at epoch=92 step=20480
2026-04-21 23:53:10,265 WARNING High grad norm: 2438.86 at epoch=92 step=20481
2026-04-21 23:53:10,487 WARNING High grad norm: 845.51 at epoch=92 step=20482
2026-04-21 23:53:10,706 WARNING High grad norm: 572.56 at epoch=92 step=20483
2026-04-21 23:53:10,927 WARNING High grad norm: 614.94 at epoch=92 step=20484
2026-04-21 23:53:11,147 WARNING High grad norm: 796.56 at epoch=92 step=20485
2026-04-21 23:53:11,370 WARNING High grad norm: 2294.58 at epoch=92 step=20486
2026-04-21 23:53:11,594 WARNING High grad norm: 1005.43 at epoch=92 step=20487
2026-04-21 23:53:11,815 WARNING High grad norm: 771.43 at epoch=92 step=20488
2026-04-21 23:53:12,035 WARNING High grad norm: 678.23 at epoch=92 step=20489
2026-04-21 23:53:12,265 WARNING High grad norm: 743.84 at epoch=92 step=20490
2026-04-21 23:53:12,489 WARNING High grad norm: 706.32 at epoch=92 step=20491
2026-04-21 23:53:12,712 WARNING High grad norm: 1730.49 at epoch=92 step=20492
2026-04-21 23:53:12,931 WARNING High grad norm: 1874.48 at epoch=92 step=20493
2026-04-21 23:53:13,152 WARNING High grad norm: 1067.95 at epoch=92 step=20494
2026-04-21 23:53:13,372 WARNING High grad norm: 835.76 at epoch=92 step=20495
2026-04-21 23:53:13,593 WARNING High grad norm: 1440.30 at epoch=92 step=20496
2026-04-21 23:53:13,818 WARNING High grad norm: 1354.89 at epoch=92 step=20497
2026-04-21 23:53:14,039 WARNING High grad norm: 609.21 at epoch=92 step=20498
2026-04-21 23:53:14,260 WARNING High grad norm: 880.75 at epoch=92 step=20499
2026-04-21 23:53:14,277 INFO epoch=92 step=20500 loss=479.3057 grad_norm=880.7455 lr=1.00e-06
2026-04-21 23:53:14,489 WARNING High grad norm: 931.78 at epoch=92 step=20500
2026-04-21 23:53:14,712 WARNING High grad norm: 1242.33 at epoch=92 step=20501
2026-04-21 23:53:14,932 WARNING High grad norm: 1680.80 at epoch=92 step=20502
2026-04-21 23:53:15,159 WARNING High grad norm: 987.66 at epoch=92 step=20503
2026-04-21 23:53:15,379 WARNING High grad norm: 1235.79 at epoch=92 step=20504
2026-04-21 23:53:15,601 WARNING High grad norm: 1245.60 at epoch=92 step=20505
2026-04-21 23:53:15,827 WARNING High grad norm: 517.69 at epoch=92 step=20506
2026-04-21 23:53:16,052 WARNING High grad norm: 742.10 at epoch=92 step=20507
2026-04-21 23:53:16,275 WARNING High grad norm: 1375.95 at epoch=92 step=20508
2026-04-21 23:53:16,496 WARNING High grad norm: 1489.90 at epoch=92 step=20509
2026-04-21 23:53:16,717 WARNING High grad norm: 1278.47 at epoch=92 step=20510
2026-04-21 23:53:16,939 WARNING High grad norm: 1524.38 at epoch=92 step=20511
2026-04-21 23:53:17,159 WARNING High grad norm: 1435.33 at epoch=92 step=20512
2026-04-21 23:53:17,380 WARNING High grad norm: 1052.76 at epoch=92 step=20513
2026-04-21 23:53:17,598 WARNING High grad norm: 1381.62 at epoch=92 step=20514
2026-04-21 23:53:17,748 WARNING High grad norm: 761.69 at epoch=92 step=20515
2026-04-21 23:53:18,340 INFO epoch=92 avg_loss=479.1462 lr=1.00e-06
2026-04-21 23:53:31,878 WARNING High grad norm: 1972.63 at epoch=93 step=20516
2026-04-21 23:53:32,097 WARNING High grad norm: 2157.18 at epoch=93 step=20517
2026-04-21 23:53:32,316 WARNING High grad norm: 1146.90 at epoch=93 step=20518
2026-04-21 23:53:32,534 WARNING High grad norm: 947.01 at epoch=93 step=20519
2026-04-21 23:53:32,753 WARNING High grad norm: 2172.36 at epoch=93 step=20520
2026-04-21 23:53:32,972 WARNING High grad norm: 1751.27 at epoch=93 step=20521
2026-04-21 23:53:33,192 WARNING High grad norm: 862.97 at epoch=93 step=20522
2026-04-21 23:53:33,411 WARNING High grad norm: 1217.80 at epoch=93 step=20523
2026-04-21 23:53:33,637 WARNING High grad norm: 686.88 at epoch=93 step=20524
2026-04-21 23:53:33,857 WARNING High grad norm: 1275.25 at epoch=93 step=20525
2026-04-21 23:53:34,085 WARNING High grad norm: 705.58 at epoch=93 step=20526
2026-04-21 23:53:34,306 WARNING High grad norm: 702.88 at epoch=93 step=20527
2026-04-21 23:53:34,525 WARNING High grad norm: 1905.68 at epoch=93 step=20528
2026-04-21 23:53:34,744 WARNING High grad norm: 949.39 at epoch=93 step=20529
2026-04-21 23:53:34,963 WARNING High grad norm: 1250.16 at epoch=93 step=20530
2026-04-21 23:53:35,184 WARNING High grad norm: 634.02 at epoch=93 step=20531
2026-04-21 23:53:35,404 WARNING High grad norm: 558.84 at epoch=93 step=20532
2026-04-21 23:53:35,626 WARNING High grad norm: 733.54 at epoch=93 step=20533
2026-04-21 23:53:35,845 WARNING High grad norm: 758.41 at epoch=93 step=20534
2026-04-21 23:53:36,065 WARNING High grad norm: 1223.64 at epoch=93 step=20535
2026-04-21 23:53:36,292 WARNING High grad norm: 725.04 at epoch=93 step=20536
2026-04-21 23:53:36,513 WARNING High grad norm: 795.19 at epoch=93 step=20537
2026-04-21 23:53:36,735 WARNING High grad norm: 880.70 at epoch=93 step=20538
2026-04-21 23:53:36,956 WARNING High grad norm: 1939.62 at epoch=93 step=20539
2026-04-21 23:53:37,175 WARNING High grad norm: 1681.13 at epoch=93 step=20540
2026-04-21 23:53:37,395 WARNING High grad norm: 945.66 at epoch=93 step=20541
2026-04-21 23:53:37,614 WARNING High grad norm: 656.04 at epoch=93 step=20542
2026-04-21 23:53:37,833 WARNING High grad norm: 1365.17 at epoch=93 step=20543
2026-04-21 23:53:38,053 WARNING High grad norm: 1453.07 at epoch=93 step=20544
2026-04-21 23:53:38,274 WARNING High grad norm: 1347.38 at epoch=93 step=20545
2026-04-21 23:53:38,493 WARNING High grad norm: 1376.43 at epoch=93 step=20546
2026-04-21 23:53:38,721 WARNING High grad norm: 1166.33 at epoch=93 step=20547
2026-04-21 23:53:38,941 WARNING High grad norm: 1130.23 at epoch=93 step=20548
2026-04-21 23:53:39,163 WARNING High grad norm: 1124.41 at epoch=93 step=20549
2026-04-21 23:53:39,383 WARNING High grad norm: 775.34 at epoch=93 step=20550
2026-04-21 23:53:39,603 WARNING High grad norm: 991.05 at epoch=93 step=20551
2026-04-21 23:53:39,823 WARNING High grad norm: 705.23 at epoch=93 step=20552
2026-04-21 23:53:40,045 WARNING High grad norm: 2056.68 at epoch=93 step=20553
2026-04-21 23:53:40,269 WARNING High grad norm: 1239.37 at epoch=93 step=20554
2026-04-21 23:53:40,489 WARNING High grad norm: 1369.28 at epoch=93 step=20555
2026-04-21 23:53:40,709 WARNING High grad norm: 751.05 at epoch=93 step=20556
2026-04-21 23:53:40,930 WARNING High grad norm: 1855.90 at epoch=93 step=20557
2026-04-21 23:53:41,148 WARNING High grad norm: 1076.07 at epoch=93 step=20558
2026-04-21 23:53:41,367 WARNING High grad norm: 752.18 at epoch=93 step=20559
2026-04-21 23:53:41,586 WARNING High grad norm: 1285.41 at epoch=93 step=20560
2026-04-21 23:53:41,807 WARNING High grad norm: 2759.10 at epoch=93 step=20561
2026-04-21 23:53:42,029 WARNING High grad norm: 3597.27 at epoch=93 step=20562
2026-04-21 23:53:42,249 WARNING High grad norm: 1667.05 at epoch=93 step=20563
2026-04-21 23:53:42,473 WARNING High grad norm: 1784.73 at epoch=93 step=20564
2026-04-21 23:53:42,697 WARNING High grad norm: 1536.11 at epoch=93 step=20565
2026-04-21 23:53:42,917 WARNING High grad norm: 585.19 at epoch=93 step=20566
2026-04-21 23:53:43,140 WARNING High grad norm: 862.12 at epoch=93 step=20567
2026-04-21 23:53:43,361 WARNING High grad norm: 1108.95 at epoch=93 step=20568
2026-04-21 23:53:43,582 WARNING High grad norm: 877.65 at epoch=93 step=20569
2026-04-21 23:53:43,806 WARNING High grad norm: 1699.99 at epoch=93 step=20570
2026-04-21 23:53:44,025 WARNING High grad norm: 734.92 at epoch=93 step=20571
2026-04-21 23:53:44,246 WARNING High grad norm: 1003.80 at epoch=93 step=20572
2026-04-21 23:53:44,468 WARNING High grad norm: 1457.09 at epoch=93 step=20573
2026-04-21 23:53:44,690 WARNING High grad norm: 619.35 at epoch=93 step=20574
2026-04-21 23:53:44,909 WARNING High grad norm: 839.70 at epoch=93 step=20575
2026-04-21 23:53:45,128 WARNING High grad norm: 659.36 at epoch=93 step=20576
2026-04-21 23:53:45,348 WARNING High grad norm: 1121.57 at epoch=93 step=20577
2026-04-21 23:53:45,567 WARNING High grad norm: 1025.81 at epoch=93 step=20578
2026-04-21 23:53:45,791 WARNING High grad norm: 1132.10 at epoch=93 step=20579
2026-04-21 23:53:46,011 WARNING High grad norm: 2193.44 at epoch=93 step=20580
2026-04-21 23:53:46,231 WARNING High grad norm: 753.99 at epoch=93 step=20581
2026-04-21 23:53:46,450 WARNING High grad norm: 2801.18 at epoch=93 step=20582
2026-04-21 23:53:46,670 WARNING High grad norm: 729.89 at epoch=93 step=20583
2026-04-21 23:53:46,890 WARNING High grad norm: 708.72 at epoch=93 step=20584
2026-04-21 23:53:47,117 WARNING High grad norm: 784.35 at epoch=93 step=20585
2026-04-21 23:53:47,336 WARNING High grad norm: 1060.87 at epoch=93 step=20586
2026-04-21 23:53:47,562 WARNING High grad norm: 930.51 at epoch=93 step=20587
2026-04-21 23:53:47,782 WARNING High grad norm: 12083.38 at epoch=93 step=20588
2026-04-21 23:53:48,003 WARNING High grad norm: 1048.73 at epoch=93 step=20589
2026-04-21 23:53:48,225 WARNING High grad norm: 853.76 at epoch=93 step=20590
2026-04-21 23:53:48,453 WARNING High grad norm: 966.50 at epoch=93 step=20591
2026-04-21 23:53:48,673 WARNING High grad norm: 1761.05 at epoch=93 step=20592
2026-04-21 23:53:48,899 WARNING High grad norm: 661.51 at epoch=93 step=20593
2026-04-21 23:53:49,123 WARNING High grad norm: 786.65 at epoch=93 step=20594
2026-04-21 23:53:49,342 WARNING High grad norm: 1217.45 at epoch=93 step=20595
2026-04-21 23:53:49,562 WARNING High grad norm: 1937.04 at epoch=93 step=20596
2026-04-21 23:53:49,782 WARNING High grad norm: 826.74 at epoch=93 step=20597
2026-04-21 23:53:50,004 WARNING High grad norm: 787.24 at epoch=93 step=20598
2026-04-21 23:53:50,224 WARNING High grad norm: 516.39 at epoch=93 step=20599
2026-04-21 23:53:50,234 INFO epoch=93 step=20600 loss=478.2066 grad_norm=516.3903 lr=1.00e-06
2026-04-21 23:53:50,446 WARNING High grad norm: 751.22 at epoch=93 step=20600
2026-04-21 23:53:50,665 WARNING High grad norm: 2412.92 at epoch=93 step=20601
2026-04-21 23:53:50,888 WARNING High grad norm: 1723.75 at epoch=93 step=20602
2026-04-21 23:53:51,110 WARNING High grad norm: 856.21 at epoch=93 step=20603
2026-04-21 23:53:51,334 WARNING High grad norm: 1128.43 at epoch=93 step=20604
2026-04-21 23:53:51,554 WARNING High grad norm: 889.47 at epoch=93 step=20605
2026-04-21 23:53:51,775 WARNING High grad norm: 1108.91 at epoch=93 step=20606
2026-04-21 23:53:51,999 WARNING High grad norm: 923.24 at epoch=93 step=20607
2026-04-21 23:53:52,218 WARNING High grad norm: 644.78 at epoch=93 step=20608
2026-04-21 23:53:52,441 WARNING High grad norm: 2269.69 at epoch=93 step=20609
2026-04-21 23:53:52,660 WARNING High grad norm: 777.80 at epoch=93 step=20610
2026-04-21 23:53:52,880 WARNING High grad norm: 1248.02 at epoch=93 step=20611
2026-04-21 23:53:53,100 WARNING High grad norm: 572.51 at epoch=93 step=20612
2026-04-21 23:53:53,328 WARNING High grad norm: 1062.06 at epoch=93 step=20613
2026-04-21 23:53:53,548 WARNING High grad norm: 1135.65 at epoch=93 step=20614
2026-04-21 23:53:53,770 WARNING High grad norm: 679.78 at epoch=93 step=20615
2026-04-21 23:53:53,990 WARNING High grad norm: 855.14 at epoch=93 step=20616
2026-04-21 23:53:54,210 WARNING High grad norm: 835.88 at epoch=93 step=20617
2026-04-21 23:53:54,436 WARNING High grad norm: 1183.77 at epoch=93 step=20618
2026-04-21 23:53:54,655 WARNING High grad norm: 881.61 at epoch=93 step=20619
2026-04-21 23:53:54,874 WARNING High grad norm: 2329.68 at epoch=93 step=20620
2026-04-21 23:53:55,095 WARNING High grad norm: 2155.60 at epoch=93 step=20621
2026-04-21 23:53:55,318 WARNING High grad norm: 1107.44 at epoch=93 step=20622
2026-04-21 23:53:55,538 WARNING High grad norm: 992.47 at epoch=93 step=20623
2026-04-21 23:53:55,758 WARNING High grad norm: 697.40 at epoch=93 step=20624
2026-04-21 23:53:55,979 WARNING High grad norm: 778.50 at epoch=93 step=20625
2026-04-21 23:53:56,198 WARNING High grad norm: 621.11 at epoch=93 step=20626
2026-04-21 23:53:56,422 WARNING High grad norm: 1273.40 at epoch=93 step=20627
2026-04-21 23:53:56,641 WARNING High grad norm: 630.65 at epoch=93 step=20628
2026-04-21 23:53:56,863 WARNING High grad norm: 1347.65 at epoch=93 step=20629
2026-04-21 23:53:57,089 WARNING High grad norm: 800.71 at epoch=93 step=20630
2026-04-21 23:53:57,313 WARNING High grad norm: 1152.94 at epoch=93 step=20631
2026-04-21 23:53:57,535 WARNING High grad norm: 1401.74 at epoch=93 step=20632
2026-04-21 23:53:57,758 WARNING High grad norm: 1132.92 at epoch=93 step=20633
2026-04-21 23:53:57,981 WARNING High grad norm: 1272.33 at epoch=93 step=20634
2026-04-21 23:53:58,201 WARNING High grad norm: 1614.31 at epoch=93 step=20635
2026-04-21 23:53:58,422 WARNING High grad norm: 1099.83 at epoch=93 step=20636
2026-04-21 23:53:58,641 WARNING High grad norm: 1701.40 at epoch=93 step=20637
2026-04-21 23:53:58,864 WARNING High grad norm: 579.30 at epoch=93 step=20638
2026-04-21 23:53:59,088 WARNING High grad norm: 1861.85 at epoch=93 step=20639
2026-04-21 23:53:59,311 WARNING High grad norm: 1040.04 at epoch=93 step=20640
2026-04-21 23:53:59,532 WARNING High grad norm: 962.62 at epoch=93 step=20641
2026-04-21 23:53:59,754 WARNING High grad norm: 1027.13 at epoch=93 step=20642
2026-04-21 23:53:59,973 WARNING High grad norm: 1643.66 at epoch=93 step=20643
2026-04-21 23:54:00,195 WARNING High grad norm: 668.96 at epoch=93 step=20644
2026-04-21 23:54:00,423 WARNING High grad norm: 1517.50 at epoch=93 step=20645
2026-04-21 23:54:00,644 WARNING High grad norm: 1641.81 at epoch=93 step=20646
2026-04-21 23:54:00,877 WARNING High grad norm: 1211.46 at epoch=93 step=20647
2026-04-21 23:54:01,099 WARNING High grad norm: 564.76 at epoch=93 step=20648
2026-04-21 23:54:01,320 WARNING High grad norm: 765.90 at epoch=93 step=20649
2026-04-21 23:54:01,540 WARNING High grad norm: 768.61 at epoch=93 step=20650
2026-04-21 23:54:01,762 WARNING High grad norm: 830.05 at epoch=93 step=20651
2026-04-21 23:54:01,984 WARNING High grad norm: 1067.21 at epoch=93 step=20652
2026-04-21 23:54:02,204 WARNING High grad norm: 943.06 at epoch=93 step=20653
2026-04-21 23:54:02,425 WARNING High grad norm: 966.75 at epoch=93 step=20654
2026-04-21 23:54:02,645 WARNING High grad norm: 766.67 at epoch=93 step=20655
2026-04-21 23:54:02,873 WARNING High grad norm: 857.29 at epoch=93 step=20656
2026-04-21 23:54:03,092 WARNING High grad norm: 1005.27 at epoch=93 step=20657
2026-04-21 23:54:03,313 WARNING High grad norm: 1485.24 at epoch=93 step=20658
2026-04-21 23:54:03,534 WARNING High grad norm: 970.88 at epoch=93 step=20659
2026-04-21 23:54:03,753 WARNING High grad norm: 798.69 at epoch=93 step=20660
2026-04-21 23:54:03,974 WARNING High grad norm: 619.04 at epoch=93 step=20661
2026-04-21 23:54:04,194 WARNING High grad norm: 1374.24 at epoch=93 step=20662
2026-04-21 23:54:04,413 WARNING High grad norm: 920.08 at epoch=93 step=20663
2026-04-21 23:54:04,634 WARNING High grad norm: 756.41 at epoch=93 step=20664
2026-04-21 23:54:04,854 WARNING High grad norm: 655.15 at epoch=93 step=20665
2026-04-21 23:54:05,074 WARNING High grad norm: 840.50 at epoch=93 step=20666
2026-04-21 23:54:05,296 WARNING High grad norm: 634.08 at epoch=93 step=20667
2026-04-21 23:54:05,517 WARNING High grad norm: 949.59 at epoch=93 step=20668
2026-04-21 23:54:05,738 WARNING High grad norm: 1839.01 at epoch=93 step=20669
2026-04-21 23:54:05,960 WARNING High grad norm: 1645.63 at epoch=93 step=20670
2026-04-21 23:54:06,180 WARNING High grad norm: 589.38 at epoch=93 step=20671
2026-04-21 23:54:06,400 WARNING High grad norm: 1233.06 at epoch=93 step=20672
2026-04-21 23:54:06,618 WARNING High grad norm: 636.64 at epoch=93 step=20673
2026-04-21 23:54:06,841 WARNING High grad norm: 1728.20 at epoch=93 step=20674
2026-04-21 23:54:07,061 WARNING High grad norm: 951.76 at epoch=93 step=20675
2026-04-21 23:54:07,282 WARNING High grad norm: 1023.24 at epoch=93 step=20676
2026-04-21 23:54:07,504 WARNING High grad norm: 1572.16 at epoch=93 step=20677
2026-04-21 23:54:07,724 WARNING High grad norm: 1206.92 at epoch=93 step=20678
2026-04-21 23:54:07,947 WARNING High grad norm: 2942.99 at epoch=93 step=20679
2026-04-21 23:54:08,175 WARNING High grad norm: 2169.28 at epoch=93 step=20680
2026-04-21 23:54:08,398 WARNING High grad norm: 1767.80 at epoch=93 step=20681
2026-04-21 23:54:08,620 WARNING High grad norm: 1383.91 at epoch=93 step=20682
2026-04-21 23:54:08,840 WARNING High grad norm: 1526.95 at epoch=93 step=20683
2026-04-21 23:54:09,060 WARNING High grad norm: 599.82 at epoch=93 step=20684
2026-04-21 23:54:09,283 WARNING High grad norm: 1194.62 at epoch=93 step=20685
2026-04-21 23:54:09,503 WARNING High grad norm: 1176.52 at epoch=93 step=20686
2026-04-21 23:54:09,731 WARNING High grad norm: 1130.09 at epoch=93 step=20687
2026-04-21 23:54:09,954 WARNING High grad norm: 779.32 at epoch=93 step=20688
2026-04-21 23:54:10,175 WARNING High grad norm: 950.60 at epoch=93 step=20689
2026-04-21 23:54:10,394 WARNING High grad norm: 865.86 at epoch=93 step=20690
2026-04-21 23:54:10,622 WARNING High grad norm: 797.16 at epoch=93 step=20691
2026-04-21 23:54:10,842 WARNING High grad norm: 1001.81 at epoch=93 step=20692
2026-04-21 23:54:11,063 WARNING High grad norm: 801.60 at epoch=93 step=20693
2026-04-21 23:54:11,288 WARNING High grad norm: 1579.87 at epoch=93 step=20694
2026-04-21 23:54:11,512 WARNING High grad norm: 2482.33 at epoch=93 step=20695
2026-04-21 23:54:11,731 WARNING High grad norm: 1355.37 at epoch=93 step=20696
2026-04-21 23:54:11,951 WARNING High grad norm: 866.11 at epoch=93 step=20697
2026-04-21 23:54:12,173 WARNING High grad norm: 598.63 at epoch=93 step=20698
2026-04-21 23:54:12,397 WARNING High grad norm: 1556.06 at epoch=93 step=20699
2026-04-21 23:54:12,406 INFO epoch=93 step=20700 loss=481.9040 grad_norm=1556.0648 lr=1.00e-06
2026-04-21 23:54:12,619 WARNING High grad norm: 1244.42 at epoch=93 step=20700
2026-04-21 23:54:12,839 WARNING High grad norm: 1115.83 at epoch=93 step=20701
2026-04-21 23:54:13,062 WARNING High grad norm: 1160.06 at epoch=93 step=20702
2026-04-21 23:54:13,284 WARNING High grad norm: 1309.73 at epoch=93 step=20703
2026-04-21 23:54:13,505 WARNING High grad norm: 1481.40 at epoch=93 step=20704
2026-04-21 23:54:13,726 WARNING High grad norm: 803.61 at epoch=93 step=20705
2026-04-21 23:54:13,946 WARNING High grad norm: 826.13 at epoch=93 step=20706
2026-04-21 23:54:14,171 WARNING High grad norm: 1642.43 at epoch=93 step=20707
2026-04-21 23:54:14,392 WARNING High grad norm: 838.89 at epoch=93 step=20708
2026-04-21 23:54:14,614 WARNING High grad norm: 1202.35 at epoch=93 step=20709
2026-04-21 23:54:14,838 WARNING High grad norm: 1160.11 at epoch=93 step=20710
2026-04-21 23:54:15,059 WARNING High grad norm: 1079.92 at epoch=93 step=20711
2026-04-21 23:54:15,282 WARNING High grad norm: 1082.79 at epoch=93 step=20712
2026-04-21 23:54:15,504 WARNING High grad norm: 908.03 at epoch=93 step=20713
2026-04-21 23:54:15,729 WARNING High grad norm: 987.91 at epoch=93 step=20714
2026-04-21 23:54:15,949 WARNING High grad norm: 992.90 at epoch=93 step=20715
2026-04-21 23:54:16,169 WARNING High grad norm: 1084.69 at epoch=93 step=20716
2026-04-21 23:54:16,391 WARNING High grad norm: 638.35 at epoch=93 step=20717
2026-04-21 23:54:16,610 WARNING High grad norm: 1182.40 at epoch=93 step=20718
2026-04-21 23:54:16,836 WARNING High grad norm: 1466.69 at epoch=93 step=20719
2026-04-21 23:54:17,056 WARNING High grad norm: 651.00 at epoch=93 step=20720
2026-04-21 23:54:17,277 WARNING High grad norm: 2156.40 at epoch=93 step=20721
2026-04-21 23:54:17,497 WARNING High grad norm: 895.27 at epoch=93 step=20722
2026-04-21 23:54:17,717 WARNING High grad norm: 1337.90 at epoch=93 step=20723
2026-04-21 23:54:17,937 WARNING High grad norm: 887.46 at epoch=93 step=20724
2026-04-21 23:54:18,158 WARNING High grad norm: 1047.79 at epoch=93 step=20725
2026-04-21 23:54:18,377 WARNING High grad norm: 2161.83 at epoch=93 step=20726
2026-04-21 23:54:18,598 WARNING High grad norm: 589.48 at epoch=93 step=20727
2026-04-21 23:54:18,818 WARNING High grad norm: 579.60 at epoch=93 step=20728
2026-04-21 23:54:19,044 WARNING High grad norm: 1231.68 at epoch=93 step=20729
2026-04-21 23:54:19,275 WARNING High grad norm: 1149.69 at epoch=93 step=20730
2026-04-21 23:54:19,497 WARNING High grad norm: 1274.45 at epoch=93 step=20731
2026-04-21 23:54:19,718 WARNING High grad norm: 2061.90 at epoch=93 step=20732
2026-04-21 23:54:19,938 WARNING High grad norm: 722.54 at epoch=93 step=20733
2026-04-21 23:54:20,162 WARNING High grad norm: 715.18 at epoch=93 step=20734
2026-04-21 23:54:20,393 WARNING High grad norm: 1714.09 at epoch=93 step=20735
2026-04-21 23:54:20,613 WARNING High grad norm: 2205.30 at epoch=93 step=20736
2026-04-21 23:54:20,840 WARNING High grad norm: 1536.90 at epoch=93 step=20737
2026-04-21 23:54:20,989 WARNING High grad norm: 1088.00 at epoch=93 step=20738
2026-04-21 23:54:21,559 INFO epoch=93 avg_loss=487.7534 lr=1.00e-06
2026-04-21 23:54:35,181 WARNING High grad norm: 545.70 at epoch=94 step=20739
2026-04-21 23:54:35,399 WARNING High grad norm: 688.48 at epoch=94 step=20740
2026-04-21 23:54:35,619 WARNING High grad norm: 2677.31 at epoch=94 step=20741
2026-04-21 23:54:35,843 WARNING High grad norm: 1458.08 at epoch=94 step=20742
2026-04-21 23:54:36,061 WARNING High grad norm: 1114.43 at epoch=94 step=20743
2026-04-21 23:54:36,285 WARNING High grad norm: 786.13 at epoch=94 step=20744
2026-04-21 23:54:36,504 WARNING High grad norm: 1011.34 at epoch=94 step=20745
2026-04-21 23:54:36,723 WARNING High grad norm: 1024.36 at epoch=94 step=20746
2026-04-21 23:54:36,942 WARNING High grad norm: 562.13 at epoch=94 step=20747
2026-04-21 23:54:37,164 WARNING High grad norm: 904.20 at epoch=94 step=20748
2026-04-21 23:54:37,385 WARNING High grad norm: 1792.15 at epoch=94 step=20749
2026-04-21 23:54:37,605 WARNING High grad norm: 2201.80 at epoch=94 step=20750
2026-04-21 23:54:37,825 WARNING High grad norm: 1061.50 at epoch=94 step=20751
2026-04-21 23:54:38,046 WARNING High grad norm: 1106.68 at epoch=94 step=20752
2026-04-21 23:54:38,264 WARNING High grad norm: 1096.16 at epoch=94 step=20753
2026-04-21 23:54:38,484 WARNING High grad norm: 799.11 at epoch=94 step=20754
2026-04-21 23:54:38,704 WARNING High grad norm: 729.24 at epoch=94 step=20755
2026-04-21 23:54:38,926 WARNING High grad norm: 709.77 at epoch=94 step=20756
2026-04-21 23:54:39,148 WARNING High grad norm: 704.27 at epoch=94 step=20757
2026-04-21 23:54:39,370 WARNING High grad norm: 900.99 at epoch=94 step=20758
2026-04-21 23:54:39,590 WARNING High grad norm: 1231.23 at epoch=94 step=20759
2026-04-21 23:54:39,819 WARNING High grad norm: 1451.79 at epoch=94 step=20760
2026-04-21 23:54:40,046 WARNING High grad norm: 1439.10 at epoch=94 step=20761
2026-04-21 23:54:40,275 WARNING High grad norm: 1091.76 at epoch=94 step=20762
2026-04-21 23:54:40,496 WARNING High grad norm: 681.35 at epoch=94 step=20763
2026-04-21 23:54:40,716 WARNING High grad norm: 1142.26 at epoch=94 step=20764
2026-04-21 23:54:40,936 WARNING High grad norm: 616.58 at epoch=94 step=20765
2026-04-21 23:54:41,156 WARNING High grad norm: 1442.75 at epoch=94 step=20766
2026-04-21 23:54:41,376 WARNING High grad norm: 1233.02 at epoch=94 step=20767
2026-04-21 23:54:41,597 WARNING High grad norm: 2375.56 at epoch=94 step=20768
2026-04-21 23:54:41,816 WARNING High grad norm: 931.06 at epoch=94 step=20769
2026-04-21 23:54:42,038 WARNING High grad norm: 622.07 at epoch=94 step=20770
2026-04-21 23:54:42,263 WARNING High grad norm: 734.37 at epoch=94 step=20771
2026-04-21 23:54:42,487 WARNING High grad norm: 1080.55 at epoch=94 step=20772
2026-04-21 23:54:42,709 WARNING High grad norm: 972.47 at epoch=94 step=20773
2026-04-21 23:54:42,930 WARNING High grad norm: 617.57 at epoch=94 step=20774
2026-04-21 23:54:43,151 WARNING High grad norm: 951.18 at epoch=94 step=20775
2026-04-21 23:54:43,373 WARNING High grad norm: 718.25 at epoch=94 step=20776
2026-04-21 23:54:43,593 WARNING High grad norm: 704.85 at epoch=94 step=20777
2026-04-21 23:54:43,812 WARNING High grad norm: 1406.13 at epoch=94 step=20778
2026-04-21 23:54:44,035 WARNING High grad norm: 947.91 at epoch=94 step=20779
2026-04-21 23:54:44,254 WARNING High grad norm: 2553.27 at epoch=94 step=20780
2026-04-21 23:54:44,476 WARNING High grad norm: 830.80 at epoch=94 step=20781
2026-04-21 23:54:44,697 WARNING High grad norm: 899.70 at epoch=94 step=20782
2026-04-21 23:54:44,924 WARNING High grad norm: 1133.74 at epoch=94 step=20783
2026-04-21 23:54:45,143 WARNING High grad norm: 750.49 at epoch=94 step=20784
2026-04-21 23:54:45,364 WARNING High grad norm: 2537.35 at epoch=94 step=20785
2026-04-21 23:54:45,591 WARNING High grad norm: 1063.08 at epoch=94 step=20786
2026-04-21 23:54:45,811 WARNING High grad norm: 1138.96 at epoch=94 step=20787
2026-04-21 23:54:46,037 WARNING High grad norm: 946.02 at epoch=94 step=20788
2026-04-21 23:54:46,256 WARNING High grad norm: 823.99 at epoch=94 step=20789
2026-04-21 23:54:46,476 WARNING High grad norm: 1324.17 at epoch=94 step=20790
2026-04-21 23:54:46,703 WARNING High grad norm: 926.07 at epoch=94 step=20791
2026-04-21 23:54:46,923 WARNING High grad norm: 1383.52 at epoch=94 step=20792
2026-04-21 23:54:47,145 WARNING High grad norm: 932.34 at epoch=94 step=20793
2026-04-21 23:54:47,365 WARNING High grad norm: 528.10 at epoch=94 step=20794
2026-04-21 23:54:47,585 WARNING High grad norm: 896.51 at epoch=94 step=20795
2026-04-21 23:54:47,804 WARNING High grad norm: 721.94 at epoch=94 step=20796
2026-04-21 23:54:48,027 WARNING High grad norm: 689.64 at epoch=94 step=20797
2026-04-21 23:54:48,250 WARNING High grad norm: 843.98 at epoch=94 step=20798
2026-04-21 23:54:48,474 WARNING High grad norm: 689.42 at epoch=94 step=20799
2026-04-21 23:54:48,486 INFO epoch=94 step=20800 loss=479.4935 grad_norm=689.4203 lr=1.00e-06
2026-04-21 23:54:48,697 WARNING High grad norm: 1579.32 at epoch=94 step=20800
2026-04-21 23:54:48,917 WARNING High grad norm: 1270.40 at epoch=94 step=20801
2026-04-21 23:54:49,137 WARNING High grad norm: 813.43 at epoch=94 step=20802
2026-04-21 23:54:49,358 WARNING High grad norm: 1377.54 at epoch=94 step=20803
2026-04-21 23:54:49,577 WARNING High grad norm: 717.23 at epoch=94 step=20804
2026-04-21 23:54:49,797 WARNING High grad norm: 1058.43 at epoch=94 step=20805
2026-04-21 23:54:50,017 WARNING High grad norm: 2521.45 at epoch=94 step=20806
2026-04-21 23:54:50,235 WARNING High grad norm: 935.93 at epoch=94 step=20807
2026-04-21 23:54:50,464 WARNING High grad norm: 1185.11 at epoch=94 step=20808
2026-04-21 23:54:50,684 WARNING High grad norm: 637.26 at epoch=94 step=20809
2026-04-21 23:54:50,905 WARNING High grad norm: 586.79 at epoch=94 step=20810
2026-04-21 23:54:51,130 WARNING High grad norm: 925.34 at epoch=94 step=20811
2026-04-21 23:54:51,352 WARNING High grad norm: 699.29 at epoch=94 step=20812
2026-04-21 23:54:51,572 WARNING High grad norm: 864.44 at epoch=94 step=20813
2026-04-21 23:54:51,792 WARNING High grad norm: 898.33 at epoch=94 step=20814
2026-04-21 23:54:52,012 WARNING High grad norm: 805.40 at epoch=94 step=20815
2026-04-21 23:54:52,232 WARNING High grad norm: 901.64 at epoch=94 step=20816
2026-04-21 23:54:52,454 WARNING High grad norm: 772.96 at epoch=94 step=20817
2026-04-21 23:54:52,675 WARNING High grad norm: 1275.42 at epoch=94 step=20818
2026-04-21 23:54:52,894 WARNING High grad norm: 713.32 at epoch=94 step=20819
2026-04-21 23:54:53,116 WARNING High grad norm: 1032.62 at epoch=94 step=20820
2026-04-21 23:54:53,341 WARNING High grad norm: 713.12 at epoch=94 step=20821
2026-04-21 23:54:53,563 WARNING High grad norm: 1438.27 at epoch=94 step=20822
2026-04-21 23:54:53,783 WARNING High grad norm: 928.79 at epoch=94 step=20823
2026-04-21 23:54:54,006 WARNING High grad norm: 2012.99 at epoch=94 step=20824
2026-04-21 23:54:54,234 WARNING High grad norm: 691.57 at epoch=94 step=20825
2026-04-21 23:54:54,456 WARNING High grad norm: 1647.67 at epoch=94 step=20826
2026-04-21 23:54:54,679 WARNING High grad norm: 772.89 at epoch=94 step=20827
2026-04-21 23:54:54,899 WARNING High grad norm: 1585.88 at epoch=94 step=20828
2026-04-21 23:54:55,119 WARNING High grad norm: 741.40 at epoch=94 step=20829
2026-04-21 23:54:55,339 WARNING High grad norm: 2118.52 at epoch=94 step=20830
2026-04-21 23:54:55,564 WARNING High grad norm: 1134.84 at epoch=94 step=20831
2026-04-21 23:54:55,786 WARNING High grad norm: 2044.88 at epoch=94 step=20832
2026-04-21 23:54:56,006 WARNING High grad norm: 2011.51 at epoch=94 step=20833
2026-04-21 23:54:56,226 WARNING High grad norm: 684.95 at epoch=94 step=20834
2026-04-21 23:54:56,447 WARNING High grad norm: 716.84 at epoch=94 step=20835
2026-04-21 23:54:56,668 WARNING High grad norm: 1673.59 at epoch=94 step=20836
2026-04-21 23:54:56,889 WARNING High grad norm: 1114.26 at epoch=94 step=20837
2026-04-21 23:54:57,113 WARNING High grad norm: 1562.49 at epoch=94 step=20838
2026-04-21 23:54:57,335 WARNING High grad norm: 773.02 at epoch=94 step=20839
2026-04-21 23:54:57,559 WARNING High grad norm: 1445.60 at epoch=94 step=20840
2026-04-21 23:54:57,787 WARNING High grad norm: 2099.04 at epoch=94 step=20841
2026-04-21 23:54:58,007 WARNING High grad norm: 698.92 at epoch=94 step=20842
2026-04-21 23:54:58,229 WARNING High grad norm: 782.15 at epoch=94 step=20843
2026-04-21 23:54:58,454 WARNING High grad norm: 1539.52 at epoch=94 step=20844
2026-04-21 23:54:58,678 WARNING High grad norm: 768.00 at epoch=94 step=20845
2026-04-21 23:54:58,898 WARNING High grad norm: 2681.10 at epoch=94 step=20846
2026-04-21 23:54:59,117 WARNING High grad norm: 1284.13 at epoch=94 step=20847
2026-04-21 23:54:59,340 WARNING High grad norm: 2083.40 at epoch=94 step=20848
2026-04-21 23:54:59,558 WARNING High grad norm: 754.15 at epoch=94 step=20849
2026-04-21 23:54:59,787 WARNING High grad norm: 2019.58 at epoch=94 step=20850
2026-04-21 23:55:00,007 WARNING High grad norm: 968.07 at epoch=94 step=20851
2026-04-21 23:55:00,233 WARNING High grad norm: 495.37 at epoch=94 step=20852
2026-04-21 23:55:00,453 WARNING High grad norm: 664.43 at epoch=94 step=20853
2026-04-21 23:55:00,673 WARNING High grad norm: 657.18 at epoch=94 step=20854
2026-04-21 23:55:00,895 WARNING High grad norm: 1067.22 at epoch=94 step=20855
2026-04-21 23:55:01,118 WARNING High grad norm: 860.37 at epoch=94 step=20856
2026-04-21 23:55:01,342 WARNING High grad norm: 817.49 at epoch=94 step=20857
2026-04-21 23:55:01,561 WARNING High grad norm: 1253.36 at epoch=94 step=20858
2026-04-21 23:55:01,781 WARNING High grad norm: 756.50 at epoch=94 step=20859
2026-04-21 23:55:02,000 WARNING High grad norm: 607.12 at epoch=94 step=20860
2026-04-21 23:55:02,224 WARNING High grad norm: 1125.45 at epoch=94 step=20861
2026-04-21 23:55:02,445 WARNING High grad norm: 594.98 at epoch=94 step=20862
2026-04-21 23:55:02,668 WARNING High grad norm: 5697.38 at epoch=94 step=20863
2026-04-21 23:55:02,890 WARNING High grad norm: 1218.96 at epoch=94 step=20864
2026-04-21 23:55:03,110 WARNING High grad norm: 796.20 at epoch=94 step=20865
2026-04-21 23:55:03,330 WARNING High grad norm: 1158.92 at epoch=94 step=20866
2026-04-21 23:55:03,549 WARNING High grad norm: 687.00 at epoch=94 step=20867
2026-04-21 23:55:03,772 WARNING High grad norm: 983.33 at epoch=94 step=20868
2026-04-21 23:55:03,992 WARNING High grad norm: 1059.11 at epoch=94 step=20869
2026-04-21 23:55:04,216 WARNING High grad norm: 1508.73 at epoch=94 step=20870
2026-04-21 23:55:04,437 WARNING High grad norm: 1206.67 at epoch=94 step=20871
2026-04-21 23:55:04,657 WARNING High grad norm: 1807.79 at epoch=94 step=20872
2026-04-21 23:55:04,884 WARNING High grad norm: 790.42 at epoch=94 step=20873
2026-04-21 23:55:05,112 WARNING High grad norm: 1261.22 at epoch=94 step=20874
2026-04-21 23:55:05,339 WARNING High grad norm: 1088.32 at epoch=94 step=20875
2026-04-21 23:55:05,570 WARNING High grad norm: 1660.42 at epoch=94 step=20876
2026-04-21 23:55:05,790 WARNING High grad norm: 1001.40 at epoch=94 step=20877
2026-04-21 23:55:06,017 WARNING High grad norm: 493.00 at epoch=94 step=20878
2026-04-21 23:55:06,238 WARNING High grad norm: 1700.60 at epoch=94 step=20879
2026-04-21 23:55:06,459 WARNING High grad norm: 999.53 at epoch=94 step=20880
2026-04-21 23:55:06,680 WARNING High grad norm: 718.86 at epoch=94 step=20881
2026-04-21 23:55:06,902 WARNING High grad norm: 2055.59 at epoch=94 step=20882
2026-04-21 23:55:07,126 WARNING High grad norm: 696.19 at epoch=94 step=20883
2026-04-21 23:55:07,356 WARNING High grad norm: 531.99 at epoch=94 step=20884
2026-04-21 23:55:07,577 WARNING High grad norm: 1569.32 at epoch=94 step=20885
2026-04-21 23:55:07,805 WARNING High grad norm: 1003.33 at epoch=94 step=20886
2026-04-21 23:55:08,026 WARNING High grad norm: 517.72 at epoch=94 step=20887
2026-04-21 23:55:08,247 WARNING High grad norm: 624.86 at epoch=94 step=20888
2026-04-21 23:55:08,466 WARNING High grad norm: 1235.45 at epoch=94 step=20889
2026-04-21 23:55:08,688 WARNING High grad norm: 860.64 at epoch=94 step=20890
2026-04-21 23:55:08,911 WARNING High grad norm: 822.43 at epoch=94 step=20891
2026-04-21 23:55:09,131 WARNING High grad norm: 1110.57 at epoch=94 step=20892
2026-04-21 23:55:09,351 WARNING High grad norm: 750.94 at epoch=94 step=20893
2026-04-21 23:55:09,573 WARNING High grad norm: 609.97 at epoch=94 step=20894
2026-04-21 23:55:09,794 WARNING High grad norm: 740.82 at epoch=94 step=20895
2026-04-21 23:55:10,018 WARNING High grad norm: 843.55 at epoch=94 step=20896
2026-04-21 23:55:10,239 WARNING High grad norm: 7244.23 at epoch=94 step=20897
2026-04-21 23:55:10,459 WARNING High grad norm: 1357.95 at epoch=94 step=20898
2026-04-21 23:55:10,681 WARNING High grad norm: 1824.90 at epoch=94 step=20899
2026-04-21 23:55:10,694 INFO epoch=94 step=20900 loss=483.5807 grad_norm=1824.9038 lr=1.00e-06
2026-04-21 23:55:10,907 WARNING High grad norm: 994.19 at epoch=94 step=20900
2026-04-21 23:55:11,131 WARNING High grad norm: 686.14 at epoch=94 step=20901
2026-04-21 23:55:11,351 WARNING High grad norm: 611.24 at epoch=94 step=20902
2026-04-21 23:55:11,574 WARNING High grad norm: 1080.25 at epoch=94 step=20903
2026-04-21 23:55:11,795 WARNING High grad norm: 1477.73 at epoch=94 step=20904
2026-04-21 23:55:12,018 WARNING High grad norm: 1032.57 at epoch=94 step=20905
2026-04-21 23:55:12,239 WARNING High grad norm: 1064.29 at epoch=94 step=20906
2026-04-21 23:55:12,459 WARNING High grad norm: 1159.95 at epoch=94 step=20907
2026-04-21 23:55:12,679 WARNING High grad norm: 2702.92 at epoch=94 step=20908
2026-04-21 23:55:12,899 WARNING High grad norm: 1096.00 at epoch=94 step=20909
2026-04-21 23:55:13,120 WARNING High grad norm: 1228.64 at epoch=94 step=20910
2026-04-21 23:55:13,339 WARNING High grad norm: 1402.69 at epoch=94 step=20911
2026-04-21 23:55:13,561 WARNING High grad norm: 755.18 at epoch=94 step=20912
2026-04-21 23:55:13,782 WARNING High grad norm: 2501.62 at epoch=94 step=20913
2026-04-21 23:55:14,008 WARNING High grad norm: 1080.67 at epoch=94 step=20914
2026-04-21 23:55:14,232 WARNING High grad norm: 1207.62 at epoch=94 step=20915
2026-04-21 23:55:14,456 WARNING High grad norm: 1295.31 at epoch=94 step=20916
2026-04-21 23:55:14,675 WARNING High grad norm: 786.85 at epoch=94 step=20917
2026-04-21 23:55:14,895 WARNING High grad norm: 1315.94 at epoch=94 step=20918
2026-04-21 23:55:15,116 WARNING High grad norm: 649.63 at epoch=94 step=20919
2026-04-21 23:55:15,336 WARNING High grad norm: 580.06 at epoch=94 step=20920
2026-04-21 23:55:15,556 WARNING High grad norm: 720.87 at epoch=94 step=20921
2026-04-21 23:55:15,778 WARNING High grad norm: 955.84 at epoch=94 step=20922
2026-04-21 23:55:16,000 WARNING High grad norm: 1174.06 at epoch=94 step=20923
2026-04-21 23:55:16,222 WARNING High grad norm: 2021.98 at epoch=94 step=20924
2026-04-21 23:55:16,448 WARNING High grad norm: 662.10 at epoch=94 step=20925
2026-04-21 23:55:16,673 WARNING High grad norm: 1005.57 at epoch=94 step=20926
2026-04-21 23:55:16,895 WARNING High grad norm: 2155.62 at epoch=94 step=20927
2026-04-21 23:55:17,115 WARNING High grad norm: 1651.91 at epoch=94 step=20928
2026-04-21 23:55:17,336 WARNING High grad norm: 1638.07 at epoch=94 step=20929
2026-04-21 23:55:17,556 WARNING High grad norm: 1034.47 at epoch=94 step=20930
2026-04-21 23:55:17,777 WARNING High grad norm: 1250.34 at epoch=94 step=20931
2026-04-21 23:55:17,998 WARNING High grad norm: 702.20 at epoch=94 step=20932
2026-04-21 23:55:18,218 WARNING High grad norm: 1566.37 at epoch=94 step=20933
2026-04-21 23:55:18,447 WARNING High grad norm: 1480.32 at epoch=94 step=20934
2026-04-21 23:55:18,669 WARNING High grad norm: 3082.09 at epoch=94 step=20935
2026-04-21 23:55:18,890 WARNING High grad norm: 881.95 at epoch=94 step=20936
2026-04-21 23:55:19,113 WARNING High grad norm: 785.28 at epoch=94 step=20937
2026-04-21 23:55:19,339 WARNING High grad norm: 646.73 at epoch=94 step=20938
2026-04-21 23:55:19,567 WARNING High grad norm: 683.70 at epoch=94 step=20939
2026-04-21 23:55:19,791 WARNING High grad norm: 650.59 at epoch=94 step=20940
2026-04-21 23:55:20,011 WARNING High grad norm: 1713.37 at epoch=94 step=20941
2026-04-21 23:55:20,233 WARNING High grad norm: 1798.19 at epoch=94 step=20942
2026-04-21 23:55:20,456 WARNING High grad norm: 1352.02 at epoch=94 step=20943
2026-04-21 23:55:20,677 WARNING High grad norm: 1812.71 at epoch=94 step=20944
2026-04-21 23:55:20,902 WARNING High grad norm: 1295.93 at epoch=94 step=20945
2026-04-21 23:55:21,123 WARNING High grad norm: 675.76 at epoch=94 step=20946
2026-04-21 23:55:21,342 WARNING High grad norm: 1322.63 at epoch=94 step=20947
2026-04-21 23:55:21,564 WARNING High grad norm: 1350.85 at epoch=94 step=20948
2026-04-21 23:55:21,784 WARNING High grad norm: 980.77 at epoch=94 step=20949
2026-04-21 23:55:22,007 WARNING High grad norm: 928.23 at epoch=94 step=20950
2026-04-21 23:55:22,229 WARNING High grad norm: 1098.80 at epoch=94 step=20951
2026-04-21 23:55:22,451 WARNING High grad norm: 2255.78 at epoch=94 step=20952
2026-04-21 23:55:22,676 WARNING High grad norm: 666.06 at epoch=94 step=20953
2026-04-21 23:55:22,897 WARNING High grad norm: 522.92 at epoch=94 step=20954
2026-04-21 23:55:23,117 WARNING High grad norm: 1842.76 at epoch=94 step=20955
2026-04-21 23:55:23,338 WARNING High grad norm: 1197.47 at epoch=94 step=20956
2026-04-21 23:55:23,561 WARNING High grad norm: 876.19 at epoch=94 step=20957
2026-04-21 23:55:23,789 WARNING High grad norm: 788.36 at epoch=94 step=20958
2026-04-21 23:55:24,014 WARNING High grad norm: 1810.07 at epoch=94 step=20959
2026-04-21 23:55:24,237 WARNING High grad norm: 1628.85 at epoch=94 step=20960
2026-04-21 23:55:24,389 WARNING High grad norm: 961.70 at epoch=94 step=20961
2026-04-21 23:55:24,962 INFO epoch=94 avg_loss=481.4529 lr=1.00e-06
2026-04-21 23:55:38,487 WARNING High grad norm: 868.39 at epoch=95 step=20962
2026-04-21 23:55:38,709 WARNING High grad norm: 1179.10 at epoch=95 step=20963
2026-04-21 23:55:38,928 WARNING High grad norm: 1527.26 at epoch=95 step=20964
2026-04-21 23:55:39,150 WARNING High grad norm: 1152.53 at epoch=95 step=20965
2026-04-21 23:55:39,372 WARNING High grad norm: 1048.37 at epoch=95 step=20966
2026-04-21 23:55:39,593 WARNING High grad norm: 808.34 at epoch=95 step=20967
2026-04-21 23:55:39,812 WARNING High grad norm: 593.68 at epoch=95 step=20968
2026-04-21 23:55:40,032 WARNING High grad norm: 1025.84 at epoch=95 step=20969
2026-04-21 23:55:40,253 WARNING High grad norm: 494.10 at epoch=95 step=20970
2026-04-21 23:55:40,472 WARNING High grad norm: 1153.60 at epoch=95 step=20971
2026-04-21 23:55:40,691 WARNING High grad norm: 1083.07 at epoch=95 step=20972
2026-04-21 23:55:40,912 WARNING High grad norm: 1086.16 at epoch=95 step=20973
2026-04-21 23:55:41,140 WARNING High grad norm: 709.77 at epoch=95 step=20974
2026-04-21 23:55:41,359 WARNING High grad norm: 1079.61 at epoch=95 step=20975
2026-04-21 23:55:41,578 WARNING High grad norm: 973.71 at epoch=95 step=20976
2026-04-21 23:55:41,803 WARNING High grad norm: 694.33 at epoch=95 step=20977
2026-04-21 23:55:42,023 WARNING High grad norm: 869.68 at epoch=95 step=20978
2026-04-21 23:55:42,246 WARNING High grad norm: 1672.26 at epoch=95 step=20979
2026-04-21 23:55:42,466 WARNING High grad norm: 1009.07 at epoch=95 step=20980
2026-04-21 23:55:42,694 WARNING High grad norm: 1899.65 at epoch=95 step=20981
2026-04-21 23:55:42,913 WARNING High grad norm: 1543.23 at epoch=95 step=20982
2026-04-21 23:55:43,135 WARNING High grad norm: 733.10 at epoch=95 step=20983
2026-04-21 23:55:43,357 WARNING High grad norm: 1089.75 at epoch=95 step=20984
2026-04-21 23:55:43,578 WARNING High grad norm: 1955.30 at epoch=95 step=20985
2026-04-21 23:55:43,800 WARNING High grad norm: 967.80 at epoch=95 step=20986
2026-04-21 23:55:44,020 WARNING High grad norm: 1843.99 at epoch=95 step=20987
2026-04-21 23:55:44,241 WARNING High grad norm: 591.46 at epoch=95 step=20988
2026-04-21 23:55:44,461 WARNING High grad norm: 709.46 at epoch=95 step=20989
2026-04-21 23:55:44,681 WARNING High grad norm: 891.44 at epoch=95 step=20990
2026-04-21 23:55:44,900 WARNING High grad norm: 1073.90 at epoch=95 step=20991
2026-04-21 23:55:45,120 WARNING High grad norm: 874.19 at epoch=95 step=20992
2026-04-21 23:55:45,341 WARNING High grad norm: 1400.85 at epoch=95 step=20993
2026-04-21 23:55:45,562 WARNING High grad norm: 1343.36 at epoch=95 step=20994
2026-04-21 23:55:45,782 WARNING High grad norm: 821.74 at epoch=95 step=20995
2026-04-21 23:55:46,004 WARNING High grad norm: 728.94 at epoch=95 step=20996
2026-04-21 23:55:46,224 WARNING High grad norm: 1221.75 at epoch=95 step=20997
2026-04-21 23:55:46,444 WARNING High grad norm: 988.84 at epoch=95 step=20998
2026-04-21 23:55:46,664 WARNING High grad norm: 1575.68 at epoch=95 step=20999
2026-04-21 23:55:46,674 INFO epoch=95 step=21000 loss=484.9970 grad_norm=1575.6793 lr=1.00e-06
2026-04-21 23:55:46,887 WARNING High grad norm: 695.34 at epoch=95 step=21000
2026-04-21 23:55:47,108 WARNING High grad norm: 1676.21 at epoch=95 step=21001
2026-04-21 23:55:47,329 WARNING High grad norm: 700.32 at epoch=95 step=21002
2026-04-21 23:55:47,550 WARNING High grad norm: 1106.85 at epoch=95 step=21003
2026-04-21 23:55:47,771 WARNING High grad norm: 773.59 at epoch=95 step=21004
2026-04-21 23:55:47,997 WARNING High grad norm: 1015.85 at epoch=95 step=21005
2026-04-21 23:55:48,218 WARNING High grad norm: 542.35 at epoch=95 step=21006
2026-04-21 23:55:48,439 WARNING High grad norm: 931.74 at epoch=95 step=21007
2026-04-21 23:55:48,659 WARNING High grad norm: 837.82 at epoch=95 step=21008
2026-04-21 23:55:48,889 WARNING High grad norm: 589.83 at epoch=95 step=21009
2026-04-21 23:55:49,114 WARNING High grad norm: 723.13 at epoch=95 step=21010
2026-04-21 23:55:49,335 WARNING High grad norm: 764.87 at epoch=95 step=21011
2026-04-21 23:55:49,554 WARNING High grad norm: 738.16 at epoch=95 step=21012
2026-04-21 23:55:49,775 WARNING High grad norm: 1843.61 at epoch=95 step=21013
2026-04-21 23:55:49,996 WARNING High grad norm: 876.68 at epoch=95 step=21014
2026-04-21 23:55:50,220 WARNING High grad norm: 1280.97 at epoch=95 step=21015
2026-04-21 23:55:50,449 WARNING High grad norm: 1147.99 at epoch=95 step=21016
2026-04-21 23:55:50,672 WARNING High grad norm: 1032.82 at epoch=95 step=21017
2026-04-21 23:55:50,895 WARNING High grad norm: 1421.03 at epoch=95 step=21018
2026-04-21 23:55:51,115 WARNING High grad norm: 1273.77 at epoch=95 step=21019
2026-04-21 23:55:51,338 WARNING High grad norm: 841.98 at epoch=95 step=21020
2026-04-21 23:55:51,561 WARNING High grad norm: 1150.34 at epoch=95 step=21021
2026-04-21 23:55:51,789 WARNING High grad norm: 942.39 at epoch=95 step=21022
2026-04-21 23:55:52,010 WARNING High grad norm: 1179.80 at epoch=95 step=21023
2026-04-21 23:55:52,229 WARNING High grad norm: 715.86 at epoch=95 step=21024
2026-04-21 23:55:52,450 WARNING High grad norm: 802.95 at epoch=95 step=21025
2026-04-21 23:55:52,669 WARNING High grad norm: 658.29 at epoch=95 step=21026
2026-04-21 23:55:52,890 WARNING High grad norm: 422.64 at epoch=95 step=21027
2026-04-21 23:55:53,110 WARNING High grad norm: 1484.22 at epoch=95 step=21028
2026-04-21 23:55:53,329 WARNING High grad norm: 937.16 at epoch=95 step=21029
2026-04-21 23:55:53,549 WARNING High grad norm: 746.17 at epoch=95 step=21030
2026-04-21 23:55:53,769 WARNING High grad norm: 940.28 at epoch=95 step=21031
2026-04-21 23:55:53,994 WARNING High grad norm: 1001.33 at epoch=95 step=21032
2026-04-21 23:55:54,213 WARNING High grad norm: 1096.66 at epoch=95 step=21033
2026-04-21 23:55:54,433 WARNING High grad norm: 1022.24 at epoch=95 step=21034
2026-04-21 23:55:54,654 WARNING High grad norm: 1081.83 at epoch=95 step=21035
2026-04-21 23:55:54,875 WARNING High grad norm: 727.92 at epoch=95 step=21036
2026-04-21 23:55:55,095 WARNING High grad norm: 773.72 at epoch=95 step=21037
2026-04-21 23:55:55,317 WARNING High grad norm: 810.61 at epoch=95 step=21038
2026-04-21 23:55:55,538 WARNING High grad norm: 2543.62 at epoch=95 step=21039
2026-04-21 23:55:55,761 WARNING High grad norm: 1058.41 at epoch=95 step=21040
2026-04-21 23:55:55,980 WARNING High grad norm: 1394.05 at epoch=95 step=21041
2026-04-21 23:55:56,200 WARNING High grad norm: 756.82 at epoch=95 step=21042
2026-04-21 23:55:56,423 WARNING High grad norm: 866.48 at epoch=95 step=21043
2026-04-21 23:55:56,643 WARNING High grad norm: 2343.22 at epoch=95 step=21044
2026-04-21 23:55:56,864 WARNING High grad norm: 1294.48 at epoch=95 step=21045
2026-04-21 23:55:57,084 WARNING High grad norm: 948.60 at epoch=95 step=21046
2026-04-21 23:55:57,304 WARNING High grad norm: 619.28 at epoch=95 step=21047
2026-04-21 23:55:57,523 WARNING High grad norm: 2021.83 at epoch=95 step=21048
2026-04-21 23:55:57,743 WARNING High grad norm: 1660.60 at epoch=95 step=21049
2026-04-21 23:55:57,964 WARNING High grad norm: 1537.40 at epoch=95 step=21050
2026-04-21 23:55:58,187 WARNING High grad norm: 1049.21 at epoch=95 step=21051
2026-04-21 23:55:58,412 WARNING High grad norm: 750.02 at epoch=95 step=21052
2026-04-21 23:55:58,633 WARNING High grad norm: 1469.09 at epoch=95 step=21053
2026-04-21 23:55:58,856 WARNING High grad norm: 1877.41 at epoch=95 step=21054
2026-04-21 23:55:59,075 WARNING High grad norm: 657.65 at epoch=95 step=21055
2026-04-21 23:55:59,298 WARNING High grad norm: 2155.94 at epoch=95 step=21056
2026-04-21 23:55:59,519 WARNING High grad norm: 1065.25 at epoch=95 step=21057
2026-04-21 23:55:59,738 WARNING High grad norm: 682.01 at epoch=95 step=21058
2026-04-21 23:55:59,959 WARNING High grad norm: 543.40 at epoch=95 step=21059
2026-04-21 23:56:00,180 WARNING High grad norm: 826.17 at epoch=95 step=21060
2026-04-21 23:56:00,401 WARNING High grad norm: 1001.86 at epoch=95 step=21061
2026-04-21 23:56:00,622 WARNING High grad norm: 595.98 at epoch=95 step=21062
2026-04-21 23:56:00,842 WARNING High grad norm: 669.78 at epoch=95 step=21063
2026-04-21 23:56:01,062 WARNING High grad norm: 1376.10 at epoch=95 step=21064
2026-04-21 23:56:01,283 WARNING High grad norm: 2208.42 at epoch=95 step=21065
2026-04-21 23:56:01,503 WARNING High grad norm: 905.96 at epoch=95 step=21066
2026-04-21 23:56:01,727 WARNING High grad norm: 2040.01 at epoch=95 step=21067
2026-04-21 23:56:01,948 WARNING High grad norm: 952.95 at epoch=95 step=21068
2026-04-21 23:56:02,168 WARNING High grad norm: 1416.27 at epoch=95 step=21069
2026-04-21 23:56:02,388 WARNING High grad norm: 1031.04 at epoch=95 step=21070
2026-04-21 23:56:02,610 WARNING High grad norm: 2038.50 at epoch=95 step=21071
2026-04-21 23:56:02,830 WARNING High grad norm: 1197.68 at epoch=95 step=21072
2026-04-21 23:56:03,052 WARNING High grad norm: 1671.81 at epoch=95 step=21073
2026-04-21 23:56:03,277 WARNING High grad norm: 585.94 at epoch=95 step=21074
2026-04-21 23:56:03,497 WARNING High grad norm: 968.67 at epoch=95 step=21075
2026-04-21 23:56:03,716 WARNING High grad norm: 802.36 at epoch=95 step=21076
2026-04-21 23:56:03,940 WARNING High grad norm: 792.43 at epoch=95 step=21077
2026-04-21 23:56:04,161 WARNING High grad norm: 554.56 at epoch=95 step=21078
2026-04-21 23:56:04,382 WARNING High grad norm: 1038.17 at epoch=95 step=21079
2026-04-21 23:56:04,603 WARNING High grad norm: 1632.88 at epoch=95 step=21080
2026-04-21 23:56:04,824 WARNING High grad norm: 933.59 at epoch=95 step=21081
2026-04-21 23:56:05,046 WARNING High grad norm: 619.20 at epoch=95 step=21082
2026-04-21 23:56:05,268 WARNING High grad norm: 1298.96 at epoch=95 step=21083
2026-04-21 23:56:05,491 WARNING High grad norm: 1267.19 at epoch=95 step=21084
2026-04-21 23:56:05,715 WARNING High grad norm: 832.38 at epoch=95 step=21085
2026-04-21 23:56:05,936 WARNING High grad norm: 1224.41 at epoch=95 step=21086
2026-04-21 23:56:06,157 WARNING High grad norm: 895.30 at epoch=95 step=21087
2026-04-21 23:56:06,377 WARNING High grad norm: 808.97 at epoch=95 step=21088
2026-04-21 23:56:06,596 WARNING High grad norm: 921.67 at epoch=95 step=21089
2026-04-21 23:56:06,817 WARNING High grad norm: 1066.90 at epoch=95 step=21090
2026-04-21 23:56:07,036 WARNING High grad norm: 920.60 at epoch=95 step=21091
2026-04-21 23:56:07,263 WARNING High grad norm: 1293.63 at epoch=95 step=21092
2026-04-21 23:56:07,486 WARNING High grad norm: 741.70 at epoch=95 step=21093
2026-04-21 23:56:07,706 WARNING High grad norm: 1242.72 at epoch=95 step=21094
2026-04-21 23:56:07,927 WARNING High grad norm: 1155.46 at epoch=95 step=21095
2026-04-21 23:56:08,147 WARNING High grad norm: 1170.14 at epoch=95 step=21096
2026-04-21 23:56:08,368 WARNING High grad norm: 723.33 at epoch=95 step=21097
2026-04-21 23:56:08,591 WARNING High grad norm: 712.78 at epoch=95 step=21098
2026-04-21 23:56:08,811 WARNING High grad norm: 993.57 at epoch=95 step=21099
2026-04-21 23:56:08,821 INFO epoch=95 step=21100 loss=484.7238 grad_norm=993.5721 lr=1.00e-06
2026-04-21 23:56:09,034 WARNING High grad norm: 845.67 at epoch=95 step=21100
2026-04-21 23:56:09,255 WARNING High grad norm: 707.84 at epoch=95 step=21101
2026-04-21 23:56:09,475 WARNING High grad norm: 2138.02 at epoch=95 step=21102
2026-04-21 23:56:09,696 WARNING High grad norm: 1343.65 at epoch=95 step=21103
2026-04-21 23:56:09,917 WARNING High grad norm: 1893.13 at epoch=95 step=21104
2026-04-21 23:56:10,140 WARNING High grad norm: 665.15 at epoch=95 step=21105
2026-04-21 23:56:10,365 WARNING High grad norm: 1401.15 at epoch=95 step=21106
2026-04-21 23:56:10,600 WARNING High grad norm: 1146.65 at epoch=95 step=21107
2026-04-21 23:56:10,820 WARNING High grad norm: 686.54 at epoch=95 step=21108
2026-04-21 23:56:11,042 WARNING High grad norm: 816.55 at epoch=95 step=21109
2026-04-21 23:56:11,272 WARNING High grad norm: 560.54 at epoch=95 step=21110
2026-04-21 23:56:11,492 WARNING High grad norm: 1073.71 at epoch=95 step=21111
2026-04-21 23:56:11,712 WARNING High grad norm: 919.99 at epoch=95 step=21112
2026-04-21 23:56:11,933 WARNING High grad norm: 956.77 at epoch=95 step=21113
2026-04-21 23:56:12,153 WARNING High grad norm: 3026.82 at epoch=95 step=21114
2026-04-21 23:56:12,373 WARNING High grad norm: 1609.77 at epoch=95 step=21115
2026-04-21 23:56:12,594 WARNING High grad norm: 1239.43 at epoch=95 step=21116
2026-04-21 23:56:12,814 WARNING High grad norm: 1957.74 at epoch=95 step=21117
2026-04-21 23:56:13,037 WARNING High grad norm: 2146.04 at epoch=95 step=21118
2026-04-21 23:56:13,256 WARNING High grad norm: 681.07 at epoch=95 step=21119
2026-04-21 23:56:13,477 WARNING High grad norm: 1168.27 at epoch=95 step=21120
2026-04-21 23:56:13,698 WARNING High grad norm: 510.14 at epoch=95 step=21121
2026-04-21 23:56:13,917 WARNING High grad norm: 1644.66 at epoch=95 step=21122
2026-04-21 23:56:14,137 WARNING High grad norm: 684.24 at epoch=95 step=21123
2026-04-21 23:56:14,359 WARNING High grad norm: 576.10 at epoch=95 step=21124
2026-04-21 23:56:14,579 WARNING High grad norm: 1852.20 at epoch=95 step=21125
2026-04-21 23:56:14,799 WARNING High grad norm: 635.83 at epoch=95 step=21126
2026-04-21 23:56:15,019 WARNING High grad norm: 462.49 at epoch=95 step=21127
2026-04-21 23:56:15,240 WARNING High grad norm: 819.28 at epoch=95 step=21128
2026-04-21 23:56:15,461 WARNING High grad norm: 1582.05 at epoch=95 step=21129
2026-04-21 23:56:15,681 WARNING High grad norm: 1173.33 at epoch=95 step=21130
2026-04-21 23:56:15,902 WARNING High grad norm: 1719.00 at epoch=95 step=21131
2026-04-21 23:56:16,130 WARNING High grad norm: 862.49 at epoch=95 step=21132
2026-04-21 23:56:16,358 WARNING High grad norm: 1679.59 at epoch=95 step=21133
2026-04-21 23:56:16,587 WARNING High grad norm: 830.45 at epoch=95 step=21134
2026-04-21 23:56:16,807 WARNING High grad norm: 794.17 at epoch=95 step=21135
2026-04-21 23:56:17,028 WARNING High grad norm: 950.33 at epoch=95 step=21136
2026-04-21 23:56:17,249 WARNING High grad norm: 957.50 at epoch=95 step=21137
2026-04-21 23:56:17,471 WARNING High grad norm: 930.11 at epoch=95 step=21138
2026-04-21 23:56:17,698 WARNING High grad norm: 751.07 at epoch=95 step=21139
2026-04-21 23:56:17,921 WARNING High grad norm: 631.30 at epoch=95 step=21140
2026-04-21 23:56:18,142 WARNING High grad norm: 979.68 at epoch=95 step=21141
2026-04-21 23:56:18,364 WARNING High grad norm: 928.61 at epoch=95 step=21142
2026-04-21 23:56:18,590 WARNING High grad norm: 1424.13 at epoch=95 step=21143
2026-04-21 23:56:18,809 WARNING High grad norm: 2812.57 at epoch=95 step=21144
2026-04-21 23:56:19,037 WARNING High grad norm: 1066.16 at epoch=95 step=21145
2026-04-21 23:56:19,258 WARNING High grad norm: 695.50 at epoch=95 step=21146
2026-04-21 23:56:19,481 WARNING High grad norm: 680.98 at epoch=95 step=21147
2026-04-21 23:56:19,700 WARNING High grad norm: 873.07 at epoch=95 step=21148
2026-04-21 23:56:19,928 WARNING High grad norm: 866.13 at epoch=95 step=21149
2026-04-21 23:56:20,148 WARNING High grad norm: 447.42 at epoch=95 step=21150
2026-04-21 23:56:20,369 WARNING High grad norm: 1257.05 at epoch=95 step=21151
2026-04-21 23:56:20,590 WARNING High grad norm: 673.00 at epoch=95 step=21152
2026-04-21 23:56:20,811 WARNING High grad norm: 1008.59 at epoch=95 step=21153
2026-04-21 23:56:21,031 WARNING High grad norm: 963.86 at epoch=95 step=21154
2026-04-21 23:56:21,252 WARNING High grad norm: 1931.37 at epoch=95 step=21155
2026-04-21 23:56:21,472 WARNING High grad norm: 886.02 at epoch=95 step=21156
2026-04-21 23:56:21,693 WARNING High grad norm: 562.95 at epoch=95 step=21157
2026-04-21 23:56:21,913 WARNING High grad norm: 738.71 at epoch=95 step=21158
2026-04-21 23:56:22,134 WARNING High grad norm: 629.79 at epoch=95 step=21159
2026-04-21 23:56:22,356 WARNING High grad norm: 828.22 at epoch=95 step=21160
2026-04-21 23:56:22,580 WARNING High grad norm: 884.01 at epoch=95 step=21161
2026-04-21 23:56:22,801 WARNING High grad norm: 1218.84 at epoch=95 step=21162
2026-04-21 23:56:23,022 WARNING High grad norm: 739.45 at epoch=95 step=21163
2026-04-21 23:56:23,243 WARNING High grad norm: 805.25 at epoch=95 step=21164
2026-04-21 23:56:23,464 WARNING High grad norm: 1189.83 at epoch=95 step=21165
2026-04-21 23:56:23,683 WARNING High grad norm: 1351.17 at epoch=95 step=21166
2026-04-21 23:56:23,912 WARNING High grad norm: 555.00 at epoch=95 step=21167
2026-04-21 23:56:24,132 WARNING High grad norm: 1664.10 at epoch=95 step=21168
2026-04-21 23:56:24,360 WARNING High grad norm: 944.35 at epoch=95 step=21169
2026-04-21 23:56:24,581 WARNING High grad norm: 848.84 at epoch=95 step=21170
2026-04-21 23:56:24,803 WARNING High grad norm: 952.56 at epoch=95 step=21171
2026-04-21 23:56:25,026 WARNING High grad norm: 1320.72 at epoch=95 step=21172
2026-04-21 23:56:25,246 WARNING High grad norm: 1031.48 at epoch=95 step=21173
2026-04-21 23:56:25,467 WARNING High grad norm: 2046.95 at epoch=95 step=21174
2026-04-21 23:56:25,693 WARNING High grad norm: 777.89 at epoch=95 step=21175
2026-04-21 23:56:25,923 WARNING High grad norm: 1301.98 at epoch=95 step=21176
2026-04-21 23:56:26,144 WARNING High grad norm: 702.55 at epoch=95 step=21177
2026-04-21 23:56:26,366 WARNING High grad norm: 884.10 at epoch=95 step=21178
2026-04-21 23:56:26,587 WARNING High grad norm: 1590.68 at epoch=95 step=21179
2026-04-21 23:56:26,808 WARNING High grad norm: 715.77 at epoch=95 step=21180
2026-04-21 23:56:27,030 WARNING High grad norm: 839.98 at epoch=95 step=21181
2026-04-21 23:56:27,253 WARNING High grad norm: 1058.49 at epoch=95 step=21182
2026-04-21 23:56:27,478 WARNING High grad norm: 1009.97 at epoch=95 step=21183
2026-04-21 23:56:27,628 WARNING High grad norm: 944.06 at epoch=95 step=21184
2026-04-21 23:56:28,192 INFO epoch=95 avg_loss=485.1738 lr=1.00e-06
2026-04-21 23:56:34,924 INFO Saved checkpoint to C:\Users\artun\Desktop\ITS-project\checkpoints\score_fmnist_v2\score_epoch_0095.pt
2026-04-21 23:56:48,619 WARNING High grad norm: 3552.80 at epoch=96 step=21185
2026-04-21 23:56:48,840 WARNING High grad norm: 1497.99 at epoch=96 step=21186
2026-04-21 23:56:49,060 WARNING High grad norm: 766.92 at epoch=96 step=21187
2026-04-21 23:56:49,280 WARNING High grad norm: 1894.89 at epoch=96 step=21188
2026-04-21 23:56:49,499 WARNING High grad norm: 1277.54 at epoch=96 step=21189
2026-04-21 23:56:49,719 WARNING High grad norm: 1723.50 at epoch=96 step=21190
2026-04-21 23:56:49,938 WARNING High grad norm: 916.39 at epoch=96 step=21191
2026-04-21 23:56:50,156 WARNING High grad norm: 524.63 at epoch=96 step=21192
2026-04-21 23:56:50,385 WARNING High grad norm: 663.08 at epoch=96 step=21193
2026-04-21 23:56:50,612 WARNING High grad norm: 1510.68 at epoch=96 step=21194
2026-04-21 23:56:50,832 WARNING High grad norm: 743.99 at epoch=96 step=21195
2026-04-21 23:56:51,051 WARNING High grad norm: 1112.75 at epoch=96 step=21196
2026-04-21 23:56:51,276 WARNING High grad norm: 938.37 at epoch=96 step=21197
2026-04-21 23:56:51,498 WARNING High grad norm: 745.39 at epoch=96 step=21198
2026-04-21 23:56:51,720 WARNING High grad norm: 977.97 at epoch=96 step=21199
2026-04-21 23:56:51,731 INFO epoch=96 step=21200 loss=485.0004 grad_norm=977.9712 lr=1.00e-06
2026-04-21 23:56:51,943 WARNING High grad norm: 1212.94 at epoch=96 step=21200
2026-04-21 23:56:52,162 WARNING High grad norm: 1173.82 at epoch=96 step=21201
2026-04-21 23:56:52,384 WARNING High grad norm: 915.31 at epoch=96 step=21202
2026-04-21 23:56:52,605 WARNING High grad norm: 583.71 at epoch=96 step=21203
2026-04-21 23:56:52,824 WARNING High grad norm: 1244.34 at epoch=96 step=21204
2026-04-21 23:56:53,045 WARNING High grad norm: 1612.84 at epoch=96 step=21205
2026-04-21 23:56:53,267 WARNING High grad norm: 1014.27 at epoch=96 step=21206
2026-04-21 23:56:53,486 WARNING High grad norm: 1211.27 at epoch=96 step=21207
2026-04-21 23:56:53,706 WARNING High grad norm: 717.98 at epoch=96 step=21208
2026-04-21 23:56:53,927 WARNING High grad norm: 1565.08 at epoch=96 step=21209
2026-04-21 23:56:54,150 WARNING High grad norm: 600.59 at epoch=96 step=21210
2026-04-21 23:56:54,373 WARNING High grad norm: 759.09 at epoch=96 step=21211
2026-04-21 23:56:54,593 WARNING High grad norm: 1325.43 at epoch=96 step=21212
2026-04-21 23:56:54,811 WARNING High grad norm: 747.65 at epoch=96 step=21213
2026-04-21 23:56:55,030 WARNING High grad norm: 691.45 at epoch=96 step=21214
2026-04-21 23:56:55,249 WARNING High grad norm: 1032.14 at epoch=96 step=21215
2026-04-21 23:56:55,469 WARNING High grad norm: 910.61 at epoch=96 step=21216
2026-04-21 23:56:55,688 WARNING High grad norm: 1242.79 at epoch=96 step=21217
2026-04-21 23:56:55,912 WARNING High grad norm: 775.92 at epoch=96 step=21218
2026-04-21 23:56:56,131 WARNING High grad norm: 663.19 at epoch=96 step=21219
2026-04-21 23:56:56,353 WARNING High grad norm: 2037.08 at epoch=96 step=21220
2026-04-21 23:56:56,572 WARNING High grad norm: 819.93 at epoch=96 step=21221
2026-04-21 23:56:56,792 WARNING High grad norm: 1024.98 at epoch=96 step=21222
2026-04-21 23:56:57,019 WARNING High grad norm: 679.75 at epoch=96 step=21223
2026-04-21 23:56:57,239 WARNING High grad norm: 593.36 at epoch=96 step=21224
2026-04-21 23:56:57,461 WARNING High grad norm: 908.57 at epoch=96 step=21225
2026-04-21 23:56:57,681 WARNING High grad norm: 644.58 at epoch=96 step=21226
2026-04-21 23:56:57,905 WARNING High grad norm: 1982.97 at epoch=96 step=21227
2026-04-21 23:56:58,130 WARNING High grad norm: 804.63 at epoch=96 step=21228
2026-04-21 23:56:58,350 WARNING High grad norm: 697.06 at epoch=96 step=21229
2026-04-21 23:56:58,569 WARNING High grad norm: 1005.38 at epoch=96 step=21230
2026-04-21 23:56:58,789 WARNING High grad norm: 603.96 at epoch=96 step=21231
2026-04-21 23:56:59,009 WARNING High grad norm: 1405.58 at epoch=96 step=21232
2026-04-21 23:56:59,228 WARNING High grad norm: 780.02 at epoch=96 step=21233
2026-04-21 23:56:59,454 WARNING High grad norm: 628.62 at epoch=96 step=21234
2026-04-21 23:56:59,673 WARNING High grad norm: 764.03 at epoch=96 step=21235
2026-04-21 23:56:59,893 WARNING High grad norm: 746.31 at epoch=96 step=21236
2026-04-21 23:57:00,115 WARNING High grad norm: 888.10 at epoch=96 step=21237
2026-04-21 23:57:00,337 WARNING High grad norm: 1681.51 at epoch=96 step=21238
2026-04-21 23:57:00,557 WARNING High grad norm: 759.58 at epoch=96 step=21239
2026-04-21 23:57:00,780 WARNING High grad norm: 1594.21 at epoch=96 step=21240
2026-04-21 23:57:01,000 WARNING High grad norm: 927.94 at epoch=96 step=21241
2026-04-21 23:57:01,220 WARNING High grad norm: 754.11 at epoch=96 step=21242
2026-04-21 23:57:01,441 WARNING High grad norm: 929.55 at epoch=96 step=21243
2026-04-21 23:57:01,661 WARNING High grad norm: 769.49 at epoch=96 step=21244
2026-04-21 23:57:01,882 WARNING High grad norm: 1670.75 at epoch=96 step=21245
2026-04-21 23:57:02,101 WARNING High grad norm: 832.10 at epoch=96 step=21246
2026-04-21 23:57:02,321 WARNING High grad norm: 918.51 at epoch=96 step=21247
2026-04-21 23:57:02,540 WARNING High grad norm: 828.33 at epoch=96 step=21248
2026-04-21 23:57:02,761 WARNING High grad norm: 1673.30 at epoch=96 step=21249
2026-04-21 23:57:02,980 WARNING High grad norm: 1586.62 at epoch=96 step=21250
2026-04-21 23:57:03,199 WARNING High grad norm: 1576.93 at epoch=96 step=21251
2026-04-21 23:57:03,420 WARNING High grad norm: 3875.96 at epoch=96 step=21252
2026-04-21 23:57:03,641 WARNING High grad norm: 4111.75 at epoch=96 step=21253
2026-04-21 23:57:03,861 WARNING High grad norm: 2184.43 at epoch=96 step=21254
2026-04-21 23:57:04,087 WARNING High grad norm: 988.75 at epoch=96 step=21255
2026-04-21 23:57:04,317 WARNING High grad norm: 921.78 at epoch=96 step=21256
2026-04-21 23:57:04,542 WARNING High grad norm: 1506.63 at epoch=96 step=21257
2026-04-21 23:57:04,765 WARNING High grad norm: 1206.06 at epoch=96 step=21258
2026-04-21 23:57:04,984 WARNING High grad norm: 1435.21 at epoch=96 step=21259
2026-04-21 23:57:05,205 WARNING High grad norm: 877.39 at epoch=96 step=21260
2026-04-21 23:57:05,429 WARNING High grad norm: 1068.03 at epoch=96 step=21261
2026-04-21 23:57:05,650 WARNING High grad norm: 1669.50 at epoch=96 step=21262
2026-04-21 23:57:05,871 WARNING High grad norm: 1009.28 at epoch=96 step=21263
2026-04-21 23:57:06,097 WARNING High grad norm: 1270.37 at epoch=96 step=21264
2026-04-21 23:57:06,317 WARNING High grad norm: 1424.19 at epoch=96 step=21265
2026-04-21 23:57:06,539 WARNING High grad norm: 817.47 at epoch=96 step=21266
2026-04-21 23:57:06,766 WARNING High grad norm: 1610.28 at epoch=96 step=21267
2026-04-21 23:57:06,986 WARNING High grad norm: 2041.49 at epoch=96 step=21268
2026-04-21 23:57:07,206 WARNING High grad norm: 1419.23 at epoch=96 step=21269
2026-04-21 23:57:07,426 WARNING High grad norm: 1540.05 at epoch=96 step=21270
2026-04-21 23:57:07,645 WARNING High grad norm: 1755.16 at epoch=96 step=21271
2026-04-21 23:57:07,866 WARNING High grad norm: 1419.00 at epoch=96 step=21272
2026-04-21 23:57:08,086 WARNING High grad norm: 732.34 at epoch=96 step=21273
2026-04-21 23:57:08,310 WARNING High grad norm: 553.86 at epoch=96 step=21274
2026-04-21 23:57:08,529 WARNING High grad norm: 828.35 at epoch=96 step=21275
2026-04-21 23:57:08,749 WARNING High grad norm: 1177.78 at epoch=96 step=21276
2026-04-21 23:57:08,971 WARNING High grad norm: 639.79 at epoch=96 step=21277
2026-04-21 23:57:09,191 WARNING High grad norm: 810.90 at epoch=96 step=21278
2026-04-21 23:57:09,412 WARNING High grad norm: 974.39 at epoch=96 step=21279
2026-04-21 23:57:09,635 WARNING High grad norm: 1597.88 at epoch=96 step=21280
2026-04-21 23:57:09,855 WARNING High grad norm: 689.75 at epoch=96 step=21281
2026-04-21 23:57:10,079 WARNING High grad norm: 812.99 at epoch=96 step=21282
2026-04-21 23:57:10,299 WARNING High grad norm: 791.44 at epoch=96 step=21283
2026-04-21 23:57:10,520 WARNING High grad norm: 1560.52 at epoch=96 step=21284
2026-04-21 23:57:10,740 WARNING High grad norm: 3006.79 at epoch=96 step=21285
2026-04-21 23:57:10,961 WARNING High grad norm: 1196.43 at epoch=96 step=21286
2026-04-21 23:57:11,182 WARNING High grad norm: 1002.21 at epoch=96 step=21287
2026-04-21 23:57:11,404 WARNING High grad norm: 858.02 at epoch=96 step=21288
2026-04-21 23:57:11,624 WARNING High grad norm: 1116.03 at epoch=96 step=21289
2026-04-21 23:57:11,846 WARNING High grad norm: 1160.44 at epoch=96 step=21290
2026-04-21 23:57:12,070 WARNING High grad norm: 1056.34 at epoch=96 step=21291
2026-04-21 23:57:12,291 WARNING High grad norm: 642.80 at epoch=96 step=21292
2026-04-21 23:57:12,514 WARNING High grad norm: 2090.10 at epoch=96 step=21293
2026-04-21 23:57:12,734 WARNING High grad norm: 2622.62 at epoch=96 step=21294
2026-04-21 23:57:12,955 WARNING High grad norm: 756.22 at epoch=96 step=21295
2026-04-21 23:57:13,174 WARNING High grad norm: 1505.67 at epoch=96 step=21296
2026-04-21 23:57:13,393 WARNING High grad norm: 1386.78 at epoch=96 step=21297
2026-04-21 23:57:13,613 WARNING High grad norm: 1368.04 at epoch=96 step=21298
2026-04-21 23:57:13,840 WARNING High grad norm: 968.78 at epoch=96 step=21299
2026-04-21 23:57:13,857 INFO epoch=96 step=21300 loss=484.7190 grad_norm=968.7766 lr=1.00e-06
2026-04-21 23:57:14,069 WARNING High grad norm: 1397.05 at epoch=96 step=21300
2026-04-21 23:57:14,290 WARNING High grad norm: 1328.39 at epoch=96 step=21301
2026-04-21 23:57:14,510 WARNING High grad norm: 1213.16 at epoch=96 step=21302
2026-04-21 23:57:14,730 WARNING High grad norm: 1299.19 at epoch=96 step=21303
2026-04-21 23:57:14,951 WARNING High grad norm: 2217.54 at epoch=96 step=21304
2026-04-21 23:57:15,170 WARNING High grad norm: 2262.07 at epoch=96 step=21305
2026-04-21 23:57:15,390 WARNING High grad norm: 883.32 at epoch=96 step=21306
2026-04-21 23:57:15,610 WARNING High grad norm: 1518.55 at epoch=96 step=21307
2026-04-21 23:57:15,831 WARNING High grad norm: 866.71 at epoch=96 step=21308
2026-04-21 23:57:16,050 WARNING High grad norm: 872.21 at epoch=96 step=21309
2026-04-21 23:57:16,271 WARNING High grad norm: 707.98 at epoch=96 step=21310
2026-04-21 23:57:16,492 WARNING High grad norm: 934.67 at epoch=96 step=21311
2026-04-21 23:57:16,711 WARNING High grad norm: 1540.69 at epoch=96 step=21312
2026-04-21 23:57:16,933 WARNING High grad norm: 1289.65 at epoch=96 step=21313
2026-04-21 23:57:17,153 WARNING High grad norm: 2023.33 at epoch=96 step=21314
2026-04-21 23:57:17,372 WARNING High grad norm: 2178.89 at epoch=96 step=21315
2026-04-21 23:57:17,594 WARNING High grad norm: 1090.48 at epoch=96 step=21316
2026-04-21 23:57:17,814 WARNING High grad norm: 1721.72 at epoch=96 step=21317
2026-04-21 23:57:18,036 WARNING High grad norm: 803.82 at epoch=96 step=21318
2026-04-21 23:57:18,256 WARNING High grad norm: 1279.26 at epoch=96 step=21319
2026-04-21 23:57:18,477 WARNING High grad norm: 726.48 at epoch=96 step=21320
2026-04-21 23:57:18,698 WARNING High grad norm: 861.90 at epoch=96 step=21321
2026-04-21 23:57:18,920 WARNING High grad norm: 1835.88 at epoch=96 step=21322
2026-04-21 23:57:19,139 WARNING High grad norm: 1572.58 at epoch=96 step=21323
2026-04-21 23:57:19,360 WARNING High grad norm: 632.42 at epoch=96 step=21324
2026-04-21 23:57:19,585 WARNING High grad norm: 1018.52 at epoch=96 step=21325
2026-04-21 23:57:19,805 WARNING High grad norm: 803.09 at epoch=96 step=21326
2026-04-21 23:57:20,032 WARNING High grad norm: 623.54 at epoch=96 step=21327
2026-04-21 23:57:20,253 WARNING High grad norm: 514.86 at epoch=96 step=21328
2026-04-21 23:57:20,479 WARNING High grad norm: 1363.29 at epoch=96 step=21329
2026-04-21 23:57:20,700 WARNING High grad norm: 941.98 at epoch=96 step=21330
2026-04-21 23:57:20,922 WARNING High grad norm: 1870.14 at epoch=96 step=21331
2026-04-21 23:57:21,142 WARNING High grad norm: 1048.62 at epoch=96 step=21332
2026-04-21 23:57:21,363 WARNING High grad norm: 660.00 at epoch=96 step=21333
2026-04-21 23:57:21,583 WARNING High grad norm: 890.44 at epoch=96 step=21334
2026-04-21 23:57:21,812 WARNING High grad norm: 1175.99 at epoch=96 step=21335
2026-04-21 23:57:22,032 WARNING High grad norm: 623.10 at epoch=96 step=21336
2026-04-21 23:57:22,252 WARNING High grad norm: 3388.04 at epoch=96 step=21337
2026-04-21 23:57:22,474 WARNING High grad norm: 672.26 at epoch=96 step=21338
2026-04-21 23:57:22,696 WARNING High grad norm: 893.86 at epoch=96 step=21339
2026-04-21 23:57:22,917 WARNING High grad norm: 1035.61 at epoch=96 step=21340
2026-04-21 23:57:23,136 WARNING High grad norm: 1023.61 at epoch=96 step=21341
2026-04-21 23:57:23,359 WARNING High grad norm: 942.02 at epoch=96 step=21342
2026-04-21 23:57:23,580 WARNING High grad norm: 920.32 at epoch=96 step=21343
2026-04-21 23:57:23,802 WARNING High grad norm: 888.56 at epoch=96 step=21344
2026-04-21 23:57:24,024 WARNING High grad norm: 1455.77 at epoch=96 step=21345
2026-04-21 23:57:24,248 WARNING High grad norm: 1430.28 at epoch=96 step=21346
2026-04-21 23:57:24,470 WARNING High grad norm: 1579.28 at epoch=96 step=21347
2026-04-21 23:57:24,691 WARNING High grad norm: 2073.42 at epoch=96 step=21348
2026-04-21 23:57:24,915 WARNING High grad norm: 1181.78 at epoch=96 step=21349
2026-04-21 23:57:25,135 WARNING High grad norm: 1239.75 at epoch=96 step=21350
2026-04-21 23:57:25,355 WARNING High grad norm: 1947.47 at epoch=96 step=21351
2026-04-21 23:57:25,574 WARNING High grad norm: 2082.23 at epoch=96 step=21352
2026-04-21 23:57:25,793 WARNING High grad norm: 732.73 at epoch=96 step=21353
2026-04-21 23:57:26,014 WARNING High grad norm: 781.83 at epoch=96 step=21354
2026-04-21 23:57:26,240 WARNING High grad norm: 1088.50 at epoch=96 step=21355
2026-04-21 23:57:26,459 WARNING High grad norm: 686.17 at epoch=96 step=21356
2026-04-21 23:57:26,681 WARNING High grad norm: 1369.31 at epoch=96 step=21357
2026-04-21 23:57:26,903 WARNING High grad norm: 1565.72 at epoch=96 step=21358
2026-04-21 23:57:27,126 WARNING High grad norm: 1088.70 at epoch=96 step=21359
2026-04-21 23:57:27,355 WARNING High grad norm: 801.37 at epoch=96 step=21360
2026-04-21 23:57:27,576 WARNING High grad norm: 649.26 at epoch=96 step=21361
2026-04-21 23:57:27,796 WARNING High grad norm: 2820.79 at epoch=96 step=21362
2026-04-21 23:57:28,016 WARNING High grad norm: 720.66 at epoch=96 step=21363
2026-04-21 23:57:28,235 WARNING High grad norm: 823.75 at epoch=96 step=21364
2026-04-21 23:57:28,456 WARNING High grad norm: 1043.37 at epoch=96 step=21365
2026-04-21 23:57:28,676 WARNING High grad norm: 748.71 at epoch=96 step=21366
2026-04-21 23:57:28,897 WARNING High grad norm: 965.54 at epoch=96 step=21367
2026-04-21 23:57:29,119 WARNING High grad norm: 1201.96 at epoch=96 step=21368
2026-04-21 23:57:29,343 WARNING High grad norm: 646.35 at epoch=96 step=21369
2026-04-21 23:57:29,565 WARNING High grad norm: 807.04 at epoch=96 step=21370
2026-04-21 23:57:29,788 WARNING High grad norm: 1348.26 at epoch=96 step=21371
2026-04-21 23:57:30,008 WARNING High grad norm: 1029.35 at epoch=96 step=21372
2026-04-21 23:57:30,228 WARNING High grad norm: 859.48 at epoch=96 step=21373
2026-04-21 23:57:30,453 WARNING High grad norm: 1201.73 at epoch=96 step=21374
2026-04-21 23:57:30,677 WARNING High grad norm: 783.09 at epoch=96 step=21375
2026-04-21 23:57:30,899 WARNING High grad norm: 1855.79 at epoch=96 step=21376
2026-04-21 23:57:31,120 WARNING High grad norm: 1490.53 at epoch=96 step=21377
2026-04-21 23:57:31,345 WARNING High grad norm: 896.51 at epoch=96 step=21378
2026-04-21 23:57:31,573 WARNING High grad norm: 1056.87 at epoch=96 step=21379
2026-04-21 23:57:31,793 WARNING High grad norm: 953.12 at epoch=96 step=21380
2026-04-21 23:57:32,013 WARNING High grad norm: 2824.87 at epoch=96 step=21381
2026-04-21 23:57:32,233 WARNING High grad norm: 1364.40 at epoch=96 step=21382
2026-04-21 23:57:32,457 WARNING High grad norm: 1610.67 at epoch=96 step=21383
2026-04-21 23:57:32,680 WARNING High grad norm: 935.01 at epoch=96 step=21384
2026-04-21 23:57:32,901 WARNING High grad norm: 783.30 at epoch=96 step=21385
2026-04-21 23:57:33,125 WARNING High grad norm: 1833.57 at epoch=96 step=21386
2026-04-21 23:57:33,345 WARNING High grad norm: 830.28 at epoch=96 step=21387
2026-04-21 23:57:33,566 WARNING High grad norm: 688.84 at epoch=96 step=21388
2026-04-21 23:57:33,787 WARNING High grad norm: 1326.67 at epoch=96 step=21389
2026-04-21 23:57:34,016 WARNING High grad norm: 643.77 at epoch=96 step=21390
2026-04-21 23:57:34,235 WARNING High grad norm: 1263.55 at epoch=96 step=21391
2026-04-21 23:57:34,457 WARNING High grad norm: 2053.05 at epoch=96 step=21392
2026-04-21 23:57:34,685 WARNING High grad norm: 784.15 at epoch=96 step=21393
2026-04-21 23:57:34,908 WARNING High grad norm: 1561.68 at epoch=96 step=21394
2026-04-21 23:57:35,132 WARNING High grad norm: 499.43 at epoch=96 step=21395
2026-04-21 23:57:35,353 WARNING High grad norm: 795.62 at epoch=96 step=21396
2026-04-21 23:57:35,575 WARNING High grad norm: 793.08 at epoch=96 step=21397
2026-04-21 23:57:35,795 WARNING High grad norm: 958.37 at epoch=96 step=21398
2026-04-21 23:57:36,017 WARNING High grad norm: 1174.75 at epoch=96 step=21399
2026-04-21 23:57:36,027 INFO epoch=96 step=21400 loss=483.1874 grad_norm=1174.7520 lr=1.00e-06
2026-04-21 23:57:36,239 WARNING High grad norm: 907.27 at epoch=96 step=21400
2026-04-21 23:57:36,459 WARNING High grad norm: 2170.56 at epoch=96 step=21401
2026-04-21 23:57:36,679 WARNING High grad norm: 774.83 at epoch=96 step=21402
2026-04-21 23:57:36,899 WARNING High grad norm: 1610.58 at epoch=96 step=21403
2026-04-21 23:57:37,120 WARNING High grad norm: 1110.75 at epoch=96 step=21404
2026-04-21 23:57:37,343 WARNING High grad norm: 985.23 at epoch=96 step=21405
2026-04-21 23:57:37,563 WARNING High grad norm: 1183.46 at epoch=96 step=21406
2026-04-21 23:57:37,712 WARNING High grad norm: 831.78 at epoch=96 step=21407
2026-04-21 23:57:38,289 INFO epoch=96 avg_loss=482.0581 lr=1.00e-06
2026-04-21 23:57:52,105 WARNING High grad norm: 1774.97 at epoch=97 step=21408
2026-04-21 23:57:52,326 WARNING High grad norm: 548.15 at epoch=97 step=21409
2026-04-21 23:57:52,547 WARNING High grad norm: 1154.98 at epoch=97 step=21410
2026-04-21 23:57:52,769 WARNING High grad norm: 728.66 at epoch=97 step=21411
2026-04-21 23:57:52,988 WARNING High grad norm: 1073.69 at epoch=97 step=21412
2026-04-21 23:57:53,208 WARNING High grad norm: 748.09 at epoch=97 step=21413
2026-04-21 23:57:53,429 WARNING High grad norm: 827.70 at epoch=97 step=21414
2026-04-21 23:57:53,648 WARNING High grad norm: 1513.20 at epoch=97 step=21415
2026-04-21 23:57:53,867 WARNING High grad norm: 872.52 at epoch=97 step=21416
2026-04-21 23:57:54,088 WARNING High grad norm: 700.03 at epoch=97 step=21417
2026-04-21 23:57:54,308 WARNING High grad norm: 1084.51 at epoch=97 step=21418
2026-04-21 23:57:54,529 WARNING High grad norm: 810.76 at epoch=97 step=21419
2026-04-21 23:57:54,750 WARNING High grad norm: 935.28 at epoch=97 step=21420
2026-04-21 23:57:54,975 WARNING High grad norm: 593.43 at epoch=97 step=21421
2026-04-21 23:57:55,199 WARNING High grad norm: 1438.97 at epoch=97 step=21422
2026-04-21 23:57:55,421 WARNING High grad norm: 752.95 at epoch=97 step=21423
2026-04-21 23:57:55,640 WARNING High grad norm: 616.94 at epoch=97 step=21424
2026-04-21 23:57:55,862 WARNING High grad norm: 1007.82 at epoch=97 step=21425
2026-04-21 23:57:56,083 WARNING High grad norm: 869.71 at epoch=97 step=21426
2026-04-21 23:57:56,309 WARNING High grad norm: 653.25 at epoch=97 step=21427
2026-04-21 23:57:56,532 WARNING High grad norm: 1151.39 at epoch=97 step=21428
2026-04-21 23:57:56,752 WARNING High grad norm: 793.54 at epoch=97 step=21429
2026-04-21 23:57:56,976 WARNING High grad norm: 1574.11 at epoch=97 step=21430
2026-04-21 23:57:57,199 WARNING High grad norm: 652.65 at epoch=97 step=21431
2026-04-21 23:57:57,424 WARNING High grad norm: 663.27 at epoch=97 step=21432
2026-04-21 23:57:57,644 WARNING High grad norm: 887.24 at epoch=97 step=21433
2026-04-21 23:57:57,865 WARNING High grad norm: 1518.42 at epoch=97 step=21434
2026-04-21 23:57:58,087 WARNING High grad norm: 1580.15 at epoch=97 step=21435
2026-04-21 23:57:58,314 WARNING High grad norm: 873.62 at epoch=97 step=21436
2026-04-21 23:57:58,534 WARNING High grad norm: 741.55 at epoch=97 step=21437
2026-04-21 23:57:58,757 WARNING High grad norm: 1676.09 at epoch=97 step=21438
2026-04-21 23:57:58,983 WARNING High grad norm: 2232.83 at epoch=97 step=21439
2026-04-21 23:57:59,209 WARNING High grad norm: 1242.21 at epoch=97 step=21440
2026-04-21 23:57:59,429 WARNING High grad norm: 1127.03 at epoch=97 step=21441
2026-04-21 23:57:59,648 WARNING High grad norm: 1439.89 at epoch=97 step=21442
2026-04-21 23:57:59,869 WARNING High grad norm: 792.12 at epoch=97 step=21443
2026-04-21 23:58:00,092 WARNING High grad norm: 645.12 at epoch=97 step=21444
2026-04-21 23:58:00,315 WARNING High grad norm: 1183.91 at epoch=97 step=21445
2026-04-21 23:58:00,537 WARNING High grad norm: 3617.69 at epoch=97 step=21446
2026-04-21 23:58:00,757 WARNING High grad norm: 1985.15 at epoch=97 step=21447
2026-04-21 23:58:00,978 WARNING High grad norm: 832.31 at epoch=97 step=21448
2026-04-21 23:58:01,202 WARNING High grad norm: 668.93 at epoch=97 step=21449
2026-04-21 23:58:01,425 WARNING High grad norm: 2100.77 at epoch=97 step=21450
2026-04-21 23:58:01,646 WARNING High grad norm: 1031.62 at epoch=97 step=21451
2026-04-21 23:58:01,866 WARNING High grad norm: 1097.74 at epoch=97 step=21452
2026-04-21 23:58:02,087 WARNING High grad norm: 1447.45 at epoch=97 step=21453
2026-04-21 23:58:02,314 WARNING High grad norm: 1876.29 at epoch=97 step=21454
2026-04-21 23:58:02,536 WARNING High grad norm: 2098.65 at epoch=97 step=21455
2026-04-21 23:58:02,755 WARNING High grad norm: 1034.72 at epoch=97 step=21456
2026-04-21 23:58:02,977 WARNING High grad norm: 968.25 at epoch=97 step=21457
2026-04-21 23:58:03,197 WARNING High grad norm: 995.89 at epoch=97 step=21458
2026-04-21 23:58:03,418 WARNING High grad norm: 626.68 at epoch=97 step=21459
2026-04-21 23:58:03,637 WARNING High grad norm: 1203.49 at epoch=97 step=21460
2026-04-21 23:58:03,860 WARNING High grad norm: 1981.85 at epoch=97 step=21461
2026-04-21 23:58:04,085 WARNING High grad norm: 2373.46 at epoch=97 step=21462
2026-04-21 23:58:04,305 WARNING High grad norm: 567.67 at epoch=97 step=21463
2026-04-21 23:58:04,531 WARNING High grad norm: 1330.68 at epoch=97 step=21464
2026-04-21 23:58:04,754 WARNING High grad norm: 702.81 at epoch=97 step=21465
2026-04-21 23:58:04,978 WARNING High grad norm: 1322.09 at epoch=97 step=21466
2026-04-21 23:58:05,200 WARNING High grad norm: 1147.47 at epoch=97 step=21467
2026-04-21 23:58:05,419 WARNING High grad norm: 2188.05 at epoch=97 step=21468
2026-04-21 23:58:05,640 WARNING High grad norm: 819.68 at epoch=97 step=21469
2026-04-21 23:58:05,865 WARNING High grad norm: 1374.55 at epoch=97 step=21470
2026-04-21 23:58:06,085 WARNING High grad norm: 944.08 at epoch=97 step=21471
2026-04-21 23:58:06,305 WARNING High grad norm: 743.22 at epoch=97 step=21472
2026-04-21 23:58:06,526 WARNING High grad norm: 1721.64 at epoch=97 step=21473
2026-04-21 23:58:06,746 WARNING High grad norm: 887.99 at epoch=97 step=21474
2026-04-21 23:58:06,965 WARNING High grad norm: 1570.20 at epoch=97 step=21475
2026-04-21 23:58:07,187 WARNING High grad norm: 2384.88 at epoch=97 step=21476
2026-04-21 23:58:07,406 WARNING High grad norm: 788.28 at epoch=97 step=21477
2026-04-21 23:58:07,626 WARNING High grad norm: 782.00 at epoch=97 step=21478
2026-04-21 23:58:07,848 WARNING High grad norm: 783.65 at epoch=97 step=21479
2026-04-21 23:58:08,068 WARNING High grad norm: 1129.57 at epoch=97 step=21480
2026-04-21 23:58:08,290 WARNING High grad norm: 2294.53 at epoch=97 step=21481
2026-04-21 23:58:08,512 WARNING High grad norm: 722.43 at epoch=97 step=21482
2026-04-21 23:58:08,733 WARNING High grad norm: 1550.57 at epoch=97 step=21483
2026-04-21 23:58:08,960 WARNING High grad norm: 995.23 at epoch=97 step=21484
2026-04-21 23:58:09,179 WARNING High grad norm: 1227.64 at epoch=97 step=21485
2026-04-21 23:58:09,402 WARNING High grad norm: 565.75 at epoch=97 step=21486
2026-04-21 23:58:09,629 WARNING High grad norm: 1031.66 at epoch=97 step=21487
2026-04-21 23:58:09,850 WARNING High grad norm: 1676.13 at epoch=97 step=21488
2026-04-21 23:58:10,070 WARNING High grad norm: 1202.59 at epoch=97 step=21489
2026-04-21 23:58:10,291 WARNING High grad norm: 624.80 at epoch=97 step=21490
2026-04-21 23:58:10,512 WARNING High grad norm: 1031.40 at epoch=97 step=21491
2026-04-21 23:58:10,733 WARNING High grad norm: 3561.50 at epoch=97 step=21492
2026-04-21 23:58:10,956 WARNING High grad norm: 1751.64 at epoch=97 step=21493
2026-04-21 23:58:11,176 WARNING High grad norm: 3376.42 at epoch=97 step=21494
2026-04-21 23:58:11,395 WARNING High grad norm: 2944.02 at epoch=97 step=21495
2026-04-21 23:58:11,615 WARNING High grad norm: 1944.17 at epoch=97 step=21496
2026-04-21 23:58:11,837 WARNING High grad norm: 960.49 at epoch=97 step=21497
2026-04-21 23:58:12,057 WARNING High grad norm: 2301.90 at epoch=97 step=21498
2026-04-21 23:58:12,277 WARNING High grad norm: 1050.67 at epoch=97 step=21499
2026-04-21 23:58:12,290 INFO epoch=97 step=21500 loss=480.0999 grad_norm=1050.6678 lr=1.00e-06
2026-04-21 23:58:12,502 WARNING High grad norm: 2645.07 at epoch=97 step=21500
2026-04-21 23:58:12,721 WARNING High grad norm: 1151.54 at epoch=97 step=21501
2026-04-21 23:58:12,941 WARNING High grad norm: 907.67 at epoch=97 step=21502
2026-04-21 23:58:13,169 WARNING High grad norm: 669.15 at epoch=97 step=21503
2026-04-21 23:58:13,389 WARNING High grad norm: 1902.91 at epoch=97 step=21504
2026-04-21 23:58:13,609 WARNING High grad norm: 761.13 at epoch=97 step=21505
2026-04-21 23:58:13,829 WARNING High grad norm: 928.76 at epoch=97 step=21506
2026-04-21 23:58:14,052 WARNING High grad norm: 1266.06 at epoch=97 step=21507
2026-04-21 23:58:14,276 WARNING High grad norm: 1044.61 at epoch=97 step=21508
2026-04-21 23:58:14,496 WARNING High grad norm: 666.50 at epoch=97 step=21509
2026-04-21 23:58:14,716 WARNING High grad norm: 727.29 at epoch=97 step=21510
2026-04-21 23:58:14,936 WARNING High grad norm: 1088.49 at epoch=97 step=21511
2026-04-21 23:58:15,157 WARNING High grad norm: 843.07 at epoch=97 step=21512
2026-04-21 23:58:15,377 WARNING High grad norm: 1294.47 at epoch=97 step=21513
2026-04-21 23:58:15,597 WARNING High grad norm: 2138.43 at epoch=97 step=21514
2026-04-21 23:58:15,819 WARNING High grad norm: 2252.08 at epoch=97 step=21515
2026-04-21 23:58:16,038 WARNING High grad norm: 877.82 at epoch=97 step=21516
2026-04-21 23:58:16,261 WARNING High grad norm: 1203.54 at epoch=97 step=21517
2026-04-21 23:58:16,482 WARNING High grad norm: 887.83 at epoch=97 step=21518
2026-04-21 23:58:16,704 WARNING High grad norm: 1345.42 at epoch=97 step=21519
2026-04-21 23:58:16,928 WARNING High grad norm: 1011.51 at epoch=97 step=21520
2026-04-21 23:58:17,150 WARNING High grad norm: 516.71 at epoch=97 step=21521
2026-04-21 23:58:17,371 WARNING High grad norm: 770.21 at epoch=97 step=21522
2026-04-21 23:58:17,593 WARNING High grad norm: 781.45 at epoch=97 step=21523
2026-04-21 23:58:17,821 WARNING High grad norm: 3186.40 at epoch=97 step=21524
2026-04-21 23:58:18,051 WARNING High grad norm: 655.01 at epoch=97 step=21525
2026-04-21 23:58:18,272 WARNING High grad norm: 777.67 at epoch=97 step=21526
2026-04-21 23:58:18,495 WARNING High grad norm: 1037.66 at epoch=97 step=21527
2026-04-21 23:58:18,716 WARNING High grad norm: 1115.54 at epoch=97 step=21528
2026-04-21 23:58:18,944 WARNING High grad norm: 661.28 at epoch=97 step=21529
2026-04-21 23:58:19,164 WARNING High grad norm: 1215.98 at epoch=97 step=21530
2026-04-21 23:58:19,384 WARNING High grad norm: 599.98 at epoch=97 step=21531
2026-04-21 23:58:19,606 WARNING High grad norm: 909.80 at epoch=97 step=21532
2026-04-21 23:58:19,828 WARNING High grad norm: 937.73 at epoch=97 step=21533
2026-04-21 23:58:20,048 WARNING High grad norm: 902.07 at epoch=97 step=21534
2026-04-21 23:58:20,270 WARNING High grad norm: 1151.28 at epoch=97 step=21535
2026-04-21 23:58:20,496 WARNING High grad norm: 1088.04 at epoch=97 step=21536
2026-04-21 23:58:20,719 WARNING High grad norm: 1346.89 at epoch=97 step=21537
2026-04-21 23:58:20,939 WARNING High grad norm: 1879.09 at epoch=97 step=21538
2026-04-21 23:58:21,159 WARNING High grad norm: 1044.04 at epoch=97 step=21539
2026-04-21 23:58:21,380 WARNING High grad norm: 1019.49 at epoch=97 step=21540
2026-04-21 23:58:21,601 WARNING High grad norm: 1282.82 at epoch=97 step=21541
2026-04-21 23:58:21,827 WARNING High grad norm: 719.07 at epoch=97 step=21542
2026-04-21 23:58:22,049 WARNING High grad norm: 918.51 at epoch=97 step=21543
2026-04-21 23:58:22,273 WARNING High grad norm: 860.63 at epoch=97 step=21544
2026-04-21 23:58:22,496 WARNING High grad norm: 1506.12 at epoch=97 step=21545
2026-04-21 23:58:22,717 WARNING High grad norm: 847.12 at epoch=97 step=21546
2026-04-21 23:58:22,938 WARNING High grad norm: 1001.10 at epoch=97 step=21547
2026-04-21 23:58:23,159 WARNING High grad norm: 836.65 at epoch=97 step=21548
2026-04-21 23:58:23,380 WARNING High grad norm: 1573.44 at epoch=97 step=21549
2026-04-21 23:58:23,600 WARNING High grad norm: 940.73 at epoch=97 step=21550
2026-04-21 23:58:23,824 WARNING High grad norm: 781.57 at epoch=97 step=21551
2026-04-21 23:58:24,045 WARNING High grad norm: 1117.35 at epoch=97 step=21552
2026-04-21 23:58:24,266 WARNING High grad norm: 697.18 at epoch=97 step=21553
2026-04-21 23:58:24,486 WARNING High grad norm: 2470.92 at epoch=97 step=21554
2026-04-21 23:58:24,707 WARNING High grad norm: 1479.89 at epoch=97 step=21555
2026-04-21 23:58:24,926 WARNING High grad norm: 873.68 at epoch=97 step=21556
2026-04-21 23:58:25,151 WARNING High grad norm: 1538.01 at epoch=97 step=21557
2026-04-21 23:58:25,372 WARNING High grad norm: 748.23 at epoch=97 step=21558
2026-04-21 23:58:25,599 WARNING High grad norm: 1426.43 at epoch=97 step=21559
2026-04-21 23:58:25,820 WARNING High grad norm: 668.89 at epoch=97 step=21560
2026-04-21 23:58:26,041 WARNING High grad norm: 558.37 at epoch=97 step=21561
2026-04-21 23:58:26,262 WARNING High grad norm: 895.69 at epoch=97 step=21562
2026-04-21 23:58:26,481 WARNING High grad norm: 773.30 at epoch=97 step=21563
2026-04-21 23:58:26,702 WARNING High grad norm: 724.40 at epoch=97 step=21564
2026-04-21 23:58:26,925 WARNING High grad norm: 592.00 at epoch=97 step=21565
2026-04-21 23:58:27,144 WARNING High grad norm: 1092.17 at epoch=97 step=21566
2026-04-21 23:58:27,366 WARNING High grad norm: 660.11 at epoch=97 step=21567
2026-04-21 23:58:27,588 WARNING High grad norm: 1376.74 at epoch=97 step=21568
2026-04-21 23:58:27,811 WARNING High grad norm: 923.76 at epoch=97 step=21569
2026-04-21 23:58:28,035 WARNING High grad norm: 837.03 at epoch=97 step=21570
2026-04-21 23:58:28,255 WARNING High grad norm: 1453.83 at epoch=97 step=21571
2026-04-21 23:58:28,477 WARNING High grad norm: 1212.64 at epoch=97 step=21572
2026-04-21 23:58:28,697 WARNING High grad norm: 931.32 at epoch=97 step=21573
2026-04-21 23:58:28,917 WARNING High grad norm: 742.32 at epoch=97 step=21574
2026-04-21 23:58:29,138 WARNING High grad norm: 2298.10 at epoch=97 step=21575
2026-04-21 23:58:29,357 WARNING High grad norm: 1037.48 at epoch=97 step=21576
2026-04-21 23:58:29,578 WARNING High grad norm: 1410.30 at epoch=97 step=21577
2026-04-21 23:58:29,805 WARNING High grad norm: 663.06 at epoch=97 step=21578
2026-04-21 23:58:30,030 WARNING High grad norm: 1276.95 at epoch=97 step=21579
2026-04-21 23:58:30,249 WARNING High grad norm: 666.83 at epoch=97 step=21580
2026-04-21 23:58:30,473 WARNING High grad norm: 603.18 at epoch=97 step=21581
2026-04-21 23:58:30,695 WARNING High grad norm: 686.08 at epoch=97 step=21582
2026-04-21 23:58:30,915 WARNING High grad norm: 1027.70 at epoch=97 step=21583
2026-04-21 23:58:31,138 WARNING High grad norm: 1186.94 at epoch=97 step=21584
2026-04-21 23:58:31,361 WARNING High grad norm: 838.98 at epoch=97 step=21585
2026-04-21 23:58:31,581 WARNING High grad norm: 1948.57 at epoch=97 step=21586
2026-04-21 23:58:31,806 WARNING High grad norm: 2775.40 at epoch=97 step=21587
2026-04-21 23:58:32,026 WARNING High grad norm: 1231.06 at epoch=97 step=21588
2026-04-21 23:58:32,250 WARNING High grad norm: 1191.98 at epoch=97 step=21589
2026-04-21 23:58:32,471 WARNING High grad norm: 866.08 at epoch=97 step=21590
2026-04-21 23:58:32,692 WARNING High grad norm: 773.25 at epoch=97 step=21591
2026-04-21 23:58:32,916 WARNING High grad norm: 1842.96 at epoch=97 step=21592
2026-04-21 23:58:33,137 WARNING High grad norm: 1204.96 at epoch=97 step=21593
2026-04-21 23:58:33,359 WARNING High grad norm: 1503.39 at epoch=97 step=21594
2026-04-21 23:58:33,580 WARNING High grad norm: 1174.82 at epoch=97 step=21595
2026-04-21 23:58:33,803 WARNING High grad norm: 546.49 at epoch=97 step=21596
2026-04-21 23:58:34,023 WARNING High grad norm: 1296.46 at epoch=97 step=21597
2026-04-21 23:58:34,246 WARNING High grad norm: 1017.50 at epoch=97 step=21598
2026-04-21 23:58:34,470 WARNING High grad norm: 1950.69 at epoch=97 step=21599
2026-04-21 23:58:34,479 INFO epoch=97 step=21600 loss=481.5426 grad_norm=1950.6947 lr=1.00e-06
2026-04-21 23:58:34,692 WARNING High grad norm: 1686.21 at epoch=97 step=21600
2026-04-21 23:58:34,916 WARNING High grad norm: 2456.46 at epoch=97 step=21601
2026-04-21 23:58:35,138 WARNING High grad norm: 795.04 at epoch=97 step=21602
2026-04-21 23:58:35,359 WARNING High grad norm: 1760.85 at epoch=97 step=21603
2026-04-21 23:58:35,584 WARNING High grad norm: 743.10 at epoch=97 step=21604
2026-04-21 23:58:35,804 WARNING High grad norm: 1087.35 at epoch=97 step=21605
2026-04-21 23:58:36,025 WARNING High grad norm: 1257.67 at epoch=97 step=21606
2026-04-21 23:58:36,246 WARNING High grad norm: 706.93 at epoch=97 step=21607
2026-04-21 23:58:36,467 WARNING High grad norm: 583.38 at epoch=97 step=21608
2026-04-21 23:58:36,692 WARNING High grad norm: 1132.84 at epoch=97 step=21609
2026-04-21 23:58:36,912 WARNING High grad norm: 1125.81 at epoch=97 step=21610
2026-04-21 23:58:37,135 WARNING High grad norm: 680.63 at epoch=97 step=21611
2026-04-21 23:58:37,358 WARNING High grad norm: 654.39 at epoch=97 step=21612
2026-04-21 23:58:37,578 WARNING High grad norm: 817.06 at epoch=97 step=21613
2026-04-21 23:58:37,807 WARNING High grad norm: 1149.47 at epoch=97 step=21614
2026-04-21 23:58:38,027 WARNING High grad norm: 821.20 at epoch=97 step=21615
2026-04-21 23:58:38,254 WARNING High grad norm: 961.31 at epoch=97 step=21616
2026-04-21 23:58:38,474 WARNING High grad norm: 1850.68 at epoch=97 step=21617
2026-04-21 23:58:38,695 WARNING High grad norm: 635.28 at epoch=97 step=21618
2026-04-21 23:58:38,916 WARNING High grad norm: 1436.18 at epoch=97 step=21619
2026-04-21 23:58:39,137 WARNING High grad norm: 770.19 at epoch=97 step=21620
2026-04-21 23:58:39,356 WARNING High grad norm: 1968.17 at epoch=97 step=21621
2026-04-21 23:58:39,580 WARNING High grad norm: 1105.82 at epoch=97 step=21622
2026-04-21 23:58:39,802 WARNING High grad norm: 1525.46 at epoch=97 step=21623
2026-04-21 23:58:40,025 WARNING High grad norm: 696.82 at epoch=97 step=21624
2026-04-21 23:58:40,247 WARNING High grad norm: 638.98 at epoch=97 step=21625
2026-04-21 23:58:40,467 WARNING High grad norm: 1450.67 at epoch=97 step=21626
2026-04-21 23:58:40,690 WARNING High grad norm: 1900.64 at epoch=97 step=21627
2026-04-21 23:58:40,911 WARNING High grad norm: 487.30 at epoch=97 step=21628
2026-04-21 23:58:41,131 WARNING High grad norm: 649.98 at epoch=97 step=21629
2026-04-21 23:58:41,279 WARNING High grad norm: 1363.12 at epoch=97 step=21630
2026-04-21 23:58:41,860 INFO epoch=97 avg_loss=478.8396 lr=1.00e-06
2026-04-21 23:58:55,411 WARNING High grad norm: 1541.33 at epoch=98 step=21631
2026-04-21 23:58:55,629 WARNING High grad norm: 448.18 at epoch=98 step=21632
2026-04-21 23:58:55,847 WARNING High grad norm: 2160.67 at epoch=98 step=21633
2026-04-21 23:58:56,065 WARNING High grad norm: 3041.66 at epoch=98 step=21634
2026-04-21 23:58:56,290 WARNING High grad norm: 878.10 at epoch=98 step=21635
2026-04-21 23:58:56,509 WARNING High grad norm: 1270.66 at epoch=98 step=21636
2026-04-21 23:58:56,729 WARNING High grad norm: 1409.34 at epoch=98 step=21637
2026-04-21 23:58:56,949 WARNING High grad norm: 936.97 at epoch=98 step=21638
2026-04-21 23:58:57,170 WARNING High grad norm: 1302.80 at epoch=98 step=21639
2026-04-21 23:58:57,391 WARNING High grad norm: 2687.07 at epoch=98 step=21640
2026-04-21 23:58:57,615 WARNING High grad norm: 1403.46 at epoch=98 step=21641
2026-04-21 23:58:57,842 WARNING High grad norm: 1038.98 at epoch=98 step=21642
2026-04-21 23:58:58,063 WARNING High grad norm: 856.22 at epoch=98 step=21643
2026-04-21 23:58:58,287 WARNING High grad norm: 815.62 at epoch=98 step=21644
2026-04-21 23:58:58,509 WARNING High grad norm: 525.69 at epoch=98 step=21645
2026-04-21 23:58:58,733 WARNING High grad norm: 1733.84 at epoch=98 step=21646
2026-04-21 23:58:58,961 WARNING High grad norm: 865.17 at epoch=98 step=21647
2026-04-21 23:58:59,181 WARNING High grad norm: 748.93 at epoch=98 step=21648
2026-04-21 23:58:59,401 WARNING High grad norm: 1106.46 at epoch=98 step=21649
2026-04-21 23:58:59,628 WARNING High grad norm: 831.16 at epoch=98 step=21650
2026-04-21 23:58:59,848 WARNING High grad norm: 851.49 at epoch=98 step=21651
2026-04-21 23:59:00,073 WARNING High grad norm: 804.73 at epoch=98 step=21652
2026-04-21 23:59:00,299 WARNING High grad norm: 2326.44 at epoch=98 step=21653
2026-04-21 23:59:00,520 WARNING High grad norm: 1228.17 at epoch=98 step=21654
2026-04-21 23:59:00,740 WARNING High grad norm: 979.35 at epoch=98 step=21655
2026-04-21 23:59:00,961 WARNING High grad norm: 687.88 at epoch=98 step=21656
2026-04-21 23:59:01,182 WARNING High grad norm: 923.97 at epoch=98 step=21657
2026-04-21 23:59:01,407 WARNING High grad norm: 842.94 at epoch=98 step=21658
2026-04-21 23:59:01,629 WARNING High grad norm: 1493.40 at epoch=98 step=21659
2026-04-21 23:59:01,851 WARNING High grad norm: 602.84 at epoch=98 step=21660
2026-04-21 23:59:02,073 WARNING High grad norm: 878.58 at epoch=98 step=21661
2026-04-21 23:59:02,296 WARNING High grad norm: 911.86 at epoch=98 step=21662
2026-04-21 23:59:02,523 WARNING High grad norm: 1189.91 at epoch=98 step=21663
2026-04-21 23:59:02,747 WARNING High grad norm: 1392.65 at epoch=98 step=21664
2026-04-21 23:59:02,970 WARNING High grad norm: 1887.05 at epoch=98 step=21665
2026-04-21 23:59:03,191 WARNING High grad norm: 761.99 at epoch=98 step=21666
2026-04-21 23:59:03,410 WARNING High grad norm: 911.11 at epoch=98 step=21667
2026-04-21 23:59:03,630 WARNING High grad norm: 790.09 at epoch=98 step=21668
2026-04-21 23:59:03,850 WARNING High grad norm: 785.70 at epoch=98 step=21669
2026-04-21 23:59:04,069 WARNING High grad norm: 2242.65 at epoch=98 step=21670
2026-04-21 23:59:04,293 WARNING High grad norm: 1719.19 at epoch=98 step=21671
2026-04-21 23:59:04,525 WARNING High grad norm: 1598.74 at epoch=98 step=21672
2026-04-21 23:59:04,745 WARNING High grad norm: 926.61 at epoch=98 step=21673
2026-04-21 23:59:04,970 WARNING High grad norm: 781.72 at epoch=98 step=21674
2026-04-21 23:59:05,189 WARNING High grad norm: 870.30 at epoch=98 step=21675
2026-04-21 23:59:05,410 WARNING High grad norm: 1182.71 at epoch=98 step=21676
2026-04-21 23:59:05,631 WARNING High grad norm: 974.27 at epoch=98 step=21677
2026-04-21 23:59:05,850 WARNING High grad norm: 888.74 at epoch=98 step=21678
2026-04-21 23:59:06,070 WARNING High grad norm: 1425.67 at epoch=98 step=21679
2026-04-21 23:59:06,295 WARNING High grad norm: 902.10 at epoch=98 step=21680
2026-04-21 23:59:06,516 WARNING High grad norm: 1479.37 at epoch=98 step=21681
2026-04-21 23:59:06,736 WARNING High grad norm: 614.53 at epoch=98 step=21682
2026-04-21 23:59:06,965 WARNING High grad norm: 965.41 at epoch=98 step=21683
2026-04-21 23:59:07,186 WARNING High grad norm: 1439.96 at epoch=98 step=21684
2026-04-21 23:59:07,407 WARNING High grad norm: 2464.98 at epoch=98 step=21685
2026-04-21 23:59:07,626 WARNING High grad norm: 484.25 at epoch=98 step=21686
2026-04-21 23:59:07,846 WARNING High grad norm: 1125.43 at epoch=98 step=21687
2026-04-21 23:59:08,074 WARNING High grad norm: 1261.41 at epoch=98 step=21688
2026-04-21 23:59:08,295 WARNING High grad norm: 921.83 at epoch=98 step=21689
2026-04-21 23:59:08,514 WARNING High grad norm: 751.05 at epoch=98 step=21690
2026-04-21 23:59:08,734 WARNING High grad norm: 884.31 at epoch=98 step=21691
2026-04-21 23:59:08,955 WARNING High grad norm: 907.06 at epoch=98 step=21692
2026-04-21 23:59:09,177 WARNING High grad norm: 1975.26 at epoch=98 step=21693
2026-04-21 23:59:09,400 WARNING High grad norm: 1675.83 at epoch=98 step=21694
2026-04-21 23:59:09,624 WARNING High grad norm: 1107.70 at epoch=98 step=21695
2026-04-21 23:59:09,846 WARNING High grad norm: 981.54 at epoch=98 step=21696
2026-04-21 23:59:10,068 WARNING High grad norm: 858.28 at epoch=98 step=21697
2026-04-21 23:59:10,288 WARNING High grad norm: 800.81 at epoch=98 step=21698
2026-04-21 23:59:10,509 WARNING High grad norm: 2696.99 at epoch=98 step=21699
2026-04-21 23:59:10,520 INFO epoch=98 step=21700 loss=486.7781 grad_norm=2696.9854 lr=1.00e-06
2026-04-21 23:59:10,731 WARNING High grad norm: 2661.88 at epoch=98 step=21700
2026-04-21 23:59:10,952 WARNING High grad norm: 727.89 at epoch=98 step=21701
2026-04-21 23:59:11,173 WARNING High grad norm: 2402.04 at epoch=98 step=21702
2026-04-21 23:59:11,400 WARNING High grad norm: 980.05 at epoch=98 step=21703
2026-04-21 23:59:11,620 WARNING High grad norm: 921.75 at epoch=98 step=21704
2026-04-21 23:59:11,840 WARNING High grad norm: 1273.99 at epoch=98 step=21705
2026-04-21 23:59:12,060 WARNING High grad norm: 1105.66 at epoch=98 step=21706
2026-04-21 23:59:12,280 WARNING High grad norm: 693.93 at epoch=98 step=21707
2026-04-21 23:59:12,501 WARNING High grad norm: 750.58 at epoch=98 step=21708
2026-04-21 23:59:12,720 WARNING High grad norm: 1911.85 at epoch=98 step=21709
2026-04-21 23:59:12,942 WARNING High grad norm: 1829.12 at epoch=98 step=21710
2026-04-21 23:59:13,163 WARNING High grad norm: 1726.56 at epoch=98 step=21711
2026-04-21 23:59:13,385 WARNING High grad norm: 999.24 at epoch=98 step=21712
2026-04-21 23:59:13,605 WARNING High grad norm: 631.59 at epoch=98 step=21713
2026-04-21 23:59:13,829 WARNING High grad norm: 1197.36 at epoch=98 step=21714
2026-04-21 23:59:14,054 WARNING High grad norm: 806.15 at epoch=98 step=21715
2026-04-21 23:59:14,275 WARNING High grad norm: 1247.11 at epoch=98 step=21716
2026-04-21 23:59:14,496 WARNING High grad norm: 1089.11 at epoch=98 step=21717
2026-04-21 23:59:14,719 WARNING High grad norm: 976.76 at epoch=98 step=21718
2026-04-21 23:59:14,938 WARNING High grad norm: 943.03 at epoch=98 step=21719
2026-04-21 23:59:15,164 WARNING High grad norm: 1000.44 at epoch=98 step=21720
2026-04-21 23:59:15,383 WARNING High grad norm: 2247.78 at epoch=98 step=21721
2026-04-21 23:59:15,611 WARNING High grad norm: 1359.33 at epoch=98 step=21722
2026-04-21 23:59:15,831 WARNING High grad norm: 1276.16 at epoch=98 step=21723
2026-04-21 23:59:16,054 WARNING High grad norm: 978.55 at epoch=98 step=21724
2026-04-21 23:59:16,275 WARNING High grad norm: 1505.66 at epoch=98 step=21725
2026-04-21 23:59:16,495 WARNING High grad norm: 1059.94 at epoch=98 step=21726
2026-04-21 23:59:16,723 WARNING High grad norm: 722.07 at epoch=98 step=21727
2026-04-21 23:59:16,944 WARNING High grad norm: 2897.56 at epoch=98 step=21728
2026-04-21 23:59:17,163 WARNING High grad norm: 1836.09 at epoch=98 step=21729
2026-04-21 23:59:17,383 WARNING High grad norm: 897.17 at epoch=98 step=21730
2026-04-21 23:59:17,603 WARNING High grad norm: 1003.03 at epoch=98 step=21731
2026-04-21 23:59:17,823 WARNING High grad norm: 939.61 at epoch=98 step=21732
2026-04-21 23:59:18,046 WARNING High grad norm: 980.42 at epoch=98 step=21733
2026-04-21 23:59:18,266 WARNING High grad norm: 1463.50 at epoch=98 step=21734
2026-04-21 23:59:18,486 WARNING High grad norm: 774.54 at epoch=98 step=21735
2026-04-21 23:59:18,707 WARNING High grad norm: 1094.53 at epoch=98 step=21736
2026-04-21 23:59:18,931 WARNING High grad norm: 1315.17 at epoch=98 step=21737
2026-04-21 23:59:19,151 WARNING High grad norm: 2392.14 at epoch=98 step=21738
2026-04-21 23:59:19,374 WARNING High grad norm: 1223.92 at epoch=98 step=21739
2026-04-21 23:59:19,598 WARNING High grad norm: 817.65 at epoch=98 step=21740
2026-04-21 23:59:19,818 WARNING High grad norm: 801.63 at epoch=98 step=21741
2026-04-21 23:59:20,038 WARNING High grad norm: 1104.73 at epoch=98 step=21742
2026-04-21 23:59:20,257 WARNING High grad norm: 664.36 at epoch=98 step=21743
2026-04-21 23:59:20,487 WARNING High grad norm: 2208.24 at epoch=98 step=21744
2026-04-21 23:59:20,709 WARNING High grad norm: 1920.37 at epoch=98 step=21745
2026-04-21 23:59:20,929 WARNING High grad norm: 1230.31 at epoch=98 step=21746
2026-04-21 23:59:21,154 WARNING High grad norm: 1483.30 at epoch=98 step=21747
2026-04-21 23:59:21,373 WARNING High grad norm: 598.06 at epoch=98 step=21748
2026-04-21 23:59:21,594 WARNING High grad norm: 1012.96 at epoch=98 step=21749
2026-04-21 23:59:21,813 WARNING High grad norm: 893.65 at epoch=98 step=21750
2026-04-21 23:59:22,038 WARNING High grad norm: 691.59 at epoch=98 step=21751
2026-04-21 23:59:22,259 WARNING High grad norm: 964.12 at epoch=98 step=21752
2026-04-21 23:59:22,485 WARNING High grad norm: 887.34 at epoch=98 step=21753
2026-04-21 23:59:22,704 WARNING High grad norm: 1047.91 at epoch=98 step=21754
2026-04-21 23:59:22,925 WARNING High grad norm: 1019.15 at epoch=98 step=21755
2026-04-21 23:59:23,144 WARNING High grad norm: 767.30 at epoch=98 step=21756
2026-04-21 23:59:23,364 WARNING High grad norm: 1071.10 at epoch=98 step=21757
2026-04-21 23:59:23,584 WARNING High grad norm: 606.61 at epoch=98 step=21758
2026-04-21 23:59:23,806 WARNING High grad norm: 1251.63 at epoch=98 step=21759
2026-04-21 23:59:24,027 WARNING High grad norm: 1872.99 at epoch=98 step=21760
2026-04-21 23:59:24,248 WARNING High grad norm: 688.46 at epoch=98 step=21761
2026-04-21 23:59:24,471 WARNING High grad norm: 1010.43 at epoch=98 step=21762
2026-04-21 23:59:24,691 WARNING High grad norm: 791.46 at epoch=98 step=21763
2026-04-21 23:59:24,911 WARNING High grad norm: 1001.04 at epoch=98 step=21764
2026-04-21 23:59:25,130 WARNING High grad norm: 1343.45 at epoch=98 step=21765
2026-04-21 23:59:25,353 WARNING High grad norm: 835.10 at epoch=98 step=21766
2026-04-21 23:59:25,576 WARNING High grad norm: 909.84 at epoch=98 step=21767
2026-04-21 23:59:25,795 WARNING High grad norm: 765.10 at epoch=98 step=21768
2026-04-21 23:59:26,015 WARNING High grad norm: 2241.72 at epoch=98 step=21769
2026-04-21 23:59:26,236 WARNING High grad norm: 1190.72 at epoch=98 step=21770
2026-04-21 23:59:26,456 WARNING High grad norm: 949.44 at epoch=98 step=21771
2026-04-21 23:59:26,675 WARNING High grad norm: 2297.95 at epoch=98 step=21772
2026-04-21 23:59:26,898 WARNING High grad norm: 2848.39 at epoch=98 step=21773
2026-04-21 23:59:27,126 WARNING High grad norm: 999.07 at epoch=98 step=21774
2026-04-21 23:59:27,346 WARNING High grad norm: 1171.12 at epoch=98 step=21775
2026-04-21 23:59:27,573 WARNING High grad norm: 2529.38 at epoch=98 step=21776
2026-04-21 23:59:27,797 WARNING High grad norm: 851.34 at epoch=98 step=21777
2026-04-21 23:59:28,017 WARNING High grad norm: 929.73 at epoch=98 step=21778
2026-04-21 23:59:28,244 WARNING High grad norm: 996.83 at epoch=98 step=21779
2026-04-21 23:59:28,465 WARNING High grad norm: 2088.26 at epoch=98 step=21780
2026-04-21 23:59:28,685 WARNING High grad norm: 1222.07 at epoch=98 step=21781
2026-04-21 23:59:28,907 WARNING High grad norm: 1048.96 at epoch=98 step=21782
2026-04-21 23:59:29,131 WARNING High grad norm: 1609.61 at epoch=98 step=21783
2026-04-21 23:59:29,354 WARNING High grad norm: 826.67 at epoch=98 step=21784
2026-04-21 23:59:29,578 WARNING High grad norm: 1155.26 at epoch=98 step=21785
2026-04-21 23:59:29,801 WARNING High grad norm: 621.09 at epoch=98 step=21786
2026-04-21 23:59:30,022 WARNING High grad norm: 980.53 at epoch=98 step=21787
2026-04-21 23:59:30,244 WARNING High grad norm: 1558.33 at epoch=98 step=21788
2026-04-21 23:59:30,463 WARNING High grad norm: 865.62 at epoch=98 step=21789
2026-04-21 23:59:30,683 WARNING High grad norm: 1054.89 at epoch=98 step=21790
2026-04-21 23:59:30,905 WARNING High grad norm: 507.51 at epoch=98 step=21791
2026-04-21 23:59:31,126 WARNING High grad norm: 839.01 at epoch=98 step=21792
2026-04-21 23:59:31,347 WARNING High grad norm: 2132.00 at epoch=98 step=21793
2026-04-21 23:59:31,567 WARNING High grad norm: 752.13 at epoch=98 step=21794
2026-04-21 23:59:31,787 WARNING High grad norm: 1409.21 at epoch=98 step=21795
2026-04-21 23:59:32,008 WARNING High grad norm: 720.97 at epoch=98 step=21796
2026-04-21 23:59:32,229 WARNING High grad norm: 1945.02 at epoch=98 step=21797
2026-04-21 23:59:32,452 WARNING High grad norm: 621.82 at epoch=98 step=21798
2026-04-21 23:59:32,673 WARNING High grad norm: 506.62 at epoch=98 step=21799
2026-04-21 23:59:32,683 INFO epoch=98 step=21800 loss=487.3351 grad_norm=506.6195 lr=1.00e-06
2026-04-21 23:59:32,895 WARNING High grad norm: 846.56 at epoch=98 step=21800
2026-04-21 23:59:33,115 WARNING High grad norm: 729.93 at epoch=98 step=21801
2026-04-21 23:59:33,336 WARNING High grad norm: 1262.70 at epoch=98 step=21802
2026-04-21 23:59:33,560 WARNING High grad norm: 1407.49 at epoch=98 step=21803
2026-04-21 23:59:33,780 WARNING High grad norm: 773.69 at epoch=98 step=21804
2026-04-21 23:59:34,000 WARNING High grad norm: 1659.03 at epoch=98 step=21805
2026-04-21 23:59:34,220 WARNING High grad norm: 872.78 at epoch=98 step=21806
2026-04-21 23:59:34,439 WARNING High grad norm: 788.30 at epoch=98 step=21807
2026-04-21 23:59:34,668 WARNING High grad norm: 1050.39 at epoch=98 step=21808
2026-04-21 23:59:34,888 WARNING High grad norm: 841.83 at epoch=98 step=21809
2026-04-21 23:59:35,116 WARNING High grad norm: 874.57 at epoch=98 step=21810
2026-04-21 23:59:35,341 WARNING High grad norm: 641.71 at epoch=98 step=21811
2026-04-21 23:59:35,567 WARNING High grad norm: 1353.97 at epoch=98 step=21812
2026-04-21 23:59:35,790 WARNING High grad norm: 1076.34 at epoch=98 step=21813
2026-04-21 23:59:36,013 WARNING High grad norm: 1085.19 at epoch=98 step=21814
2026-04-21 23:59:36,235 WARNING High grad norm: 716.33 at epoch=98 step=21815
2026-04-21 23:59:36,463 WARNING High grad norm: 1353.35 at epoch=98 step=21816
2026-04-21 23:59:36,683 WARNING High grad norm: 1832.67 at epoch=98 step=21817
2026-04-21 23:59:36,902 WARNING High grad norm: 853.85 at epoch=98 step=21818
2026-04-21 23:59:37,128 WARNING High grad norm: 1127.49 at epoch=98 step=21819
2026-04-21 23:59:37,348 WARNING High grad norm: 853.66 at epoch=98 step=21820
2026-04-21 23:59:37,569 WARNING High grad norm: 1207.89 at epoch=98 step=21821
2026-04-21 23:59:37,790 WARNING High grad norm: 1039.44 at epoch=98 step=21822
2026-04-21 23:59:38,010 WARNING High grad norm: 628.37 at epoch=98 step=21823
2026-04-21 23:59:38,232 WARNING High grad norm: 841.74 at epoch=98 step=21824
2026-04-21 23:59:38,453 WARNING High grad norm: 917.40 at epoch=98 step=21825
2026-04-21 23:59:38,673 WARNING High grad norm: 1042.68 at epoch=98 step=21826
2026-04-21 23:59:38,894 WARNING High grad norm: 976.69 at epoch=98 step=21827
2026-04-21 23:59:39,115 WARNING High grad norm: 585.59 at epoch=98 step=21828
2026-04-21 23:59:39,337 WARNING High grad norm: 732.39 at epoch=98 step=21829
2026-04-21 23:59:39,557 WARNING High grad norm: 588.55 at epoch=98 step=21830
2026-04-21 23:59:39,781 WARNING High grad norm: 845.38 at epoch=98 step=21831
2026-04-21 23:59:40,010 WARNING High grad norm: 1324.02 at epoch=98 step=21832
2026-04-21 23:59:40,232 WARNING High grad norm: 2128.42 at epoch=98 step=21833
2026-04-21 23:59:40,453 WARNING High grad norm: 843.83 at epoch=98 step=21834
2026-04-21 23:59:40,675 WARNING High grad norm: 963.02 at epoch=98 step=21835
2026-04-21 23:59:40,896 WARNING High grad norm: 532.82 at epoch=98 step=21836
2026-04-21 23:59:41,126 WARNING High grad norm: 1605.23 at epoch=98 step=21837
2026-04-21 23:59:41,346 WARNING High grad norm: 1128.20 at epoch=98 step=21838
2026-04-21 23:59:41,569 WARNING High grad norm: 2944.94 at epoch=98 step=21839
2026-04-21 23:59:41,791 WARNING High grad norm: 889.74 at epoch=98 step=21840
2026-04-21 23:59:42,011 WARNING High grad norm: 1114.22 at epoch=98 step=21841
2026-04-21 23:59:42,232 WARNING High grad norm: 1362.72 at epoch=98 step=21842
2026-04-21 23:59:42,456 WARNING High grad norm: 895.65 at epoch=98 step=21843
2026-04-21 23:59:42,678 WARNING High grad norm: 1125.48 at epoch=98 step=21844
2026-04-21 23:59:42,901 WARNING High grad norm: 1076.76 at epoch=98 step=21845
2026-04-21 23:59:43,122 WARNING High grad norm: 1013.01 at epoch=98 step=21846
2026-04-21 23:59:43,345 WARNING High grad norm: 2565.98 at epoch=98 step=21847
2026-04-21 23:59:43,566 WARNING High grad norm: 690.09 at epoch=98 step=21848
2026-04-21 23:59:43,790 WARNING High grad norm: 920.53 at epoch=98 step=21849
2026-04-21 23:59:44,010 WARNING High grad norm: 1707.30 at epoch=98 step=21850
2026-04-21 23:59:44,232 WARNING High grad norm: 751.52 at epoch=98 step=21851
2026-04-21 23:59:44,453 WARNING High grad norm: 878.24 at epoch=98 step=21852
2026-04-21 23:59:44,602 WARNING High grad norm: 1865.90 at epoch=98 step=21853
2026-04-21 23:59:45,187 INFO epoch=98 avg_loss=485.9525 lr=1.00e-06
2026-04-21 23:59:58,922 WARNING High grad norm: 1263.66 at epoch=99 step=21854
2026-04-21 23:59:59,140 WARNING High grad norm: 721.60 at epoch=99 step=21855
2026-04-21 23:59:59,359 WARNING High grad norm: 2233.28 at epoch=99 step=21856
2026-04-21 23:59:59,576 WARNING High grad norm: 1814.04 at epoch=99 step=21857
2026-04-21 23:59:59,797 WARNING High grad norm: 2908.19 at epoch=99 step=21858
2026-04-22 00:00:00,015 WARNING High grad norm: 557.30 at epoch=99 step=21859
2026-04-22 00:00:00,239 WARNING High grad norm: 1517.23 at epoch=99 step=21860
2026-04-22 00:00:00,458 WARNING High grad norm: 2524.43 at epoch=99 step=21861
2026-04-22 00:00:00,678 WARNING High grad norm: 1051.41 at epoch=99 step=21862
2026-04-22 00:00:00,899 WARNING High grad norm: 1422.15 at epoch=99 step=21863
2026-04-22 00:00:01,119 WARNING High grad norm: 1526.83 at epoch=99 step=21864
2026-04-22 00:00:01,341 WARNING High grad norm: 2417.25 at epoch=99 step=21865
2026-04-22 00:00:01,565 WARNING High grad norm: 4866.15 at epoch=99 step=21866
2026-04-22 00:00:01,786 WARNING High grad norm: 1053.16 at epoch=99 step=21867
2026-04-22 00:00:02,006 WARNING High grad norm: 690.39 at epoch=99 step=21868
2026-04-22 00:00:02,224 WARNING High grad norm: 4101.57 at epoch=99 step=21869
2026-04-22 00:00:02,443 WARNING High grad norm: 3030.74 at epoch=99 step=21870
2026-04-22 00:00:02,672 WARNING High grad norm: 1753.56 at epoch=99 step=21871
2026-04-22 00:00:02,900 WARNING High grad norm: 6532.64 at epoch=99 step=21872
2026-04-22 00:00:03,119 WARNING High grad norm: 1058.72 at epoch=99 step=21873
2026-04-22 00:00:03,339 WARNING High grad norm: 1486.41 at epoch=99 step=21874
2026-04-22 00:00:03,561 WARNING High grad norm: 572.78 at epoch=99 step=21875
2026-04-22 00:00:03,781 WARNING High grad norm: 1256.26 at epoch=99 step=21876
2026-04-22 00:00:04,001 WARNING High grad norm: 618.91 at epoch=99 step=21877
2026-04-22 00:00:04,220 WARNING High grad norm: 1062.10 at epoch=99 step=21878
2026-04-22 00:00:04,439 WARNING High grad norm: 1102.38 at epoch=99 step=21879
2026-04-22 00:00:04,658 WARNING High grad norm: 903.71 at epoch=99 step=21880
2026-04-22 00:00:04,878 WARNING High grad norm: 594.23 at epoch=99 step=21881
2026-04-22 00:00:05,101 WARNING High grad norm: 688.66 at epoch=99 step=21882
2026-04-22 00:00:05,321 WARNING High grad norm: 713.97 at epoch=99 step=21883
2026-04-22 00:00:05,542 WARNING High grad norm: 758.95 at epoch=99 step=21884
2026-04-22 00:00:05,763 WARNING High grad norm: 770.98 at epoch=99 step=21885
2026-04-22 00:00:05,985 WARNING High grad norm: 665.40 at epoch=99 step=21886
2026-04-22 00:00:06,205 WARNING High grad norm: 830.55 at epoch=99 step=21887
2026-04-22 00:00:06,425 WARNING High grad norm: 1070.97 at epoch=99 step=21888
2026-04-22 00:00:06,648 WARNING High grad norm: 1316.80 at epoch=99 step=21889
2026-04-22 00:00:06,869 WARNING High grad norm: 905.63 at epoch=99 step=21890
2026-04-22 00:00:07,090 WARNING High grad norm: 1788.02 at epoch=99 step=21891
2026-04-22 00:00:07,310 WARNING High grad norm: 515.51 at epoch=99 step=21892
2026-04-22 00:00:07,530 WARNING High grad norm: 983.09 at epoch=99 step=21893
2026-04-22 00:00:07,749 WARNING High grad norm: 1352.49 at epoch=99 step=21894
2026-04-22 00:00:07,969 WARNING High grad norm: 903.67 at epoch=99 step=21895
2026-04-22 00:00:08,191 WARNING High grad norm: 1034.39 at epoch=99 step=21896
2026-04-22 00:00:08,411 WARNING High grad norm: 920.88 at epoch=99 step=21897
2026-04-22 00:00:08,633 WARNING High grad norm: 1184.70 at epoch=99 step=21898
2026-04-22 00:00:08,853 WARNING High grad norm: 1143.62 at epoch=99 step=21899
2026-04-22 00:00:08,864 INFO epoch=99 step=21900 loss=488.7723 grad_norm=1143.6222 lr=1.00e-06
2026-04-22 00:00:09,076 WARNING High grad norm: 1078.19 at epoch=99 step=21900
2026-04-22 00:00:09,304 WARNING High grad norm: 1414.78 at epoch=99 step=21901
2026-04-22 00:00:09,523 WARNING High grad norm: 991.45 at epoch=99 step=21902
2026-04-22 00:00:09,747 WARNING High grad norm: 808.88 at epoch=99 step=21903
2026-04-22 00:00:09,977 WARNING High grad norm: 559.35 at epoch=99 step=21904
2026-04-22 00:00:10,198 WARNING High grad norm: 1114.53 at epoch=99 step=21905
2026-04-22 00:00:10,419 WARNING High grad norm: 882.69 at epoch=99 step=21906
2026-04-22 00:00:10,639 WARNING High grad norm: 2210.38 at epoch=99 step=21907
2026-04-22 00:00:10,863 WARNING High grad norm: 1505.12 at epoch=99 step=21908
2026-04-22 00:00:11,092 WARNING High grad norm: 1543.93 at epoch=99 step=21909
2026-04-22 00:00:11,313 WARNING High grad norm: 931.31 at epoch=99 step=21910
2026-04-22 00:00:11,534 WARNING High grad norm: 715.58 at epoch=99 step=21911
2026-04-22 00:00:11,756 WARNING High grad norm: 892.00 at epoch=99 step=21912
2026-04-22 00:00:11,979 WARNING High grad norm: 1300.13 at epoch=99 step=21913
2026-04-22 00:00:12,198 WARNING High grad norm: 820.98 at epoch=99 step=21914
2026-04-22 00:00:12,421 WARNING High grad norm: 736.60 at epoch=99 step=21915
2026-04-22 00:00:12,640 WARNING High grad norm: 757.58 at epoch=99 step=21916
2026-04-22 00:00:12,860 WARNING High grad norm: 1924.04 at epoch=99 step=21917
2026-04-22 00:00:13,080 WARNING High grad norm: 1095.72 at epoch=99 step=21918
2026-04-22 00:00:13,301 WARNING High grad norm: 1017.08 at epoch=99 step=21919
2026-04-22 00:00:13,525 WARNING High grad norm: 734.97 at epoch=99 step=21920
2026-04-22 00:00:13,745 WARNING High grad norm: 1289.65 at epoch=99 step=21921
2026-04-22 00:00:13,966 WARNING High grad norm: 614.41 at epoch=99 step=21922
2026-04-22 00:00:14,194 WARNING High grad norm: 692.26 at epoch=99 step=21923
2026-04-22 00:00:14,418 WARNING High grad norm: 1035.47 at epoch=99 step=21924
2026-04-22 00:00:14,640 WARNING High grad norm: 858.48 at epoch=99 step=21925
2026-04-22 00:00:14,859 WARNING High grad norm: 2103.42 at epoch=99 step=21926
2026-04-22 00:00:15,081 WARNING High grad norm: 836.70 at epoch=99 step=21927
2026-04-22 00:00:15,304 WARNING High grad norm: 1056.28 at epoch=99 step=21928
2026-04-22 00:00:15,527 WARNING High grad norm: 2543.39 at epoch=99 step=21929
2026-04-22 00:00:15,748 WARNING High grad norm: 2979.08 at epoch=99 step=21930
2026-04-22 00:00:15,973 WARNING High grad norm: 1129.92 at epoch=99 step=21931
2026-04-22 00:00:16,193 WARNING High grad norm: 926.39 at epoch=99 step=21932
2026-04-22 00:00:16,413 WARNING High grad norm: 758.88 at epoch=99 step=21933
2026-04-22 00:00:16,633 WARNING High grad norm: 2463.49 at epoch=99 step=21934
2026-04-22 00:00:16,853 WARNING High grad norm: 1729.79 at epoch=99 step=21935
2026-04-22 00:00:17,078 WARNING High grad norm: 1571.46 at epoch=99 step=21936
2026-04-22 00:00:17,302 WARNING High grad norm: 645.59 at epoch=99 step=21937
2026-04-22 00:00:17,528 WARNING High grad norm: 981.58 at epoch=99 step=21938
2026-04-22 00:00:17,750 WARNING High grad norm: 701.93 at epoch=99 step=21939
2026-04-22 00:00:17,971 WARNING High grad norm: 1169.17 at epoch=99 step=21940
2026-04-22 00:00:18,193 WARNING High grad norm: 652.40 at epoch=99 step=21941
2026-04-22 00:00:18,413 WARNING High grad norm: 1220.44 at epoch=99 step=21942
2026-04-22 00:00:18,633 WARNING High grad norm: 1258.10 at epoch=99 step=21943
2026-04-22 00:00:18,856 WARNING High grad norm: 1901.83 at epoch=99 step=21944
2026-04-22 00:00:19,077 WARNING High grad norm: 1925.20 at epoch=99 step=21945
2026-04-22 00:00:19,300 WARNING High grad norm: 775.97 at epoch=99 step=21946
2026-04-22 00:00:19,520 WARNING High grad norm: 900.54 at epoch=99 step=21947
2026-04-22 00:00:19,741 WARNING High grad norm: 644.53 at epoch=99 step=21948
2026-04-22 00:00:19,962 WARNING High grad norm: 944.54 at epoch=99 step=21949
2026-04-22 00:00:20,183 WARNING High grad norm: 1554.05 at epoch=99 step=21950
2026-04-22 00:00:20,406 WARNING High grad norm: 577.09 at epoch=99 step=21951
2026-04-22 00:00:20,625 WARNING High grad norm: 737.66 at epoch=99 step=21952
2026-04-22 00:00:20,847 WARNING High grad norm: 1139.39 at epoch=99 step=21953
2026-04-22 00:00:21,067 WARNING High grad norm: 938.83 at epoch=99 step=21954
2026-04-22 00:00:21,287 WARNING High grad norm: 1713.51 at epoch=99 step=21955
2026-04-22 00:00:21,507 WARNING High grad norm: 471.53 at epoch=99 step=21956
2026-04-22 00:00:21,734 WARNING High grad norm: 852.08 at epoch=99 step=21957
2026-04-22 00:00:21,954 WARNING High grad norm: 1033.01 at epoch=99 step=21958
2026-04-22 00:00:22,175 WARNING High grad norm: 1032.92 at epoch=99 step=21959
2026-04-22 00:00:22,399 WARNING High grad norm: 860.55 at epoch=99 step=21960
2026-04-22 00:00:22,622 WARNING High grad norm: 1062.89 at epoch=99 step=21961
2026-04-22 00:00:22,844 WARNING High grad norm: 754.45 at epoch=99 step=21962
2026-04-22 00:00:23,066 WARNING High grad norm: 1153.83 at epoch=99 step=21963
2026-04-22 00:00:23,286 WARNING High grad norm: 1530.22 at epoch=99 step=21964
2026-04-22 00:00:23,506 WARNING High grad norm: 1693.54 at epoch=99 step=21965
2026-04-22 00:00:23,725 WARNING High grad norm: 597.04 at epoch=99 step=21966
2026-04-22 00:00:23,948 WARNING High grad norm: 724.13 at epoch=99 step=21967
2026-04-22 00:00:24,169 WARNING High grad norm: 1554.33 at epoch=99 step=21968
2026-04-22 00:00:24,390 WARNING High grad norm: 742.57 at epoch=99 step=21969
2026-04-22 00:00:24,611 WARNING High grad norm: 1838.57 at epoch=99 step=21970
2026-04-22 00:00:24,831 WARNING High grad norm: 798.77 at epoch=99 step=21971
2026-04-22 00:00:25,056 WARNING High grad norm: 964.41 at epoch=99 step=21972
2026-04-22 00:00:25,277 WARNING High grad norm: 956.61 at epoch=99 step=21973
2026-04-22 00:00:25,498 WARNING High grad norm: 693.24 at epoch=99 step=21974
2026-04-22 00:00:25,722 WARNING High grad norm: 1181.57 at epoch=99 step=21975
2026-04-22 00:00:25,942 WARNING High grad norm: 2419.67 at epoch=99 step=21976
2026-04-22 00:00:26,163 WARNING High grad norm: 1763.41 at epoch=99 step=21977
2026-04-22 00:00:26,385 WARNING High grad norm: 891.52 at epoch=99 step=21978
2026-04-22 00:00:26,613 WARNING High grad norm: 1547.47 at epoch=99 step=21979
2026-04-22 00:00:26,834 WARNING High grad norm: 1111.79 at epoch=99 step=21980
2026-04-22 00:00:27,055 WARNING High grad norm: 1483.68 at epoch=99 step=21981
2026-04-22 00:00:27,275 WARNING High grad norm: 1295.70 at epoch=99 step=21982
2026-04-22 00:00:27,500 WARNING High grad norm: 1031.51 at epoch=99 step=21983
2026-04-22 00:00:27,720 WARNING High grad norm: 1005.49 at epoch=99 step=21984
2026-04-22 00:00:27,940 WARNING High grad norm: 1263.80 at epoch=99 step=21985
2026-04-22 00:00:28,163 WARNING High grad norm: 1356.81 at epoch=99 step=21986
2026-04-22 00:00:28,384 WARNING High grad norm: 1081.16 at epoch=99 step=21987
2026-04-22 00:00:28,603 WARNING High grad norm: 1176.13 at epoch=99 step=21988
2026-04-22 00:00:28,824 WARNING High grad norm: 830.00 at epoch=99 step=21989
2026-04-22 00:00:29,043 WARNING High grad norm: 981.11 at epoch=99 step=21990
2026-04-22 00:00:29,263 WARNING High grad norm: 613.82 at epoch=99 step=21991
2026-04-22 00:00:29,487 WARNING High grad norm: 1982.60 at epoch=99 step=21992
2026-04-22 00:00:29,707 WARNING High grad norm: 831.68 at epoch=99 step=21993
2026-04-22 00:00:29,930 WARNING High grad norm: 895.61 at epoch=99 step=21994
2026-04-22 00:00:30,158 WARNING High grad norm: 692.80 at epoch=99 step=21995
2026-04-22 00:00:30,380 WARNING High grad norm: 679.28 at epoch=99 step=21996
2026-04-22 00:00:30,600 WARNING High grad norm: 1096.22 at epoch=99 step=21997
2026-04-22 00:00:30,820 WARNING High grad norm: 680.61 at epoch=99 step=21998
2026-04-22 00:00:31,041 WARNING High grad norm: 672.54 at epoch=99 step=21999
2026-04-22 00:00:31,051 INFO epoch=99 step=22000 loss=492.0518 grad_norm=672.5381 lr=1.00e-06
2026-04-22 00:00:31,264 WARNING High grad norm: 876.25 at epoch=99 step=22000
2026-04-22 00:00:31,485 WARNING High grad norm: 2927.01 at epoch=99 step=22001
2026-04-22 00:00:31,705 WARNING High grad norm: 1312.30 at epoch=99 step=22002
2026-04-22 00:00:31,926 WARNING High grad norm: 1580.39 at epoch=99 step=22003
2026-04-22 00:00:32,152 WARNING High grad norm: 793.82 at epoch=99 step=22004
2026-04-22 00:00:32,378 WARNING High grad norm: 2318.95 at epoch=99 step=22005
2026-04-22 00:00:32,599 WARNING High grad norm: 951.42 at epoch=99 step=22006
2026-04-22 00:00:32,820 WARNING High grad norm: 1345.62 at epoch=99 step=22007
2026-04-22 00:00:33,039 WARNING High grad norm: 925.54 at epoch=99 step=22008
2026-04-22 00:00:33,264 WARNING High grad norm: 1533.88 at epoch=99 step=22009
2026-04-22 00:00:33,490 WARNING High grad norm: 1150.50 at epoch=99 step=22010
2026-04-22 00:00:33,710 WARNING High grad norm: 1031.08 at epoch=99 step=22011
2026-04-22 00:00:33,929 WARNING High grad norm: 1520.55 at epoch=99 step=22012
2026-04-22 00:00:34,150 WARNING High grad norm: 1480.73 at epoch=99 step=22013
2026-04-22 00:00:34,370 WARNING High grad norm: 1112.02 at epoch=99 step=22014
2026-04-22 00:00:34,590 WARNING High grad norm: 865.09 at epoch=99 step=22015
2026-04-22 00:00:34,810 WARNING High grad norm: 927.94 at epoch=99 step=22016
2026-04-22 00:00:35,033 WARNING High grad norm: 1143.76 at epoch=99 step=22017
2026-04-22 00:00:35,254 WARNING High grad norm: 1653.13 at epoch=99 step=22018
2026-04-22 00:00:35,475 WARNING High grad norm: 1172.11 at epoch=99 step=22019
2026-04-22 00:00:35,697 WARNING High grad norm: 757.18 at epoch=99 step=22020
2026-04-22 00:00:35,916 WARNING High grad norm: 844.88 at epoch=99 step=22021
2026-04-22 00:00:36,136 WARNING High grad norm: 1577.32 at epoch=99 step=22022
2026-04-22 00:00:36,356 WARNING High grad norm: 704.96 at epoch=99 step=22023
2026-04-22 00:00:36,577 WARNING High grad norm: 661.90 at epoch=99 step=22024
2026-04-22 00:00:36,799 WARNING High grad norm: 1732.20 at epoch=99 step=22025
2026-04-22 00:00:37,022 WARNING High grad norm: 1404.44 at epoch=99 step=22026
2026-04-22 00:00:37,246 WARNING High grad norm: 2748.64 at epoch=99 step=22027
2026-04-22 00:00:37,466 WARNING High grad norm: 809.37 at epoch=99 step=22028
2026-04-22 00:00:37,689 WARNING High grad norm: 822.46 at epoch=99 step=22029
2026-04-22 00:00:37,909 WARNING High grad norm: 1129.66 at epoch=99 step=22030
2026-04-22 00:00:38,138 WARNING High grad norm: 1620.02 at epoch=99 step=22031
2026-04-22 00:00:38,359 WARNING High grad norm: 871.68 at epoch=99 step=22032
2026-04-22 00:00:38,584 WARNING High grad norm: 1636.03 at epoch=99 step=22033
2026-04-22 00:00:38,809 WARNING High grad norm: 757.43 at epoch=99 step=22034
2026-04-22 00:00:39,033 WARNING High grad norm: 605.66 at epoch=99 step=22035
2026-04-22 00:00:39,255 WARNING High grad norm: 690.64 at epoch=99 step=22036
2026-04-22 00:00:39,477 WARNING High grad norm: 1616.36 at epoch=99 step=22037
2026-04-22 00:00:39,698 WARNING High grad norm: 624.16 at epoch=99 step=22038
2026-04-22 00:00:39,923 WARNING High grad norm: 771.98 at epoch=99 step=22039
2026-04-22 00:00:40,143 WARNING High grad norm: 911.59 at epoch=99 step=22040
2026-04-22 00:00:40,373 WARNING High grad norm: 815.47 at epoch=99 step=22041
2026-04-22 00:00:40,594 WARNING High grad norm: 876.12 at epoch=99 step=22042
2026-04-22 00:00:40,816 WARNING High grad norm: 1415.20 at epoch=99 step=22043
2026-04-22 00:00:41,035 WARNING High grad norm: 1204.88 at epoch=99 step=22044
2026-04-22 00:00:41,256 WARNING High grad norm: 2002.07 at epoch=99 step=22045
2026-04-22 00:00:41,476 WARNING High grad norm: 1044.06 at epoch=99 step=22046
2026-04-22 00:00:41,698 WARNING High grad norm: 1253.88 at epoch=99 step=22047
2026-04-22 00:00:41,922 WARNING High grad norm: 1028.04 at epoch=99 step=22048
2026-04-22 00:00:42,142 WARNING High grad norm: 1492.59 at epoch=99 step=22049
2026-04-22 00:00:42,363 WARNING High grad norm: 1740.71 at epoch=99 step=22050
2026-04-22 00:00:42,583 WARNING High grad norm: 940.46 at epoch=99 step=22051
2026-04-22 00:00:42,806 WARNING High grad norm: 1172.37 at epoch=99 step=22052
2026-04-22 00:00:43,035 WARNING High grad norm: 655.61 at epoch=99 step=22053
2026-04-22 00:00:43,255 WARNING High grad norm: 659.62 at epoch=99 step=22054
2026-04-22 00:00:43,476 WARNING High grad norm: 1163.85 at epoch=99 step=22055
2026-04-22 00:00:43,696 WARNING High grad norm: 1165.05 at epoch=99 step=22056
2026-04-22 00:00:43,915 WARNING High grad norm: 1092.72 at epoch=99 step=22057
2026-04-22 00:00:44,135 WARNING High grad norm: 1353.35 at epoch=99 step=22058
2026-04-22 00:00:44,361 WARNING High grad norm: 1195.10 at epoch=99 step=22059
2026-04-22 00:00:44,584 WARNING High grad norm: 1896.19 at epoch=99 step=22060
2026-04-22 00:00:44,805 WARNING High grad norm: 799.47 at epoch=99 step=22061
2026-04-22 00:00:45,024 WARNING High grad norm: 771.67 at epoch=99 step=22062
2026-04-22 00:00:45,245 WARNING High grad norm: 1099.90 at epoch=99 step=22063
2026-04-22 00:00:45,469 WARNING High grad norm: 1432.67 at epoch=99 step=22064
2026-04-22 00:00:45,689 WARNING High grad norm: 1039.65 at epoch=99 step=22065
2026-04-22 00:00:45,909 WARNING High grad norm: 1187.00 at epoch=99 step=22066
2026-04-22 00:00:46,129 WARNING High grad norm: 2136.37 at epoch=99 step=22067
2026-04-22 00:00:46,359 WARNING High grad norm: 858.47 at epoch=99 step=22068
2026-04-22 00:00:46,578 WARNING High grad norm: 1276.42 at epoch=99 step=22069
2026-04-22 00:00:46,806 WARNING High grad norm: 786.46 at epoch=99 step=22070
2026-04-22 00:00:47,026 WARNING High grad norm: 1570.51 at epoch=99 step=22071
2026-04-22 00:00:47,249 WARNING High grad norm: 863.79 at epoch=99 step=22072
2026-04-22 00:00:47,469 WARNING High grad norm: 585.42 at epoch=99 step=22073
2026-04-22 00:00:47,692 WARNING High grad norm: 942.37 at epoch=99 step=22074
2026-04-22 00:00:47,912 WARNING High grad norm: 1081.34 at epoch=99 step=22075
2026-04-22 00:00:48,061 WARNING High grad norm: 1688.90 at epoch=99 step=22076
2026-04-22 00:00:48,661 INFO epoch=99 avg_loss=492.3553 lr=1.00e-06
2026-04-22 00:01:02,415 WARNING High grad norm: 2544.53 at epoch=100 step=22077
2026-04-22 00:01:02,637 WARNING High grad norm: 1411.71 at epoch=100 step=22078
2026-04-22 00:01:02,855 WARNING High grad norm: 1055.84 at epoch=100 step=22079
2026-04-22 00:01:03,076 WARNING High grad norm: 1024.52 at epoch=100 step=22080
2026-04-22 00:01:03,295 WARNING High grad norm: 681.80 at epoch=100 step=22081
2026-04-22 00:01:03,518 WARNING High grad norm: 1294.40 at epoch=100 step=22082
2026-04-22 00:01:03,737 WARNING High grad norm: 827.16 at epoch=100 step=22083
2026-04-22 00:01:03,957 WARNING High grad norm: 1892.96 at epoch=100 step=22084
2026-04-22 00:01:04,176 WARNING High grad norm: 715.90 at epoch=100 step=22085
2026-04-22 00:01:04,396 WARNING High grad norm: 681.35 at epoch=100 step=22086
2026-04-22 00:01:04,617 WARNING High grad norm: 542.53 at epoch=100 step=22087
2026-04-22 00:01:04,836 WARNING High grad norm: 621.43 at epoch=100 step=22088
2026-04-22 00:01:05,055 WARNING High grad norm: 984.75 at epoch=100 step=22089
2026-04-22 00:01:05,275 WARNING High grad norm: 969.37 at epoch=100 step=22090
2026-04-22 00:01:05,495 WARNING High grad norm: 2637.62 at epoch=100 step=22091
2026-04-22 00:01:05,717 WARNING High grad norm: 854.55 at epoch=100 step=22092
2026-04-22 00:01:05,936 WARNING High grad norm: 836.00 at epoch=100 step=22093
2026-04-22 00:01:06,160 WARNING High grad norm: 1447.16 at epoch=100 step=22094
2026-04-22 00:01:06,387 WARNING High grad norm: 677.87 at epoch=100 step=22095
2026-04-22 00:01:06,607 WARNING High grad norm: 1297.68 at epoch=100 step=22096
2026-04-22 00:01:06,826 WARNING High grad norm: 1257.21 at epoch=100 step=22097
2026-04-22 00:01:07,049 WARNING High grad norm: 1956.82 at epoch=100 step=22098
2026-04-22 00:01:07,275 WARNING High grad norm: 1852.20 at epoch=100 step=22099
2026-04-22 00:01:07,286 INFO epoch=100 step=22100 loss=441.4524 grad_norm=1852.1998 lr=1.00e-06
2026-04-22 00:01:07,499 WARNING High grad norm: 737.44 at epoch=100 step=22100
2026-04-22 00:01:07,718 WARNING High grad norm: 695.68 at epoch=100 step=22101
2026-04-22 00:01:07,943 WARNING High grad norm: 583.71 at epoch=100 step=22102
2026-04-22 00:01:08,163 WARNING High grad norm: 809.40 at epoch=100 step=22103
2026-04-22 00:01:08,392 WARNING High grad norm: 734.76 at epoch=100 step=22104
2026-04-22 00:01:08,619 WARNING High grad norm: 963.25 at epoch=100 step=22105
2026-04-22 00:01:08,839 WARNING High grad norm: 1454.03 at epoch=100 step=22106
2026-04-22 00:01:09,060 WARNING High grad norm: 1578.25 at epoch=100 step=22107
2026-04-22 00:01:09,288 WARNING High grad norm: 845.19 at epoch=100 step=22108
2026-04-22 00:01:09,506 WARNING High grad norm: 752.71 at epoch=100 step=22109
2026-04-22 00:01:09,728 WARNING High grad norm: 950.59 at epoch=100 step=22110
2026-04-22 00:01:09,951 WARNING High grad norm: 1005.05 at epoch=100 step=22111
2026-04-22 00:01:10,169 WARNING High grad norm: 1325.43 at epoch=100 step=22112
2026-04-22 00:01:10,391 WARNING High grad norm: 1206.51 at epoch=100 step=22113
2026-04-22 00:01:10,615 WARNING High grad norm: 2826.99 at epoch=100 step=22114
2026-04-22 00:01:10,837 WARNING High grad norm: 3284.81 at epoch=100 step=22115
2026-04-22 00:01:11,058 WARNING High grad norm: 1246.46 at epoch=100 step=22116
2026-04-22 00:01:11,280 WARNING High grad norm: 2192.62 at epoch=100 step=22117
2026-04-22 00:01:11,500 WARNING High grad norm: 776.16 at epoch=100 step=22118
2026-04-22 00:01:11,720 WARNING High grad norm: 1133.64 at epoch=100 step=22119
2026-04-22 00:01:11,939 WARNING High grad norm: 1413.91 at epoch=100 step=22120
2026-04-22 00:01:12,159 WARNING High grad norm: 603.28 at epoch=100 step=22121
2026-04-22 00:01:12,381 WARNING High grad norm: 921.05 at epoch=100 step=22122
2026-04-22 00:01:12,600 WARNING High grad norm: 654.63 at epoch=100 step=22123
2026-04-22 00:01:12,820 WARNING High grad norm: 1354.80 at epoch=100 step=22124
2026-04-22 00:01:13,039 WARNING High grad norm: 720.01 at epoch=100 step=22125
2026-04-22 00:01:13,258 WARNING High grad norm: 665.70 at epoch=100 step=22126
2026-04-22 00:01:13,478 WARNING High grad norm: 1273.86 at epoch=100 step=22127
2026-04-22 00:01:13,698 WARNING High grad norm: 1156.62 at epoch=100 step=22128
2026-04-22 00:01:13,918 WARNING High grad norm: 704.20 at epoch=100 step=22129
2026-04-22 00:01:14,138 WARNING High grad norm: 679.97 at epoch=100 step=22130
2026-04-22 00:01:14,357 WARNING High grad norm: 1509.10 at epoch=100 step=22131
2026-04-22 00:01:14,577 WARNING High grad norm: 732.70 at epoch=100 step=22132
2026-04-22 00:01:14,801 WARNING High grad norm: 626.40 at epoch=100 step=22133
2026-04-22 00:01:15,021 WARNING High grad norm: 986.51 at epoch=100 step=22134
2026-04-22 00:01:15,242 WARNING High grad norm: 624.77 at epoch=100 step=22135
2026-04-22 00:01:15,461 WARNING High grad norm: 925.66 at epoch=100 step=22136
2026-04-22 00:01:15,680 WARNING High grad norm: 1493.78 at epoch=100 step=22137
2026-04-22 00:01:15,903 WARNING High grad norm: 1476.23 at epoch=100 step=22138
2026-04-22 00:01:16,123 WARNING High grad norm: 839.17 at epoch=100 step=22139
2026-04-22 00:01:16,345 WARNING High grad norm: 1220.69 at epoch=100 step=22140
2026-04-22 00:01:16,565 WARNING High grad norm: 1007.79 at epoch=100 step=22141
2026-04-22 00:01:16,786 WARNING High grad norm: 961.30 at epoch=100 step=22142
2026-04-22 00:01:17,008 WARNING High grad norm: 1221.47 at epoch=100 step=22143
2026-04-22 00:01:17,226 WARNING High grad norm: 998.45 at epoch=100 step=22144
2026-04-22 00:01:17,447 WARNING High grad norm: 747.70 at epoch=100 step=22145
2026-04-22 00:01:17,668 WARNING High grad norm: 819.71 at epoch=100 step=22146
2026-04-22 00:01:17,888 WARNING High grad norm: 1599.12 at epoch=100 step=22147
2026-04-22 00:01:18,107 WARNING High grad norm: 2410.83 at epoch=100 step=22148
2026-04-22 00:01:18,327 WARNING High grad norm: 1137.56 at epoch=100 step=22149
2026-04-22 00:01:18,548 WARNING High grad norm: 756.48 at epoch=100 step=22150
2026-04-22 00:01:18,770 WARNING High grad norm: 1869.80 at epoch=100 step=22151
2026-04-22 00:01:18,992 WARNING High grad norm: 1240.86 at epoch=100 step=22152
2026-04-22 00:01:19,212 WARNING High grad norm: 1648.94 at epoch=100 step=22153
2026-04-22 00:01:19,430 WARNING High grad norm: 778.52 at epoch=100 step=22154
2026-04-22 00:01:19,652 WARNING High grad norm: 949.01 at epoch=100 step=22155
2026-04-22 00:01:19,872 WARNING High grad norm: 819.94 at epoch=100 step=22156
2026-04-22 00:01:20,096 WARNING High grad norm: 1392.92 at epoch=100 step=22157
2026-04-22 00:01:20,315 WARNING High grad norm: 601.72 at epoch=100 step=22158
2026-04-22 00:01:20,542 WARNING High grad norm: 659.09 at epoch=100 step=22159
2026-04-22 00:01:20,762 WARNING High grad norm: 738.02 at epoch=100 step=22160
2026-04-22 00:01:20,982 WARNING High grad norm: 1933.81 at epoch=100 step=22161
2026-04-22 00:01:21,210 WARNING High grad norm: 637.62 at epoch=100 step=22162
2026-04-22 00:01:21,432 WARNING High grad norm: 1401.94 at epoch=100 step=22163
2026-04-22 00:01:21,651 WARNING High grad norm: 942.83 at epoch=100 step=22164
2026-04-22 00:01:21,872 WARNING High grad norm: 1158.55 at epoch=100 step=22165
2026-04-22 00:01:22,091 WARNING High grad norm: 877.43 at epoch=100 step=22166
2026-04-22 00:01:22,312 WARNING High grad norm: 961.94 at epoch=100 step=22167
2026-04-22 00:01:22,534 WARNING High grad norm: 1270.80 at epoch=100 step=22168
2026-04-22 00:01:22,755 WARNING High grad norm: 753.72 at epoch=100 step=22169
2026-04-22 00:01:22,988 WARNING High grad norm: 1067.41 at epoch=100 step=22170
2026-04-22 00:01:23,208 WARNING High grad norm: 834.13 at epoch=100 step=22171
2026-04-22 00:01:23,428 WARNING High grad norm: 891.03 at epoch=100 step=22172
2026-04-22 00:01:23,650 WARNING High grad norm: 832.88 at epoch=100 step=22173
2026-04-22 00:01:23,873 WARNING High grad norm: 1184.38 at epoch=100 step=22174
2026-04-22 00:01:24,092 WARNING High grad norm: 1286.84 at epoch=100 step=22175
2026-04-22 00:01:24,314 WARNING High grad norm: 784.71 at epoch=100 step=22176
2026-04-22 00:01:24,534 WARNING High grad norm: 894.98 at epoch=100 step=22177
2026-04-22 00:01:24,755 WARNING High grad norm: 663.86 at epoch=100 step=22178
2026-04-22 00:01:24,978 WARNING High grad norm: 825.94 at epoch=100 step=22179
2026-04-22 00:01:25,199 WARNING High grad norm: 754.47 at epoch=100 step=22180
2026-04-22 00:01:25,418 WARNING High grad norm: 587.73 at epoch=100 step=22181
2026-04-22 00:01:25,638 WARNING High grad norm: 1048.10 at epoch=100 step=22182
2026-04-22 00:01:25,863 WARNING High grad norm: 1395.99 at epoch=100 step=22183
2026-04-22 00:01:26,087 WARNING High grad norm: 1002.17 at epoch=100 step=22184
2026-04-22 00:01:26,309 WARNING High grad norm: 715.69 at epoch=100 step=22185
2026-04-22 00:01:26,530 WARNING High grad norm: 736.82 at epoch=100 step=22186
2026-04-22 00:01:26,750 WARNING High grad norm: 1568.18 at epoch=100 step=22187
2026-04-22 00:01:26,975 WARNING High grad norm: 914.44 at epoch=100 step=22188
2026-04-22 00:01:27,196 WARNING High grad norm: 848.24 at epoch=100 step=22189
2026-04-22 00:01:27,424 WARNING High grad norm: 798.47 at epoch=100 step=22190
2026-04-22 00:01:27,645 WARNING High grad norm: 1034.23 at epoch=100 step=22191
2026-04-22 00:01:27,864 WARNING High grad norm: 903.27 at epoch=100 step=22192
2026-04-22 00:01:28,083 WARNING High grad norm: 1100.23 at epoch=100 step=22193
2026-04-22 00:01:28,305 WARNING High grad norm: 636.05 at epoch=100 step=22194
2026-04-22 00:01:28,525 WARNING High grad norm: 950.10 at epoch=100 step=22195
2026-04-22 00:01:28,745 WARNING High grad norm: 1028.11 at epoch=100 step=22196
2026-04-22 00:01:28,965 WARNING High grad norm: 1265.41 at epoch=100 step=22197
2026-04-22 00:01:29,184 WARNING High grad norm: 894.40 at epoch=100 step=22198
2026-04-22 00:01:29,404 WARNING High grad norm: 704.68 at epoch=100 step=22199
2026-04-22 00:01:29,414 INFO epoch=100 step=22200 loss=465.4584 grad_norm=704.6794 lr=1.00e-06
2026-04-22 00:01:29,626 WARNING High grad norm: 680.44 at epoch=100 step=22200
2026-04-22 00:01:29,849 WARNING High grad norm: 1378.18 at epoch=100 step=22201
2026-04-22 00:01:30,070 WARNING High grad norm: 1125.78 at epoch=100 step=22202
2026-04-22 00:01:30,291 WARNING High grad norm: 827.98 at epoch=100 step=22203
2026-04-22 00:01:30,510 WARNING High grad norm: 1577.86 at epoch=100 step=22204
2026-04-22 00:01:30,730 WARNING High grad norm: 2069.83 at epoch=100 step=22205
2026-04-22 00:01:30,951 WARNING High grad norm: 612.49 at epoch=100 step=22206
2026-04-22 00:01:31,177 WARNING High grad norm: 622.18 at epoch=100 step=22207
2026-04-22 00:01:31,402 WARNING High grad norm: 1390.25 at epoch=100 step=22208
2026-04-22 00:01:31,623 WARNING High grad norm: 1255.67 at epoch=100 step=22209
2026-04-22 00:01:31,843 WARNING High grad norm: 1065.44 at epoch=100 step=22210
2026-04-22 00:01:32,064 WARNING High grad norm: 2231.18 at epoch=100 step=22211
2026-04-22 00:01:32,283 WARNING High grad norm: 2936.37 at epoch=100 step=22212
2026-04-22 00:01:32,504 WARNING High grad norm: 1141.29 at epoch=100 step=22213
2026-04-22 00:01:32,727 WARNING High grad norm: 763.83 at epoch=100 step=22214
2026-04-22 00:01:32,948 WARNING High grad norm: 2028.14 at epoch=100 step=22215
2026-04-22 00:01:33,169 WARNING High grad norm: 3495.47 at epoch=100 step=22216
2026-04-22 00:01:33,388 WARNING High grad norm: 1243.78 at epoch=100 step=22217
2026-04-22 00:01:33,608 WARNING High grad norm: 1904.87 at epoch=100 step=22218
2026-04-22 00:01:33,839 WARNING High grad norm: 862.93 at epoch=100 step=22219
2026-04-22 00:01:34,058 WARNING High grad norm: 2227.30 at epoch=100 step=22220
2026-04-22 00:01:34,279 WARNING High grad norm: 1690.22 at epoch=100 step=22221
2026-04-22 00:01:34,502 WARNING High grad norm: 1084.18 at epoch=100 step=22222
2026-04-22 00:01:34,727 WARNING High grad norm: 1033.42 at epoch=100 step=22223
2026-04-22 00:01:34,949 WARNING High grad norm: 1184.36 at epoch=100 step=22224
2026-04-22 00:01:35,170 WARNING High grad norm: 2597.07 at epoch=100 step=22225
2026-04-22 00:01:35,399 WARNING High grad norm: 846.19 at epoch=100 step=22226
2026-04-22 00:01:35,629 WARNING High grad norm: 845.87 at epoch=100 step=22227
2026-04-22 00:01:35,850 WARNING High grad norm: 1670.61 at epoch=100 step=22228
2026-04-22 00:01:36,079 WARNING High grad norm: 1403.72 at epoch=100 step=22229
2026-04-22 00:01:36,301 WARNING High grad norm: 1683.32 at epoch=100 step=22230
2026-04-22 00:01:36,525 WARNING High grad norm: 1138.15 at epoch=100 step=22231
2026-04-22 00:01:36,752 WARNING High grad norm: 1662.75 at epoch=100 step=22232
2026-04-22 00:01:36,972 WARNING High grad norm: 1113.96 at epoch=100 step=22233
2026-04-22 00:01:37,194 WARNING High grad norm: 752.20 at epoch=100 step=22234
2026-04-22 00:01:37,415 WARNING High grad norm: 3203.35 at epoch=100 step=22235
2026-04-22 00:01:37,638 WARNING High grad norm: 2543.75 at epoch=100 step=22236
2026-04-22 00:01:37,868 WARNING High grad norm: 1618.80 at epoch=100 step=22237
2026-04-22 00:01:38,092 WARNING High grad norm: 1089.27 at epoch=100 step=22238
2026-04-22 00:01:38,312 WARNING High grad norm: 965.52 at epoch=100 step=22239
2026-04-22 00:01:38,533 WARNING High grad norm: 683.99 at epoch=100 step=22240
2026-04-22 00:01:38,753 WARNING High grad norm: 1618.55 at epoch=100 step=22241
2026-04-22 00:01:38,974 WARNING High grad norm: 1702.29 at epoch=100 step=22242
2026-04-22 00:01:39,195 WARNING High grad norm: 1184.03 at epoch=100 step=22243
2026-04-22 00:01:39,415 WARNING High grad norm: 675.90 at epoch=100 step=22244
2026-04-22 00:01:39,636 WARNING High grad norm: 1193.96 at epoch=100 step=22245
2026-04-22 00:01:39,856 WARNING High grad norm: 636.59 at epoch=100 step=22246
2026-04-22 00:01:40,078 WARNING High grad norm: 1051.47 at epoch=100 step=22247
2026-04-22 00:01:40,298 WARNING High grad norm: 1658.59 at epoch=100 step=22248
2026-04-22 00:01:40,518 WARNING High grad norm: 1236.76 at epoch=100 step=22249
2026-04-22 00:01:40,739 WARNING High grad norm: 1274.78 at epoch=100 step=22250
2026-04-22 00:01:40,959 WARNING High grad norm: 790.83 at epoch=100 step=22251
2026-04-22 00:01:41,179 WARNING High grad norm: 1133.72 at epoch=100 step=22252
2026-04-22 00:01:41,405 WARNING High grad norm: 887.20 at epoch=100 step=22253
2026-04-22 00:01:41,625 WARNING High grad norm: 940.46 at epoch=100 step=22254
2026-04-22 00:01:41,845 WARNING High grad norm: 981.99 at epoch=100 step=22255
2026-04-22 00:01:42,065 WARNING High grad norm: 819.65 at epoch=100 step=22256
2026-04-22 00:01:42,286 WARNING High grad norm: 930.88 at epoch=100 step=22257
2026-04-22 00:01:42,515 WARNING High grad norm: 1823.92 at epoch=100 step=22258
2026-04-22 00:01:42,735 WARNING High grad norm: 852.36 at epoch=100 step=22259
2026-04-22 00:01:42,956 WARNING High grad norm: 2028.64 at epoch=100 step=22260
2026-04-22 00:01:43,178 WARNING High grad norm: 1364.94 at epoch=100 step=22261
2026-04-22 00:01:43,399 WARNING High grad norm: 909.20 at epoch=100 step=22262
2026-04-22 00:01:43,619 WARNING High grad norm: 1520.56 at epoch=100 step=22263
2026-04-22 00:01:43,840 WARNING High grad norm: 662.95 at epoch=100 step=22264
2026-04-22 00:01:44,060 WARNING High grad norm: 817.98 at epoch=100 step=22265
2026-04-22 00:01:44,281 WARNING High grad norm: 890.78 at epoch=100 step=22266
2026-04-22 00:01:44,503 WARNING High grad norm: 918.63 at epoch=100 step=22267
2026-04-22 00:01:44,722 WARNING High grad norm: 620.79 at epoch=100 step=22268
2026-04-22 00:01:44,943 WARNING High grad norm: 1116.57 at epoch=100 step=22269
2026-04-22 00:01:45,162 WARNING High grad norm: 1370.76 at epoch=100 step=22270
2026-04-22 00:01:45,383 WARNING High grad norm: 1136.93 at epoch=100 step=22271
2026-04-22 00:01:45,604 WARNING High grad norm: 1585.73 at epoch=100 step=22272
2026-04-22 00:01:45,827 WARNING High grad norm: 1144.45 at epoch=100 step=22273
2026-04-22 00:01:46,048 WARNING High grad norm: 1359.12 at epoch=100 step=22274
2026-04-22 00:01:46,269 WARNING High grad norm: 1064.66 at epoch=100 step=22275
2026-04-22 00:01:46,489 WARNING High grad norm: 1547.13 at epoch=100 step=22276
2026-04-22 00:01:46,709 WARNING High grad norm: 628.21 at epoch=100 step=22277
2026-04-22 00:01:46,930 WARNING High grad norm: 552.80 at epoch=100 step=22278
2026-04-22 00:01:47,150 WARNING High grad norm: 1712.93 at epoch=100 step=22279
2026-04-22 00:01:47,373 WARNING High grad norm: 951.63 at epoch=100 step=22280
2026-04-22 00:01:47,593 WARNING High grad norm: 1022.59 at epoch=100 step=22281
2026-04-22 00:01:47,812 WARNING High grad norm: 1637.79 at epoch=100 step=22282
2026-04-22 00:01:48,032 WARNING High grad norm: 1959.59 at epoch=100 step=22283
2026-04-22 00:01:48,252 WARNING High grad norm: 770.67 at epoch=100 step=22284
2026-04-22 00:01:48,477 WARNING High grad norm: 1006.46 at epoch=100 step=22285
2026-04-22 00:01:48,699 WARNING High grad norm: 1438.22 at epoch=100 step=22286
2026-04-22 00:01:48,924 WARNING High grad norm: 735.50 at epoch=100 step=22287
2026-04-22 00:01:49,149 WARNING High grad norm: 1656.23 at epoch=100 step=22288
2026-04-22 00:01:49,369 WARNING High grad norm: 944.82 at epoch=100 step=22289
2026-04-22 00:01:49,590 WARNING High grad norm: 895.24 at epoch=100 step=22290
2026-04-22 00:01:49,815 WARNING High grad norm: 798.66 at epoch=100 step=22291
2026-04-22 00:01:50,034 WARNING High grad norm: 1437.14 at epoch=100 step=22292
2026-04-22 00:01:50,254 WARNING High grad norm: 1098.09 at epoch=100 step=22293
2026-04-22 00:01:50,474 WARNING High grad norm: 1083.08 at epoch=100 step=22294
2026-04-22 00:01:50,701 WARNING High grad norm: 1362.36 at epoch=100 step=22295
2026-04-22 00:01:50,927 WARNING High grad norm: 919.92 at epoch=100 step=22296
2026-04-22 00:01:51,147 WARNING High grad norm: 767.76 at epoch=100 step=22297
2026-04-22 00:01:51,367 WARNING High grad norm: 1133.86 at epoch=100 step=22298
2026-04-22 00:01:51,516 WARNING High grad norm: 1488.71 at epoch=100 step=22299
2026-04-22 00:01:51,528 INFO epoch=100 step=22300 loss=470.6686 grad_norm=1488.7145 lr=1.00e-06
2026-04-22 00:01:52,148 INFO epoch=100 avg_loss=470.6686 lr=1.00e-06
2026-04-22 00:01:59,116 INFO Saved checkpoint to C:\Users\artun\Desktop\ITS-project\checkpoints\score_fmnist_v2\score_epoch_0100.pt
