2026-04-25 14:25:36,136 INFO Loaded pretrained score backbone from C:\Users\artun\Desktop\ITS-project\checkpoints\score_fmnist_v2\score_best.pt
2026-04-25 14:25:36,140 INFO Score model frozen -- only control policy will be trained.
2026-04-25 14:25:36,169 INFO Applied scaled output init (std=1.0e-04) to output_proj.
2026-04-25 14:25:36,171 INFO WarmupSchedule: warmup=5 ramp=5 target_pkL=0.0100 target_reinf=0.1000
2026-04-25 14:25:36,172 INFO TwoPhaseScheduler: phase1=5 epochs at lr=1.0e-05, phase2 cosine from 5.0e-04
2026-04-25 14:25:44,102 WARNING High control grad norm: 23293.90 at step=0
2026-04-25 14:25:51,054 WARNING High control grad norm: 20055.67 at step=1
2026-04-25 14:25:59,850 WARNING High control grad norm: 19878.00 at step=2
2026-04-25 14:26:06,797 WARNING High control grad norm: 21556.85 at step=3
2026-04-25 14:26:15,572 WARNING High control grad norm: 18122.20 at step=4
2026-04-25 14:26:22,425 WARNING High control grad norm: 20516.45 at step=5
2026-04-25 14:26:31,192 WARNING High control grad norm: 19602.96 at step=6
2026-04-25 14:26:39,854 WARNING High control grad norm: 22004.91 at step=7
2026-04-25 14:26:46,736 WARNING High control grad norm: 21864.82 at step=8
2026-04-25 14:26:55,510 WARNING High control grad norm: 22099.73 at step=9
2026-04-25 14:27:02,387 WARNING High control grad norm: 17057.08 at step=10
2026-04-25 14:27:09,321 WARNING High control grad norm: 16883.25 at step=11
2026-04-25 14:27:16,217 WARNING High control grad norm: 26331.56 at step=12
2026-04-25 14:27:23,103 WARNING High control grad norm: 21450.44 at step=13
2026-04-25 14:27:29,983 WARNING High control grad norm: 20560.34 at step=14
2026-04-25 14:27:38,772 WARNING High control grad norm: 22171.52 at step=15
2026-04-25 14:27:45,666 WARNING High control grad norm: 22366.54 at step=16
2026-04-25 14:27:52,558 WARNING High control grad norm: 22850.21 at step=17
2026-04-25 14:28:01,318 WARNING High control grad norm: 24249.76 at step=18
2026-04-25 14:28:10,024 WARNING High control grad norm: 20032.96 at step=19
2026-04-25 14:28:16,965 WARNING High control grad norm: 19359.19 at step=20
2026-04-25 14:28:25,788 WARNING High control grad norm: 18437.61 at step=21
2026-04-25 14:28:32,646 WARNING High control grad norm: 16804.38 at step=22
2026-04-25 14:28:39,519 WARNING High control grad norm: 21075.71 at step=23
2026-04-25 14:28:46,394 WARNING High control grad norm: 18507.27 at step=24
2026-04-25 14:28:53,287 WARNING High control grad norm: 18482.75 at step=25
2026-04-25 14:29:00,146 WARNING High control grad norm: 23052.59 at step=26
2026-04-25 14:29:08,954 WARNING High control grad norm: 19333.69 at step=27
2026-04-25 14:29:15,866 WARNING High control grad norm: 19961.54 at step=28
2026-04-25 14:29:22,829 WARNING High control grad norm: 22663.76 at step=29
2026-04-25 14:29:29,727 WARNING High control grad norm: 22402.85 at step=30
2026-04-25 14:29:36,614 WARNING High control grad norm: 19435.91 at step=31
2026-04-25 14:29:43,448 WARNING High control grad norm: 18970.12 at step=32
2026-04-25 14:29:50,345 WARNING High control grad norm: 23226.69 at step=33
2026-04-25 14:29:57,286 WARNING High control grad norm: 20609.26 at step=34
2026-04-25 14:30:04,233 WARNING High control grad norm: 19714.48 at step=35
2026-04-25 14:30:11,099 WARNING High control grad norm: 19597.45 at step=36
2026-04-25 14:30:17,965 WARNING High control grad norm: 18685.02 at step=37
2026-04-25 14:30:26,777 WARNING High control grad norm: 21226.27 at step=38
2026-04-25 14:30:33,646 WARNING High control grad norm: 19654.37 at step=39
2026-04-25 14:30:40,525 WARNING High control grad norm: 20120.08 at step=40
2026-04-25 14:30:47,450 WARNING High control grad norm: 22078.26 at step=41
2026-04-25 14:30:54,337 WARNING High control grad norm: 22950.84 at step=42
2026-04-25 14:31:01,257 WARNING High control grad norm: 19557.02 at step=43
2026-04-25 14:31:10,091 WARNING High control grad norm: 18441.31 at step=44
2026-04-25 14:31:17,024 WARNING High control grad norm: 22953.91 at step=45
2026-04-25 14:31:25,823 WARNING High control grad norm: 18524.90 at step=46
2026-04-25 14:31:32,701 WARNING High control grad norm: 19350.69 at step=47
2026-04-25 14:31:39,578 WARNING High control grad norm: 23796.61 at step=48
2026-04-25 14:31:46,450 WARNING High control grad norm: 19459.25 at step=49
2026-04-25 14:31:53,346 WARNING High control grad norm: 24979.89 at step=50
2026-04-25 14:32:00,207 WARNING High control grad norm: 22838.19 at step=51
2026-04-25 14:32:07,050 WARNING High control grad norm: 21345.76 at step=52
2026-04-25 14:32:15,873 WARNING High control grad norm: 29188.88 at step=53
2026-04-25 14:32:24,700 WARNING High control grad norm: 17826.54 at step=54
2026-04-25 14:32:33,496 WARNING High control grad norm: 20308.00 at step=55
2026-04-25 14:32:40,434 WARNING High control grad norm: 16070.45 at step=56
2026-04-25 14:32:47,318 WARNING High control grad norm: 24873.31 at step=57
2026-04-25 14:32:54,222 WARNING High control grad norm: 22137.13 at step=58
2026-04-25 14:33:02,996 WARNING High control grad norm: 22510.14 at step=59
2026-04-25 14:33:09,874 WARNING High control grad norm: 20342.44 at step=60
2026-04-25 14:33:16,767 WARNING High control grad norm: 23988.36 at step=61
2026-04-25 14:33:19,181 WARNING High control grad norm: 15673.01 at step=62
2026-04-25 14:33:19,184 INFO epoch=1 done
2026-04-25 14:33:19,221 INFO epoch=1 diag: cos_sim=0.1326 ctrl_mag=0.6073 score_mag=17.1889 ratio=0.0353
2026-04-25 14:33:26,107 WARNING High control grad norm: 24221.49 at step=63
2026-04-25 14:33:34,828 WARNING High control grad norm: 22555.08 at step=64
2026-04-25 14:33:43,621 WARNING High control grad norm: 21728.06 at step=65
2026-04-25 14:33:50,513 WARNING High control grad norm: 21178.63 at step=66
2026-04-25 14:33:57,411 WARNING High control grad norm: 24366.88 at step=67
2026-04-25 14:34:04,264 WARNING High control grad norm: 19370.31 at step=68
2026-04-25 14:34:11,152 WARNING High control grad norm: 21229.06 at step=69
2026-04-25 14:34:18,015 WARNING High control grad norm: 18217.57 at step=70
2026-04-25 14:34:26,889 WARNING High control grad norm: 19320.12 at step=71
2026-04-25 14:34:33,760 WARNING High control grad norm: 21051.63 at step=72
2026-04-25 14:34:40,649 WARNING High control grad norm: 20384.01 at step=73
2026-04-25 14:34:49,429 WARNING High control grad norm: 23008.47 at step=74
2026-04-25 14:34:56,332 WARNING High control grad norm: 21686.26 at step=75
2026-04-25 14:35:03,270 WARNING High control grad norm: 19929.22 at step=76
2026-04-25 14:35:10,155 WARNING High control grad norm: 20787.96 at step=77
2026-04-25 14:35:17,096 WARNING High control grad norm: 22324.58 at step=78
2026-04-25 14:35:24,068 WARNING High control grad norm: 22016.29 at step=79
2026-04-25 14:35:30,921 WARNING High control grad norm: 16408.49 at step=80
2026-04-25 14:35:39,740 WARNING High control grad norm: 26177.51 at step=81
2026-04-25 14:35:46,622 WARNING High control grad norm: 23931.75 at step=82
2026-04-25 14:35:53,508 WARNING High control grad norm: 18362.98 at step=83
2026-04-25 14:36:00,440 WARNING High control grad norm: 26777.19 at step=84
2026-04-25 14:36:07,303 WARNING High control grad norm: 20588.17 at step=85
2026-04-25 14:36:16,175 WARNING High control grad norm: 22823.57 at step=86
2026-04-25 14:36:24,974 WARNING High control grad norm: 25208.28 at step=87
2026-04-25 14:36:31,883 WARNING High control grad norm: 23816.31 at step=88
2026-04-25 14:36:40,673 WARNING High control grad norm: 22530.52 at step=89
2026-04-25 14:36:47,550 WARNING High control grad norm: 21271.62 at step=90
2026-04-25 14:36:56,309 WARNING High control grad norm: 23563.54 at step=91
2026-04-25 14:37:05,132 WARNING High control grad norm: 23221.23 at step=92
2026-04-25 14:37:13,860 WARNING High control grad norm: 18044.38 at step=93
2026-04-25 14:37:20,732 WARNING High control grad norm: 20668.85 at step=94
2026-04-25 14:37:29,528 WARNING High control grad norm: 22114.36 at step=95
2026-04-25 14:37:36,423 WARNING High control grad norm: 19163.02 at step=96
2026-04-25 14:37:43,297 WARNING High control grad norm: 23291.25 at step=97
2026-04-25 14:37:50,187 WARNING High control grad norm: 21416.14 at step=98
2026-04-25 14:37:57,059 WARNING High control grad norm: 16538.51 at step=99
2026-04-25 14:37:57,062 INFO epoch=2 step=100 loss=3906.3115 dsm=331.0797 control=0.2117 path_kl=77.1806 jar=-49.8665 quality=3575.0203
2026-04-25 14:38:05,837 WARNING High control grad norm: 24309.71 at step=100
2026-04-25 14:38:12,722 WARNING High control grad norm: 26904.59 at step=101
2026-04-25 14:38:19,618 WARNING High control grad norm: 24776.66 at step=102
2026-04-25 14:38:26,513 WARNING High control grad norm: 27205.45 at step=103
2026-04-25 14:38:33,416 WARNING High control grad norm: 20327.55 at step=104
2026-04-25 14:38:40,299 WARNING High control grad norm: 24723.09 at step=105
2026-04-25 14:38:47,190 WARNING High control grad norm: 25377.58 at step=106
2026-04-25 14:38:55,994 WARNING High control grad norm: 20105.35 at step=107
2026-04-25 14:39:02,878 WARNING High control grad norm: 24177.14 at step=108
2026-04-25 14:39:09,723 WARNING High control grad norm: 22909.91 at step=109
2026-04-25 14:39:18,509 WARNING High control grad norm: 24990.03 at step=110
2026-04-25 14:39:27,324 WARNING High control grad norm: 21600.29 at step=111
2026-04-25 14:39:34,199 WARNING High control grad norm: 20260.65 at step=112
2026-04-25 14:39:41,071 WARNING High control grad norm: 21129.23 at step=113
2026-04-25 14:39:47,940 WARNING High control grad norm: 20315.41 at step=114
2026-04-25 14:39:54,842 WARNING High control grad norm: 18484.74 at step=115
2026-04-25 14:40:01,749 WARNING High control grad norm: 21861.98 at step=116
2026-04-25 14:40:08,627 WARNING High control grad norm: 21686.92 at step=117
2026-04-25 14:40:15,484 WARNING High control grad norm: 19752.24 at step=118
2026-04-25 14:40:22,502 WARNING High control grad norm: 21653.18 at step=119
2026-04-25 14:40:29,405 WARNING High control grad norm: 19405.48 at step=120
2026-04-25 14:40:36,324 WARNING High control grad norm: 21670.31 at step=121
2026-04-25 14:40:43,254 WARNING High control grad norm: 16323.83 at step=122
2026-04-25 14:40:52,005 WARNING High control grad norm: 24044.04 at step=123
2026-04-25 14:40:58,881 WARNING High control grad norm: 23571.98 at step=124
2026-04-25 14:41:01,267 WARNING High control grad norm: 21299.48 at step=125
2026-04-25 14:41:01,271 INFO epoch=2 done
2026-04-25 14:41:01,308 INFO epoch=2 diag: cos_sim=0.1201 ctrl_mag=1.7319 score_mag=17.1889 ratio=0.1008
2026-04-25 14:41:08,212 WARNING High control grad norm: 20563.97 at step=126
2026-04-25 14:41:15,135 WARNING High control grad norm: 27610.86 at step=127
2026-04-25 14:41:23,970 WARNING High control grad norm: 22938.22 at step=128
2026-04-25 14:41:30,854 WARNING High control grad norm: 19152.46 at step=129
2026-04-25 14:41:37,746 WARNING High control grad norm: 20530.76 at step=130
2026-04-25 14:41:44,640 WARNING High control grad norm: 23847.00 at step=131
2026-04-25 14:41:51,534 WARNING High control grad norm: 21708.24 at step=132
2026-04-25 14:41:58,473 WARNING High control grad norm: 25771.17 at step=133
2026-04-25 14:42:05,339 WARNING High control grad norm: 16594.99 at step=134
2026-04-25 14:42:12,209 WARNING High control grad norm: 24888.92 at step=135
2026-04-25 14:42:19,093 WARNING High control grad norm: 24711.74 at step=136
2026-04-25 14:42:25,975 WARNING High control grad norm: 26840.39 at step=137
2026-04-25 14:42:34,718 WARNING High control grad norm: 26031.21 at step=138
2026-04-25 14:42:41,670 WARNING High control grad norm: 21927.35 at step=139
2026-04-25 14:42:48,515 WARNING High control grad norm: 19595.29 at step=140
2026-04-25 14:42:55,409 WARNING High control grad norm: 21706.70 at step=141
2026-04-25 14:43:02,295 WARNING High control grad norm: 25824.25 at step=142
2026-04-25 14:43:09,158 WARNING High control grad norm: 23375.92 at step=143
2026-04-25 14:43:16,093 WARNING High control grad norm: 20320.80 at step=144
2026-04-25 14:43:22,999 WARNING High control grad norm: 26173.21 at step=145
2026-04-25 14:43:29,871 WARNING High control grad norm: 22387.43 at step=146
2026-04-25 14:43:38,749 WARNING High control grad norm: 22522.47 at step=147
2026-04-25 14:43:47,575 WARNING High control grad norm: 23858.88 at step=148
2026-04-25 14:43:56,436 WARNING High control grad norm: 22390.67 at step=149
2026-04-25 14:44:05,185 WARNING High control grad norm: 23258.41 at step=150
2026-04-25 14:44:13,996 WARNING High control grad norm: 19610.44 at step=151
2026-04-25 14:44:20,899 WARNING High control grad norm: 22151.17 at step=152
2026-04-25 14:44:29,774 WARNING High control grad norm: 20415.44 at step=153
2026-04-25 14:44:36,671 WARNING High control grad norm: 18679.83 at step=154
2026-04-25 14:44:43,509 WARNING High control grad norm: 25129.18 at step=155
2026-04-25 14:44:50,390 WARNING High control grad norm: 22673.13 at step=156
2026-04-25 14:44:57,298 WARNING High control grad norm: 23651.88 at step=157
2026-04-25 14:45:04,177 WARNING High control grad norm: 22099.31 at step=158
2026-04-25 14:45:13,010 WARNING High control grad norm: 21731.59 at step=159
2026-04-25 14:45:19,891 WARNING High control grad norm: 23615.99 at step=160
2026-04-25 14:45:26,779 WARNING High control grad norm: 21020.72 at step=161
2026-04-25 14:45:33,656 WARNING High control grad norm: 22492.84 at step=162
2026-04-25 14:45:40,562 WARNING High control grad norm: 27132.38 at step=163
2026-04-25 14:45:47,447 WARNING High control grad norm: 25602.75 at step=164
2026-04-25 14:45:54,364 WARNING High control grad norm: 20260.93 at step=165
2026-04-25 14:46:01,238 WARNING High control grad norm: 22910.65 at step=166
2026-04-25 14:46:08,128 WARNING High control grad norm: 27097.21 at step=167
2026-04-25 14:46:16,889 WARNING High control grad norm: 22766.25 at step=168
2026-04-25 14:46:23,835 WARNING High control grad norm: 23678.67 at step=169
2026-04-25 14:46:30,724 WARNING High control grad norm: 18772.36 at step=170
2026-04-25 14:46:39,560 WARNING High control grad norm: 23251.34 at step=171
2026-04-25 14:46:48,399 WARNING High control grad norm: 22155.35 at step=172
2026-04-25 14:46:55,283 WARNING High control grad norm: 18979.44 at step=173
2026-04-25 14:47:02,177 WARNING High control grad norm: 19770.04 at step=174
2026-04-25 14:47:09,029 WARNING High control grad norm: 27040.93 at step=175
2026-04-25 14:47:15,902 WARNING High control grad norm: 18705.05 at step=176
2026-04-25 14:47:22,806 WARNING High control grad norm: 25012.52 at step=177
2026-04-25 14:47:29,711 WARNING High control grad norm: 25689.17 at step=178
2026-04-25 14:47:36,586 WARNING High control grad norm: 21009.93 at step=179
2026-04-25 14:47:43,509 WARNING High control grad norm: 26051.77 at step=180
2026-04-25 14:47:50,406 WARNING High control grad norm: 20751.12 at step=181
2026-04-25 14:47:57,293 WARNING High control grad norm: 22946.24 at step=182
2026-04-25 14:48:04,166 WARNING High control grad norm: 20101.53 at step=183
2026-04-25 14:48:11,061 WARNING High control grad norm: 23957.90 at step=184
2026-04-25 14:48:17,909 WARNING High control grad norm: 19540.56 at step=185
2026-04-25 14:48:26,708 WARNING High control grad norm: 26716.65 at step=186
2026-04-25 14:48:33,588 WARNING High control grad norm: 24543.05 at step=187
2026-04-25 14:48:35,995 WARNING High control grad norm: 28749.69 at step=188
2026-04-25 14:48:35,997 INFO epoch=3 done
2026-04-25 14:48:36,034 INFO epoch=3 diag: cos_sim=0.1238 ctrl_mag=3.6493 score_mag=17.1889 ratio=0.2123
2026-04-25 14:48:44,894 WARNING High control grad norm: 22603.72 at step=189
2026-04-25 14:48:51,776 WARNING High control grad norm: 31558.12 at step=190
2026-04-25 14:48:58,678 WARNING High control grad norm: 23540.18 at step=191
2026-04-25 14:49:05,576 WARNING High control grad norm: 23458.43 at step=192
2026-04-25 14:49:12,472 WARNING High control grad norm: 28701.80 at step=193
2026-04-25 14:49:19,394 WARNING High control grad norm: 22899.87 at step=194
2026-04-25 14:49:28,225 WARNING High control grad norm: 23822.57 at step=195
2026-04-25 14:49:37,020 WARNING High control grad norm: 19479.30 at step=196
2026-04-25 14:49:43,972 WARNING High control grad norm: 24518.33 at step=197
2026-04-25 14:49:52,751 WARNING High control grad norm: 21191.61 at step=198
2026-04-25 14:49:59,634 WARNING High control grad norm: 22917.88 at step=199
2026-04-25 14:49:59,638 INFO epoch=4 step=200 loss=5516.4263 dsm=617.5466 control=1.0288 path_kl=393.6535 jar=-50.0000 quality=4897.8511
2026-04-25 14:50:06,526 WARNING High control grad norm: 26385.34 at step=200
2026-04-25 14:50:13,373 WARNING High control grad norm: 19867.12 at step=201
2026-04-25 14:50:20,270 WARNING High control grad norm: 21716.65 at step=202
2026-04-25 14:50:27,175 WARNING High control grad norm: 28775.81 at step=203
2026-04-25 14:50:34,060 WARNING High control grad norm: 24928.09 at step=204
2026-04-25 14:50:40,974 WARNING High control grad norm: 22362.50 at step=205
2026-04-25 14:50:49,834 WARNING High control grad norm: 25952.60 at step=206
2026-04-25 14:50:58,686 WARNING High control grad norm: 23472.82 at step=207
2026-04-25 14:51:05,553 WARNING High control grad norm: 25442.62 at step=208
2026-04-25 14:51:12,432 WARNING High control grad norm: 20973.59 at step=209
2026-04-25 14:51:19,330 WARNING High control grad norm: 23955.03 at step=210
2026-04-25 14:51:26,244 WARNING High control grad norm: 23263.95 at step=211
2026-04-25 14:51:33,111 WARNING High control grad norm: 24902.55 at step=212
2026-04-25 14:51:39,992 WARNING High control grad norm: 27263.82 at step=213
2026-04-25 14:51:46,875 WARNING High control grad norm: 18519.70 at step=214
2026-04-25 14:51:53,767 WARNING High control grad norm: 22021.29 at step=215
2026-04-25 14:52:00,634 WARNING High control grad norm: 26296.13 at step=216
2026-04-25 14:52:07,536 WARNING High control grad norm: 25132.51 at step=217
2026-04-25 14:52:14,434 WARNING High control grad norm: 23244.03 at step=218
2026-04-25 14:52:21,318 WARNING High control grad norm: 21082.12 at step=219
2026-04-25 14:52:28,309 WARNING High control grad norm: 23269.49 at step=220
2026-04-25 14:52:37,139 WARNING High control grad norm: 22052.84 at step=221
2026-04-25 14:52:45,951 WARNING High control grad norm: 21899.61 at step=222
2026-04-25 14:52:52,842 WARNING High control grad norm: 20654.17 at step=223
2026-04-25 14:52:59,757 WARNING High control grad norm: 28684.31 at step=224
2026-04-25 14:53:08,582 WARNING High control grad norm: 20072.17 at step=225
2026-04-25 14:53:15,472 WARNING High control grad norm: 24184.32 at step=226
2026-04-25 14:53:24,282 WARNING High control grad norm: 21274.21 at step=227
2026-04-25 14:53:31,163 WARNING High control grad norm: 20546.94 at step=228
2026-04-25 14:53:39,930 WARNING High control grad norm: 27463.95 at step=229
2026-04-25 14:53:46,822 WARNING High control grad norm: 25256.91 at step=230
2026-04-25 14:53:53,796 WARNING High control grad norm: 23757.74 at step=231
2026-04-25 14:54:00,681 WARNING High control grad norm: 24122.25 at step=232
2026-04-25 14:54:07,548 WARNING High control grad norm: 21880.56 at step=233
2026-04-25 14:54:14,460 WARNING High control grad norm: 21985.93 at step=234
2026-04-25 14:54:21,359 WARNING High control grad norm: 22245.18 at step=235
2026-04-25 14:54:28,273 WARNING High control grad norm: 23826.91 at step=236
2026-04-25 14:54:35,136 WARNING High control grad norm: 23210.12 at step=237
2026-04-25 14:54:42,039 WARNING High control grad norm: 22735.23 at step=238
2026-04-25 14:54:48,913 WARNING High control grad norm: 25502.43 at step=239
2026-04-25 14:54:55,828 WARNING High control grad norm: 20209.16 at step=240
2026-04-25 14:55:02,714 WARNING High control grad norm: 23449.38 at step=241
2026-04-25 14:55:09,597 WARNING High control grad norm: 24761.12 at step=242
2026-04-25 14:55:16,542 WARNING High control grad norm: 31267.46 at step=243
2026-04-25 14:55:23,467 WARNING High control grad norm: 20738.78 at step=244
2026-04-25 14:55:30,348 WARNING High control grad norm: 28801.67 at step=245
2026-04-25 14:55:37,208 WARNING High control grad norm: 28951.63 at step=246
2026-04-25 14:55:44,066 WARNING High control grad norm: 23507.04 at step=247
2026-04-25 14:55:51,021 WARNING High control grad norm: 25157.40 at step=248
2026-04-25 14:55:57,893 WARNING High control grad norm: 24734.03 at step=249
2026-04-25 14:56:04,820 WARNING High control grad norm: 19860.26 at step=250
2026-04-25 14:56:07,212 WARNING High control grad norm: 21531.41 at step=251
2026-04-25 14:56:07,215 INFO epoch=4 done
2026-04-25 14:56:07,252 INFO epoch=4 diag: cos_sim=0.1301 ctrl_mag=6.5909 score_mag=17.1889 ratio=0.3834
2026-04-25 14:56:14,118 WARNING High control grad norm: 21950.11 at step=252
2026-04-25 14:56:22,894 WARNING High control grad norm: 21849.30 at step=253
2026-04-25 14:56:31,657 WARNING High control grad norm: 23556.04 at step=254
2026-04-25 14:56:38,591 WARNING High control grad norm: 21583.37 at step=255
2026-04-25 14:56:45,554 WARNING High control grad norm: 23746.17 at step=256
2026-04-25 14:56:52,427 WARNING High control grad norm: 22633.63 at step=257
2026-04-25 14:56:59,310 WARNING High control grad norm: 18463.08 at step=258
2026-04-25 14:57:06,192 WARNING High control grad norm: 25414.83 at step=259
2026-04-25 14:57:13,043 WARNING High control grad norm: 23690.79 at step=260
2026-04-25 14:57:19,945 WARNING High control grad norm: 26747.41 at step=261
2026-04-25 14:57:26,816 WARNING High control grad norm: 24362.14 at step=262
2026-04-25 14:57:35,612 WARNING High control grad norm: 22893.46 at step=263
2026-04-25 14:57:44,414 WARNING High control grad norm: 24106.31 at step=264
2026-04-25 14:57:53,145 WARNING High control grad norm: 26190.89 at step=265
2026-04-25 14:58:00,033 WARNING High control grad norm: 23208.57 at step=266
2026-04-25 14:58:08,838 WARNING High control grad norm: 21395.99 at step=267
2026-04-25 14:58:15,709 WARNING High control grad norm: 21787.81 at step=268
2026-04-25 14:58:24,538 WARNING High control grad norm: 24316.17 at step=269
2026-04-25 14:58:31,443 WARNING High control grad norm: 20006.87 at step=270
2026-04-25 14:58:40,233 WARNING High control grad norm: 23003.76 at step=271
2026-04-25 14:58:47,116 WARNING High control grad norm: 24005.40 at step=272
2026-04-25 14:58:54,006 WARNING High control grad norm: 22969.61 at step=273
2026-04-25 14:59:00,877 WARNING High control grad norm: 27966.88 at step=274
2026-04-25 14:59:07,746 WARNING High control grad norm: 22160.56 at step=275
2026-04-25 14:59:14,644 WARNING High control grad norm: 26026.87 at step=276
2026-04-25 14:59:21,534 WARNING High control grad norm: 24118.92 at step=277
2026-04-25 14:59:30,315 WARNING High control grad norm: 23793.26 at step=278
2026-04-25 14:59:37,204 WARNING High control grad norm: 27370.30 at step=279
2026-04-25 14:59:44,076 WARNING High control grad norm: 24394.12 at step=280
2026-04-25 14:59:52,857 WARNING High control grad norm: 21748.80 at step=281
2026-04-25 15:00:01,589 WARNING High control grad norm: 28597.34 at step=282
2026-04-25 15:00:08,490 WARNING High control grad norm: 24531.02 at step=283
2026-04-25 15:00:15,373 WARNING High control grad norm: 26673.37 at step=284
2026-04-25 15:00:22,245 WARNING High control grad norm: 24073.68 at step=285
2026-04-25 15:00:29,123 WARNING High control grad norm: 20584.86 at step=286
2026-04-25 15:00:36,033 WARNING High control grad norm: 19621.74 at step=287
2026-04-25 15:00:44,839 WARNING High control grad norm: 24099.72 at step=288
2026-04-25 15:00:51,838 WARNING High control grad norm: 23517.14 at step=289
2026-04-25 15:00:58,751 WARNING High control grad norm: 25063.95 at step=290
2026-04-25 15:01:07,573 WARNING High control grad norm: 20804.03 at step=291
2026-04-25 15:01:14,457 WARNING High control grad norm: 24866.20 at step=292
2026-04-25 15:01:21,351 WARNING High control grad norm: 23748.04 at step=293
2026-04-25 15:01:28,280 WARNING High control grad norm: 25766.24 at step=294
2026-04-25 15:01:35,175 WARNING High control grad norm: 31805.34 at step=295
2026-04-25 15:01:42,035 WARNING High control grad norm: 26082.53 at step=296
2026-04-25 15:01:50,809 WARNING High control grad norm: 25992.02 at step=297
2026-04-25 15:01:57,699 WARNING High control grad norm: 24276.74 at step=298
2026-04-25 15:02:04,579 WARNING High control grad norm: 28888.65 at step=299
2026-04-25 15:02:04,582 INFO epoch=5 step=300 loss=5724.2729 dsm=362.4742 control=2.8155 path_kl=1090.9314 jar=-50.0000 quality=5358.9834
2026-04-25 15:02:11,470 WARNING High control grad norm: 27668.00 at step=300
2026-04-25 15:02:18,333 WARNING High control grad norm: 25883.82 at step=301
2026-04-25 15:02:25,201 WARNING High control grad norm: 22502.06 at step=302
2026-04-25 15:02:32,108 WARNING High control grad norm: 25014.40 at step=303
2026-04-25 15:02:40,892 WARNING High control grad norm: 25782.17 at step=304
2026-04-25 15:02:47,759 WARNING High control grad norm: 26097.77 at step=305
2026-04-25 15:02:54,632 WARNING High control grad norm: 20966.10 at step=306
2026-04-25 15:03:01,524 WARNING High control grad norm: 23941.16 at step=307
2026-04-25 15:03:08,404 WARNING High control grad norm: 26116.34 at step=308
2026-04-25 15:03:17,266 WARNING High control grad norm: 29336.02 at step=309
2026-04-25 15:03:24,153 WARNING High control grad norm: 23813.34 at step=310
2026-04-25 15:03:31,014 WARNING High control grad norm: 27384.39 at step=311
2026-04-25 15:03:39,861 WARNING High control grad norm: 21419.86 at step=312
2026-04-25 15:03:46,743 WARNING High control grad norm: 20584.85 at step=313
2026-04-25 15:03:49,130 WARNING High control grad norm: 25638.27 at step=314
2026-04-25 15:03:49,133 INFO epoch=5 done
2026-04-25 15:03:49,170 INFO epoch=5 diag: cos_sim=0.1379 ctrl_mag=10.3754 score_mag=17.1889 ratio=0.6036
2026-04-25 15:03:58,155 WARNING High control grad norm: 125690.75 at step=315
2026-04-25 15:04:05,049 WARNING High control grad norm: 146149.81 at step=316
2026-04-25 15:04:11,951 WARNING High control grad norm: 126458.52 at step=317
2026-04-25 15:04:18,841 WARNING High control grad norm: 409878.12 at step=318
2026-04-25 15:04:25,745 WARNING High control grad norm: 240972.64 at step=319
2026-04-25 15:04:32,620 WARNING High control grad norm: 295619.00 at step=320
2026-04-25 15:04:39,502 WARNING High control grad norm: 541323.88 at step=321
2026-04-25 15:04:46,388 WARNING High control grad norm: 391988.09 at step=322
2026-04-25 15:04:53,301 WARNING High control grad norm: 638303.12 at step=323
2026-04-25 15:05:00,173 WARNING High control grad norm: 316381.91 at step=324
2026-04-25 15:05:07,054 WARNING High control grad norm: 614072.88 at step=325
2026-04-25 15:05:13,946 WARNING High control grad norm: 378443.16 at step=326
2026-04-25 15:05:20,841 WARNING High control grad norm: 227958.86 at step=327
2026-04-25 15:05:27,750 WARNING High control grad norm: 206779.66 at step=328
2026-04-25 15:05:36,632 WARNING High control grad norm: 939539.62 at step=329
2026-04-25 15:05:45,433 WARNING High control grad norm: 944797.25 at step=330
2026-04-25 15:05:52,330 WARNING High control grad norm: 594174.44 at step=331
2026-04-25 15:05:59,229 WARNING High control grad norm: 1236047.00 at step=332
2026-04-25 15:06:06,132 WARNING High control grad norm: 2272619.00 at step=333
2026-04-25 15:06:14,909 WARNING High control grad norm: 2703664.25 at step=334
2026-04-25 15:06:23,739 WARNING High control grad norm: 2137043.75 at step=335
2026-04-25 15:06:30,639 WARNING High control grad norm: 1433964.62 at step=336
2026-04-25 15:06:37,587 WARNING High control grad norm: 7578667.00 at step=337
2026-04-25 15:06:44,467 WARNING High control grad norm: 7344842.00 at step=338
2026-04-25 15:06:51,360 WARNING High control grad norm: 11970958.00 at step=339
2026-04-25 15:06:58,239 WARNING High control grad norm: 17922638.00 at step=340
2026-04-25 15:07:05,136 WARNING High control grad norm: 42142844.00 at step=341
2026-04-25 15:07:12,004 WARNING High control grad norm: 15076240.00 at step=342
2026-04-25 15:07:20,774 WARNING High control grad norm: 7884678.00 at step=343
2026-04-25 15:07:29,551 WARNING High control grad norm: 50261564.00 at step=344
2026-04-25 15:07:36,475 WARNING High control grad norm: 88424032.00 at step=345
2026-04-25 15:07:43,337 WARNING High control grad norm: 9081523.00 at step=346
2026-04-25 15:07:50,222 WARNING High control grad norm: 6639300.00 at step=347
2026-04-25 15:07:57,135 WARNING High control grad norm: 19203066.00 at step=348
2026-04-25 15:08:04,066 WARNING High control grad norm: 16176640.00 at step=349
2026-04-25 15:08:12,893 WARNING High control grad norm: 18391550.00 at step=350
2026-04-25 15:08:19,785 WARNING High control grad norm: 14673397.00 at step=351
2026-04-25 15:08:28,575 WARNING High control grad norm: 6309059.00 at step=352
2026-04-25 15:08:35,501 WARNING High control grad norm: 20440844.00 at step=353
2026-04-25 15:08:42,400 WARNING High control grad norm: 46151608.00 at step=354
2026-04-25 15:08:49,357 WARNING High control grad norm: 38481092.00 at step=355
2026-04-25 15:08:56,305 WARNING High control grad norm: 63644044.00 at step=356
2026-04-25 15:09:03,236 WARNING High control grad norm: 35864488.00 at step=357
2026-04-25 15:09:10,129 WARNING High control grad norm: 182808208.00 at step=358
2026-04-25 15:09:17,003 WARNING High control grad norm: 264269216.00 at step=359
2026-04-25 15:09:23,912 WARNING High control grad norm: 535179616.00 at step=360
2026-04-25 15:09:30,802 WARNING High control grad norm: 3079233792.00 at step=361
2026-04-25 15:09:37,689 WARNING High control grad norm: 2148843520.00 at step=362
2026-04-25 15:09:44,571 WARNING High control grad norm: 417378016.00 at step=363
2026-04-25 15:09:51,502 WARNING High control grad norm: 375857728.00 at step=364
2026-04-25 15:09:58,378 WARNING High control grad norm: 1102400896.00 at step=365
2026-04-25 15:10:07,212 WARNING High control grad norm: 1998771328.00 at step=366
2026-04-25 15:10:14,064 WARNING High control grad norm: 1086362880.00 at step=367
2026-04-25 15:10:21,173 WARNING High control grad norm: 2116895232.00 at step=368
2026-04-25 15:10:28,073 WARNING High control grad norm: 93576160.00 at step=369
2026-04-25 15:10:34,954 WARNING High control grad norm: 31093328.00 at step=370
2026-04-25 15:10:41,829 WARNING High control grad norm: 33909388.00 at step=371
2026-04-25 15:10:50,569 WARNING High control grad norm: 29734778.00 at step=372
2026-04-25 15:10:57,476 WARNING High control grad norm: 20582908.00 at step=373
2026-04-25 15:11:04,345 WARNING High control grad norm: 16503616.00 at step=374
2026-04-25 15:11:11,230 WARNING High control grad norm: 7649938.50 at step=375
2026-04-25 15:11:18,114 WARNING High control grad norm: 78220384.00 at step=376
2026-04-25 15:11:21,401 WARNING High control grad norm: 32687744.00 at step=377
2026-04-25 15:11:21,403 INFO epoch=6 done
2026-04-25 15:11:21,440 INFO epoch=6 diag: cos_sim=-0.0681 ctrl_mag=942.8014 score_mag=17.1889 ratio=54.8495
2026-04-25 15:11:28,320 WARNING High control grad norm: 49244748.00 at step=378
2026-04-25 15:11:35,256 WARNING High control grad norm: 83018376.00 at step=379
2026-04-25 15:11:44,081 WARNING High control grad norm: 37432356.00 at step=380
2026-04-25 15:11:52,804 WARNING High control grad norm: 49708916.00 at step=381
2026-04-25 15:11:59,686 WARNING High control grad norm: 128170304.00 at step=382
2026-04-25 15:12:06,614 WARNING High control grad norm: 51944544.00 at step=383
2026-04-25 15:12:13,454 WARNING High control grad norm: 39053288.00 at step=384
2026-04-25 15:12:20,314 WARNING High control grad norm: 52927448.00 at step=385
2026-04-25 15:12:27,257 WARNING High control grad norm: 48915096.00 at step=386
2026-04-25 15:12:34,123 WARNING High control grad norm: 103269456.00 at step=387
2026-04-25 15:12:42,943 WARNING High control grad norm: 83025016.00 at step=388
2026-04-25 15:12:49,835 WARNING High control grad norm: 17340686.00 at step=389
2026-04-25 15:12:56,710 WARNING High control grad norm: 23826518.00 at step=390
2026-04-25 15:13:03,607 WARNING High control grad norm: 56423140.00 at step=391
2026-04-25 15:13:10,515 WARNING High control grad norm: 22035056.00 at step=392
2026-04-25 15:13:17,421 WARNING High control grad norm: 43862072.00 at step=393
2026-04-25 15:13:24,354 WARNING High control grad norm: 15063056.00 at step=394
2026-04-25 15:13:33,175 WARNING High control grad norm: 17200556.00 at step=395
2026-04-25 15:13:40,087 WARNING High control grad norm: 4473699.50 at step=396
2026-04-25 15:13:48,870 WARNING High control grad norm: 9792098.00 at step=397
2026-04-25 15:13:55,757 WARNING High control grad norm: 7427781.50 at step=398
2026-04-25 15:14:04,490 WARNING High control grad norm: 4283367.50 at step=399
2026-04-25 15:14:04,493 INFO epoch=7 step=400 loss=736415.0000 dsm=726.4311 control=5150.9258 path_kl=2018917.8750 jar=-50.0000 quality=892.3858
2026-04-25 15:14:11,383 WARNING High control grad norm: 4269984.50 at step=400
2026-04-25 15:14:20,149 WARNING High control grad norm: 5332609.00 at step=401
2026-04-25 15:14:27,066 WARNING High control grad norm: 37650484.00 at step=402
2026-04-25 15:14:33,940 WARNING High control grad norm: 34858840.00 at step=403
2026-04-25 15:14:40,802 WARNING High control grad norm: 760337728.00 at step=404
2026-04-25 15:14:47,664 WARNING High control grad norm: 547771392.00 at step=405
2026-04-25 15:14:54,564 WARNING High control grad norm: 1119198336.00 at step=406
2026-04-25 15:15:01,449 WARNING High control grad norm: 469412960.00 at step=407
2026-04-25 15:15:08,346 WARNING High control grad norm: 442951648.00 at step=408
2026-04-25 15:15:15,229 WARNING High control grad norm: 1091570304.00 at step=409
2026-04-25 15:15:22,112 WARNING High control grad norm: 1227166080.00 at step=410
2026-04-25 15:15:29,064 WARNING High control grad norm: 433282464.00 at step=411
2026-04-25 15:15:35,931 WARNING High control grad norm: 2706980352.00 at step=412
2026-04-25 15:15:44,700 WARNING High control grad norm: 20128280576.00 at step=413
2026-04-25 15:15:53,535 WARNING High control grad norm: 662483520.00 at step=414
2026-04-25 15:16:00,431 WARNING High control grad norm: 469923936.00 at step=415
2026-04-25 15:16:07,320 WARNING High control grad norm: 147193360.00 at step=416
2026-04-25 15:16:14,176 WARNING High control grad norm: 37674764.00 at step=417
2026-04-25 15:16:21,076 WARNING High control grad norm: 240590832.00 at step=418
2026-04-25 15:16:29,900 WARNING High control grad norm: 241789424.00 at step=419
2026-04-25 15:16:36,823 WARNING High control grad norm: 2635419648.00 at step=420
2026-04-25 15:16:43,723 WARNING High control grad norm: 185679808.00 at step=421
2026-04-25 15:16:50,611 WARNING High control grad norm: 10896377856.00 at step=422
2026-04-25 15:16:57,515 WARNING High control grad norm: 248980768.00 at step=423
2026-04-25 15:17:06,281 WARNING High control grad norm: 417047104.00 at step=424
2026-04-25 15:17:15,063 WARNING High control grad norm: 231489120.00 at step=425
2026-04-25 15:17:23,905 WARNING High control grad norm: 99758744.00 at step=426
2026-04-25 15:17:30,785 WARNING High control grad norm: 564038912.00 at step=427
2026-04-25 15:17:37,664 WARNING High control grad norm: 183328272.00 at step=428
2026-04-25 15:17:44,557 WARNING High control grad norm: 75048104.00 at step=429
2026-04-25 15:17:51,431 WARNING High control grad norm: 258453936.00 at step=430
2026-04-25 15:17:58,332 WARNING High control grad norm: 1082267392.00 at step=431
2026-04-25 15:18:05,224 WARNING High control grad norm: 185543488.00 at step=432
2026-04-25 15:18:14,001 WARNING High control grad norm: 351715296.00 at step=433
2026-04-25 15:18:20,894 WARNING High control grad norm: 124065632.00 at step=434
2026-04-25 15:18:27,776 WARNING High control grad norm: 2382837504.00 at step=435
2026-04-25 15:18:34,647 WARNING High control grad norm: 451795008.00 at step=436
2026-04-25 15:18:41,537 WARNING High control grad norm: 196036272.00 at step=437
2026-04-25 15:18:48,390 WARNING High control grad norm: 194604816.00 at step=438
2026-04-25 15:18:55,265 WARNING High control grad norm: 267647872.00 at step=439
2026-04-25 15:18:57,672 WARNING High control grad norm: 1143768576.00 at step=440
2026-04-25 15:18:57,674 INFO epoch=7 done
2026-04-25 15:18:57,712 INFO epoch=7 diag: cos_sim=-0.1217 ctrl_mag=2420.7578 score_mag=17.1889 ratio=140.8328
2026-04-25 15:19:04,594 WARNING High control grad norm: 233963312.00 at step=441
2026-04-25 15:19:11,498 WARNING High control grad norm: 1828733184.00 at step=442
2026-04-25 15:19:18,366 WARNING High control grad norm: 13173327872.00 at step=443
2026-04-25 15:19:25,290 WARNING High control grad norm: 5739738624.00 at step=444
2026-04-25 15:19:32,170 WARNING High control grad norm: 1249287808.00 at step=445
2026-04-25 15:19:39,050 WARNING High control grad norm: 1390090752.00 at step=446
2026-04-25 15:19:45,920 WARNING High control grad norm: 1575325184.00 at step=447
2026-04-25 15:19:52,828 WARNING High control grad norm: 6434486272.00 at step=448
2026-04-25 15:19:59,714 WARNING High control grad norm: 2324664320.00 at step=449
2026-04-25 15:20:06,608 WARNING High control grad norm: 773006272.00 at step=450
2026-04-25 15:20:13,456 WARNING High control grad norm: 351279296.00 at step=451
2026-04-25 15:20:20,352 WARNING High control grad norm: 592860864.00 at step=452
2026-04-25 15:20:27,256 WARNING High control grad norm: 118327000.00 at step=453
2026-04-25 15:20:34,126 WARNING High control grad norm: 2601572096.00 at step=454
2026-04-25 15:20:41,080 WARNING High control grad norm: 268198096.00 at step=455
2026-04-25 15:20:49,847 WARNING High control grad norm: 676747392.00 at step=456
2026-04-25 15:20:58,658 WARNING High control grad norm: 766659584.00 at step=457
2026-04-25 15:21:05,506 WARNING High control grad norm: 636428224.00 at step=458
2026-04-25 15:21:12,396 WARNING High control grad norm: 7666726400.00 at step=459
2026-04-25 15:21:19,291 WARNING High control grad norm: 6037322752.00 at step=460
2026-04-25 15:21:26,213 WARNING High control grad norm: 3566592000.00 at step=461
2026-04-25 15:21:33,091 WARNING High control grad norm: 17394929664.00 at step=462
2026-04-25 15:21:41,897 WARNING High control grad norm: 9024285696.00 at step=463
2026-04-25 15:21:48,799 WARNING High control grad norm: 4433592320.00 at step=464
2026-04-25 15:21:57,573 WARNING High control grad norm: 11026059264.00 at step=465
2026-04-25 15:22:04,458 WARNING High control grad norm: 7386444288.00 at step=466
2026-04-25 15:22:13,314 WARNING High control grad norm: 1062777536.00 at step=467
2026-04-25 15:22:22,027 WARNING High control grad norm: 4020558080.00 at step=468
2026-04-25 15:22:30,742 WARNING High control grad norm: 1830459392.00 at step=469
2026-04-25 15:22:39,521 WARNING High control grad norm: 7615180288.00 at step=470
2026-04-25 15:22:46,391 WARNING High control grad norm: 1114438528.00 at step=471
2026-04-25 15:22:53,253 WARNING High control grad norm: 146555776.00 at step=472
2026-04-25 15:23:00,174 WARNING High control grad norm: 464378272.00 at step=473
2026-04-25 15:23:07,045 WARNING High control grad norm: 538711488.00 at step=474
2026-04-25 15:23:13,998 WARNING High control grad norm: 459226112.00 at step=475
2026-04-25 15:23:20,890 WARNING High control grad norm: 332580896.00 at step=476
2026-04-25 15:23:27,789 WARNING High control grad norm: 735342400.00 at step=477
2026-04-25 15:23:36,591 WARNING High control grad norm: 193216848.00 at step=478
2026-04-25 15:23:45,391 WARNING High control grad norm: 1554993280.00 at step=479
2026-04-25 15:23:54,127 WARNING High control grad norm: 757825984.00 at step=480
2026-04-25 15:24:02,932 WARNING High control grad norm: 1791627648.00 at step=481
2026-04-25 15:24:11,677 WARNING High control grad norm: 3154958592.00 at step=482
2026-04-25 15:24:20,532 WARNING High control grad norm: 1806818048.00 at step=483
2026-04-25 15:24:27,473 WARNING High control grad norm: 5547197952.00 at step=484
2026-04-25 15:24:34,350 WARNING High control grad norm: 19351044096.00 at step=485
2026-04-25 15:24:43,182 WARNING High control grad norm: 16791629824.00 at step=486
2026-04-25 15:24:50,075 WARNING High control grad norm: 1758348416.00 at step=487
2026-04-25 15:24:57,025 WARNING High control grad norm: 2640524544.00 at step=488
2026-04-25 15:25:05,839 WARNING High control grad norm: 6665470464.00 at step=489
2026-04-25 15:25:14,612 WARNING High control grad norm: 2309755904.00 at step=490
2026-04-25 15:25:21,563 WARNING High control grad norm: 425861984.00 at step=491
2026-04-25 15:25:28,454 WARNING High control grad norm: 1735387776.00 at step=492
2026-04-25 15:25:37,224 WARNING High control grad norm: 1749720576.00 at step=493
2026-04-25 15:25:44,090 WARNING High control grad norm: 832299328.00 at step=494
2026-04-25 15:25:50,964 WARNING High control grad norm: 663625216.00 at step=495
2026-04-25 15:25:57,964 WARNING High control grad norm: 1328931968.00 at step=496
2026-04-25 15:26:04,819 WARNING High control grad norm: 1346597376.00 at step=497
2026-04-25 15:26:11,785 WARNING High control grad norm: 1250186752.00 at step=498
2026-04-25 15:26:18,635 WARNING High control grad norm: 640371904.00 at step=499
2026-04-25 15:26:18,638 INFO epoch=8 step=500 loss=-4966965.0000 dsm=367.1030 control=42411.7656 path_kl=16625834.0000 jar=-50.0000 quality=3568.4744
2026-04-25 15:26:25,526 WARNING High control grad norm: 564367680.00 at step=500
2026-04-25 15:26:32,474 WARNING High control grad norm: 300020768.00 at step=501
2026-04-25 15:26:41,295 WARNING High control grad norm: 1435664896.00 at step=502
2026-04-25 15:26:43,706 WARNING High control grad norm: 2418710016.00 at step=503
2026-04-25 15:26:43,709 INFO epoch=8 done
2026-04-25 15:26:43,746 INFO epoch=8 diag: cos_sim=-0.0467 ctrl_mag=2316.9138 score_mag=17.1889 ratio=134.7914
2026-04-25 15:26:52,571 WARNING High control grad norm: 1138364928.00 at step=504
2026-04-25 15:26:59,443 WARNING High control grad norm: 762794240.00 at step=505
2026-04-25 15:27:06,336 WARNING High control grad norm: 667497408.00 at step=506
2026-04-25 15:27:13,198 WARNING High control grad norm: 1510608640.00 at step=507
2026-04-25 15:27:21,952 WARNING High control grad norm: 1518916864.00 at step=508
2026-04-25 15:27:28,839 WARNING High control grad norm: 793396352.00 at step=509
2026-04-25 15:27:35,751 WARNING High control grad norm: 2481297664.00 at step=510
2026-04-25 15:27:42,630 WARNING High control grad norm: 3270418176.00 at step=511
2026-04-25 15:27:49,563 WARNING High control grad norm: 6233084416.00 at step=512
2026-04-25 15:27:58,392 WARNING High control grad norm: 2382443264.00 at step=513
2026-04-25 15:28:07,218 WARNING High control grad norm: 55775289344.00 at step=514
2026-04-25 15:28:14,086 WARNING High control grad norm: 6779567104.00 at step=515
2026-04-25 15:28:21,037 WARNING High control grad norm: 8296614912.00 at step=516
2026-04-25 15:28:27,919 WARNING High control grad norm: 14687632384.00 at step=517
2026-04-25 15:28:34,789 WARNING High control grad norm: 24587206656.00 at step=518
2026-04-25 15:28:41,675 WARNING High control grad norm: 41026048000.00 at step=519
2026-04-25 15:28:50,521 WARNING High control grad norm: 7490539008.00 at step=520
2026-04-25 15:28:57,436 WARNING High control grad norm: 6543093760.00 at step=521
2026-04-25 15:29:04,323 WARNING High control grad norm: 3780836096.00 at step=522
2026-04-25 15:29:11,255 WARNING High control grad norm: 99628589056.00 at step=523
2026-04-25 15:29:18,152 WARNING High control grad norm: 11014121472.00 at step=524
2026-04-25 15:29:25,072 WARNING High control grad norm: 6753213440.00 at step=525
2026-04-25 15:29:33,868 WARNING High control grad norm: 5714595328.00 at step=526
2026-04-25 15:29:40,796 WARNING High control grad norm: 22572439552.00 at step=527
2026-04-25 15:29:47,661 WARNING High control grad norm: 2946373632.00 at step=528
2026-04-25 15:29:54,564 WARNING High control grad norm: 1242289536.00 at step=529
2026-04-25 15:30:03,354 WARNING High control grad norm: 1677408256.00 at step=530
2026-04-25 15:30:10,308 WARNING High control grad norm: 1632427136.00 at step=531
2026-04-25 15:30:17,178 WARNING High control grad norm: 1372446976.00 at step=532
2026-04-25 15:30:24,134 WARNING High control grad norm: 4723055616.00 at step=533
2026-04-25 15:30:32,955 WARNING High control grad norm: 2143824384.00 at step=534
2026-04-25 15:30:39,821 WARNING High control grad norm: 1267410816.00 at step=535
2026-04-25 15:30:48,584 WARNING High control grad norm: 1163563392.00 at step=536
2026-04-25 15:30:57,463 WARNING High control grad norm: 4782771200.00 at step=537
2026-04-25 15:31:04,337 WARNING High control grad norm: 1003146816.00 at step=538
2026-04-25 15:31:11,262 WARNING High control grad norm: 505091808.00 at step=539
2026-04-25 15:31:18,158 WARNING High control grad norm: 1252086144.00 at step=540
2026-04-25 15:31:25,056 WARNING High control grad norm: 538555072.00 at step=541
2026-04-25 15:31:31,955 WARNING High control grad norm: 3815094784.00 at step=542
2026-04-25 15:31:38,843 WARNING High control grad norm: 1348309248.00 at step=543
2026-04-25 15:31:47,595 WARNING High control grad norm: 188774448.00 at step=544
2026-04-25 15:31:54,486 WARNING High control grad norm: 1178430720.00 at step=545
2026-04-25 15:32:01,357 WARNING High control grad norm: 2588084736.00 at step=546
2026-04-25 15:32:08,246 WARNING High control grad norm: 3576407552.00 at step=547
2026-04-25 15:32:15,146 WARNING High control grad norm: 686478592.00 at step=548
2026-04-25 15:32:22,065 WARNING High control grad norm: 10735982592.00 at step=549
2026-04-25 15:32:28,959 WARNING High control grad norm: 2131955456.00 at step=550
2026-04-25 15:32:35,853 WARNING High control grad norm: 2650459904.00 at step=551
2026-04-25 15:32:42,797 WARNING High control grad norm: 1300418560.00 at step=552
2026-04-25 15:32:49,753 WARNING High control grad norm: 1470915584.00 at step=553
2026-04-25 15:32:58,558 WARNING High control grad norm: 10828707840.00 at step=554
2026-04-25 15:33:05,402 WARNING High control grad norm: 20619276288.00 at step=555
2026-04-25 15:33:12,296 WARNING High control grad norm: 31075756032.00 at step=556
2026-04-25 15:33:19,171 WARNING High control grad norm: 1956715520.00 at step=557
2026-04-25 15:33:26,054 WARNING High control grad norm: 651580672.00 at step=558
2026-04-25 15:33:32,943 WARNING High control grad norm: 2883821056.00 at step=559
2026-04-25 15:33:39,811 WARNING High control grad norm: 4318145024.00 at step=560
2026-04-25 15:33:48,640 WARNING High control grad norm: 1515841152.00 at step=561
2026-04-25 15:33:55,556 WARNING High control grad norm: 9183065088.00 at step=562
2026-04-25 15:34:02,483 WARNING High control grad norm: 1106689920.00 at step=563
2026-04-25 15:34:11,290 WARNING High control grad norm: 1474917504.00 at step=564
2026-04-25 15:34:20,155 WARNING High control grad norm: 1629219072.00 at step=565
2026-04-25 15:34:22,538 WARNING High control grad norm: 8166375936.00 at step=566
2026-04-25 15:34:22,541 INFO epoch=9 done
2026-04-25 15:34:22,578 INFO epoch=9 diag: cos_sim=-0.0512 ctrl_mag=1424.5662 score_mag=17.1889 ratio=82.8772
2026-04-25 15:34:31,380 WARNING High control grad norm: 3078274560.00 at step=567
2026-04-25 15:34:38,274 WARNING High control grad norm: 1554140800.00 at step=568
2026-04-25 15:34:45,184 WARNING High control grad norm: 647225984.00 at step=569
2026-04-25 15:34:54,019 WARNING High control grad norm: 4682965504.00 at step=570
2026-04-25 15:35:00,900 WARNING High control grad norm: 2724636160.00 at step=571
2026-04-25 15:35:07,857 WARNING High control grad norm: 2635407872.00 at step=572
2026-04-25 15:35:14,758 WARNING High control grad norm: 2129190400.00 at step=573
2026-04-25 15:35:23,612 WARNING High control grad norm: 59469561856.00 at step=574
2026-04-25 15:35:30,496 WARNING High control grad norm: 12435218432.00 at step=575
2026-04-25 15:35:37,377 WARNING High control grad norm: 1261126784.00 at step=576
2026-04-25 15:35:44,256 WARNING High control grad norm: 1450421632.00 at step=577
2026-04-25 15:35:51,172 WARNING High control grad norm: 1327225728.00 at step=578
2026-04-25 15:35:58,101 WARNING High control grad norm: 1656838272.00 at step=579
2026-04-25 15:36:04,987 WARNING High control grad norm: 1458457088.00 at step=580
2026-04-25 15:36:11,880 WARNING High control grad norm: 22973116416.00 at step=581
2026-04-25 15:36:20,726 WARNING High control grad norm: 13936821248.00 at step=582
2026-04-25 15:36:27,665 WARNING High control grad norm: 1813846400.00 at step=583
2026-04-25 15:36:34,572 WARNING High control grad norm: 4904086528.00 at step=584
2026-04-25 15:36:41,459 WARNING High control grad norm: 1994676992.00 at step=585
2026-04-25 15:36:50,277 WARNING High control grad norm: 16000251904.00 at step=586
2026-04-25 15:36:59,067 WARNING High control grad norm: 8173020160.00 at step=587
2026-04-25 15:37:05,976 WARNING High control grad norm: 3767275776.00 at step=588
2026-04-25 15:37:14,734 WARNING High control grad norm: 3045502208.00 at step=589
2026-04-25 15:37:21,610 WARNING High control grad norm: 3694604032.00 at step=590
2026-04-25 15:37:30,417 WARNING High control grad norm: 1608998656.00 at step=591
2026-04-25 15:37:39,196 WARNING High control grad norm: 2748683776.00 at step=592
2026-04-25 15:37:46,071 WARNING High control grad norm: 4582422528.00 at step=593
2026-04-25 15:37:52,950 WARNING High control grad norm: 1268569856.00 at step=594
2026-04-25 15:38:01,701 WARNING High control grad norm: 3037343232.00 at step=595
2026-04-25 15:38:08,584 WARNING High control grad norm: 2709243136.00 at step=596
2026-04-25 15:38:15,474 WARNING High control grad norm: 3169866752.00 at step=597
2026-04-25 15:38:22,349 WARNING High control grad norm: 4956582912.00 at step=598
2026-04-25 15:38:29,220 WARNING High control grad norm: 14626945024.00 at step=599
2026-04-25 15:38:29,223 INFO epoch=10 step=600 loss=16451101.0000 dsm=547.3923 control=44387.4062 path_kl=17398524.0000 jar=-50.0000 quality=833.8932
2026-04-25 15:38:36,132 WARNING High control grad norm: 4143976704.00 at step=600
2026-04-25 15:38:43,079 WARNING High control grad norm: 3605797888.00 at step=601
2026-04-25 15:38:51,852 WARNING High control grad norm: 1674425728.00 at step=602
2026-04-25 15:38:58,736 WARNING High control grad norm: 3620283136.00 at step=603
2026-04-25 15:39:05,612 WARNING High control grad norm: 128987709440.00 at step=604
2026-04-25 15:39:12,499 WARNING High control grad norm: 3740169728.00 at step=605
2026-04-25 15:39:19,392 WARNING High control grad norm: 3079233792.00 at step=606
2026-04-25 15:39:26,333 WARNING High control grad norm: 5631177216.00 at step=607
2026-04-25 15:39:33,219 WARNING High control grad norm: 722073920.00 at step=608
2026-04-25 15:39:40,106 WARNING High control grad norm: 3592183296.00 at step=609
2026-04-25 15:39:46,974 WARNING High control grad norm: 13451674624.00 at step=610
2026-04-25 15:39:53,885 WARNING High control grad norm: 16843776000.00 at step=611
2026-04-25 15:40:00,769 WARNING High control grad norm: 29387329536.00 at step=612
2026-04-25 15:40:07,690 WARNING High control grad norm: 1128997632.00 at step=613
2026-04-25 15:40:14,563 WARNING High control grad norm: 1881522048.00 at step=614
2026-04-25 15:40:21,445 WARNING High control grad norm: 4000946176.00 at step=615
2026-04-25 15:40:28,312 WARNING High control grad norm: 1192932992.00 at step=616
2026-04-25 15:40:35,222 WARNING High control grad norm: 379591328.00 at step=617
2026-04-25 15:40:42,156 WARNING High control grad norm: 1109015168.00 at step=618
2026-04-25 15:40:49,057 WARNING High control grad norm: 513071840.00 at step=619
2026-04-25 15:40:55,934 WARNING High control grad norm: 698044864.00 at step=620
2026-04-25 15:41:02,810 WARNING High control grad norm: 309198176.00 at step=621
2026-04-25 15:41:09,668 WARNING High control grad norm: 396639072.00 at step=622
2026-04-25 15:41:16,547 WARNING High control grad norm: 1653980928.00 at step=623
2026-04-25 15:41:23,446 WARNING High control grad norm: 349411104.00 at step=624
2026-04-25 15:41:30,329 WARNING High control grad norm: 785454528.00 at step=625
2026-04-25 15:41:37,215 WARNING High control grad norm: 936147520.00 at step=626
2026-04-25 15:41:46,009 WARNING High control grad norm: 471184192.00 at step=627
2026-04-25 15:41:52,910 WARNING High control grad norm: 259074016.00 at step=628
2026-04-25 15:41:55,303 WARNING High control grad norm: 1331100800.00 at step=629
2026-04-25 15:41:55,306 INFO epoch=10 done
2026-04-25 15:41:55,343 INFO epoch=10 diag: cos_sim=-0.0154 ctrl_mag=5831.8193 score_mag=17.1889 ratio=339.2786
2026-04-25 15:42:02,319 WARNING High control grad norm: 1129746176.00 at step=630
2026-04-25 15:42:09,180 WARNING High control grad norm: 1544299392.00 at step=631
2026-04-25 15:42:18,029 WARNING High control grad norm: 315025728.00 at step=632
2026-04-25 15:42:24,950 WARNING High control grad norm: 282992160.00 at step=633
2026-04-25 15:42:31,831 WARNING High control grad norm: 2383338496.00 at step=634
2026-04-25 15:42:40,586 WARNING High control grad norm: 797911488.00 at step=635
2026-04-25 15:42:47,476 WARNING High control grad norm: 393053664.00 at step=636
2026-04-25 15:42:54,371 WARNING High control grad norm: 314990336.00 at step=637
2026-04-25 15:43:01,225 WARNING High control grad norm: 772367424.00 at step=638
2026-04-25 15:43:08,159 WARNING High control grad norm: 102342592.00 at step=639
2026-04-25 15:43:15,105 WARNING High control grad norm: 151681008.00 at step=640
2026-04-25 15:43:22,008 WARNING High control grad norm: 87299360.00 at step=641
2026-04-25 15:43:28,938 WARNING High control grad norm: 172429760.00 at step=642
2026-04-25 15:43:37,793 WARNING High control grad norm: 197294400.00 at step=643
2026-04-25 15:43:44,681 WARNING High control grad norm: 171252256.00 at step=644
2026-04-25 15:43:51,560 WARNING High control grad norm: 1032461824.00 at step=645
2026-04-25 15:44:00,380 WARNING High control grad norm: 388221920.00 at step=646
2026-04-25 15:44:07,275 WARNING High control grad norm: 476477056.00 at step=647
2026-04-25 15:44:14,135 WARNING High control grad norm: 1670777472.00 at step=648
2026-04-25 15:44:21,019 WARNING High control grad norm: 231349472.00 at step=649
2026-04-25 15:44:27,936 WARNING High control grad norm: 645273024.00 at step=650
2026-04-25 15:44:34,793 WARNING High control grad norm: 687970496.00 at step=651
2026-04-25 15:44:41,689 WARNING High control grad norm: 331172352.00 at step=652
2026-04-25 15:44:48,565 WARNING High control grad norm: 430899904.00 at step=653
2026-04-25 15:44:55,453 WARNING High control grad norm: 658968384.00 at step=654
2026-04-25 15:45:02,331 WARNING High control grad norm: 564302976.00 at step=655
2026-04-25 15:45:09,182 WARNING High control grad norm: 3072317952.00 at step=656
2026-04-25 15:45:16,087 WARNING High control grad norm: 417951200.00 at step=657
2026-04-25 15:45:22,963 WARNING High control grad norm: 466278784.00 at step=658
2026-04-25 15:45:29,910 WARNING High control grad norm: 206814256.00 at step=659
2026-04-25 15:45:36,822 WARNING High control grad norm: 296130528.00 at step=660
2026-04-25 15:45:45,731 WARNING High control grad norm: 4472024576.00 at step=661
2026-04-25 15:45:52,647 WARNING High control grad norm: 521910016.00 at step=662
2026-04-25 15:45:59,553 WARNING High control grad norm: 190758512.00 at step=663
2026-04-25 15:46:06,461 WARNING High control grad norm: 401211488.00 at step=664
2026-04-25 15:46:13,332 WARNING High control grad norm: 504305792.00 at step=665
2026-04-25 15:46:20,215 WARNING High control grad norm: 14353239040.00 at step=666
2026-04-25 15:46:27,082 WARNING High control grad norm: 729161728.00 at step=667
2026-04-25 15:46:34,014 WARNING High control grad norm: 988857344.00 at step=668
2026-04-25 15:46:42,887 WARNING High control grad norm: 4379462144.00 at step=669
2026-04-25 15:46:51,647 WARNING High control grad norm: 424222144.00 at step=670
2026-04-25 15:46:58,510 WARNING High control grad norm: 406049152.00 at step=671
2026-04-25 15:47:05,384 WARNING High control grad norm: 1490092672.00 at step=672
2026-04-25 15:47:12,263 WARNING High control grad norm: 14950850560.00 at step=673
2026-04-25 15:47:19,169 WARNING High control grad norm: 369019872.00 at step=674
2026-04-25 15:47:28,033 WARNING High control grad norm: 735166336.00 at step=675
2026-04-25 15:47:34,932 WARNING High control grad norm: 1009732544.00 at step=676
2026-04-25 15:47:41,814 WARNING High control grad norm: 4047010048.00 at step=677
2026-04-25 15:47:50,615 WARNING High control grad norm: 281483008.00 at step=678
2026-04-25 15:47:57,506 WARNING High control grad norm: 1891412352.00 at step=679
2026-04-25 15:48:04,399 WARNING High control grad norm: 1418454528.00 at step=680
2026-04-25 15:48:11,264 WARNING High control grad norm: 1831139840.00 at step=681
2026-04-25 15:48:18,158 WARNING High control grad norm: 3202900480.00 at step=682
2026-04-25 15:48:25,095 WARNING High control grad norm: 1549525376.00 at step=683
2026-04-25 15:48:31,987 WARNING High control grad norm: 1009273088.00 at step=684
2026-04-25 15:48:38,853 WARNING High control grad norm: 896864000.00 at step=685
2026-04-25 15:48:45,853 WARNING High control grad norm: 1033179008.00 at step=686
2026-04-25 15:48:52,769 WARNING High control grad norm: 1062156224.00 at step=687
2026-04-25 15:48:59,643 WARNING High control grad norm: 274251968.00 at step=688
2026-04-25 15:49:06,523 WARNING High control grad norm: 190680240.00 at step=689
2026-04-25 15:49:13,376 WARNING High control grad norm: 4900265984.00 at step=690
2026-04-25 15:49:20,262 WARNING High control grad norm: 619302976.00 at step=691
2026-04-25 15:49:22,671 WARNING High control grad norm: 1021232640.00 at step=692
2026-04-25 15:49:22,675 INFO epoch=11 done
2026-04-25 15:49:22,714 INFO epoch=11 diag: cos_sim=0.0258 ctrl_mag=5967.1416 score_mag=17.1889 ratio=347.1513
2026-04-25 15:49:29,623 WARNING High control grad norm: 416466144.00 at step=693
2026-04-25 15:49:36,528 WARNING High control grad norm: 14773562368.00 at step=694
2026-04-25 15:49:43,399 WARNING High control grad norm: 2291061504.00 at step=695
2026-04-25 15:49:50,299 WARNING High control grad norm: 1058444800.00 at step=696
2026-04-25 15:49:57,208 WARNING High control grad norm: 579700544.00 at step=697
2026-04-25 15:50:04,092 WARNING High control grad norm: 1843923328.00 at step=698
2026-04-25 15:50:10,989 WARNING High control grad norm: 237266128.00 at step=699
2026-04-25 15:50:10,992 INFO epoch=12 step=700 loss=-934856.2500 dsm=374.8012 control=41563.1172 path_kl=16294451.0000 jar=-50.0000 quality=391.7136
2026-04-25 15:50:17,865 WARNING High control grad norm: 1105290752.00 at step=700
2026-04-25 15:50:24,765 WARNING High control grad norm: 605469888.00 at step=701
2026-04-25 15:50:31,684 WARNING High control grad norm: 3586253824.00 at step=702
2026-04-25 15:50:38,585 WARNING High control grad norm: 1899376768.00 at step=703
2026-04-25 15:50:45,466 WARNING High control grad norm: 165685888.00 at step=704
2026-04-25 15:50:54,264 WARNING High control grad norm: 747341504.00 at step=705
2026-04-25 15:51:01,155 WARNING High control grad norm: 9542133760.00 at step=706
2026-04-25 15:51:09,921 WARNING High control grad norm: 1482314496.00 at step=707
2026-04-25 15:51:16,819 WARNING High control grad norm: 1016335168.00 at step=708
2026-04-25 15:51:23,713 WARNING High control grad norm: 2867020288.00 at step=709
2026-04-25 15:51:30,572 WARNING High control grad norm: 1999178240.00 at step=710
2026-04-25 15:51:37,479 WARNING High control grad norm: 2096457600.00 at step=711
2026-04-25 15:51:44,349 WARNING High control grad norm: 3476897536.00 at step=712
2026-04-25 15:51:51,231 WARNING High control grad norm: 289194752.00 at step=713
2026-04-25 15:52:00,051 WARNING High control grad norm: 724592704.00 at step=714
2026-04-25 15:52:06,993 WARNING High control grad norm: 2861232896.00 at step=715
2026-04-25 15:52:15,857 WARNING High control grad norm: 158914019328.00 at step=716
2026-04-25 15:52:24,702 WARNING High control grad norm: 3869586688.00 at step=717
2026-04-25 15:52:31,582 WARNING High control grad norm: 3553346048.00 at step=718
2026-04-25 15:52:38,477 WARNING High control grad norm: 1670890880.00 at step=719
2026-04-25 15:52:45,348 WARNING High control grad norm: 558008512.00 at step=720
2026-04-25 15:52:52,216 WARNING High control grad norm: 1097999232.00 at step=721
2026-04-25 15:52:59,109 WARNING High control grad norm: 1007239104.00 at step=722
2026-04-25 15:53:07,953 WARNING High control grad norm: 543288448.00 at step=723
2026-04-25 15:53:16,856 WARNING High control grad norm: 667019392.00 at step=724
2026-04-25 15:53:25,722 WARNING High control grad norm: 365011776.00 at step=725
2026-04-25 15:53:32,639 WARNING High control grad norm: 323701632.00 at step=726
2026-04-25 15:53:39,531 WARNING High control grad norm: 882964352.00 at step=727
2026-04-25 15:53:46,406 WARNING High control grad norm: 1449205248.00 at step=728
2026-04-25 15:53:53,294 WARNING High control grad norm: 833419328.00 at step=729
2026-04-25 15:54:00,228 WARNING High control grad norm: 2238252800.00 at step=730
2026-04-25 15:54:07,116 WARNING High control grad norm: 436562176.00 at step=731
2026-04-25 15:54:14,113 WARNING High control grad norm: 630002304.00 at step=732
2026-04-25 15:54:21,012 WARNING High control grad norm: 538771584.00 at step=733
2026-04-25 15:54:27,928 WARNING High control grad norm: 4519837184.00 at step=734
2026-04-25 15:54:34,805 WARNING High control grad norm: 12209513472.00 at step=735
2026-04-25 15:54:43,573 WARNING High control grad norm: 783965056.00 at step=736
2026-04-25 15:54:50,450 WARNING High control grad norm: 448757024.00 at step=737
2026-04-25 15:54:59,288 WARNING High control grad norm: 812005248.00 at step=738
2026-04-25 15:55:06,206 WARNING High control grad norm: 517293280.00 at step=739
2026-04-25 15:55:13,168 WARNING High control grad norm: 971849728.00 at step=740
2026-04-25 15:55:20,052 WARNING High control grad norm: 429685248.00 at step=741
2026-04-25 15:55:26,946 WARNING High control grad norm: 390795328.00 at step=742
2026-04-25 15:55:33,848 WARNING High control grad norm: 1477961600.00 at step=743
2026-04-25 15:55:42,679 WARNING High control grad norm: 638813568.00 at step=744
2026-04-25 15:55:49,563 WARNING High control grad norm: 534096288.00 at step=745
2026-04-25 15:55:56,521 WARNING High control grad norm: 1795487488.00 at step=746
2026-04-25 15:56:03,437 WARNING High control grad norm: 2146408320.00 at step=747
2026-04-25 15:56:10,386 WARNING High control grad norm: 460884800.00 at step=748
2026-04-25 15:56:17,282 WARNING High control grad norm: 381547360.00 at step=749
2026-04-25 15:56:24,147 WARNING High control grad norm: 148695360.00 at step=750
2026-04-25 15:56:32,907 WARNING High control grad norm: 897550848.00 at step=751
2026-04-25 15:56:39,812 WARNING High control grad norm: 327231328.00 at step=752
2026-04-25 15:56:46,715 WARNING High control grad norm: 871702208.00 at step=753
2026-04-25 15:56:53,638 WARNING High control grad norm: 371437440.00 at step=754
2026-04-25 15:56:56,027 WARNING High control grad norm: 1463657344.00 at step=755
2026-04-25 15:56:56,030 INFO epoch=12 done
2026-04-25 15:56:56,068 INFO epoch=12 diag: cos_sim=-0.0063 ctrl_mag=6124.9766 score_mag=17.1889 ratio=356.3336
2026-04-25 15:57:02,987 WARNING High control grad norm: 1685735936.00 at step=756
2026-04-25 15:57:09,841 WARNING High control grad norm: 249596880.00 at step=757
2026-04-25 15:57:16,736 WARNING High control grad norm: 614966400.00 at step=758
2026-04-25 15:57:23,632 WARNING High control grad norm: 1137799552.00 at step=759
2026-04-25 15:57:30,501 WARNING High control grad norm: 887058112.00 at step=760
2026-04-25 15:57:39,306 WARNING High control grad norm: 748573056.00 at step=761
2026-04-25 15:57:46,195 WARNING High control grad norm: 313804384.00 at step=762
2026-04-25 15:57:53,086 WARNING High control grad norm: 233122384.00 at step=763
2026-04-25 15:58:00,026 WARNING High control grad norm: 1661581696.00 at step=764
2026-04-25 15:58:06,895 WARNING High control grad norm: 672793344.00 at step=765
2026-04-25 15:58:15,759 WARNING High control grad norm: 1336783488.00 at step=766
2026-04-25 15:58:22,662 WARNING High control grad norm: 350235136.00 at step=767
2026-04-25 15:58:29,590 WARNING High control grad norm: 256184368.00 at step=768
2026-04-25 15:58:38,408 WARNING High control grad norm: 860544000.00 at step=769
2026-04-25 15:58:45,293 WARNING High control grad norm: 488803168.00 at step=770
2026-04-25 15:58:52,303 WARNING High control grad norm: 1441149952.00 at step=771
2026-04-25 15:58:59,182 WARNING High control grad norm: 894257088.00 at step=772
2026-04-25 15:59:06,083 WARNING High control grad norm: 9593914368.00 at step=773
2026-04-25 15:59:12,986 WARNING High control grad norm: 1037092864.00 at step=774
2026-04-25 15:59:19,880 WARNING High control grad norm: 1035056512.00 at step=775
2026-04-25 15:59:26,797 WARNING High control grad norm: 606219392.00 at step=776
2026-04-25 15:59:33,706 WARNING High control grad norm: 530542976.00 at step=777
2026-04-25 15:59:40,609 WARNING High control grad norm: 956480640.00 at step=778
2026-04-25 15:59:47,550 WARNING High control grad norm: 570246144.00 at step=779
2026-04-25 15:59:54,461 WARNING High control grad norm: 3406649088.00 at step=780
2026-04-25 16:00:01,357 WARNING High control grad norm: 1178062080.00 at step=781
2026-04-25 16:00:08,261 WARNING High control grad norm: 965460224.00 at step=782
2026-04-25 16:00:15,172 WARNING High control grad norm: 14150776832.00 at step=783
2026-04-25 16:00:22,065 WARNING High control grad norm: 550136064.00 at step=784
2026-04-25 16:00:28,984 WARNING High control grad norm: 624015040.00 at step=785
2026-04-25 16:00:37,844 WARNING High control grad norm: 419091584.00 at step=786
2026-04-25 16:00:44,795 WARNING High control grad norm: 1366846080.00 at step=787
2026-04-25 16:00:51,657 WARNING High control grad norm: 2342405632.00 at step=788
2026-04-25 16:00:58,556 WARNING High control grad norm: 673031872.00 at step=789
2026-04-25 16:01:05,431 WARNING High control grad norm: 2795651584.00 at step=790
2026-04-25 16:01:12,299 WARNING High control grad norm: 3203983360.00 at step=791
2026-04-25 16:01:21,124 WARNING High control grad norm: 26253617152.00 at step=792
2026-04-25 16:01:28,011 WARNING High control grad norm: 6044761600.00 at step=793
2026-04-25 16:01:34,856 WARNING High control grad norm: 3487963136.00 at step=794
2026-04-25 16:01:41,734 WARNING High control grad norm: 1114703232.00 at step=795
2026-04-25 16:01:50,495 WARNING High control grad norm: 2438034176.00 at step=796
2026-04-25 16:01:59,307 WARNING High control grad norm: 19260184576.00 at step=797
2026-04-25 16:02:08,175 WARNING High control grad norm: 14037172224.00 at step=798
2026-04-25 16:02:15,059 WARNING High control grad norm: 298026926080.00 at step=799
2026-04-25 16:02:15,061 INFO epoch=13 step=800 loss=3687304.5000 dsm=644.8865 control=50799.3906 path_kl=19914438.0000 jar=-50.0000 quality=560.4762
2026-04-25 16:02:21,972 WARNING High control grad norm: 28788316160.00 at step=800
2026-04-25 16:02:28,864 WARNING High control grad norm: 2401664768.00 at step=801
2026-04-25 16:02:35,756 WARNING High control grad norm: 1334216192.00 at step=802
2026-04-25 16:02:42,657 WARNING High control grad norm: 10211956736.00 at step=803
2026-04-25 16:02:51,420 WARNING High control grad norm: 7493269504.00 at step=804
2026-04-25 16:02:58,300 WARNING High control grad norm: 3040665088.00 at step=805
2026-04-25 16:03:07,059 WARNING High control grad norm: 7155659264.00 at step=806
2026-04-25 16:03:13,977 WARNING High control grad norm: 21685676032.00 at step=807
2026-04-25 16:03:22,714 WARNING High control grad norm: 2129051648.00 at step=808
2026-04-25 16:03:29,607 WARNING High control grad norm: 3518999552.00 at step=809
2026-04-25 16:03:38,386 WARNING High control grad norm: 9869776896.00 at step=810
2026-04-25 16:03:45,316 WARNING High control grad norm: 47059132416.00 at step=811
2026-04-25 16:03:52,254 WARNING High control grad norm: 7417619968.00 at step=812
2026-04-25 16:03:59,148 WARNING High control grad norm: 33561344000.00 at step=813
2026-04-25 16:04:06,046 WARNING High control grad norm: 1747365248.00 at step=814
2026-04-25 16:04:12,999 WARNING High control grad norm: 11321103360.00 at step=815
2026-04-25 16:04:19,871 WARNING High control grad norm: 5105297920.00 at step=816
2026-04-25 16:04:26,840 WARNING High control grad norm: 46852464640.00 at step=817
2026-04-25 16:04:29,239 WARNING High control grad norm: 27341385728.00 at step=818
2026-04-25 16:04:29,242 INFO epoch=13 done
2026-04-25 16:04:29,280 INFO epoch=13 diag: cos_sim=0.0430 ctrl_mag=6555.6055 score_mag=17.1889 ratio=381.3864
2026-04-25 16:04:36,180 WARNING High control grad norm: 2801210624.00 at step=819
2026-04-25 16:04:43,088 WARNING High control grad norm: 2216592896.00 at step=820
2026-04-25 16:04:51,814 WARNING High control grad norm: 20272551936.00 at step=821
2026-04-25 16:04:58,686 WARNING High control grad norm: 16461536256.00 at step=822
2026-04-25 16:05:05,648 WARNING High control grad norm: 3800866048.00 at step=823
2026-04-25 16:05:12,575 WARNING High control grad norm: 85021360128.00 at step=824
2026-04-25 16:05:21,408 WARNING High control grad norm: 14188044288.00 at step=825
2026-04-25 16:05:28,319 WARNING High control grad norm: 36768292864.00 at step=826
2026-04-25 16:05:35,195 WARNING High control grad norm: 2550433536.00 at step=827
2026-04-25 16:05:42,088 WARNING High control grad norm: 5199536640.00 at step=828
2026-04-25 16:05:48,978 WARNING High control grad norm: 6444490752.00 at step=829
2026-04-25 16:05:55,851 WARNING High control grad norm: 23966384128.00 at step=830
2026-04-25 16:06:04,666 WARNING High control grad norm: 3976874752.00 at step=831
2026-04-25 16:06:11,531 WARNING High control grad norm: 233872916480.00 at step=832
2026-04-25 16:06:18,399 WARNING High control grad norm: 3796738304.00 at step=833
2026-04-25 16:06:25,345 WARNING High control grad norm: 4153646336.00 at step=834
2026-04-25 16:06:32,277 WARNING High control grad norm: 3334301952.00 at step=835
2026-04-25 16:06:39,179 WARNING High control grad norm: 10413017088.00 at step=836
2026-04-25 16:06:46,067 WARNING High control grad norm: 3142256640.00 at step=837
2026-04-25 16:06:53,024 WARNING High control grad norm: 31895607296.00 at step=838
2026-04-25 16:06:59,950 WARNING High control grad norm: 2879154688.00 at step=839
2026-04-25 16:07:06,853 WARNING High control grad norm: 100924628992.00 at step=840
2026-04-25 16:07:15,697 WARNING High control grad norm: 8855529472.00 at step=841
2026-04-25 16:07:22,658 WARNING High control grad norm: 2686899712.00 at step=842
2026-04-25 16:07:29,592 WARNING High control grad norm: 4951066624.00 at step=843
2026-04-25 16:07:36,499 WARNING High control grad norm: 27629232128.00 at step=844
2026-04-25 16:07:43,363 WARNING High control grad norm: 4582386688.00 at step=845
2026-04-25 16:07:50,249 WARNING High control grad norm: 3646823168.00 at step=846
2026-04-25 16:07:57,151 WARNING High control grad norm: 2797036800.00 at step=847
2026-04-25 16:08:04,054 WARNING High control grad norm: 17684762624.00 at step=848
2026-04-25 16:08:10,958 WARNING High control grad norm: 3648593152.00 at step=849
2026-04-25 16:08:19,767 WARNING High control grad norm: 1394015488.00 at step=850
2026-04-25 16:08:28,578 WARNING High control grad norm: 2497235712.00 at step=851
2026-04-25 16:08:37,394 WARNING High control grad norm: 5852714496.00 at step=852
2026-04-25 16:08:44,247 WARNING High control grad norm: 22814861312.00 at step=853
2026-04-25 16:08:51,116 WARNING High control grad norm: 15318838272.00 at step=854
2026-04-25 16:08:59,924 WARNING High control grad norm: 32341106688.00 at step=855
2026-04-25 16:09:06,863 WARNING High control grad norm: 343656890368.00 at step=856
2026-04-25 16:09:13,803 WARNING High control grad norm: 2196020736.00 at step=857
2026-04-25 16:09:20,687 WARNING High control grad norm: 6186399232.00 at step=858
2026-04-25 16:09:29,479 WARNING High control grad norm: 11344261120.00 at step=859
2026-04-25 16:09:38,319 WARNING High control grad norm: 1477944192.00 at step=860
2026-04-25 16:09:45,227 WARNING High control grad norm: 33826613248.00 at step=861
2026-04-25 16:09:52,187 WARNING High control grad norm: 18993717248.00 at step=862
2026-04-25 16:09:59,071 WARNING High control grad norm: 12370328576.00 at step=863
2026-04-25 16:10:05,964 WARNING High control grad norm: 4012493824.00 at step=864
2026-04-25 16:10:14,757 WARNING High control grad norm: 12084443136.00 at step=865
2026-04-25 16:10:23,565 WARNING High control grad norm: 15556805632.00 at step=866
2026-04-25 16:10:30,436 WARNING High control grad norm: 7799137280.00 at step=867
2026-04-25 16:10:37,316 WARNING High control grad norm: 2893062144.00 at step=868
2026-04-25 16:10:44,177 WARNING High control grad norm: 3424181760.00 at step=869
2026-04-25 16:10:51,065 WARNING High control grad norm: 3078926848.00 at step=870
2026-04-25 16:10:58,018 WARNING High control grad norm: 5647032320.00 at step=871
2026-04-25 16:11:04,931 WARNING High control grad norm: 39959183360.00 at step=872
2026-04-25 16:11:11,807 WARNING High control grad norm: 20135442432.00 at step=873
2026-04-25 16:11:18,671 WARNING High control grad norm: 117117657088.00 at step=874
2026-04-25 16:11:25,568 WARNING High control grad norm: 26931269632.00 at step=875
2026-04-25 16:11:32,468 WARNING High control grad norm: 21567705088.00 at step=876
2026-04-25 16:11:39,357 WARNING High control grad norm: 7746176512.00 at step=877
2026-04-25 16:11:46,248 WARNING High control grad norm: 7700908544.00 at step=878
2026-04-25 16:11:53,161 WARNING High control grad norm: 8688530432.00 at step=879
2026-04-25 16:12:00,038 WARNING High control grad norm: 12941646848.00 at step=880
2026-04-25 16:12:02,428 WARNING High control grad norm: 9142994944.00 at step=881
2026-04-25 16:12:02,431 INFO epoch=14 done
2026-04-25 16:12:02,467 INFO epoch=14 diag: cos_sim=0.0420 ctrl_mag=6392.4463 score_mag=17.1889 ratio=371.8943
2026-04-25 16:12:11,343 WARNING High control grad norm: 8796465152.00 at step=882
2026-04-25 16:12:18,249 WARNING High control grad norm: 7649968128.00 at step=883
2026-04-25 16:12:25,161 WARNING High control grad norm: 4382455296.00 at step=884
2026-04-25 16:12:32,068 WARNING High control grad norm: 41011539968.00 at step=885
2026-04-25 16:12:38,926 WARNING High control grad norm: 114144608256.00 at step=886
2026-04-25 16:12:45,813 WARNING High control grad norm: 4046287360.00 at step=887
2026-04-25 16:12:52,694 WARNING High control grad norm: 3159888128.00 at step=888
2026-04-25 16:12:59,550 WARNING High control grad norm: 2749001216.00 at step=889
2026-04-25 16:13:06,459 WARNING High control grad norm: 3170587904.00 at step=890
2026-04-25 16:13:13,314 WARNING High control grad norm: 1653552128.00 at step=891
2026-04-25 16:13:22,017 WARNING High control grad norm: 5334632448.00 at step=892
2026-04-25 16:13:28,899 WARNING High control grad norm: 6233133568.00 at step=893
2026-04-25 16:13:35,792 WARNING High control grad norm: 10301390848.00 at step=894
2026-04-25 16:13:44,567 WARNING High control grad norm: 27263700992.00 at step=895
2026-04-25 16:13:51,447 WARNING High control grad norm: 3772769280.00 at step=896
2026-04-25 16:14:00,233 WARNING High control grad norm: 29646809088.00 at step=897
2026-04-25 16:14:07,121 WARNING High control grad norm: 4977145856.00 at step=898
2026-04-25 16:14:13,989 WARNING High control grad norm: 9671205888.00 at step=899
2026-04-25 16:14:13,993 INFO epoch=15 step=900 loss=-52222936.0000 dsm=264.6258 control=49977.5625 path_kl=19591788.0000 jar=-50.0000 quality=1614.4362
2026-04-25 16:14:22,762 WARNING High control grad norm: 56037720064.00 at step=900
2026-04-25 16:14:31,499 WARNING High control grad norm: 16990858240.00 at step=901
2026-04-25 16:14:38,410 WARNING High control grad norm: 20768780288.00 at step=902
2026-04-25 16:14:45,306 WARNING High control grad norm: 4464077824.00 at step=903
2026-04-25 16:14:52,196 WARNING High control grad norm: 3381168640.00 at step=904
2026-04-25 16:14:59,081 WARNING High control grad norm: 32295135232.00 at step=905
2026-04-25 16:15:05,961 WARNING High control grad norm: 4200390400.00 at step=906
2026-04-25 16:15:12,855 WARNING High control grad norm: 3987011840.00 at step=907
2026-04-25 16:15:19,752 WARNING High control grad norm: 17110691840.00 at step=908
2026-04-25 16:15:26,619 WARNING High control grad norm: 921253632.00 at step=909
2026-04-25 16:15:35,376 WARNING High control grad norm: 27165364224.00 at step=910
2026-04-25 16:15:42,289 WARNING High control grad norm: 2875401984.00 at step=911
2026-04-25 16:15:49,275 WARNING High control grad norm: 3274546176.00 at step=912
2026-04-25 16:15:56,199 WARNING High control grad norm: 58624294912.00 at step=913
2026-04-25 16:16:03,107 WARNING High control grad norm: 3470443520.00 at step=914
2026-04-25 16:16:10,050 WARNING High control grad norm: 7536625152.00 at step=915
2026-04-25 16:16:16,946 WARNING High control grad norm: 2440656384.00 at step=916
2026-04-25 16:16:23,841 WARNING High control grad norm: 9142774784.00 at step=917
2026-04-25 16:16:32,631 WARNING High control grad norm: 3434514176.00 at step=918
2026-04-25 16:16:41,352 WARNING High control grad norm: 2188290560.00 at step=919
2026-04-25 16:16:48,244 WARNING High control grad norm: 19096684544.00 at step=920
2026-04-25 16:16:55,144 WARNING High control grad norm: 1524347136.00 at step=921
2026-04-25 16:17:02,055 WARNING High control grad norm: 6574553088.00 at step=922
2026-04-25 16:17:08,914 WARNING High control grad norm: 4016933120.00 at step=923
2026-04-25 16:17:15,808 WARNING High control grad norm: 5061217792.00 at step=924
2026-04-25 16:17:22,766 WARNING High control grad norm: 3240160512.00 at step=925
2026-04-25 16:17:29,660 WARNING High control grad norm: 6995004416.00 at step=926
2026-04-25 16:17:36,556 WARNING High control grad norm: 2301623040.00 at step=927
2026-04-25 16:17:43,499 WARNING High control grad norm: 24384282624.00 at step=928
2026-04-25 16:17:50,396 WARNING High control grad norm: 7301877248.00 at step=929
2026-04-25 16:17:57,288 WARNING High control grad norm: 65459220480.00 at step=930
2026-04-25 16:18:04,174 WARNING High control grad norm: 1371051392.00 at step=931
2026-04-25 16:18:13,045 WARNING High control grad norm: 33952843776.00 at step=932
2026-04-25 16:18:21,822 WARNING High control grad norm: 6520680448.00 at step=933
2026-04-25 16:18:28,678 WARNING High control grad norm: 16297661440.00 at step=934
2026-04-25 16:18:35,550 WARNING High control grad norm: 19131973632.00 at step=935
2026-04-25 16:18:42,424 WARNING High control grad norm: 3476555520.00 at step=936
2026-04-25 16:18:49,300 WARNING High control grad norm: 14463002624.00 at step=937
2026-04-25 16:18:56,191 WARNING High control grad norm: 3494582784.00 at step=938
2026-04-25 16:19:03,081 WARNING High control grad norm: 3393838848.00 at step=939
2026-04-25 16:19:09,953 WARNING High control grad norm: 4230926336.00 at step=940
2026-04-25 16:19:16,851 WARNING High control grad norm: 6753904128.00 at step=941
2026-04-25 16:19:23,773 WARNING High control grad norm: 8952135680.00 at step=942
2026-04-25 16:19:30,646 WARNING High control grad norm: 5954088448.00 at step=943
2026-04-25 16:19:33,026 WARNING High control grad norm: 32717318144.00 at step=944
2026-04-25 16:19:33,028 INFO epoch=15 done
2026-04-25 16:19:33,066 INFO epoch=15 diag: cos_sim=0.0351 ctrl_mag=6594.3022 score_mag=17.1889 ratio=383.6377
2026-04-25 16:19:40,020 WARNING High control grad norm: 8580164608.00 at step=945
2026-04-25 16:19:46,911 WARNING High control grad norm: 3242431744.00 at step=946
2026-04-25 16:19:53,849 WARNING High control grad norm: 1423192320.00 at step=947
2026-04-25 16:20:00,720 WARNING High control grad norm: 18341789696.00 at step=948
2026-04-25 16:20:07,631 WARNING High control grad norm: 6352124928.00 at step=949
2026-04-25 16:20:14,541 WARNING High control grad norm: 25649590272.00 at step=950
2026-04-25 16:20:23,350 WARNING High control grad norm: 7214376448.00 at step=951
2026-04-25 16:20:30,227 WARNING High control grad norm: 5425055744.00 at step=952
2026-04-25 16:20:37,119 WARNING High control grad norm: 9030326272.00 at step=953
2026-04-25 16:20:44,041 WARNING High control grad norm: 11029724160.00 at step=954
2026-04-25 16:20:50,934 WARNING High control grad norm: 8066895360.00 at step=955
2026-04-25 16:20:57,857 WARNING High control grad norm: 15311686656.00 at step=956
2026-04-25 16:21:04,746 WARNING High control grad norm: 20978262016.00 at step=957
2026-04-25 16:21:11,638 WARNING High control grad norm: 9441681408.00 at step=958
2026-04-25 16:21:18,486 WARNING High control grad norm: 10046875648.00 at step=959
2026-04-25 16:21:25,379 WARNING High control grad norm: 8316910080.00 at step=960
2026-04-25 16:21:32,254 WARNING High control grad norm: 23596632064.00 at step=961
2026-04-25 16:21:41,030 WARNING High control grad norm: 25312952320.00 at step=962
2026-04-25 16:21:49,780 WARNING High control grad norm: 3358467584.00 at step=963
2026-04-25 16:21:56,686 WARNING High control grad norm: 24447805440.00 at step=964
2026-04-25 16:22:03,555 WARNING High control grad norm: 203773018112.00 at step=965
2026-04-25 16:22:10,431 WARNING High control grad norm: 6984494080.00 at step=966
2026-04-25 16:22:17,294 WARNING High control grad norm: 4115547392.00 at step=967
2026-04-25 16:22:24,198 WARNING High control grad norm: 9649200128.00 at step=968
2026-04-25 16:22:31,052 WARNING High control grad norm: 4024305920.00 at step=969
2026-04-25 16:22:37,941 WARNING High control grad norm: 8798486528.00 at step=970
2026-04-25 16:22:44,814 WARNING High control grad norm: 35743031296.00 at step=971
2026-04-25 16:22:51,666 WARNING High control grad norm: 73600090112.00 at step=972
2026-04-25 16:23:00,423 WARNING High control grad norm: 6705778176.00 at step=973
2026-04-25 16:23:09,224 WARNING High control grad norm: 10630577152.00 at step=974
2026-04-25 16:23:17,972 WARNING High control grad norm: 5837956608.00 at step=975
2026-04-25 16:23:24,847 WARNING High control grad norm: 5330154496.00 at step=976
2026-04-25 16:23:31,729 WARNING High control grad norm: 3746987008.00 at step=977
2026-04-25 16:23:40,509 WARNING High control grad norm: 8509749760.00 at step=978
2026-04-25 16:23:47,375 WARNING High control grad norm: 4276437504.00 at step=979
2026-04-25 16:23:56,180 WARNING High control grad norm: 8782076928.00 at step=980
2026-04-25 16:24:03,062 WARNING High control grad norm: 2108467712.00 at step=981
2026-04-25 16:24:09,971 WARNING High control grad norm: 647759659008.00 at step=982
2026-04-25 16:24:16,849 WARNING High control grad norm: 9906538496.00 at step=983
2026-04-25 16:24:23,840 WARNING High control grad norm: 14896648192.00 at step=984
2026-04-25 16:24:32,634 WARNING High control grad norm: 8641204224.00 at step=985
2026-04-25 16:24:41,427 WARNING High control grad norm: 13210828800.00 at step=986
2026-04-25 16:24:48,288 WARNING High control grad norm: 12662193152.00 at step=987
2026-04-25 16:24:55,176 WARNING High control grad norm: 9094293504.00 at step=988
2026-04-25 16:25:04,010 WARNING High control grad norm: 7591893504.00 at step=989
2026-04-25 16:25:10,903 WARNING High control grad norm: 39706521600.00 at step=990
2026-04-25 16:25:17,746 WARNING High control grad norm: 11832775680.00 at step=991
2026-04-25 16:25:24,693 WARNING High control grad norm: 697228197888.00 at step=992
2026-04-25 16:25:31,561 WARNING High control grad norm: 90010288128.00 at step=993
2026-04-25 16:25:38,411 WARNING High control grad norm: 25361326080.00 at step=994
2026-04-25 16:25:45,272 WARNING High control grad norm: 19653320704.00 at step=995
2026-04-25 16:25:54,037 WARNING High control grad norm: 34772111360.00 at step=996
2026-04-25 16:26:02,804 WARNING High control grad norm: 14049701888.00 at step=997
2026-04-25 16:26:09,688 WARNING High control grad norm: 38128082944.00 at step=998
2026-04-25 16:26:16,546 WARNING High control grad norm: 7345979904.00 at step=999
2026-04-25 16:26:16,548 INFO epoch=16 step=1000 loss=-33300004.0000 dsm=510.8162 control=48537.7344 path_kl=19027306.0000 jar=-50.0000 quality=2000.5294
2026-04-25 16:26:23,496 WARNING High control grad norm: 11263211520.00 at step=1000
2026-04-25 16:26:30,333 WARNING High control grad norm: 17726253056.00 at step=1001
2026-04-25 16:26:37,258 WARNING High control grad norm: 17989988352.00 at step=1002
2026-04-25 16:26:46,082 WARNING High control grad norm: 15496065024.00 at step=1003
2026-04-25 16:26:52,932 WARNING High control grad norm: 44503109632.00 at step=1004
2026-04-25 16:26:59,802 WARNING High control grad norm: 5965869056.00 at step=1005
2026-04-25 16:27:06,678 WARNING High control grad norm: 6223136768.00 at step=1006
2026-04-25 16:27:09,040 WARNING High control grad norm: 4821656064.00 at step=1007
2026-04-25 16:27:09,043 INFO epoch=16 done
2026-04-25 16:27:09,079 INFO epoch=16 diag: cos_sim=0.0310 ctrl_mag=6370.2056 score_mag=17.1889 ratio=370.6004
2026-04-25 16:27:17,851 WARNING High control grad norm: 3525610496.00 at step=1008
2026-04-25 16:27:24,720 WARNING High control grad norm: 2078442240.00 at step=1009
2026-04-25 16:27:31,591 WARNING High control grad norm: 2167198976.00 at step=1010
2026-04-25 16:27:38,453 WARNING High control grad norm: 7240961536.00 at step=1011
2026-04-25 16:27:45,337 WARNING High control grad norm: 12721094656.00 at step=1012
2026-04-25 16:27:52,180 WARNING High control grad norm: 3194946048.00 at step=1013
2026-04-25 16:27:59,066 WARNING High control grad norm: 4470019072.00 at step=1014
2026-04-25 16:28:05,939 WARNING High control grad norm: 3512045824.00 at step=1015
2026-04-25 16:28:14,742 WARNING High control grad norm: 5621032448.00 at step=1016
2026-04-25 16:28:23,526 WARNING High control grad norm: 10023932928.00 at step=1017
2026-04-25 16:28:30,436 WARNING High control grad norm: 5964387840.00 at step=1018
2026-04-25 16:28:37,298 WARNING High control grad norm: 15082962944.00 at step=1019
2026-04-25 16:28:44,156 WARNING High control grad norm: 10997093376.00 at step=1020
2026-04-25 16:28:51,019 WARNING High control grad norm: 12966725632.00 at step=1021
2026-04-25 16:28:57,890 WARNING High control grad norm: 13812955136.00 at step=1022
2026-04-25 16:29:04,748 WARNING High control grad norm: 8040145920.00 at step=1023
2026-04-25 16:29:13,589 WARNING High control grad norm: 3707569664.00 at step=1024
2026-04-25 16:29:20,474 WARNING High control grad norm: 7475216896.00 at step=1025
2026-04-25 16:29:27,382 WARNING High control grad norm: 14114437120.00 at step=1026
2026-04-25 16:29:34,249 WARNING High control grad norm: 7065084928.00 at step=1027
2026-04-25 16:29:41,163 WARNING High control grad norm: 14449823744.00 at step=1028
2026-04-25 16:29:48,020 WARNING High control grad norm: 5946457088.00 at step=1029
2026-04-25 16:29:54,898 WARNING High control grad norm: 32254406656.00 at step=1030
2026-04-25 16:30:01,771 WARNING High control grad norm: 11414800384.00 at step=1031
2026-04-25 16:30:08,636 WARNING High control grad norm: 37704466432.00 at step=1032
2026-04-25 16:30:15,500 WARNING High control grad norm: 3750301696.00 at step=1033
2026-04-25 16:30:24,377 WARNING High control grad norm: 44358803456.00 at step=1034
2026-04-25 16:30:31,232 WARNING High control grad norm: 10290283520.00 at step=1035
2026-04-25 16:30:39,962 WARNING High control grad norm: 8552251904.00 at step=1036
2026-04-25 16:30:46,808 WARNING High control grad norm: 17901185024.00 at step=1037
2026-04-25 16:30:53,694 WARNING High control grad norm: 10556259328.00 at step=1038
2026-04-25 16:31:00,567 WARNING High control grad norm: 23554600960.00 at step=1039
2026-04-25 16:31:07,461 WARNING High control grad norm: 61991190528.00 at step=1040
2026-04-25 16:31:14,315 WARNING High control grad norm: 3287105536.00 at step=1041
2026-04-25 16:31:21,204 WARNING High control grad norm: 4237216000.00 at step=1042
2026-04-25 16:31:30,021 WARNING High control grad norm: 17895561216.00 at step=1043
2026-04-25 16:31:36,976 WARNING High control grad norm: 12793638912.00 at step=1044
2026-04-25 16:31:43,854 WARNING High control grad norm: 8996641792.00 at step=1045
2026-04-25 16:31:50,705 WARNING High control grad norm: 4922790400.00 at step=1046
2026-04-25 16:31:57,594 WARNING High control grad norm: 132545675264.00 at step=1047
2026-04-25 16:32:04,441 WARNING High control grad norm: 70317555712.00 at step=1048
2026-04-25 16:32:11,303 WARNING High control grad norm: 3632128256.00 at step=1049
2026-04-25 16:32:18,170 WARNING High control grad norm: 5434247168.00 at step=1050
2026-04-25 16:32:26,966 WARNING High control grad norm: 37671174144.00 at step=1051
2026-04-25 16:32:33,859 WARNING High control grad norm: 19617048576.00 at step=1052
2026-04-25 16:32:42,659 WARNING High control grad norm: 4171737344.00 at step=1053
2026-04-25 16:32:49,544 WARNING High control grad norm: 3850276096.00 at step=1054
2026-04-25 16:32:56,416 WARNING High control grad norm: 32624082944.00 at step=1055
2026-04-25 16:33:05,225 WARNING High control grad norm: 10779469824.00 at step=1056
2026-04-25 16:33:12,086 WARNING High control grad norm: 3784493568.00 at step=1057
2026-04-25 16:33:18,957 WARNING High control grad norm: 6900023296.00 at step=1058
2026-04-25 16:33:27,745 WARNING High control grad norm: 2226956800.00 at step=1059
2026-04-25 16:33:34,587 WARNING High control grad norm: 59449434112.00 at step=1060
2026-04-25 16:33:41,467 WARNING High control grad norm: 38044680192.00 at step=1061
2026-04-25 16:33:48,318 WARNING High control grad norm: 477374447616.00 at step=1062
2026-04-25 16:33:57,135 WARNING High control grad norm: 21508988928.00 at step=1063
2026-04-25 16:34:03,998 WARNING High control grad norm: 8886942720.00 at step=1064
2026-04-25 16:34:10,855 WARNING High control grad norm: 27432534016.00 at step=1065
2026-04-25 16:34:19,631 WARNING High control grad norm: 20966461440.00 at step=1066
2026-04-25 16:34:28,490 WARNING High control grad norm: 5737176576.00 at step=1067
2026-04-25 16:34:35,349 WARNING High control grad norm: 89312501760.00 at step=1068
2026-04-25 16:34:42,221 WARNING High control grad norm: 23568918528.00 at step=1069
2026-04-25 16:34:44,602 WARNING High control grad norm: 75005329408.00 at step=1070
2026-04-25 16:34:44,605 INFO epoch=17 done
2026-04-25 16:34:44,641 INFO epoch=17 diag: cos_sim=0.0353 ctrl_mag=6331.3584 score_mag=17.1889 ratio=368.3403
2026-04-25 16:34:51,496 WARNING High control grad norm: 3937720832.00 at step=1071
2026-04-25 16:34:58,387 WARNING High control grad norm: 12685782016.00 at step=1072
2026-04-25 16:35:07,186 WARNING High control grad norm: 4581502976.00 at step=1073
2026-04-25 16:35:14,040 WARNING High control grad norm: 18153117696.00 at step=1074
2026-04-25 16:35:20,916 WARNING High control grad norm: 10401082368.00 at step=1075
2026-04-25 16:35:27,802 WARNING High control grad norm: 8378213888.00 at step=1076
2026-04-25 16:35:34,625 WARNING High control grad norm: 12970328064.00 at step=1077
2026-04-25 16:35:41,501 WARNING High control grad norm: 5872756736.00 at step=1078
2026-04-25 16:35:48,363 WARNING High control grad norm: 13009850368.00 at step=1079
2026-04-25 16:35:55,252 WARNING High control grad norm: 20113240064.00 at step=1080
2026-04-25 16:36:02,133 WARNING High control grad norm: 11585352704.00 at step=1081
2026-04-25 16:36:10,885 WARNING High control grad norm: 4377904128.00 at step=1082
2026-04-25 16:36:19,652 WARNING High control grad norm: 15220003840.00 at step=1083
2026-04-25 16:36:28,473 WARNING High control grad norm: 111503466496.00 at step=1084
2026-04-25 16:36:35,365 WARNING High control grad norm: 4061731328.00 at step=1085
2026-04-25 16:36:42,390 WARNING High control grad norm: 1720966912.00 at step=1086
2026-04-25 16:36:49,416 WARNING High control grad norm: 21009657856.00 at step=1087
2026-04-25 16:36:56,298 WARNING High control grad norm: 7645008896.00 at step=1088
2026-04-25 16:37:03,167 WARNING High control grad norm: 32062982144.00 at step=1089
2026-04-25 16:37:10,046 WARNING High control grad norm: 11845639168.00 at step=1090
2026-04-25 16:37:17,009 WARNING High control grad norm: 1911409408.00 at step=1091
2026-04-25 16:37:23,899 WARNING High control grad norm: 29808173056.00 at step=1092
2026-04-25 16:37:30,813 WARNING High control grad norm: 4366252032.00 at step=1093
2026-04-25 16:37:37,672 WARNING High control grad norm: 7133347328.00 at step=1094
2026-04-25 16:37:44,602 WARNING High control grad norm: 54707085312.00 at step=1095
2026-04-25 16:37:51,455 WARNING High control grad norm: 2137768064.00 at step=1096
2026-04-25 16:37:58,324 WARNING High control grad norm: 10333351936.00 at step=1097
2026-04-25 16:38:05,187 WARNING High control grad norm: 3636650752.00 at step=1098
2026-04-25 16:38:12,066 WARNING High control grad norm: 7203089920.00 at step=1099
2026-04-25 16:38:12,069 INFO epoch=18 step=1100 loss=-83309192.0000 dsm=510.5416 control=50171.4648 path_kl=19666740.0000 jar=-50.0000 quality=1760.3400
2026-04-25 16:38:18,957 WARNING High control grad norm: 15092005888.00 at step=1100
2026-04-25 16:38:27,767 WARNING High control grad norm: 35067572224.00 at step=1101
2026-04-25 16:38:34,618 WARNING High control grad norm: 11562910720.00 at step=1102
2026-04-25 16:38:43,349 WARNING High control grad norm: 1957225216.00 at step=1103
2026-04-25 16:38:50,214 WARNING High control grad norm: 38767316992.00 at step=1104
2026-04-25 16:38:57,091 WARNING High control grad norm: 22916673536.00 at step=1105
2026-04-25 16:39:04,016 WARNING High control grad norm: 4057514496.00 at step=1106
2026-04-25 16:39:10,888 WARNING High control grad norm: 7517822976.00 at step=1107
2026-04-25 16:39:19,678 WARNING High control grad norm: 2435365888.00 at step=1108
2026-04-25 16:39:26,572 WARNING High control grad norm: 42838228992.00 at step=1109
2026-04-25 16:39:33,436 WARNING High control grad norm: 9901202432.00 at step=1110
2026-04-25 16:39:40,304 WARNING High control grad norm: 92447481856.00 at step=1111
2026-04-25 16:39:47,166 WARNING High control grad norm: 25385539584.00 at step=1112
2026-04-25 16:39:54,115 WARNING High control grad norm: 5379196416.00 at step=1113
2026-04-25 16:40:00,940 WARNING High control grad norm: 60606566400.00 at step=1114
2026-04-25 16:40:07,797 WARNING High control grad norm: 18533310464.00 at step=1115
2026-04-25 16:40:14,680 WARNING High control grad norm: 44987076608.00 at step=1116
2026-04-25 16:40:23,483 WARNING High control grad norm: 33352534016.00 at step=1117
2026-04-25 16:40:32,189 WARNING High control grad norm: 145608540160.00 at step=1118
2026-04-25 16:40:39,024 WARNING High control grad norm: 4035012608.00 at step=1119
2026-04-25 16:40:45,886 WARNING High control grad norm: 1770428416.00 at step=1120
2026-04-25 16:40:54,661 WARNING High control grad norm: 42182111232.00 at step=1121
2026-04-25 16:41:01,533 WARNING High control grad norm: 15709824000.00 at step=1122
2026-04-25 16:41:08,407 WARNING High control grad norm: 16388502528.00 at step=1123
2026-04-25 16:41:15,347 WARNING High control grad norm: 28408657920.00 at step=1124
2026-04-25 16:41:22,209 WARNING High control grad norm: 9446074368.00 at step=1125
2026-04-25 16:41:29,075 WARNING High control grad norm: 3985302272.00 at step=1126
2026-04-25 16:41:35,947 WARNING High control grad norm: 13090761728.00 at step=1127
2026-04-25 16:41:42,865 WARNING High control grad norm: 36794286080.00 at step=1128
2026-04-25 16:41:49,723 WARNING High control grad norm: 7057670656.00 at step=1129
2026-04-25 16:41:56,572 WARNING High control grad norm: 23874695168.00 at step=1130
2026-04-25 16:42:03,434 WARNING High control grad norm: 7623853568.00 at step=1131
2026-04-25 16:42:10,360 WARNING High control grad norm: 4740309504.00 at step=1132
2026-04-25 16:42:12,734 WARNING High control grad norm: 16494781440.00 at step=1133
2026-04-25 16:42:12,737 INFO epoch=18 done
2026-04-25 16:42:12,773 INFO epoch=18 diag: cos_sim=0.0306 ctrl_mag=6338.9365 score_mag=17.1889 ratio=368.7812
2026-04-25 16:42:19,658 WARNING High control grad norm: 6804452352.00 at step=1134
2026-04-25 16:42:26,536 WARNING High control grad norm: 3866288640.00 at step=1135
2026-04-25 16:42:33,459 WARNING High control grad norm: 26126309376.00 at step=1136
2026-04-25 16:42:40,404 WARNING High control grad norm: 29942730752.00 at step=1137
2026-04-25 16:42:47,286 WARNING High control grad norm: 21292363776.00 at step=1138
2026-04-25 16:42:54,161 WARNING High control grad norm: 7492042240.00 at step=1139
2026-04-25 16:43:01,009 WARNING High control grad norm: 9140315136.00 at step=1140
2026-04-25 16:43:07,954 WARNING High control grad norm: 53589434368.00 at step=1141
2026-04-25 16:43:14,834 WARNING High control grad norm: 16971236352.00 at step=1142
2026-04-25 16:43:23,697 WARNING High control grad norm: 44334919680.00 at step=1143
2026-04-25 16:43:30,573 WARNING High control grad norm: 5826577408.00 at step=1144
2026-04-25 16:43:37,467 WARNING High control grad norm: 3882620416.00 at step=1145
2026-04-25 16:43:44,335 WARNING High control grad norm: 13629068288.00 at step=1146
2026-04-25 16:43:53,052 WARNING High control grad norm: 2506764800.00 at step=1147
2026-04-25 16:43:59,930 WARNING High control grad norm: 5438787584.00 at step=1148
2026-04-25 16:44:06,788 WARNING High control grad norm: 50856718336.00 at step=1149
2026-04-25 16:44:13,652 WARNING High control grad norm: 586821795840.00 at step=1150
2026-04-25 16:44:22,391 WARNING High control grad norm: 74294444032.00 at step=1151
2026-04-25 16:44:29,292 WARNING High control grad norm: 8189494784.00 at step=1152
2026-04-25 16:44:36,168 WARNING High control grad norm: 32730382336.00 at step=1153
2026-04-25 16:44:43,058 WARNING High control grad norm: 118047563776.00 at step=1154
2026-04-25 16:44:49,969 WARNING High control grad norm: 5953556480.00 at step=1155
2026-04-25 16:44:56,855 WARNING High control grad norm: 45387444224.00 at step=1156
2026-04-25 16:45:03,735 WARNING High control grad norm: 14644369408.00 at step=1157
2026-04-25 16:45:10,604 WARNING High control grad norm: 7023613952.00 at step=1158
2026-04-25 16:45:17,476 WARNING High control grad norm: 2638752512.00 at step=1159
2026-04-25 16:45:24,385 WARNING High control grad norm: 46425362432.00 at step=1160
2026-04-25 16:45:33,183 WARNING High control grad norm: 6723849216.00 at step=1161
2026-04-25 16:45:42,011 WARNING High control grad norm: 5646497792.00 at step=1162
2026-04-25 16:45:48,889 WARNING High control grad norm: 69243969536.00 at step=1163
2026-04-25 16:45:55,746 WARNING High control grad norm: 7276911616.00 at step=1164
2026-04-25 16:46:02,607 WARNING High control grad norm: 15975969792.00 at step=1165
2026-04-25 16:46:09,483 WARNING High control grad norm: 12829393920.00 at step=1166
2026-04-25 16:46:16,371 WARNING High control grad norm: 35528282112.00 at step=1167
2026-04-25 16:46:23,260 WARNING High control grad norm: 9486121984.00 at step=1168
2026-04-25 16:46:30,135 WARNING High control grad norm: 10017503232.00 at step=1169
2026-04-25 16:46:37,040 WARNING High control grad norm: 9086812160.00 at step=1170
2026-04-25 16:46:43,918 WARNING High control grad norm: 29722996736.00 at step=1171
2026-04-25 16:46:50,779 WARNING High control grad norm: 10717561856.00 at step=1172
2026-04-25 16:46:57,658 WARNING High control grad norm: 7148426752.00 at step=1173
2026-04-25 16:47:04,518 WARNING High control grad norm: 170622205952.00 at step=1174
2026-04-25 16:47:11,371 WARNING High control grad norm: 16179289088.00 at step=1175
2026-04-25 16:47:18,260 WARNING High control grad norm: 8386939392.00 at step=1176
2026-04-25 16:47:25,125 WARNING High control grad norm: 50403164160.00 at step=1177
2026-04-25 16:47:32,038 WARNING High control grad norm: 4160274688.00 at step=1178
2026-04-25 16:47:38,885 WARNING High control grad norm: 61408632832.00 at step=1179
2026-04-25 16:47:45,786 WARNING High control grad norm: 2602287616.00 at step=1180
2026-04-25 16:47:52,646 WARNING High control grad norm: 5296314880.00 at step=1181
2026-04-25 16:47:59,519 WARNING High control grad norm: 7438407680.00 at step=1182
2026-04-25 16:48:06,399 WARNING High control grad norm: 46758068224.00 at step=1183
2026-04-25 16:48:13,232 WARNING High control grad norm: 22156683264.00 at step=1184
2026-04-25 16:48:20,105 WARNING High control grad norm: 31214252032.00 at step=1185
2026-04-25 16:48:26,969 WARNING High control grad norm: 1837452800.00 at step=1186
2026-04-25 16:48:33,834 WARNING High control grad norm: 20149501952.00 at step=1187
2026-04-25 16:48:40,682 WARNING High control grad norm: 4394942464.00 at step=1188
2026-04-25 16:48:49,459 WARNING High control grad norm: 12448360448.00 at step=1189
2026-04-25 16:48:56,309 WARNING High control grad norm: 16684696576.00 at step=1190
2026-04-25 16:49:03,232 WARNING High control grad norm: 35887906816.00 at step=1191
2026-04-25 16:49:12,059 WARNING High control grad norm: 23385321472.00 at step=1192
2026-04-25 16:49:20,882 WARNING High control grad norm: 33857609728.00 at step=1193
2026-04-25 16:49:27,805 WARNING High control grad norm: 1694412160.00 at step=1194
2026-04-25 16:49:34,658 WARNING High control grad norm: 13558658048.00 at step=1195
2026-04-25 16:49:37,038 WARNING High control grad norm: 10407481344.00 at step=1196
2026-04-25 16:49:37,041 INFO epoch=19 done
2026-04-25 16:49:37,077 INFO epoch=19 diag: cos_sim=0.0314 ctrl_mag=6324.0601 score_mag=17.1889 ratio=367.9158
2026-04-25 16:49:45,919 WARNING High control grad norm: 4673207296.00 at step=1197
2026-04-25 16:49:52,811 WARNING High control grad norm: 16857558016.00 at step=1198
2026-04-25 16:49:59,670 WARNING High control grad norm: 9639000064.00 at step=1199
2026-04-25 16:49:59,672 INFO epoch=20 step=1200 loss=-78366096.0000 dsm=613.3938 control=50498.8984 path_kl=19794828.0000 jar=-50.0000 quality=1483.5225
2026-04-25 16:50:06,545 WARNING High control grad norm: 18974611456.00 at step=1200
2026-04-25 16:50:13,405 WARNING High control grad norm: 7564750848.00 at step=1201
2026-04-25 16:50:20,310 WARNING High control grad norm: 19375218688.00 at step=1202
2026-04-25 16:50:29,196 WARNING High control grad norm: 16468611072.00 at step=1203
2026-04-25 16:50:36,067 WARNING High control grad norm: 94860640256.00 at step=1204
2026-04-25 16:50:42,933 WARNING High control grad norm: 16915742720.00 at step=1205
2026-04-25 16:50:51,743 WARNING High control grad norm: 14917314560.00 at step=1206
2026-04-25 16:51:00,536 WARNING High control grad norm: 5996053504.00 at step=1207
2026-04-25 16:51:09,305 WARNING High control grad norm: 9855956992.00 at step=1208
2026-04-25 16:51:16,168 WARNING High control grad norm: 42667868160.00 at step=1209
2026-04-25 16:51:23,051 WARNING High control grad norm: 3158979584.00 at step=1210
2026-04-25 16:51:29,912 WARNING High control grad norm: 7230340096.00 at step=1211
2026-04-25 16:51:36,801 WARNING High control grad norm: 8043242496.00 at step=1212
2026-04-25 16:51:43,674 WARNING High control grad norm: 3109076480.00 at step=1213
2026-04-25 16:51:52,436 WARNING High control grad norm: 3957163776.00 at step=1214
2026-04-25 16:51:59,356 WARNING High control grad norm: 10767002624.00 at step=1215
2026-04-25 16:52:06,214 WARNING High control grad norm: 11856590848.00 at step=1216
2026-04-25 16:52:15,002 WARNING High control grad norm: 3311164416.00 at step=1217
2026-04-25 16:52:21,887 WARNING High control grad norm: 4390059008.00 at step=1218
2026-04-25 16:52:28,746 WARNING High control grad norm: 8660867072.00 at step=1219
2026-04-25 16:52:35,604 WARNING High control grad norm: 4358306304.00 at step=1220
2026-04-25 16:52:42,469 WARNING High control grad norm: 11533307904.00 at step=1221
2026-04-25 16:52:51,280 WARNING High control grad norm: 29175597056.00 at step=1222
2026-04-25 16:52:58,204 WARNING High control grad norm: 4899638784.00 at step=1223
2026-04-25 16:53:05,061 WARNING High control grad norm: 7275822080.00 at step=1224
2026-04-25 16:53:11,948 WARNING High control grad norm: 55973130240.00 at step=1225
2026-04-25 16:53:18,813 WARNING High control grad norm: 6159553024.00 at step=1226
2026-04-25 16:53:25,748 WARNING High control grad norm: 6926806528.00 at step=1227
2026-04-25 16:53:34,524 WARNING High control grad norm: 16877111296.00 at step=1228
2026-04-25 16:53:43,285 WARNING High control grad norm: 18986694656.00 at step=1229
2026-04-25 16:53:51,971 WARNING High control grad norm: 41764331520.00 at step=1230
2026-04-25 16:53:58,838 WARNING High control grad norm: 5074043392.00 at step=1231
2026-04-25 16:54:07,656 WARNING High control grad norm: 11048280064.00 at step=1232
2026-04-25 16:54:14,552 WARNING High control grad norm: 23921784832.00 at step=1233
2026-04-25 16:54:21,408 WARNING High control grad norm: 7026295808.00 at step=1234
2026-04-25 16:54:28,371 WARNING High control grad norm: 22498983936.00 at step=1235
2026-04-25 16:54:37,144 WARNING High control grad norm: 15655427072.00 at step=1236
2026-04-25 16:54:43,992 WARNING High control grad norm: 3241368320.00 at step=1237
2026-04-25 16:54:50,924 WARNING High control grad norm: 221131800576.00 at step=1238
2026-04-25 16:54:57,807 WARNING High control grad norm: 8810045440.00 at step=1239
2026-04-25 16:55:04,685 WARNING High control grad norm: 92939083776.00 at step=1240
2026-04-25 16:55:11,541 WARNING High control grad norm: 20753709056.00 at step=1241
2026-04-25 16:55:20,343 WARNING High control grad norm: 113159979008.00 at step=1242
2026-04-25 16:55:27,227 WARNING High control grad norm: 7601968640.00 at step=1243
2026-04-25 16:55:34,081 WARNING High control grad norm: 33874425856.00 at step=1244
2026-04-25 16:55:40,990 WARNING High control grad norm: 2305918720.00 at step=1245
2026-04-25 16:55:47,824 WARNING High control grad norm: 92628729856.00 at step=1246
2026-04-25 16:55:54,705 WARNING High control grad norm: 9040340992.00 at step=1247
2026-04-25 16:56:03,515 WARNING High control grad norm: 39690465280.00 at step=1248
2026-04-25 16:56:10,429 WARNING High control grad norm: 4293458944.00 at step=1249
2026-04-25 16:56:19,135 WARNING High control grad norm: 72429518848.00 at step=1250
2026-04-25 16:56:27,997 WARNING High control grad norm: 50568372224.00 at step=1251
2026-04-25 16:56:34,933 WARNING High control grad norm: 27418626048.00 at step=1252
2026-04-25 16:56:41,817 WARNING High control grad norm: 8023520768.00 at step=1253
2026-04-25 16:56:48,690 WARNING High control grad norm: 5113119232.00 at step=1254
2026-04-25 16:56:55,566 WARNING High control grad norm: 34927910912.00 at step=1255
2026-04-25 16:57:04,429 WARNING High control grad norm: 12413207552.00 at step=1256
2026-04-25 16:57:11,305 WARNING High control grad norm: 26678601728.00 at step=1257
2026-04-25 16:57:20,102 WARNING High control grad norm: 4986389504.00 at step=1258
2026-04-25 16:57:22,493 WARNING High control grad norm: 6505868800.00 at step=1259
2026-04-25 16:57:22,495 INFO epoch=20 done
2026-04-25 16:57:22,532 INFO epoch=20 diag: cos_sim=0.0308 ctrl_mag=6317.9336 score_mag=17.1889 ratio=367.5593
